timestamp,zone_id,population,is_mnc_zone,transformer_capacity,temperature_c,humidity_pct,solar_irradiance_wm2,wind_speed_kmh,is_weekend,is_holiday,load_kwh
2024-01-01 00:00:00,Empirical_Utility_Substation,120000,1,11500.0,6.38,89.7,0.0,17.23,0,1,5777.66
2024-01-01 01:00:00,Empirical_Utility_Substation,120000,1,11500.0,7.94,75.8,0.0,15.6,0,1,5738.35
2024-01-01 02:00:00,Empirical_Utility_Substation,120000,1,11500.0,7.76,81.3,0.0,17.38,0,1,5581.37
2024-01-01 03:00:00,Empirical_Utility_Substation,120000,1,11500.0,8.17,78.9,0.0,15.89,0,1,5421.8
2024-01-01 04:00:00,Empirical_Utility_Substation,120000,1,11500.0,8.53,74.4,0.0,18.44,0,1,5529.73
2024-01-01 05:00:00,Empirical_Utility_Substation,120000,1,11500.0,9.38,76.0,0.0,15.86,0,1,5522.47
2024-01-01 06:00:00,Empirical_Utility_Substation,120000,1,11500.0,9.66,74.0,0.0,15.43,0,1,5622.26
2024-01-01 07:00:00,Empirical_Utility_Substation,120000,1,11500.0,9.77,85.1,100.0,17.16,0,1,5833.94
2024-01-01 08:00:00,Empirical_Utility_Substation,120000,1,11500.0,11.46,75.1,218.0,15.37,0,1,5838.22
2024-01-01 09:00:00,Empirical_Utility_Substation,120000,1,11500.0,10.86,76.2,240.2,16.37,0,1,5998.98
2024-01-01 10:00:00,Empirical_Utility_Substation,120000,1,11500.0,12.9,76.2,280.4,19.54,0,1,6406.74
2024-01-01 11:00:00,Empirical_Utility_Substation,120000,1,11500.0,14.61,77.6,127.5,16.13,0,1,6636.42
2024-01-01 12:00:00,Empirical_Utility_Substation,120000,1,11500.0,15.09,67.5,142.4,15.85,0,1,6615.46
2024-01-01 13:00:00,Empirical_Utility_Substation,120000,1,11500.0,16.06,70.0,509.7,18.21,0,1,5996.64
2024-01-01 14:00:00,Empirical_Utility_Substation,120000,1,11500.0,15.84,74.1,209.7,16.56,0,1,5798.06
2024-01-01 15:00:00,Empirical_Utility_Substation,120000,1,11500.0,15.17,69.7,380.4,15.43,0,1,5733.57
2024-01-01 16:00:00,Empirical_Utility_Substation,120000,1,11500.0,15.89,67.7,66.0,19.38,0,1,5597.4
2024-01-01 17:00:00,Empirical_Utility_Substation,120000,1,11500.0,15.49,76.2,104.8,19.54,0,1,5947.35
2024-01-01 18:00:00,Empirical_Utility_Substation,120000,1,11500.0,16.36,69.6,0.0,15.6,0,1,6396.02
2024-01-01 19:00:00,Empirical_Utility_Substation,120000,1,11500.0,17.39,74.5,0.0,18.86,0,1,6838.23
2024-01-01 20:00:00,Empirical_Utility_Substation,120000,1,11500.0,16.33,69.7,0.0,16.63,0,1,6796.74
2024-01-01 21:00:00,Empirical_Utility_Substation,120000,1,11500.0,14.8,64.3,0.0,17.21,0,1,6799.81
2024-01-01 22:00:00,Empirical_Utility_Substation,120000,1,11500.0,14.54,72.2,0.0,19.03,0,1,6273.64
2024-01-01 23:00:00,Empirical_Utility_Substation,120000,1,11500.0,11.22,81.4,0.0,16.56,0,1,5791.58
2024-01-02 00:00:00,Empirical_Utility_Substation,120000,1,11500.0,8.79,79.1,0.0,17.89,0,0,6762.35
2024-01-02 01:00:00,Empirical_Utility_Substation,120000,1,11500.0,7.61,82.8,0.0,16.71,0,0,6980.44
2024-01-02 02:00:00,Empirical_Utility_Substation,120000,1,11500.0,7.24,83.0,0.0,21.1,0,0,6994.61
2024-01-02 03:00:00,Empirical_Utility_Substation,120000,1,11500.0,7.03,79.3,0.0,16.84,0,0,6995.84
2024-01-02 04:00:00,Empirical_Utility_Substation,120000,1,11500.0,7.2,76.3,0.0,16.85,0,0,6875.98
2024-01-02 05:00:00,Empirical_Utility_Substation,120000,1,11500.0,8.3,75.5,0.0,14.73,0,0,6525.75
2024-01-02 06:00:00,Empirical_Utility_Substation,120000,1,11500.0,9.02,78.6,0.0,20.86,0,0,6485.7
2024-01-02 07:00:00,Empirical_Utility_Substation,120000,1,11500.0,10.53,84.2,83.7,15.93,0,0,6516.73
2024-01-02 08:00:00,Empirical_Utility_Substation,120000,1,11500.0,11.91,78.0,134.9,17.25,0,0,6723.95
2024-01-02 09:00:00,Empirical_Utility_Substation,120000,1,11500.0,12.65,67.7,389.3,19.01,0,0,7176.09
2024-01-02 10:00:00,Empirical_Utility_Substation,120000,1,11500.0,13.21,71.0,382.2,16.99,0,0,7452.45
2024-01-02 11:00:00,Empirical_Utility_Substation,120000,1,11500.0,13.57,57.8,127.5,15.51,0,0,7634.68
2024-01-02 12:00:00,Empirical_Utility_Substation,120000,1,11500.0,15.1,70.7,459.8,15.06,0,0,7591.17
2024-01-02 13:00:00,Empirical_Utility_Substation,120000,1,11500.0,15.8,69.1,392.7,18.1,0,0,7300.65
2024-01-02 14:00:00,Empirical_Utility_Substation,120000,1,11500.0,18.0,70.6,327.0,20.07,0,0,7035.33
2024-01-02 15:00:00,Empirical_Utility_Substation,120000,1,11500.0,18.21,65.2,339.5,16.57,0,0,6741.98
2024-01-02 16:00:00,Empirical_Utility_Substation,120000,1,11500.0,19.63,62.2,199.6,14.87,0,0,6615.79
2024-01-02 17:00:00,Empirical_Utility_Substation,120000,1,11500.0,17.87,68.4,70.2,17.71,0,0,6940.05
2024-01-02 18:00:00,Empirical_Utility_Substation,120000,1,11500.0,16.95,73.8,0.0,17.69,0,0,7309.45
2024-01-02 19:00:00,Empirical_Utility_Substation,120000,1,11500.0,14.56,77.8,0.0,18.59,0,0,8039.28
2024-01-02 20:00:00,Empirical_Utility_Substation,120000,1,11500.0,13.12,68.0,0.0,19.28,0,0,8313.57
2024-01-02 21:00:00,Empirical_Utility_Substation,120000,1,11500.0,12.51,75.0,0.0,19.05,0,0,8126.75
2024-01-02 22:00:00,Empirical_Utility_Substation,120000,1,11500.0,10.77,79.9,0.0,17.25,0,0,7860.91
2024-01-02 23:00:00,Empirical_Utility_Substation,120000,1,11500.0,9.26,76.5,0.0,16.45,0,0,7553.24
2024-01-03 00:00:00,Empirical_Utility_Substation,120000,1,11500.0,8.62,74.7,0.0,17.66,0,0,6835.93
2024-01-03 01:00:00,Empirical_Utility_Substation,120000,1,11500.0,9.51,77.6,0.0,15.24,0,0,6851.94
2024-01-03 02:00:00,Empirical_Utility_Substation,120000,1,11500.0,8.1,81.1,0.0,15.37,0,0,6887.47
2024-01-03 03:00:00,Empirical_Utility_Substation,120000,1,11500.0,6.99,76.7,0.0,15.7,0,0,7139.94
2024-01-03 04:00:00,Empirical_Utility_Substation,120000,1,11500.0,6.69,82.2,0.0,18.17,0,0,7002.18
2024-01-03 05:00:00,Empirical_Utility_Substation,120000,1,11500.0,7.24,74.5,0.0,17.43,0,0,7144.21
2024-01-03 06:00:00,Empirical_Utility_Substation,120000,1,11500.0,7.55,73.7,0.0,19.08,0,0,7142.46
2024-01-03 07:00:00,Empirical_Utility_Substation,120000,1,11500.0,9.11,85.2,113.9,15.3,0,0,7143.99
2024-01-03 08:00:00,Empirical_Utility_Substation,120000,1,11500.0,11.24,74.8,163.9,20.37,0,0,7552.61
2024-01-03 09:00:00,Empirical_Utility_Substation,120000,1,11500.0,11.64,72.8,293.9,15.36,0,0,7652.08
2024-01-03 10:00:00,Empirical_Utility_Substation,120000,1,11500.0,14.64,87.2,252.4,18.96,0,0,7740.76
2024-01-03 11:00:00,Empirical_Utility_Substation,120000,1,11500.0,14.72,71.5,432.4,17.05,0,0,7630.71
2024-01-03 12:00:00,Empirical_Utility_Substation,120000,1,11500.0,16.28,65.1,464.8,16.33,0,0,7648.87
2024-01-03 13:00:00,Empirical_Utility_Substation,120000,1,11500.0,17.34,70.4,361.7,15.17,0,0,7359.09
2024-01-03 14:00:00,Empirical_Utility_Substation,120000,1,11500.0,19.59,60.8,173.1,18.62,0,0,7075.35
2024-01-03 15:00:00,Empirical_Utility_Substation,120000,1,11500.0,19.12,64.8,370.5,20.28,0,0,6813.2
2024-01-03 16:00:00,Empirical_Utility_Substation,120000,1,11500.0,18.88,61.8,268.5,17.11,0,0,6933.16
2024-01-03 17:00:00,Empirical_Utility_Substation,120000,1,11500.0,18.69,67.9,126.1,19.29,0,0,7110.75
2024-01-03 18:00:00,Empirical_Utility_Substation,120000,1,11500.0,18.46,62.5,0.0,14.45,0,0,7477.64
2024-01-03 19:00:00,Empirical_Utility_Substation,120000,1,11500.0,16.96,73.4,0.0,19.48,0,0,7955.37
2024-01-03 20:00:00,Empirical_Utility_Substation,120000,1,11500.0,17.07,78.1,0.0,17.77,0,0,8055.69
2024-01-03 21:00:00,Empirical_Utility_Substation,120000,1,11500.0,14.32,72.1,0.0,20.74,0,0,7781.48
2024-01-03 22:00:00,Empirical_Utility_Substation,120000,1,11500.0,11.91,72.2,0.0,20.1,0,0,7336.59
2024-01-03 23:00:00,Empirical_Utility_Substation,120000,1,11500.0,10.51,79.6,0.0,20.19,0,0,6950.78
2024-01-04 00:00:00,Empirical_Utility_Substation,120000,1,11500.0,8.53,66.9,0.0,14.65,0,0,6557.47
2024-01-04 01:00:00,Empirical_Utility_Substation,120000,1,11500.0,6.25,82.5,0.0,18.51,0,0,6793.97
2024-01-04 02:00:00,Empirical_Utility_Substation,120000,1,11500.0,6.99,74.3,0.0,16.04,0,0,6826.86
2024-01-04 03:00:00,Empirical_Utility_Substation,120000,1,11500.0,7.52,82.3,0.0,21.05,0,0,6682.06
2024-01-04 04:00:00,Empirical_Utility_Substation,120000,1,11500.0,5.57,74.0,0.0,17.25,0,0,6925.28
2024-01-04 05:00:00,Empirical_Utility_Substation,120000,1,11500.0,6.97,76.1,0.0,16.52,0,0,6895.75
2024-01-04 06:00:00,Empirical_Utility_Substation,120000,1,11500.0,8.81,83.3,0.0,21.04,0,0,6918.32
2024-01-04 07:00:00,Empirical_Utility_Substation,120000,1,11500.0,8.83,71.0,128.1,19.1,0,0,7264.5
2024-01-04 08:00:00,Empirical_Utility_Substation,120000,1,11500.0,11.23,74.0,179.2,20.58,0,0,7408.38
2024-01-04 09:00:00,Empirical_Utility_Substation,120000,1,11500.0,11.15,76.7,108.4,18.06,0,0,7602.46
2024-01-04 10:00:00,Empirical_Utility_Substation,120000,1,11500.0,12.07,62.0,137.3,21.95,0,0,7829.24
2024-01-04 11:00:00,Empirical_Utility_Substation,120000,1,11500.0,13.23,75.0,127.5,16.6,0,0,8082.47
2024-01-04 12:00:00,Empirical_Utility_Substation,120000,1,11500.0,14.8,71.8,132.0,17.91,0,0,7950.02
2024-01-04 13:00:00,Empirical_Utility_Substation,120000,1,11500.0,15.99,75.3,464.3,21.58,0,0,7796.27
2024-01-04 14:00:00,Empirical_Utility_Substation,120000,1,11500.0,16.67,74.7,132.4,18.84,0,0,7406.89
2024-01-04 15:00:00,Empirical_Utility_Substation,120000,1,11500.0,16.01,70.7,268.2,16.36,0,0,7124.63
2024-01-04 16:00:00,Empirical_Utility_Substation,120000,1,11500.0,17.21,77.6,66.0,16.4,0,0,6979.01
2024-01-04 17:00:00,Empirical_Utility_Substation,120000,1,11500.0,17.14,71.7,74.5,19.59,0,0,7172.27
2024-01-04 18:00:00,Empirical_Utility_Substation,120000,1,11500.0,15.62,73.1,0.0,17.0,0,0,7587.02
2024-01-04 19:00:00,Empirical_Utility_Substation,120000,1,11500.0,13.87,70.7,0.0,16.73,0,0,7971.71
2024-01-04 20:00:00,Empirical_Utility_Substation,120000,1,11500.0,13.75,70.5,0.0,18.77,0,0,7993.35
2024-01-04 21:00:00,Empirical_Utility_Substation,120000,1,11500.0,12.75,80.3,0.0,17.89,0,0,7903.3
2024-01-04 22:00:00,Empirical_Utility_Substation,120000,1,11500.0,10.32,73.2,0.0,16.55,0,0,7560.38
2024-01-04 23:00:00,Empirical_Utility_Substation,120000,1,11500.0,8.54,72.5,0.0,17.98,0,0,7324.52
2024-01-05 00:00:00,Empirical_Utility_Substation,120000,1,11500.0,8.31,80.4,0.0,19.23,0,0,6776.81
2024-01-05 01:00:00,Empirical_Utility_Substation,120000,1,11500.0,5.52,92.7,0.0,24.23,0,0,7064.4
2024-01-05 02:00:00,Empirical_Utility_Substation,120000,1,11500.0,4.21,73.1,0.0,18.42,0,0,7281.7
2024-01-05 03:00:00,Empirical_Utility_Substation,120000,1,11500.0,4.74,85.8,0.0,18.93,0,0,7279.25
2024-01-05 04:00:00,Empirical_Utility_Substation,120000,1,11500.0,3.85,78.9,0.0,18.54,0,0,7176.43
2024-01-05 05:00:00,Empirical_Utility_Substation,120000,1,11500.0,5.95,77.0,0.0,18.25,0,0,7068.49
2024-01-05 06:00:00,Empirical_Utility_Substation,120000,1,11500.0,5.8,78.5,0.0,17.08,0,0,7111.5
2024-01-05 07:00:00,Empirical_Utility_Substation,120000,1,11500.0,5.75,83.5,88.5,18.79,0,0,7160.69
2024-01-05 08:00:00,Empirical_Utility_Substation,120000,1,11500.0,6.04,77.7,66.0,20.09,0,0,7539.22
2024-01-05 09:00:00,Empirical_Utility_Substation,120000,1,11500.0,7.74,75.8,93.3,17.3,0,0,7770.45
2024-01-05 10:00:00,Empirical_Utility_Substation,120000,1,11500.0,9.01,78.6,210.2,16.04,0,0,7833.13
2024-01-05 11:00:00,Empirical_Utility_Substation,120000,1,11500.0,9.88,75.1,146.2,24.08,0,0,7972.88
2024-01-05 12:00:00,Empirical_Utility_Substation,120000,1,11500.0,11.38,75.4,367.1,18.82,0,0,7671.76
2024-01-05 13:00:00,Empirical_Utility_Substation,120000,1,11500.0,11.77,79.9,239.7,19.24,0,0,7356.36
2024-01-05 14:00:00,Empirical_Utility_Substation,120000,1,11500.0,12.82,68.1,114.3,15.92,0,0,7126.51
2024-01-05 15:00:00,Empirical_Utility_Substation,120000,1,11500.0,13.83,70.3,173.4,19.37,0,0,6833.26
2024-01-05 16:00:00,Empirical_Utility_Substation,120000,1,11500.0,14.14,67.6,279.2,18.17,0,0,6721.84
2024-01-05 17:00:00,Empirical_Utility_Substation,120000,1,11500.0,12.75,71.6,111.8,16.75,0,0,6783.7
2024-01-05 18:00:00,Empirical_Utility_Substation,120000,1,11500.0,12.88,73.6,0.0,16.72,0,0,7191.91
2024-01-05 19:00:00,Empirical_Utility_Substation,120000,1,11500.0,12.01,74.6,0.0,18.76,0,0,7588.76
2024-01-05 20:00:00,Empirical_Utility_Substation,120000,1,11500.0,11.53,68.9,0.0,18.33,0,0,7770.62
2024-01-05 21:00:00,Empirical_Utility_Substation,120000,1,11500.0,11.01,79.4,0.0,18.49,0,0,7847.37
2024-01-05 22:00:00,Empirical_Utility_Substation,120000,1,11500.0,9.2,72.9,0.0,18.7,0,0,7585.21
2024-01-05 23:00:00,Empirical_Utility_Substation,120000,1,11500.0,8.56,78.4,0.0,18.71,0,0,7324.65
2024-01-06 00:00:00,Empirical_Utility_Substation,120000,1,11500.0,6.78,87.1,0.0,14.72,1,0,6062.99
2024-01-06 01:00:00,Empirical_Utility_Substation,120000,1,11500.0,6.42,86.2,0.0,17.56,1,0,6184.69
2024-01-06 02:00:00,Empirical_Utility_Substation,120000,1,11500.0,4.36,84.8,0.0,16.31,1,0,6416.13
2024-01-06 03:00:00,Empirical_Utility_Substation,120000,1,11500.0,4.85,83.4,0.0,20.53,1,0,6411.55
2024-01-06 04:00:00,Empirical_Utility_Substation,120000,1,11500.0,5.07,91.2,0.0,17.17,1,0,6310.51
2024-01-06 05:00:00,Empirical_Utility_Substation,120000,1,11500.0,4.12,76.3,0.0,20.15,1,0,6426.97
2024-01-06 06:00:00,Empirical_Utility_Substation,120000,1,11500.0,5.43,78.9,0.0,16.57,1,0,6261.98
2024-01-06 07:00:00,Empirical_Utility_Substation,120000,1,11500.0,6.19,81.5,34.2,16.92,1,0,6296.14
2024-01-06 08:00:00,Empirical_Utility_Substation,120000,1,11500.0,9.55,79.8,66.0,17.55,1,0,6298.91
2024-01-06 09:00:00,Empirical_Utility_Substation,120000,1,11500.0,11.11,71.7,136.9,20.35,1,0,6511.67
2024-01-06 10:00:00,Empirical_Utility_Substation,120000,1,11500.0,14.56,67.6,385.0,18.19,1,0,6754.95
2024-01-06 11:00:00,Empirical_Utility_Substation,120000,1,11500.0,16.33,70.8,127.5,16.6,1,0,6948.78
2024-01-06 12:00:00,Empirical_Utility_Substation,120000,1,11500.0,16.45,65.6,270.0,17.75,1,0,6760.38
2024-01-06 13:00:00,Empirical_Utility_Substation,120000,1,11500.0,17.44,66.7,217.2,17.02,1,0,6669.94
2024-01-06 14:00:00,Empirical_Utility_Substation,120000,1,11500.0,18.03,66.7,355.2,14.95,1,0,6467.47
2024-01-06 15:00:00,Empirical_Utility_Substation,120000,1,11500.0,18.82,71.4,265.1,16.81,1,0,6246.34
2024-01-06 16:00:00,Empirical_Utility_Substation,120000,1,11500.0,17.01,79.2,66.0,20.26,1,0,6086.95
2024-01-06 17:00:00,Empirical_Utility_Substation,120000,1,11500.0,16.14,74.2,50.3,16.5,1,0,6260.78
2024-01-06 18:00:00,Empirical_Utility_Substation,120000,1,11500.0,14.68,74.7,0.0,20.05,1,0,6771.9
2024-01-06 19:00:00,Empirical_Utility_Substation,120000,1,11500.0,13.73,77.3,0.0,20.71,1,0,7281.86
2024-01-06 20:00:00,Empirical_Utility_Substation,120000,1,11500.0,12.55,79.1,0.0,21.09,1,0,7329.69
2024-01-06 21:00:00,Empirical_Utility_Substation,120000,1,11500.0,11.37,69.1,0.0,20.42,1,0,6990.74
2024-01-06 22:00:00,Empirical_Utility_Substation,120000,1,11500.0,10.49,76.3,0.0,22.14,1,0,6756.22
2024-01-06 23:00:00,Empirical_Utility_Substation,120000,1,11500.0,8.89,70.1,0.0,17.39,1,0,6269.27
2024-01-07 00:00:00,Empirical_Utility_Substation,120000,1,11500.0,8.43,86.5,0.0,16.37,1,0,5900.67
2024-01-07 01:00:00,Empirical_Utility_Substation,120000,1,11500.0,7.07,84.6,0.0,16.26,1,0,5925.32
2024-01-07 02:00:00,Empirical_Utility_Substation,120000,1,11500.0,6.05,77.0,0.0,16.07,1,0,6085.26
2024-01-07 03:00:00,Empirical_Utility_Substation,120000,1,11500.0,6.11,76.7,0.0,17.61,1,0,6206.22
2024-01-07 04:00:00,Empirical_Utility_Substation,120000,1,11500.0,6.39,85.8,0.0,22.39,1,0,6073.22
2024-01-07 05:00:00,Empirical_Utility_Substation,120000,1,11500.0,5.97,84.1,0.0,19.56,1,0,6125.52
2024-01-07 06:00:00,Empirical_Utility_Substation,120000,1,11500.0,8.84,77.1,0.0,18.15,1,0,6114.43
2024-01-07 07:00:00,Empirical_Utility_Substation,120000,1,11500.0,8.93,75.8,59.5,17.4,1,0,6273.61
2024-01-07 08:00:00,Empirical_Utility_Substation,120000,1,11500.0,8.8,73.7,216.5,19.76,1,0,6527.43
2024-01-07 09:00:00,Empirical_Utility_Substation,120000,1,11500.0,11.28,74.0,232.2,16.19,1,0,6929.17
2024-01-07 10:00:00,Empirical_Utility_Substation,120000,1,11500.0,13.12,77.1,203.2,16.29,1,0,6972.33
2024-01-07 11:00:00,Empirical_Utility_Substation,120000,1,11500.0,14.71,72.6,222.6,20.24,1,0,6914.02
2024-01-07 12:00:00,Empirical_Utility_Substation,120000,1,11500.0,15.17,67.3,387.4,16.23,1,0,6891.26
2024-01-07 13:00:00,Empirical_Utility_Substation,120000,1,11500.0,14.73,72.8,414.3,21.27,1,0,6648.49
2024-01-07 14:00:00,Empirical_Utility_Substation,120000,1,11500.0,15.13,77.5,114.3,17.77,1,0,6349.01
2024-01-07 15:00:00,Empirical_Utility_Substation,120000,1,11500.0,15.34,68.3,311.0,19.22,1,0,6063.57
2024-01-07 16:00:00,Empirical_Utility_Substation,120000,1,11500.0,15.23,81.4,203.1,16.73,1,0,5844.47
2024-01-07 17:00:00,Empirical_Utility_Substation,120000,1,11500.0,14.81,72.0,103.9,14.99,1,0,6218.89
2024-01-07 18:00:00,Empirical_Utility_Substation,120000,1,11500.0,15.1,64.4,0.0,17.24,1,0,6606.31
2024-01-07 19:00:00,Empirical_Utility_Substation,120000,1,11500.0,12.92,80.5,0.0,19.15,1,0,7070.56
2024-01-07 20:00:00,Empirical_Utility_Substation,120000,1,11500.0,9.91,74.4,0.0,18.21,1,0,7387.53
2024-01-07 21:00:00,Empirical_Utility_Substation,120000,1,11500.0,8.31,83.3,0.0,17.37,1,0,7131.76
2024-01-07 22:00:00,Empirical_Utility_Substation,120000,1,11500.0,5.57,81.0,0.0,21.01,1,0,6758.99
2024-01-07 23:00:00,Empirical_Utility_Substation,120000,1,11500.0,2.07,83.1,0.0,17.67,1,0,6703.41
2024-01-08 00:00:00,Empirical_Utility_Substation,120000,1,11500.0,2.83,78.0,0.0,18.99,0,0,6853.5
2024-01-08 01:00:00,Empirical_Utility_Substation,120000,1,11500.0,2.43,88.1,0.0,16.02,0,0,6959.01
2024-01-08 02:00:00,Empirical_Utility_Substation,120000,1,11500.0,1.59,98.0,0.0,17.68,0,0,7021.7
2024-01-08 03:00:00,Empirical_Utility_Substation,120000,1,11500.0,1.35,83.9,0.0,21.37,0,0,7100.22
2024-01-08 04:00:00,Empirical_Utility_Substation,120000,1,11500.0,3.41,80.8,0.0,16.36,0,0,7012.22
2024-01-08 05:00:00,Empirical_Utility_Substation,120000,1,11500.0,5.13,82.0,0.0,18.3,0,0,6893.27
2024-01-08 06:00:00,Empirical_Utility_Substation,120000,1,11500.0,6.88,81.8,0.0,21.45,0,0,7000.61
2024-01-08 07:00:00,Empirical_Utility_Substation,120000,1,11500.0,8.3,78.2,54.2,17.3,0,0,7117.56
2024-01-08 08:00:00,Empirical_Utility_Substation,120000,1,11500.0,8.64,76.1,165.6,15.04,0,0,7268.35
2024-01-08 09:00:00,Empirical_Utility_Substation,120000,1,11500.0,10.0,73.9,275.9,15.65,0,0,7277.77
2024-01-08 10:00:00,Empirical_Utility_Substation,120000,1,11500.0,10.62,87.4,294.0,16.51,0,0,7447.01
2024-01-08 11:00:00,Empirical_Utility_Substation,120000,1,11500.0,13.89,65.1,440.5,18.32,0,0,7411.45
2024-01-08 12:00:00,Empirical_Utility_Substation,120000,1,11500.0,14.05,75.9,179.8,16.46,0,0,7393.68
2024-01-08 13:00:00,Empirical_Utility_Substation,120000,1,11500.0,13.79,71.4,203.0,17.7,0,0,7235.61
2024-01-08 14:00:00,Empirical_Utility_Substation,120000,1,11500.0,13.0,68.4,130.7,21.79,0,0,7100.43
2024-01-08 15:00:00,Empirical_Utility_Substation,120000,1,11500.0,14.15,76.9,123.0,20.67,0,0,6759.88
2024-01-08 16:00:00,Empirical_Utility_Substation,120000,1,11500.0,12.62,81.7,66.0,19.01,0,0,6701.53
2024-01-08 17:00:00,Empirical_Utility_Substation,120000,1,11500.0,12.88,77.8,91.7,16.31,0,0,7076.4
2024-01-08 18:00:00,Empirical_Utility_Substation,120000,1,11500.0,12.47,82.7,0.0,18.38,0,0,7647.52
2024-01-08 19:00:00,Empirical_Utility_Substation,120000,1,11500.0,11.31,82.5,0.0,22.32,0,0,7867.16
2024-01-08 20:00:00,Empirical_Utility_Substation,120000,1,11500.0,12.4,76.2,0.0,17.05,0,0,7987.73
2024-01-08 21:00:00,Empirical_Utility_Substation,120000,1,11500.0,10.46,83.5,0.0,21.72,0,0,8037.2
2024-01-08 22:00:00,Empirical_Utility_Substation,120000,1,11500.0,9.5,74.4,0.0,18.37,0,0,7579.03
2024-01-08 23:00:00,Empirical_Utility_Substation,120000,1,11500.0,7.04,91.3,0.0,21.65,0,0,7165.16
2024-01-09 00:00:00,Empirical_Utility_Substation,120000,1,11500.0,5.32,77.0,0.0,15.91,0,0,6825.31
2024-01-09 01:00:00,Empirical_Utility_Substation,120000,1,11500.0,5.24,69.3,0.0,18.28,0,0,7116.66
2024-01-09 02:00:00,Empirical_Utility_Substation,120000,1,11500.0,4.06,82.2,0.0,17.5,0,0,7094.53
2024-01-09 03:00:00,Empirical_Utility_Substation,120000,1,11500.0,3.94,85.5,0.0,17.94,0,0,7257.5
2024-01-09 04:00:00,Empirical_Utility_Substation,120000,1,11500.0,4.85,76.2,0.0,22.18,0,0,7327.36
2024-01-09 05:00:00,Empirical_Utility_Substation,120000,1,11500.0,5.52,76.6,0.0,18.88,0,0,7202.6
2024-01-09 06:00:00,Empirical_Utility_Substation,120000,1,11500.0,6.06,73.4,0.0,19.82,0,0,7418.74
2024-01-09 07:00:00,Empirical_Utility_Substation,120000,1,11500.0,7.31,71.2,98.4,20.83,0,0,7512.63
2024-01-09 08:00:00,Empirical_Utility_Substation,120000,1,11500.0,6.78,81.7,208.5,18.82,0,0,7765.08
2024-01-09 09:00:00,Empirical_Utility_Substation,120000,1,11500.0,8.16,80.3,218.1,19.13,0,0,7889.78
2024-01-09 10:00:00,Empirical_Utility_Substation,120000,1,11500.0,10.74,77.9,381.8,20.38,0,0,7740.58
2024-01-09 11:00:00,Empirical_Utility_Substation,120000,1,11500.0,13.76,72.8,278.7,16.55,0,0,7636.53
2024-01-09 12:00:00,Empirical_Utility_Substation,120000,1,11500.0,15.5,62.9,392.8,17.28,0,0,7484.56
2024-01-09 13:00:00,Empirical_Utility_Substation,120000,1,11500.0,16.44,70.8,521.0,21.19,0,0,7191.68
2024-01-09 14:00:00,Empirical_Utility_Substation,120000,1,11500.0,17.06,60.0,398.0,17.22,0,0,7071.92
2024-01-09 15:00:00,Empirical_Utility_Substation,120000,1,11500.0,16.48,75.5,297.7,15.98,0,0,6819.92
2024-01-09 16:00:00,Empirical_Utility_Substation,120000,1,11500.0,17.14,73.0,66.0,20.73,0,0,6827.96
2024-01-09 17:00:00,Empirical_Utility_Substation,120000,1,11500.0,17.31,69.7,34.2,22.27,0,0,6845.29
2024-01-09 18:00:00,Empirical_Utility_Substation,120000,1,11500.0,15.81,70.4,0.0,16.14,0,0,7335.29
2024-01-09 19:00:00,Empirical_Utility_Substation,120000,1,11500.0,13.18,81.2,0.0,21.96,0,0,8022.39
2024-01-09 20:00:00,Empirical_Utility_Substation,120000,1,11500.0,12.27,66.9,0.0,19.95,0,0,8254.21
2024-01-09 21:00:00,Empirical_Utility_Substation,120000,1,11500.0,11.97,73.6,0.0,19.26,0,0,8149.08
2024-01-09 22:00:00,Empirical_Utility_Substation,120000,1,11500.0,10.04,68.3,0.0,20.58,0,0,7790.5
2024-01-09 23:00:00,Empirical_Utility_Substation,120000,1,11500.0,8.9,70.5,0.0,21.84,0,0,7522.01
2024-01-10 00:00:00,Empirical_Utility_Substation,120000,1,11500.0,8.13,75.0,0.0,17.83,0,0,6996.22
2024-01-10 01:00:00,Empirical_Utility_Substation,120000,1,11500.0,8.04,78.8,0.0,19.05,0,0,6974.78
2024-01-10 02:00:00,Empirical_Utility_Substation,120000,1,11500.0,7.8,85.9,0.0,20.86,0,0,6854.4
2024-01-10 03:00:00,Empirical_Utility_Substation,120000,1,11500.0,6.59,72.0,0.0,17.72,0,0,7034.6
2024-01-10 04:00:00,Empirical_Utility_Substation,120000,1,11500.0,7.43,72.8,0.0,16.9,0,0,7040.3
2024-01-10 05:00:00,Empirical_Utility_Substation,120000,1,11500.0,7.56,75.1,0.0,21.24,0,0,6717.77
2024-01-10 06:00:00,Empirical_Utility_Substation,120000,1,11500.0,8.34,75.1,0.0,18.22,0,0,6890.44
2024-01-10 07:00:00,Empirical_Utility_Substation,120000,1,11500.0,10.16,71.4,108.7,16.5,0,0,7096.03
2024-01-10 08:00:00,Empirical_Utility_Substation,120000,1,11500.0,9.66,79.5,66.0,18.08,0,0,7258.86
2024-01-10 09:00:00,Empirical_Utility_Substation,120000,1,11500.0,11.84,77.4,105.8,16.38,0,0,7535.43
2024-01-10 10:00:00,Empirical_Utility_Substation,120000,1,11500.0,12.21,75.3,311.0,18.66,0,0,7714.71
2024-01-10 11:00:00,Empirical_Utility_Substation,120000,1,11500.0,13.02,72.9,467.2,18.58,0,0,7897.9
2024-01-10 12:00:00,Empirical_Utility_Substation,120000,1,11500.0,15.29,65.8,263.4,18.09,0,0,7939.75
2024-01-10 13:00:00,Empirical_Utility_Substation,120000,1,11500.0,17.19,75.9,327.2,18.81,0,0,7462.6
2024-01-10 14:00:00,Empirical_Utility_Substation,120000,1,11500.0,16.87,65.8,169.3,16.68,0,0,7140.63
2024-01-10 15:00:00,Empirical_Utility_Substation,120000,1,11500.0,16.07,67.8,318.2,17.33,0,0,6863.37
2024-01-10 16:00:00,Empirical_Utility_Substation,120000,1,11500.0,14.53,63.9,165.1,17.53,0,0,6759.24
2024-01-10 17:00:00,Empirical_Utility_Substation,120000,1,11500.0,13.34,72.1,38.4,16.9,0,0,6900.79
2024-01-10 18:00:00,Empirical_Utility_Substation,120000,1,11500.0,14.08,68.9,0.0,18.98,0,0,7268.64
2024-01-10 19:00:00,Empirical_Utility_Substation,120000,1,11500.0,13.16,80.2,0.0,20.17,0,0,7668.76
2024-01-10 20:00:00,Empirical_Utility_Substation,120000,1,11500.0,10.97,68.1,0.0,17.37,0,0,7829.01
2024-01-10 21:00:00,Empirical_Utility_Substation,120000,1,11500.0,9.53,67.5,0.0,16.75,0,0,7813.87
2024-01-10 22:00:00,Empirical_Utility_Substation,120000,1,11500.0,7.0,82.8,0.0,19.1,0,0,7483.15
2024-01-10 23:00:00,Empirical_Utility_Substation,120000,1,11500.0,5.79,75.8,0.0,19.28,0,0,7298.81
2024-01-11 00:00:00,Empirical_Utility_Substation,120000,1,11500.0,5.53,71.7,0.0,20.15,0,0,6847.95
2024-01-11 01:00:00,Empirical_Utility_Substation,120000,1,11500.0,3.51,83.0,0.0,17.6,0,0,6894.17
2024-01-11 02:00:00,Empirical_Utility_Substation,120000,1,11500.0,3.95,89.5,0.0,18.15,0,0,6806.6
2024-01-11 03:00:00,Empirical_Utility_Substation,120000,1,11500.0,5.32,81.1,0.0,20.3,0,0,6591.2
2024-01-11 04:00:00,Empirical_Utility_Substation,120000,1,11500.0,6.34,78.7,0.0,22.29,0,0,6672.56
2024-01-11 05:00:00,Empirical_Utility_Substation,120000,1,11500.0,6.34,88.9,0.0,17.25,0,0,6784.53
2024-01-11 06:00:00,Empirical_Utility_Substation,120000,1,11500.0,8.04,72.8,0.0,20.2,0,0,6827.02
2024-01-11 07:00:00,Empirical_Utility_Substation,120000,1,11500.0,8.22,81.1,62.2,18.33,0,0,6776.05
2024-01-11 08:00:00,Empirical_Utility_Substation,120000,1,11500.0,8.58,85.5,188.9,16.12,0,0,7020.05
2024-01-11 09:00:00,Empirical_Utility_Substation,120000,1,11500.0,12.03,81.1,204.5,18.41,0,0,7013.95
2024-01-11 10:00:00,Empirical_Utility_Substation,120000,1,11500.0,12.22,83.0,388.7,17.38,0,0,7088.75
2024-01-11 11:00:00,Empirical_Utility_Substation,120000,1,11500.0,12.83,67.4,326.0,18.21,0,0,7370.04
2024-01-11 12:00:00,Empirical_Utility_Substation,120000,1,11500.0,13.8,83.3,327.2,19.51,0,0,7233.11
2024-01-11 13:00:00,Empirical_Utility_Substation,120000,1,11500.0,14.83,71.2,127.5,18.48,0,0,7151.62
2024-01-11 14:00:00,Empirical_Utility_Substation,120000,1,11500.0,16.64,74.7,266.9,17.6,0,0,7052.01
2024-01-11 15:00:00,Empirical_Utility_Substation,120000,1,11500.0,17.5,70.6,182.0,19.27,0,0,6724.64
2024-01-11 16:00:00,Empirical_Utility_Substation,120000,1,11500.0,18.45,66.9,195.3,21.67,0,0,6617.29
2024-01-11 17:00:00,Empirical_Utility_Substation,120000,1,11500.0,18.41,62.1,118.3,19.92,0,0,6862.12
2024-01-11 18:00:00,Empirical_Utility_Substation,120000,1,11500.0,17.58,82.8,0.0,22.39,0,0,7328.74
2024-01-11 19:00:00,Empirical_Utility_Substation,120000,1,11500.0,14.96,62.1,0.0,15.35,0,0,7634.76
2024-01-11 20:00:00,Empirical_Utility_Substation,120000,1,11500.0,13.66,66.7,0.0,18.86,0,0,7794.16
2024-01-11 21:00:00,Empirical_Utility_Substation,120000,1,11500.0,11.47,79.5,0.0,18.85,0,0,7888.53
2024-01-11 22:00:00,Empirical_Utility_Substation,120000,1,11500.0,9.35,65.4,0.0,17.13,0,0,7619.5
2024-01-11 23:00:00,Empirical_Utility_Substation,120000,1,11500.0,7.78,68.1,0.0,17.81,0,0,7321.15
2024-01-12 00:00:00,Empirical_Utility_Substation,120000,1,11500.0,8.63,67.9,0.0,20.16,0,0,6661.59
2024-01-12 01:00:00,Empirical_Utility_Substation,120000,1,11500.0,8.53,82.9,0.0,16.52,0,0,6422.5
2024-01-12 02:00:00,Empirical_Utility_Substation,120000,1,11500.0,8.72,86.3,0.0,21.05,0,0,6529.19
2024-01-12 03:00:00,Empirical_Utility_Substation,120000,1,11500.0,7.31,73.5,0.0,20.79,0,0,6749.38
2024-01-12 04:00:00,Empirical_Utility_Substation,120000,1,11500.0,7.35,70.1,0.0,18.58,0,0,6667.51
2024-01-12 05:00:00,Empirical_Utility_Substation,120000,1,11500.0,7.57,64.9,0.0,18.88,0,0,6466.05
2024-01-12 06:00:00,Empirical_Utility_Substation,120000,1,11500.0,8.59,69.3,0.0,20.0,0,0,6611.5
2024-01-12 07:00:00,Empirical_Utility_Substation,120000,1,11500.0,10.36,63.5,135.1,19.36,0,0,6528.35
2024-01-12 08:00:00,Empirical_Utility_Substation,120000,1,11500.0,11.39,68.0,153.4,17.05,0,0,6802.31
2024-01-12 09:00:00,Empirical_Utility_Substation,120000,1,11500.0,12.77,82.3,286.0,22.71,0,0,7138.69
2024-01-12 10:00:00,Empirical_Utility_Substation,120000,1,11500.0,14.65,68.5,357.3,19.47,0,0,7423.87
2024-01-12 11:00:00,Empirical_Utility_Substation,120000,1,11500.0,16.16,84.5,127.5,19.76,0,0,7405.82
2024-01-12 12:00:00,Empirical_Utility_Substation,120000,1,11500.0,17.83,63.5,274.8,18.72,0,0,7298.13
2024-01-12 13:00:00,Empirical_Utility_Substation,120000,1,11500.0,16.0,66.3,326.3,17.21,0,0,7145.33
2024-01-12 14:00:00,Empirical_Utility_Substation,120000,1,11500.0,15.64,83.9,393.6,19.14,0,0,6899.6
2024-01-12 15:00:00,Empirical_Utility_Substation,120000,1,11500.0,15.74,81.1,259.5,20.77,0,0,6776.55
2024-01-12 16:00:00,Empirical_Utility_Substation,120000,1,11500.0,14.69,71.6,211.3,18.05,0,0,6756.36
2024-01-12 17:00:00,Empirical_Utility_Substation,120000,1,11500.0,13.29,72.9,72.0,17.23,0,0,6928.93
2024-01-12 18:00:00,Empirical_Utility_Substation,120000,1,11500.0,10.3,72.4,0.0,16.42,0,0,7497.35
2024-01-12 19:00:00,Empirical_Utility_Substation,120000,1,11500.0,10.12,78.1,0.0,19.36,0,0,8042.48
2024-01-12 20:00:00,Empirical_Utility_Substation,120000,1,11500.0,8.78,76.6,0.0,16.72,0,0,8273.84
2024-01-12 21:00:00,Empirical_Utility_Substation,120000,1,11500.0,6.81,80.0,0.0,19.45,0,0,8516.35
2024-01-12 22:00:00,Empirical_Utility_Substation,120000,1,11500.0,7.26,72.8,0.0,16.62,0,0,7973.18
2024-01-12 23:00:00,Empirical_Utility_Substation,120000,1,11500.0,5.69,85.0,0.0,16.02,0,0,7569.11
2024-01-13 00:00:00,Empirical_Utility_Substation,120000,1,11500.0,5.61,83.9,0.0,20.23,1,0,6294.41
2024-01-13 01:00:00,Empirical_Utility_Substation,120000,1,11500.0,5.07,76.4,0.0,20.57,1,0,6222.0
2024-01-13 02:00:00,Empirical_Utility_Substation,120000,1,11500.0,5.17,71.7,0.0,20.06,1,0,6296.75
2024-01-13 03:00:00,Empirical_Utility_Substation,120000,1,11500.0,3.18,85.6,0.0,20.41,1,0,6451.21
2024-01-13 04:00:00,Empirical_Utility_Substation,120000,1,11500.0,3.4,86.5,0.0,16.27,1,0,6317.59
2024-01-13 05:00:00,Empirical_Utility_Substation,120000,1,11500.0,3.74,87.3,0.0,18.18,1,0,6188.82
2024-01-13 06:00:00,Empirical_Utility_Substation,120000,1,11500.0,5.43,85.3,0.0,17.83,1,0,6371.36
2024-01-13 07:00:00,Empirical_Utility_Substation,120000,1,11500.0,9.21,78.0,52.8,17.92,1,0,6269.34
2024-01-13 08:00:00,Empirical_Utility_Substation,120000,1,11500.0,11.84,67.8,222.3,19.24,1,0,6305.33
2024-01-13 09:00:00,Empirical_Utility_Substation,120000,1,11500.0,14.24,73.0,288.0,17.0,1,0,6588.14
2024-01-13 10:00:00,Empirical_Utility_Substation,120000,1,11500.0,14.08,57.8,182.8,16.86,1,0,6883.25
2024-01-13 11:00:00,Empirical_Utility_Substation,120000,1,11500.0,15.47,73.9,127.5,16.98,1,0,7151.37
2024-01-13 12:00:00,Empirical_Utility_Substation,120000,1,11500.0,16.26,74.6,396.4,15.63,1,0,6902.1
2024-01-13 13:00:00,Empirical_Utility_Substation,120000,1,11500.0,15.74,68.4,512.5,18.59,1,0,6650.37
2024-01-13 14:00:00,Empirical_Utility_Substation,120000,1,11500.0,16.59,66.9,252.9,19.33,1,0,6414.63
2024-01-13 15:00:00,Empirical_Utility_Substation,120000,1,11500.0,17.66,68.9,250.6,18.73,1,0,6480.5
2024-01-13 16:00:00,Empirical_Utility_Substation,120000,1,11500.0,17.68,71.1,94.7,16.13,1,0,6579.99
2024-01-13 17:00:00,Empirical_Utility_Substation,120000,1,11500.0,17.85,69.5,62.3,19.38,1,0,6640.81
2024-01-13 18:00:00,Empirical_Utility_Substation,120000,1,11500.0,18.03,61.0,0.0,19.86,1,0,7038.84
2024-01-13 19:00:00,Empirical_Utility_Substation,120000,1,11500.0,16.3,72.6,0.0,17.58,1,0,7432.87
2024-01-13 20:00:00,Empirical_Utility_Substation,120000,1,11500.0,16.53,73.1,0.0,16.13,1,0,7454.27
2024-01-13 21:00:00,Empirical_Utility_Substation,120000,1,11500.0,14.01,68.6,0.0,18.53,1,0,7187.87
2024-01-13 22:00:00,Empirical_Utility_Substation,120000,1,11500.0,12.15,75.8,0.0,18.7,1,0,6682.42
2024-01-13 23:00:00,Empirical_Utility_Substation,120000,1,11500.0,10.57,77.8,0.0,16.46,1,0,6358.12
2024-01-14 00:00:00,Empirical_Utility_Substation,120000,1,11500.0,8.94,75.4,0.0,19.53,1,0,5959.69
2024-01-14 01:00:00,Empirical_Utility_Substation,120000,1,11500.0,6.58,85.4,0.0,17.9,1,0,6204.88
2024-01-14 02:00:00,Empirical_Utility_Substation,120000,1,11500.0,6.96,89.9,0.0,16.28,1,0,6187.23
2024-01-14 03:00:00,Empirical_Utility_Substation,120000,1,11500.0,8.35,76.6,0.0,21.88,1,0,6023.45
2024-01-14 04:00:00,Empirical_Utility_Substation,120000,1,11500.0,8.77,76.6,0.0,23.9,1,0,5901.02
2024-01-14 05:00:00,Empirical_Utility_Substation,120000,1,11500.0,9.19,76.8,0.0,17.01,1,0,5767.2
2024-01-14 06:00:00,Empirical_Utility_Substation,120000,1,11500.0,9.5,84.1,0.0,23.33,1,0,5766.89
2024-01-14 07:00:00,Empirical_Utility_Substation,120000,1,11500.0,10.87,82.7,98.0,19.08,1,0,5930.77
2024-01-14 08:00:00,Empirical_Utility_Substation,120000,1,11500.0,12.53,68.6,89.0,19.4,1,0,6137.72
2024-01-14 09:00:00,Empirical_Utility_Substation,120000,1,11500.0,13.56,65.4,232.8,19.55,1,0,6541.07
2024-01-14 10:00:00,Empirical_Utility_Substation,120000,1,11500.0,14.24,68.2,306.1,19.64,1,0,6644.57
2024-01-14 11:00:00,Empirical_Utility_Substation,120000,1,11500.0,13.14,63.2,190.5,20.15,1,0,6709.59
2024-01-14 12:00:00,Empirical_Utility_Substation,120000,1,11500.0,14.31,65.5,320.4,18.4,1,0,6488.32
2024-01-14 13:00:00,Empirical_Utility_Substation,120000,1,11500.0,16.5,72.3,152.8,15.84,1,0,6501.41
2024-01-14 14:00:00,Empirical_Utility_Substation,120000,1,11500.0,17.06,69.2,114.3,19.04,1,0,6341.31
2024-01-14 15:00:00,Empirical_Utility_Substation,120000,1,11500.0,15.81,70.3,332.6,20.45,1,0,6143.72
2024-01-14 16:00:00,Empirical_Utility_Substation,120000,1,11500.0,14.94,80.1,196.5,17.47,1,0,6194.77
2024-01-14 17:00:00,Empirical_Utility_Substation,120000,1,11500.0,13.07,67.9,128.9,20.01,1,0,6662.92
2024-01-14 18:00:00,Empirical_Utility_Substation,120000,1,11500.0,10.56,78.0,0.0,18.99,1,0,7278.0
2024-01-14 19:00:00,Empirical_Utility_Substation,120000,1,11500.0,11.14,73.1,0.0,18.8,1,0,7715.24
2024-01-14 20:00:00,Empirical_Utility_Substation,120000,1,11500.0,10.19,80.5,0.0,17.48,1,0,7997.3
2024-01-14 21:00:00,Empirical_Utility_Substation,120000,1,11500.0,9.37,81.3,0.0,15.53,1,0,7545.1
2024-01-14 22:00:00,Empirical_Utility_Substation,120000,1,11500.0,6.1,73.7,0.0,16.29,1,0,7370.3
2024-01-14 23:00:00,Empirical_Utility_Substation,120000,1,11500.0,5.55,87.4,0.0,24.54,1,0,6929.23
2024-01-15 00:00:00,Empirical_Utility_Substation,120000,1,11500.0,5.35,84.7,0.0,18.81,0,0,7346.0
2024-01-15 01:00:00,Empirical_Utility_Substation,120000,1,11500.0,5.76,69.8,0.0,20.08,0,0,7298.78
2024-01-15 02:00:00,Empirical_Utility_Substation,120000,1,11500.0,4.32,69.6,0.0,19.76,0,0,7321.69
2024-01-15 03:00:00,Empirical_Utility_Substation,120000,1,11500.0,3.11,82.2,0.0,18.34,0,0,7392.29
2024-01-15 04:00:00,Empirical_Utility_Substation,120000,1,11500.0,4.65,80.5,0.0,19.3,0,0,7512.0
2024-01-15 05:00:00,Empirical_Utility_Substation,120000,1,11500.0,5.88,79.9,0.0,18.54,0,0,7368.49
2024-01-15 06:00:00,Empirical_Utility_Substation,120000,1,11500.0,6.53,75.4,0.0,20.58,0,0,7318.71
2024-01-15 07:00:00,Empirical_Utility_Substation,120000,1,11500.0,8.42,70.8,91.7,19.19,0,0,7270.79
2024-01-15 08:00:00,Empirical_Utility_Substation,120000,1,11500.0,11.33,68.4,66.0,17.17,0,0,7366.16
2024-01-15 09:00:00,Empirical_Utility_Substation,120000,1,11500.0,12.9,70.5,288.8,22.21,0,0,7412.5
2024-01-15 10:00:00,Empirical_Utility_Substation,120000,1,11500.0,14.67,70.5,202.5,18.94,0,0,7541.63
2024-01-15 11:00:00,Empirical_Utility_Substation,120000,1,11500.0,16.68,75.5,426.9,21.33,0,0,7586.49
2024-01-15 12:00:00,Empirical_Utility_Substation,120000,1,11500.0,18.27,75.5,319.9,18.68,0,0,7662.98
2024-01-15 13:00:00,Empirical_Utility_Substation,120000,1,11500.0,18.76,70.9,127.5,23.51,0,0,7536.72
2024-01-15 14:00:00,Empirical_Utility_Substation,120000,1,11500.0,19.17,68.5,276.7,21.73,0,0,7496.75
2024-01-15 15:00:00,Empirical_Utility_Substation,120000,1,11500.0,17.45,75.0,93.3,19.19,0,0,7314.68
2024-01-15 16:00:00,Empirical_Utility_Substation,120000,1,11500.0,16.02,67.4,213.4,20.18,0,0,7252.75
2024-01-15 17:00:00,Empirical_Utility_Substation,120000,1,11500.0,17.85,60.7,135.3,16.18,0,0,7427.43
2024-01-15 18:00:00,Empirical_Utility_Substation,120000,1,11500.0,16.27,64.9,0.0,18.34,0,0,7756.02
2024-01-15 19:00:00,Empirical_Utility_Substation,120000,1,11500.0,13.5,81.8,0.0,17.8,0,0,7953.18
2024-01-15 20:00:00,Empirical_Utility_Substation,120000,1,11500.0,13.42,72.7,0.0,17.9,0,0,8008.64
2024-01-15 21:00:00,Empirical_Utility_Substation,120000,1,11500.0,13.55,67.0,0.0,22.36,0,0,7795.01
2024-01-15 22:00:00,Empirical_Utility_Substation,120000,1,11500.0,10.76,71.8,0.0,18.73,0,0,7669.7
2024-01-15 23:00:00,Empirical_Utility_Substation,120000,1,11500.0,9.39,74.6,0.0,17.49,0,0,7461.11
2024-01-16 00:00:00,Empirical_Utility_Substation,120000,1,11500.0,8.07,75.4,0.0,18.47,0,0,7124.33
2024-01-16 01:00:00,Empirical_Utility_Substation,120000,1,11500.0,6.86,62.7,0.0,17.9,0,0,7138.01
2024-01-16 02:00:00,Empirical_Utility_Substation,120000,1,11500.0,5.53,79.6,0.0,19.31,0,0,7434.93
2024-01-16 03:00:00,Empirical_Utility_Substation,120000,1,11500.0,4.63,76.7,0.0,18.44,0,0,7481.99
2024-01-16 04:00:00,Empirical_Utility_Substation,120000,1,11500.0,4.46,91.8,0.0,18.77,0,0,7539.51
2024-01-16 05:00:00,Empirical_Utility_Substation,120000,1,11500.0,5.63,86.2,0.0,18.3,0,0,7407.3
2024-01-16 06:00:00,Empirical_Utility_Substation,120000,1,11500.0,6.41,87.0,0.0,22.28,0,0,7361.2
2024-01-16 07:00:00,Empirical_Utility_Substation,120000,1,11500.0,7.84,78.6,34.2,18.98,0,0,7061.8
2024-01-16 08:00:00,Empirical_Utility_Substation,120000,1,11500.0,9.36,69.9,207.7,16.23,0,0,7396.85
2024-01-16 09:00:00,Empirical_Utility_Substation,120000,1,11500.0,10.65,68.0,93.3,21.0,0,0,7751.94
2024-01-16 10:00:00,Empirical_Utility_Substation,120000,1,11500.0,11.54,58.7,302.6,19.23,0,0,7741.55
2024-01-16 11:00:00,Empirical_Utility_Substation,120000,1,11500.0,12.18,83.2,337.9,18.55,0,0,7786.67
2024-01-16 12:00:00,Empirical_Utility_Substation,120000,1,11500.0,13.14,69.8,487.2,18.99,0,0,7714.63
2024-01-16 13:00:00,Empirical_Utility_Substation,120000,1,11500.0,14.16,69.0,127.5,19.89,0,0,7531.88
2024-01-16 14:00:00,Empirical_Utility_Substation,120000,1,11500.0,13.57,78.4,230.2,23.44,0,0,7013.78
2024-01-16 15:00:00,Empirical_Utility_Substation,120000,1,11500.0,13.29,77.1,284.1,20.62,0,0,6784.82
2024-01-16 16:00:00,Empirical_Utility_Substation,120000,1,11500.0,14.27,60.0,171.2,20.63,0,0,7029.28
2024-01-16 17:00:00,Empirical_Utility_Substation,120000,1,11500.0,13.17,77.3,94.6,21.46,0,0,7255.17
2024-01-16 18:00:00,Empirical_Utility_Substation,120000,1,11500.0,12.64,75.6,0.0,16.83,0,0,7753.35
2024-01-16 19:00:00,Empirical_Utility_Substation,120000,1,11500.0,10.42,80.8,0.0,22.78,0,0,8288.47
2024-01-16 20:00:00,Empirical_Utility_Substation,120000,1,11500.0,10.52,80.0,0.0,17.32,0,0,8464.23
2024-01-16 21:00:00,Empirical_Utility_Substation,120000,1,11500.0,10.49,74.5,0.0,18.7,0,0,8395.06
2024-01-16 22:00:00,Empirical_Utility_Substation,120000,1,11500.0,9.36,85.5,0.0,21.25,0,0,7993.97
2024-01-16 23:00:00,Empirical_Utility_Substation,120000,1,11500.0,8.19,85.3,0.0,19.77,0,0,7722.88
2024-01-17 00:00:00,Empirical_Utility_Substation,120000,1,11500.0,7.59,82.4,0.0,19.98,0,0,7195.39
2024-01-17 01:00:00,Empirical_Utility_Substation,120000,1,11500.0,6.59,87.7,0.0,17.08,0,0,7391.47
2024-01-17 02:00:00,Empirical_Utility_Substation,120000,1,11500.0,5.4,76.6,0.0,18.01,0,0,7461.87
2024-01-17 03:00:00,Empirical_Utility_Substation,120000,1,11500.0,6.05,69.3,0.0,21.81,0,0,7218.08
2024-01-17 04:00:00,Empirical_Utility_Substation,120000,1,11500.0,5.57,81.7,0.0,18.39,0,0,7107.03
2024-01-17 05:00:00,Empirical_Utility_Substation,120000,1,11500.0,6.53,86.9,0.0,19.09,0,0,7107.17
2024-01-17 06:00:00,Empirical_Utility_Substation,120000,1,11500.0,8.56,76.9,0.0,19.34,0,0,7216.05
2024-01-17 07:00:00,Empirical_Utility_Substation,120000,1,11500.0,8.54,70.6,118.1,19.07,0,0,7581.66
2024-01-17 08:00:00,Empirical_Utility_Substation,120000,1,11500.0,9.74,77.5,153.2,18.33,0,0,7703.17
2024-01-17 09:00:00,Empirical_Utility_Substation,120000,1,11500.0,11.2,71.4,248.8,19.02,0,0,7838.5
2024-01-17 10:00:00,Empirical_Utility_Substation,120000,1,11500.0,10.7,69.0,370.3,20.58,0,0,8062.71
2024-01-17 11:00:00,Empirical_Utility_Substation,120000,1,11500.0,11.75,73.4,319.0,18.72,0,0,8122.98
2024-01-17 12:00:00,Empirical_Utility_Substation,120000,1,11500.0,13.14,72.8,140.1,20.83,0,0,7760.87
2024-01-17 13:00:00,Empirical_Utility_Substation,120000,1,11500.0,13.02,83.8,252.0,19.17,0,0,7265.67
2024-01-17 14:00:00,Empirical_Utility_Substation,120000,1,11500.0,14.73,66.9,319.0,21.89,0,0,7125.43
2024-01-17 15:00:00,Empirical_Utility_Substation,120000,1,11500.0,16.57,62.1,289.8,19.9,0,0,6747.09
2024-01-17 16:00:00,Empirical_Utility_Substation,120000,1,11500.0,17.74,67.3,197.8,21.56,0,0,6662.25
2024-01-17 17:00:00,Empirical_Utility_Substation,120000,1,11500.0,18.99,62.9,93.2,18.16,0,0,6956.35
2024-01-17 18:00:00,Empirical_Utility_Substation,120000,1,11500.0,17.62,70.1,0.0,20.78,0,0,7320.74
2024-01-17 19:00:00,Empirical_Utility_Substation,120000,1,11500.0,17.37,73.6,0.0,18.46,0,0,7636.94
2024-01-17 20:00:00,Empirical_Utility_Substation,120000,1,11500.0,16.09,80.0,0.0,21.39,0,0,7780.35
2024-01-17 21:00:00,Empirical_Utility_Substation,120000,1,11500.0,13.29,81.9,0.0,17.52,0,0,7599.04
2024-01-17 22:00:00,Empirical_Utility_Substation,120000,1,11500.0,10.87,82.4,0.0,20.92,0,0,7394.92
2024-01-17 23:00:00,Empirical_Utility_Substation,120000,1,11500.0,9.11,70.5,0.0,19.65,0,0,7018.76
2024-01-18 00:00:00,Empirical_Utility_Substation,120000,1,11500.0,6.43,82.2,0.0,20.04,0,0,6732.96
2024-01-18 01:00:00,Empirical_Utility_Substation,120000,1,11500.0,5.63,76.1,0.0,18.19,0,0,6683.15
2024-01-18 02:00:00,Empirical_Utility_Substation,120000,1,11500.0,5.19,85.3,0.0,17.62,0,0,6694.19
2024-01-18 03:00:00,Empirical_Utility_Substation,120000,1,11500.0,7.69,85.0,0.0,18.31,0,0,6398.16
2024-01-18 04:00:00,Empirical_Utility_Substation,120000,1,11500.0,8.01,80.1,0.0,20.6,0,0,6571.15
2024-01-18 05:00:00,Empirical_Utility_Substation,120000,1,11500.0,9.66,89.3,0.0,18.23,0,0,6600.01
2024-01-18 06:00:00,Empirical_Utility_Substation,120000,1,11500.0,10.8,79.2,0.0,20.1,0,0,6496.71
2024-01-18 07:00:00,Empirical_Utility_Substation,120000,1,11500.0,11.07,75.6,121.0,20.29,0,0,6840.17
2024-01-18 08:00:00,Empirical_Utility_Substation,120000,1,11500.0,11.34,82.9,118.1,18.47,0,0,7418.86
2024-01-18 09:00:00,Empirical_Utility_Substation,120000,1,11500.0,12.14,74.5,178.0,16.57,0,0,7591.85
2024-01-18 10:00:00,Empirical_Utility_Substation,120000,1,11500.0,13.21,74.4,349.1,17.96,0,0,7743.42
2024-01-18 11:00:00,Empirical_Utility_Substation,120000,1,11500.0,15.56,67.1,456.9,21.98,0,0,7811.45
2024-01-18 12:00:00,Empirical_Utility_Substation,120000,1,11500.0,17.72,71.0,185.9,18.16,0,0,7662.66
2024-01-18 13:00:00,Empirical_Utility_Substation,120000,1,11500.0,18.06,64.9,368.3,23.27,0,0,7431.61
2024-01-18 14:00:00,Empirical_Utility_Substation,120000,1,11500.0,18.24,61.4,367.6,18.97,0,0,7219.68
2024-01-18 15:00:00,Empirical_Utility_Substation,120000,1,11500.0,17.59,74.7,302.9,20.29,0,0,6905.52
2024-01-18 16:00:00,Empirical_Utility_Substation,120000,1,11500.0,17.19,72.2,116.2,19.25,0,0,6846.33
2024-01-18 17:00:00,Empirical_Utility_Substation,120000,1,11500.0,16.86,67.2,119.6,20.51,0,0,6908.97
2024-01-18 18:00:00,Empirical_Utility_Substation,120000,1,11500.0,15.44,79.9,0.0,18.38,0,0,7382.08
2024-01-18 19:00:00,Empirical_Utility_Substation,120000,1,11500.0,14.42,72.3,0.0,20.35,0,0,7957.74
2024-01-18 20:00:00,Empirical_Utility_Substation,120000,1,11500.0,12.5,79.4,0.0,16.64,0,0,8283.51
2024-01-18 21:00:00,Empirical_Utility_Substation,120000,1,11500.0,12.33,73.2,0.0,17.5,0,0,8171.31
2024-01-18 22:00:00,Empirical_Utility_Substation,120000,1,11500.0,11.05,81.7,0.0,21.01,0,0,7671.87
2024-01-18 23:00:00,Empirical_Utility_Substation,120000,1,11500.0,9.13,64.2,0.0,16.71,0,0,7357.43
2024-01-19 00:00:00,Empirical_Utility_Substation,120000,1,11500.0,9.34,67.2,0.0,18.04,0,0,6709.72
2024-01-19 01:00:00,Empirical_Utility_Substation,120000,1,11500.0,6.76,70.9,0.0,19.91,0,0,6845.4
2024-01-19 02:00:00,Empirical_Utility_Substation,120000,1,11500.0,6.09,85.4,0.0,18.18,0,0,6795.0
2024-01-19 03:00:00,Empirical_Utility_Substation,120000,1,11500.0,7.32,71.5,0.0,18.0,0,0,6775.64
2024-01-19 04:00:00,Empirical_Utility_Substation,120000,1,11500.0,8.53,79.1,0.0,18.47,0,0,6616.14
2024-01-19 05:00:00,Empirical_Utility_Substation,120000,1,11500.0,9.62,70.3,0.0,18.99,0,0,6611.97
2024-01-19 06:00:00,Empirical_Utility_Substation,120000,1,11500.0,10.24,81.1,0.0,23.35,0,0,6496.73
2024-01-19 07:00:00,Empirical_Utility_Substation,120000,1,11500.0,12.11,73.6,109.3,24.42,0,0,6716.0
2024-01-19 08:00:00,Empirical_Utility_Substation,120000,1,11500.0,13.84,79.1,66.0,21.01,0,0,7087.54
2024-01-19 09:00:00,Empirical_Utility_Substation,120000,1,11500.0,15.96,82.9,106.0,18.9,0,0,7489.01
2024-01-19 10:00:00,Empirical_Utility_Substation,120000,1,11500.0,16.11,84.3,221.9,20.66,0,0,7739.54
2024-01-19 11:00:00,Empirical_Utility_Substation,120000,1,11500.0,18.21,75.0,127.5,19.29,0,0,7829.63
2024-01-19 12:00:00,Empirical_Utility_Substation,120000,1,11500.0,18.21,65.3,452.6,19.39,0,0,7623.15
2024-01-19 13:00:00,Empirical_Utility_Substation,120000,1,11500.0,17.71,69.1,184.3,17.41,0,0,7536.69
2024-01-19 14:00:00,Empirical_Utility_Substation,120000,1,11500.0,18.14,74.3,352.9,20.6,0,0,7305.22
2024-01-19 15:00:00,Empirical_Utility_Substation,120000,1,11500.0,18.16,67.5,99.6,17.89,0,0,6923.22
2024-01-19 16:00:00,Empirical_Utility_Substation,120000,1,11500.0,19.05,66.2,216.3,19.99,0,0,7006.39
2024-01-19 17:00:00,Empirical_Utility_Substation,120000,1,11500.0,18.14,70.3,129.4,18.84,0,0,7331.92
2024-01-19 18:00:00,Empirical_Utility_Substation,120000,1,11500.0,17.41,69.3,0.0,18.3,0,0,7758.69
2024-01-19 19:00:00,Empirical_Utility_Substation,120000,1,11500.0,15.2,79.5,0.0,16.25,0,0,8141.95
2024-01-19 20:00:00,Empirical_Utility_Substation,120000,1,11500.0,12.69,61.4,0.0,21.33,0,0,8118.8
2024-01-19 21:00:00,Empirical_Utility_Substation,120000,1,11500.0,10.96,82.6,0.0,20.51,0,0,8036.76
2024-01-19 22:00:00,Empirical_Utility_Substation,120000,1,11500.0,10.12,72.2,0.0,20.27,0,0,7589.4
2024-01-19 23:00:00,Empirical_Utility_Substation,120000,1,11500.0,11.15,85.1,0.0,20.62,0,0,7000.46
2024-01-20 00:00:00,Empirical_Utility_Substation,120000,1,11500.0,8.98,82.2,0.0,20.04,1,0,5724.5
2024-01-20 01:00:00,Empirical_Utility_Substation,120000,1,11500.0,9.65,69.2,0.0,18.54,1,0,5701.33
2024-01-20 02:00:00,Empirical_Utility_Substation,120000,1,11500.0,8.63,75.4,0.0,18.43,1,0,5707.73
2024-01-20 03:00:00,Empirical_Utility_Substation,120000,1,11500.0,9.55,84.3,0.0,17.68,1,0,5591.52
2024-01-20 04:00:00,Empirical_Utility_Substation,120000,1,11500.0,8.13,84.5,0.0,18.26,1,0,5682.36
2024-01-20 05:00:00,Empirical_Utility_Substation,120000,1,11500.0,8.78,76.5,0.0,19.93,1,0,5752.07
2024-01-20 06:00:00,Empirical_Utility_Substation,120000,1,11500.0,9.65,72.4,0.0,21.05,1,0,5741.79
2024-01-20 07:00:00,Empirical_Utility_Substation,120000,1,11500.0,10.23,77.5,34.2,23.6,1,0,5965.45
2024-01-20 08:00:00,Empirical_Utility_Substation,120000,1,11500.0,11.21,78.8,188.6,21.11,1,0,5997.82
2024-01-20 09:00:00,Empirical_Utility_Substation,120000,1,11500.0,12.55,62.2,282.5,18.0,1,0,6427.35
2024-01-20 10:00:00,Empirical_Utility_Substation,120000,1,11500.0,14.03,79.9,373.5,18.04,1,0,6781.71
2024-01-20 11:00:00,Empirical_Utility_Substation,120000,1,11500.0,13.56,66.8,343.3,18.68,1,0,6722.66
2024-01-20 12:00:00,Empirical_Utility_Substation,120000,1,11500.0,13.63,74.8,327.6,21.24,1,0,6513.25
2024-01-20 13:00:00,Empirical_Utility_Substation,120000,1,11500.0,13.86,73.2,415.5,22.57,1,0,6308.55
2024-01-20 14:00:00,Empirical_Utility_Substation,120000,1,11500.0,12.11,79.8,382.6,18.04,1,0,6121.4
2024-01-20 15:00:00,Empirical_Utility_Substation,120000,1,11500.0,11.44,64.0,204.5,19.76,1,0,5813.8
2024-01-20 16:00:00,Empirical_Utility_Substation,120000,1,11500.0,12.39,81.5,118.5,21.71,1,0,5813.74
2024-01-20 17:00:00,Empirical_Utility_Substation,120000,1,11500.0,12.49,72.3,126.4,17.93,1,0,5940.97
2024-01-20 18:00:00,Empirical_Utility_Substation,120000,1,11500.0,11.09,76.5,0.0,17.0,1,0,6502.13
2024-01-20 19:00:00,Empirical_Utility_Substation,120000,1,11500.0,11.16,76.6,0.0,20.26,1,0,7124.14
2024-01-20 20:00:00,Empirical_Utility_Substation,120000,1,11500.0,10.08,68.9,0.0,17.88,1,0,7352.81
2024-01-20 21:00:00,Empirical_Utility_Substation,120000,1,11500.0,8.05,77.0,0.0,20.24,1,0,7241.22
2024-01-20 22:00:00,Empirical_Utility_Substation,120000,1,11500.0,7.48,76.1,0.0,18.87,1,0,6742.09
2024-01-20 23:00:00,Empirical_Utility_Substation,120000,1,11500.0,7.59,73.4,0.0,16.78,1,0,6443.91
2024-01-21 00:00:00,Empirical_Utility_Substation,120000,1,11500.0,6.34,87.9,0.0,19.95,1,0,6043.88
2024-01-21 01:00:00,Empirical_Utility_Substation,120000,1,11500.0,6.26,82.1,0.0,19.43,1,0,5905.29
2024-01-21 02:00:00,Empirical_Utility_Substation,120000,1,11500.0,6.03,91.7,0.0,20.9,1,0,6144.54
2024-01-21 03:00:00,Empirical_Utility_Substation,120000,1,11500.0,6.18,77.4,0.0,20.66,1,0,6136.31
2024-01-21 04:00:00,Empirical_Utility_Substation,120000,1,11500.0,5.24,82.2,0.0,17.76,1,0,6260.0
2024-01-21 05:00:00,Empirical_Utility_Substation,120000,1,11500.0,4.65,84.4,0.0,18.53,1,0,6400.14
2024-01-21 06:00:00,Empirical_Utility_Substation,120000,1,11500.0,4.71,72.6,0.0,20.05,1,0,6340.72
2024-01-21 07:00:00,Empirical_Utility_Substation,120000,1,11500.0,6.38,81.4,34.2,20.91,1,0,6426.35
2024-01-21 08:00:00,Empirical_Utility_Substation,120000,1,11500.0,7.86,74.9,66.0,17.95,1,0,6380.56
2024-01-21 09:00:00,Empirical_Utility_Substation,120000,1,11500.0,9.32,65.1,358.1,17.37,1,0,6445.26
2024-01-21 10:00:00,Empirical_Utility_Substation,120000,1,11500.0,12.1,75.1,391.6,19.81,1,0,6337.54
2024-01-21 11:00:00,Empirical_Utility_Substation,120000,1,11500.0,14.9,70.6,431.0,17.21,1,0,6433.64
2024-01-21 12:00:00,Empirical_Utility_Substation,120000,1,11500.0,14.31,80.7,441.3,19.78,1,0,6329.84
2024-01-21 13:00:00,Empirical_Utility_Substation,120000,1,11500.0,13.36,64.3,392.6,17.4,1,0,6105.77
2024-01-21 14:00:00,Empirical_Utility_Substation,120000,1,11500.0,13.75,74.8,206.9,18.89,1,0,5918.1
2024-01-21 15:00:00,Empirical_Utility_Substation,120000,1,11500.0,14.6,66.5,184.5,21.61,1,0,6032.48
2024-01-21 16:00:00,Empirical_Utility_Substation,120000,1,11500.0,15.15,69.2,112.2,20.61,1,0,5989.21
2024-01-21 17:00:00,Empirical_Utility_Substation,120000,1,11500.0,14.51,73.3,100.2,18.05,1,0,6341.17
2024-01-21 18:00:00,Empirical_Utility_Substation,120000,1,11500.0,11.88,78.4,0.0,19.68,1,0,6655.27
2024-01-21 19:00:00,Empirical_Utility_Substation,120000,1,11500.0,12.75,80.7,0.0,17.58,1,0,7075.44
2024-01-21 20:00:00,Empirical_Utility_Substation,120000,1,11500.0,10.94,82.2,0.0,17.6,1,0,7403.31
2024-01-21 21:00:00,Empirical_Utility_Substation,120000,1,11500.0,10.02,71.1,0.0,21.62,1,0,7065.17
2024-01-21 22:00:00,Empirical_Utility_Substation,120000,1,11500.0,8.76,78.7,0.0,21.61,1,0,6683.18
2024-01-21 23:00:00,Empirical_Utility_Substation,120000,1,11500.0,7.26,67.5,0.0,17.3,1,0,6254.04
2024-01-22 00:00:00,Empirical_Utility_Substation,120000,1,11500.0,7.39,85.3,0.0,26.29,0,0,6479.03
2024-01-22 01:00:00,Empirical_Utility_Substation,120000,1,11500.0,7.71,74.5,0.0,18.02,0,0,6593.37
2024-01-22 02:00:00,Empirical_Utility_Substation,120000,1,11500.0,5.88,77.7,0.0,18.9,0,0,6680.86
2024-01-22 03:00:00,Empirical_Utility_Substation,120000,1,11500.0,3.42,78.8,0.0,17.89,0,0,7000.33
2024-01-22 04:00:00,Empirical_Utility_Substation,120000,1,11500.0,3.25,84.1,0.0,22.37,0,0,7145.32
2024-01-22 05:00:00,Empirical_Utility_Substation,120000,1,11500.0,4.38,73.4,0.0,19.14,0,0,7057.81
2024-01-22 06:00:00,Empirical_Utility_Substation,120000,1,11500.0,5.72,82.9,0.0,20.06,0,0,7004.43
2024-01-22 07:00:00,Empirical_Utility_Substation,120000,1,11500.0,7.37,73.3,87.5,21.62,0,0,6981.85
2024-01-22 08:00:00,Empirical_Utility_Substation,120000,1,11500.0,9.86,72.0,217.3,18.3,0,0,6852.13
2024-01-22 09:00:00,Empirical_Utility_Substation,120000,1,11500.0,12.26,72.9,270.3,23.29,0,0,7070.56
2024-01-22 10:00:00,Empirical_Utility_Substation,120000,1,11500.0,13.25,73.4,396.0,21.47,0,0,7490.08
2024-01-22 11:00:00,Empirical_Utility_Substation,120000,1,11500.0,13.33,68.0,388.7,19.07,0,0,7654.82
2024-01-22 12:00:00,Empirical_Utility_Substation,120000,1,11500.0,13.89,67.1,482.0,20.01,0,0,7662.79
2024-01-22 13:00:00,Empirical_Utility_Substation,120000,1,11500.0,15.99,66.7,127.5,20.3,0,0,7560.96
2024-01-22 14:00:00,Empirical_Utility_Substation,120000,1,11500.0,15.95,76.9,303.5,18.39,0,0,7384.02
2024-01-22 15:00:00,Empirical_Utility_Substation,120000,1,11500.0,17.27,64.3,316.4,20.71,0,0,6967.54
2024-01-22 16:00:00,Empirical_Utility_Substation,120000,1,11500.0,17.7,69.5,69.0,24.44,0,0,6918.87
2024-01-22 17:00:00,Empirical_Utility_Substation,120000,1,11500.0,19.08,74.3,79.6,18.07,0,0,7147.09
2024-01-22 18:00:00,Empirical_Utility_Substation,120000,1,11500.0,18.0,65.9,0.0,17.19,0,0,7466.96
2024-01-22 19:00:00,Empirical_Utility_Substation,120000,1,11500.0,14.58,69.8,0.0,22.16,0,0,7879.69
2024-01-22 20:00:00,Empirical_Utility_Substation,120000,1,11500.0,15.08,73.9,0.0,21.21,0,0,8144.81
2024-01-22 21:00:00,Empirical_Utility_Substation,120000,1,11500.0,13.55,67.0,0.0,19.11,0,0,7812.47
2024-01-22 22:00:00,Empirical_Utility_Substation,120000,1,11500.0,11.88,72.6,0.0,18.03,0,0,7246.47
2024-01-22 23:00:00,Empirical_Utility_Substation,120000,1,11500.0,11.74,83.0,0.0,16.41,0,0,6658.64
2024-01-23 00:00:00,Empirical_Utility_Substation,120000,1,11500.0,10.19,71.8,0.0,20.87,0,0,6340.85
2024-01-23 01:00:00,Empirical_Utility_Substation,120000,1,11500.0,8.19,76.7,0.0,21.26,0,0,6352.37
2024-01-23 02:00:00,Empirical_Utility_Substation,120000,1,11500.0,7.25,74.4,0.0,19.63,0,0,6454.29
2024-01-23 03:00:00,Empirical_Utility_Substation,120000,1,11500.0,7.54,77.2,0.0,17.35,0,0,6618.22
2024-01-23 04:00:00,Empirical_Utility_Substation,120000,1,11500.0,7.29,71.0,0.0,20.26,0,0,6449.3
2024-01-23 05:00:00,Empirical_Utility_Substation,120000,1,11500.0,9.44,84.6,0.0,19.24,0,0,6167.74
2024-01-23 06:00:00,Empirical_Utility_Substation,120000,1,11500.0,9.26,82.4,0.0,21.34,0,0,6243.54
2024-01-23 07:00:00,Empirical_Utility_Substation,120000,1,11500.0,9.61,74.7,128.3,21.46,0,0,6609.47
2024-01-23 08:00:00,Empirical_Utility_Substation,120000,1,11500.0,9.66,71.4,205.5,24.46,0,0,7114.7
2024-01-23 09:00:00,Empirical_Utility_Substation,120000,1,11500.0,12.89,79.0,108.9,22.03,0,0,7447.58
2024-01-23 10:00:00,Empirical_Utility_Substation,120000,1,11500.0,15.81,62.9,180.4,21.2,0,0,7810.09
2024-01-23 11:00:00,Empirical_Utility_Substation,120000,1,11500.0,16.67,64.9,305.8,21.12,0,0,8139.7
2024-01-23 12:00:00,Empirical_Utility_Substation,120000,1,11500.0,16.86,74.6,475.3,19.12,0,0,8079.79
2024-01-23 13:00:00,Empirical_Utility_Substation,120000,1,11500.0,16.04,64.6,365.1,18.11,0,0,7811.66
2024-01-23 14:00:00,Empirical_Utility_Substation,120000,1,11500.0,17.96,77.3,266.8,17.3,0,0,7409.49
2024-01-23 15:00:00,Empirical_Utility_Substation,120000,1,11500.0,18.66,61.6,311.0,19.07,0,0,7202.4
2024-01-23 16:00:00,Empirical_Utility_Substation,120000,1,11500.0,18.97,63.0,208.0,21.63,0,0,7065.99
2024-01-23 17:00:00,Empirical_Utility_Substation,120000,1,11500.0,17.95,58.5,60.5,18.84,0,0,7276.27
2024-01-23 18:00:00,Empirical_Utility_Substation,120000,1,11500.0,18.07,62.0,0.0,23.16,0,0,7365.39
2024-01-23 19:00:00,Empirical_Utility_Substation,120000,1,11500.0,16.78,64.5,0.0,19.17,0,0,7837.89
2024-01-23 20:00:00,Empirical_Utility_Substation,120000,1,11500.0,14.21,75.6,0.0,19.54,0,0,8037.48
2024-01-23 21:00:00,Empirical_Utility_Substation,120000,1,11500.0,11.9,74.6,0.0,19.99,0,0,7990.18
2024-01-23 22:00:00,Empirical_Utility_Substation,120000,1,11500.0,10.73,69.5,0.0,20.1,0,0,7768.98
2024-01-23 23:00:00,Empirical_Utility_Substation,120000,1,11500.0,8.15,71.6,0.0,17.48,0,0,7550.36
2024-01-24 00:00:00,Empirical_Utility_Substation,120000,1,11500.0,7.69,79.4,0.0,21.26,0,0,7223.47
2024-01-24 01:00:00,Empirical_Utility_Substation,120000,1,11500.0,6.0,76.8,0.0,17.33,0,0,7453.72
2024-01-24 02:00:00,Empirical_Utility_Substation,120000,1,11500.0,5.12,73.1,0.0,19.49,0,0,7438.11
2024-01-24 03:00:00,Empirical_Utility_Substation,120000,1,11500.0,4.58,82.0,0.0,21.4,0,0,7294.23
2024-01-24 04:00:00,Empirical_Utility_Substation,120000,1,11500.0,4.63,75.3,0.0,18.22,0,0,7206.99
2024-01-24 05:00:00,Empirical_Utility_Substation,120000,1,11500.0,5.83,84.8,0.0,17.93,0,0,7274.43
2024-01-24 06:00:00,Empirical_Utility_Substation,120000,1,11500.0,5.62,85.6,0.0,19.86,0,0,7390.0
2024-01-24 07:00:00,Empirical_Utility_Substation,120000,1,11500.0,6.35,76.8,91.4,18.44,0,0,7508.29
2024-01-24 08:00:00,Empirical_Utility_Substation,120000,1,11500.0,6.66,83.2,229.0,19.71,0,0,7663.61
2024-01-24 09:00:00,Empirical_Utility_Substation,120000,1,11500.0,7.93,76.9,93.3,20.65,0,0,7776.68
2024-01-24 10:00:00,Empirical_Utility_Substation,120000,1,11500.0,8.77,67.8,365.2,20.98,0,0,8080.16
2024-01-24 11:00:00,Empirical_Utility_Substation,120000,1,11500.0,10.6,64.8,401.8,25.37,0,0,7977.96
2024-01-24 12:00:00,Empirical_Utility_Substation,120000,1,11500.0,12.48,79.8,377.2,17.87,0,0,7653.82
2024-01-24 13:00:00,Empirical_Utility_Substation,120000,1,11500.0,15.38,73.4,434.3,21.03,0,0,7474.13
2024-01-24 14:00:00,Empirical_Utility_Substation,120000,1,11500.0,15.61,71.3,427.5,18.92,0,0,7091.67
2024-01-24 15:00:00,Empirical_Utility_Substation,120000,1,11500.0,17.15,66.7,96.8,19.06,0,0,6950.95
2024-01-24 16:00:00,Empirical_Utility_Substation,120000,1,11500.0,16.49,68.1,123.9,21.18,0,0,6847.62
2024-01-24 17:00:00,Empirical_Utility_Substation,120000,1,11500.0,15.4,59.9,77.8,19.68,0,0,7169.25
2024-01-24 18:00:00,Empirical_Utility_Substation,120000,1,11500.0,15.21,66.2,0.0,22.37,0,0,7621.56
2024-01-24 19:00:00,Empirical_Utility_Substation,120000,1,11500.0,15.05,72.0,0.0,19.78,0,0,8183.76
2024-01-24 20:00:00,Empirical_Utility_Substation,120000,1,11500.0,14.69,74.5,0.0,22.63,0,0,8223.67
2024-01-24 21:00:00,Empirical_Utility_Substation,120000,1,11500.0,13.64,77.5,0.0,16.98,0,0,8012.64
2024-01-24 22:00:00,Empirical_Utility_Substation,120000,1,11500.0,12.22,68.8,0.0,18.66,0,0,7573.77
2024-01-24 23:00:00,Empirical_Utility_Substation,120000,1,11500.0,12.37,75.3,0.0,20.9,0,0,7146.23
2024-01-25 00:00:00,Empirical_Utility_Substation,120000,1,11500.0,10.67,80.5,0.0,19.49,0,0,6598.68
2024-01-25 01:00:00,Empirical_Utility_Substation,120000,1,11500.0,8.83,85.8,0.0,19.75,0,0,6619.23
2024-01-25 02:00:00,Empirical_Utility_Substation,120000,1,11500.0,7.59,87.8,0.0,22.83,0,0,6587.38
2024-01-25 03:00:00,Empirical_Utility_Substation,120000,1,11500.0,6.17,82.0,0.0,19.14,0,0,6690.42
2024-01-25 04:00:00,Empirical_Utility_Substation,120000,1,11500.0,5.79,69.9,0.0,18.62,0,0,6540.89
2024-01-25 05:00:00,Empirical_Utility_Substation,120000,1,11500.0,7.86,73.0,0.0,19.02,0,0,6489.58
2024-01-25 06:00:00,Empirical_Utility_Substation,120000,1,11500.0,7.23,73.8,0.0,18.49,0,0,6716.5
2024-01-25 07:00:00,Empirical_Utility_Substation,120000,1,11500.0,10.04,98.0,34.2,17.2,0,0,6918.41
2024-01-25 08:00:00,Empirical_Utility_Substation,120000,1,11500.0,9.92,80.6,122.0,18.88,0,0,7159.91
2024-01-25 09:00:00,Empirical_Utility_Substation,120000,1,11500.0,12.38,77.3,317.1,20.45,0,0,7491.23
2024-01-25 10:00:00,Empirical_Utility_Substation,120000,1,11500.0,11.31,70.3,152.1,18.97,0,0,7806.8
2024-01-25 11:00:00,Empirical_Utility_Substation,120000,1,11500.0,14.4,75.4,430.4,20.4,0,0,7721.17
2024-01-25 12:00:00,Empirical_Utility_Substation,120000,1,11500.0,14.96,84.7,132.0,24.32,0,0,7645.56
2024-01-25 13:00:00,Empirical_Utility_Substation,120000,1,11500.0,16.1,79.7,292.9,21.21,0,0,7484.02
2024-01-25 14:00:00,Empirical_Utility_Substation,120000,1,11500.0,16.64,58.7,461.7,16.78,0,0,7322.87
2024-01-25 15:00:00,Empirical_Utility_Substation,120000,1,11500.0,16.59,71.8,262.1,24.25,0,0,7147.07
2024-01-25 16:00:00,Empirical_Utility_Substation,120000,1,11500.0,17.89,67.4,246.2,18.74,0,0,6886.57
2024-01-25 17:00:00,Empirical_Utility_Substation,120000,1,11500.0,18.28,75.5,65.3,19.9,0,0,7008.79
2024-01-25 18:00:00,Empirical_Utility_Substation,120000,1,11500.0,17.25,74.0,0.0,18.15,0,0,7440.72
2024-01-25 19:00:00,Empirical_Utility_Substation,120000,1,11500.0,16.45,51.5,0.0,19.33,0,0,7908.81
2024-01-25 20:00:00,Empirical_Utility_Substation,120000,1,11500.0,15.86,64.9,0.0,18.97,0,0,8060.42
2024-01-25 21:00:00,Empirical_Utility_Substation,120000,1,11500.0,13.99,64.0,0.0,19.77,0,0,7872.58
2024-01-25 22:00:00,Empirical_Utility_Substation,120000,1,11500.0,13.2,82.7,0.0,19.45,0,0,7412.31
2024-01-25 23:00:00,Empirical_Utility_Substation,120000,1,11500.0,12.64,77.3,0.0,17.98,0,0,6998.37
2024-01-26 00:00:00,Empirical_Utility_Substation,120000,1,11500.0,10.83,67.2,0.0,22.72,0,1,5504.82
2024-01-26 01:00:00,Empirical_Utility_Substation,120000,1,11500.0,8.73,70.3,0.0,20.24,0,1,5539.12
2024-01-26 02:00:00,Empirical_Utility_Substation,120000,1,11500.0,8.4,78.2,0.0,19.91,0,1,5648.74
2024-01-26 03:00:00,Empirical_Utility_Substation,120000,1,11500.0,7.3,76.4,0.0,21.81,0,1,5701.91
2024-01-26 04:00:00,Empirical_Utility_Substation,120000,1,11500.0,7.84,78.0,0.0,20.96,0,1,5474.02
2024-01-26 05:00:00,Empirical_Utility_Substation,120000,1,11500.0,8.07,76.9,0.0,24.33,0,1,5724.17
2024-01-26 06:00:00,Empirical_Utility_Substation,120000,1,11500.0,9.83,77.4,0.0,17.89,0,1,5511.51
2024-01-26 07:00:00,Empirical_Utility_Substation,120000,1,11500.0,11.68,73.3,115.4,19.95,0,1,5553.51
2024-01-26 08:00:00,Empirical_Utility_Substation,120000,1,11500.0,14.75,60.9,66.0,21.69,0,1,5769.75
2024-01-26 09:00:00,Empirical_Utility_Substation,120000,1,11500.0,17.01,66.5,217.0,18.28,0,1,5988.71
2024-01-26 10:00:00,Empirical_Utility_Substation,120000,1,11500.0,18.55,62.4,179.6,19.26,0,1,6398.09
2024-01-26 11:00:00,Empirical_Utility_Substation,120000,1,11500.0,18.94,67.1,267.3,18.33,0,1,6354.79
2024-01-26 12:00:00,Empirical_Utility_Substation,120000,1,11500.0,18.86,69.3,234.4,20.07,0,1,6213.91
2024-01-26 13:00:00,Empirical_Utility_Substation,120000,1,11500.0,20.01,54.2,353.9,24.51,0,1,6016.83
2024-01-26 14:00:00,Empirical_Utility_Substation,120000,1,11500.0,21.52,58.1,413.1,18.09,0,1,5906.64
2024-01-26 15:00:00,Empirical_Utility_Substation,120000,1,11500.0,22.21,60.0,244.6,20.88,0,1,5772.92
2024-01-26 16:00:00,Empirical_Utility_Substation,120000,1,11500.0,21.56,68.6,206.3,17.98,0,1,5687.62
2024-01-26 17:00:00,Empirical_Utility_Substation,120000,1,11500.0,20.2,67.0,34.2,20.53,0,1,5860.34
2024-01-26 18:00:00,Empirical_Utility_Substation,120000,1,11500.0,20.13,60.9,0.0,18.64,0,1,6204.34
2024-01-26 19:00:00,Empirical_Utility_Substation,120000,1,11500.0,18.92,63.6,0.0,19.3,0,1,6657.55
2024-01-26 20:00:00,Empirical_Utility_Substation,120000,1,11500.0,15.68,70.5,0.0,23.64,0,1,6735.19
2024-01-26 21:00:00,Empirical_Utility_Substation,120000,1,11500.0,15.5,70.8,0.0,22.49,0,1,6645.44
2024-01-26 22:00:00,Empirical_Utility_Substation,120000,1,11500.0,11.83,71.9,0.0,22.5,0,1,6113.41
2024-01-26 23:00:00,Empirical_Utility_Substation,120000,1,11500.0,9.73,69.1,0.0,22.96,0,1,5880.66
2024-01-27 00:00:00,Empirical_Utility_Substation,120000,1,11500.0,8.34,74.2,0.0,19.94,1,0,5572.11
2024-01-27 01:00:00,Empirical_Utility_Substation,120000,1,11500.0,8.04,76.0,0.0,20.51,1,0,5624.54
2024-01-27 02:00:00,Empirical_Utility_Substation,120000,1,11500.0,6.98,75.5,0.0,20.73,1,0,5728.74
2024-01-27 03:00:00,Empirical_Utility_Substation,120000,1,11500.0,6.19,92.6,0.0,17.92,1,0,5825.34
2024-01-27 04:00:00,Empirical_Utility_Substation,120000,1,11500.0,6.41,82.5,0.0,17.0,1,0,5620.33
2024-01-27 05:00:00,Empirical_Utility_Substation,120000,1,11500.0,8.06,78.4,0.0,22.9,1,0,5635.89
2024-01-27 06:00:00,Empirical_Utility_Substation,120000,1,11500.0,8.61,75.5,0.0,20.46,1,0,5921.24
2024-01-27 07:00:00,Empirical_Utility_Substation,120000,1,11500.0,11.66,89.2,55.7,19.34,1,0,5836.0
2024-01-27 08:00:00,Empirical_Utility_Substation,120000,1,11500.0,13.08,74.7,245.7,21.53,1,0,5843.49
2024-01-27 09:00:00,Empirical_Utility_Substation,120000,1,11500.0,13.89,80.0,159.0,20.31,1,0,6237.58
2024-01-27 10:00:00,Empirical_Utility_Substation,120000,1,11500.0,14.82,71.2,207.2,18.04,1,0,6469.32
2024-01-27 11:00:00,Empirical_Utility_Substation,120000,1,11500.0,15.48,74.0,468.1,22.51,1,0,6770.81
2024-01-27 12:00:00,Empirical_Utility_Substation,120000,1,11500.0,17.2,82.4,316.0,22.59,1,0,6504.34
2024-01-27 13:00:00,Empirical_Utility_Substation,120000,1,11500.0,17.75,69.6,469.5,20.41,1,0,6375.44
2024-01-27 14:00:00,Empirical_Utility_Substation,120000,1,11500.0,18.11,72.5,114.3,17.9,1,0,6073.3
2024-01-27 15:00:00,Empirical_Utility_Substation,120000,1,11500.0,17.71,67.5,105.6,18.91,1,0,6030.59
2024-01-27 16:00:00,Empirical_Utility_Substation,120000,1,11500.0,19.18,68.8,203.8,21.23,1,0,5964.39
2024-01-27 17:00:00,Empirical_Utility_Substation,120000,1,11500.0,16.81,77.1,120.2,20.02,1,0,6171.4
2024-01-27 18:00:00,Empirical_Utility_Substation,120000,1,11500.0,15.66,73.1,0.0,18.7,1,0,6451.84
2024-01-27 19:00:00,Empirical_Utility_Substation,120000,1,11500.0,14.94,76.1,0.0,23.31,1,0,7007.14
2024-01-27 20:00:00,Empirical_Utility_Substation,120000,1,11500.0,13.92,68.5,0.0,21.02,1,0,7211.85
2024-01-27 21:00:00,Empirical_Utility_Substation,120000,1,11500.0,12.54,71.8,0.0,22.96,1,0,6950.65
2024-01-27 22:00:00,Empirical_Utility_Substation,120000,1,11500.0,11.8,64.6,0.0,20.2,1,0,6413.25
2024-01-27 23:00:00,Empirical_Utility_Substation,120000,1,11500.0,10.64,71.6,0.0,20.13,1,0,5947.19
2024-01-28 00:00:00,Empirical_Utility_Substation,120000,1,11500.0,9.38,74.9,0.0,16.85,1,0,5500.5
2024-01-28 01:00:00,Empirical_Utility_Substation,120000,1,11500.0,7.52,78.9,0.0,19.07,1,0,5520.9
2024-01-28 02:00:00,Empirical_Utility_Substation,120000,1,11500.0,7.3,71.3,0.0,21.05,1,0,5812.16
2024-01-28 03:00:00,Empirical_Utility_Substation,120000,1,11500.0,6.13,66.6,0.0,21.07,1,0,6094.26
2024-01-28 04:00:00,Empirical_Utility_Substation,120000,1,11500.0,4.57,74.3,0.0,20.51,1,0,6337.37
2024-01-28 05:00:00,Empirical_Utility_Substation,120000,1,11500.0,6.21,74.9,0.0,19.99,1,0,6190.75
2024-01-28 06:00:00,Empirical_Utility_Substation,120000,1,11500.0,6.98,84.5,0.0,18.85,1,0,6054.01
2024-01-28 07:00:00,Empirical_Utility_Substation,120000,1,11500.0,7.82,70.3,44.3,19.16,1,0,6211.85
2024-01-28 08:00:00,Empirical_Utility_Substation,120000,1,11500.0,9.14,83.1,194.5,17.26,1,0,6273.0
2024-01-28 09:00:00,Empirical_Utility_Substation,120000,1,11500.0,10.6,83.7,296.8,18.07,1,0,6387.2
2024-01-28 10:00:00,Empirical_Utility_Substation,120000,1,11500.0,11.9,72.8,374.4,17.32,1,0,6582.5
2024-01-28 11:00:00,Empirical_Utility_Substation,120000,1,11500.0,13.23,66.2,127.5,17.41,1,0,6532.29
2024-01-28 12:00:00,Empirical_Utility_Substation,120000,1,11500.0,14.76,62.5,321.0,21.68,1,0,6397.14
2024-01-28 13:00:00,Empirical_Utility_Substation,120000,1,11500.0,15.66,76.9,127.5,21.61,1,0,6114.74
2024-01-28 14:00:00,Empirical_Utility_Substation,120000,1,11500.0,16.83,75.0,446.8,17.83,1,0,6001.97
2024-01-28 15:00:00,Empirical_Utility_Substation,120000,1,11500.0,19.36,70.6,225.9,18.82,1,0,5735.16
2024-01-28 16:00:00,Empirical_Utility_Substation,120000,1,11500.0,19.97,58.9,183.7,17.67,1,0,5720.86
2024-01-28 17:00:00,Empirical_Utility_Substation,120000,1,11500.0,19.7,66.1,94.6,19.9,1,0,6086.42
2024-01-28 18:00:00,Empirical_Utility_Substation,120000,1,11500.0,18.74,69.1,0.0,19.08,1,0,6465.7
2024-01-28 19:00:00,Empirical_Utility_Substation,120000,1,11500.0,17.77,64.4,0.0,20.24,1,0,7081.95
2024-01-28 20:00:00,Empirical_Utility_Substation,120000,1,11500.0,16.98,73.3,0.0,21.12,1,0,7211.85
2024-01-28 21:00:00,Empirical_Utility_Substation,120000,1,11500.0,15.74,72.5,0.0,19.68,1,0,7148.55
2024-01-28 22:00:00,Empirical_Utility_Substation,120000,1,11500.0,15.14,74.7,0.0,17.96,1,0,6808.39
2024-01-28 23:00:00,Empirical_Utility_Substation,120000,1,11500.0,14.49,73.0,0.0,18.41,1,0,6201.05
2024-01-29 00:00:00,Empirical_Utility_Substation,120000,1,11500.0,12.94,71.2,0.0,20.78,0,0,6581.14
2024-01-29 01:00:00,Empirical_Utility_Substation,120000,1,11500.0,11.33,73.6,0.0,20.06,0,0,6634.13
2024-01-29 02:00:00,Empirical_Utility_Substation,120000,1,11500.0,10.96,78.9,0.0,20.21,0,0,6609.56
2024-01-29 03:00:00,Empirical_Utility_Substation,120000,1,11500.0,12.02,86.5,0.0,21.31,0,0,6580.7
2024-01-29 04:00:00,Empirical_Utility_Substation,120000,1,11500.0,10.86,73.6,0.0,17.9,0,0,6519.82
2024-01-29 05:00:00,Empirical_Utility_Substation,120000,1,11500.0,11.55,74.5,0.0,21.02,0,0,6390.37
2024-01-29 06:00:00,Empirical_Utility_Substation,120000,1,11500.0,12.09,75.2,0.0,22.14,0,0,6446.8
2024-01-29 07:00:00,Empirical_Utility_Substation,120000,1,11500.0,12.84,77.0,62.9,18.32,0,0,6442.41
2024-01-29 08:00:00,Empirical_Utility_Substation,120000,1,11500.0,13.75,82.6,66.0,22.29,0,0,6958.06
2024-01-29 09:00:00,Empirical_Utility_Substation,120000,1,11500.0,16.39,77.6,219.7,20.27,0,0,7347.82
2024-01-29 10:00:00,Empirical_Utility_Substation,120000,1,11500.0,18.5,77.4,342.7,20.92,0,0,7638.56
2024-01-29 11:00:00,Empirical_Utility_Substation,120000,1,11500.0,19.63,74.0,290.1,19.5,0,0,7625.8
2024-01-29 12:00:00,Empirical_Utility_Substation,120000,1,11500.0,19.98,63.3,526.0,18.46,0,0,7352.79
2024-01-29 13:00:00,Empirical_Utility_Substation,120000,1,11500.0,21.43,71.4,223.0,17.9,0,0,7193.92
2024-01-29 14:00:00,Empirical_Utility_Substation,120000,1,11500.0,22.0,63.5,207.2,20.4,0,0,7001.58
2024-01-29 15:00:00,Empirical_Utility_Substation,120000,1,11500.0,21.49,59.3,337.0,21.94,0,0,6797.49
2024-01-29 16:00:00,Empirical_Utility_Substation,120000,1,11500.0,20.68,54.1,143.8,17.33,0,0,6716.75
2024-01-29 17:00:00,Empirical_Utility_Substation,120000,1,11500.0,20.16,54.7,148.7,20.79,0,0,6908.79
2024-01-29 18:00:00,Empirical_Utility_Substation,120000,1,11500.0,17.59,60.3,0.0,18.89,0,0,7506.12
2024-01-29 19:00:00,Empirical_Utility_Substation,120000,1,11500.0,16.25,64.6,0.0,19.24,0,0,7590.99
2024-01-29 20:00:00,Empirical_Utility_Substation,120000,1,11500.0,14.61,71.1,0.0,20.31,0,0,7895.08
2024-01-29 21:00:00,Empirical_Utility_Substation,120000,1,11500.0,12.65,80.8,0.0,20.2,0,0,7596.57
2024-01-29 22:00:00,Empirical_Utility_Substation,120000,1,11500.0,11.87,80.1,0.0,19.97,0,0,7250.82
2024-01-29 23:00:00,Empirical_Utility_Substation,120000,1,11500.0,9.82,74.2,0.0,19.48,0,0,7133.06
2024-01-30 00:00:00,Empirical_Utility_Substation,120000,1,11500.0,9.04,80.3,0.0,20.14,0,0,7019.18
2024-01-30 01:00:00,Empirical_Utility_Substation,120000,1,11500.0,7.82,78.8,0.0,17.84,0,0,7089.9
2024-01-30 02:00:00,Empirical_Utility_Substation,120000,1,11500.0,6.94,81.9,0.0,23.02,0,0,7201.3
2024-01-30 03:00:00,Empirical_Utility_Substation,120000,1,11500.0,6.37,78.7,0.0,18.75,0,0,7252.42
2024-01-30 04:00:00,Empirical_Utility_Substation,120000,1,11500.0,9.21,90.3,0.0,18.14,0,0,6966.52
2024-01-30 05:00:00,Empirical_Utility_Substation,120000,1,11500.0,9.73,78.1,0.0,19.68,0,0,6841.23
2024-01-30 06:00:00,Empirical_Utility_Substation,120000,1,11500.0,9.73,83.5,0.0,18.83,0,0,6911.38
2024-01-30 07:00:00,Empirical_Utility_Substation,120000,1,11500.0,9.36,79.3,60.7,19.68,0,0,6926.75
2024-01-30 08:00:00,Empirical_Utility_Substation,120000,1,11500.0,9.42,84.7,113.7,18.68,0,0,7104.57
2024-01-30 09:00:00,Empirical_Utility_Substation,120000,1,11500.0,10.12,80.3,93.3,19.17,0,0,7399.16
2024-01-30 10:00:00,Empirical_Utility_Substation,120000,1,11500.0,11.33,75.9,388.8,20.25,0,0,7605.06
2024-01-30 11:00:00,Empirical_Utility_Substation,120000,1,11500.0,12.72,80.0,443.5,19.81,0,0,7798.22
2024-01-30 12:00:00,Empirical_Utility_Substation,120000,1,11500.0,15.04,74.3,157.4,21.56,0,0,8034.68
2024-01-30 13:00:00,Empirical_Utility_Substation,120000,1,11500.0,15.62,71.2,215.8,20.2,0,0,7844.34
2024-01-30 14:00:00,Empirical_Utility_Substation,120000,1,11500.0,16.67,75.0,282.8,18.61,0,0,7533.57
2024-01-30 15:00:00,Empirical_Utility_Substation,120000,1,11500.0,16.95,71.2,194.1,19.6,0,0,7294.41
2024-01-30 16:00:00,Empirical_Utility_Substation,120000,1,11500.0,17.43,74.9,209.0,20.08,0,0,7161.81
2024-01-30 17:00:00,Empirical_Utility_Substation,120000,1,11500.0,17.4,79.2,105.4,23.3,0,0,7498.21
2024-01-30 18:00:00,Empirical_Utility_Substation,120000,1,11500.0,16.57,67.9,0.0,21.42,0,0,7905.27
2024-01-30 19:00:00,Empirical_Utility_Substation,120000,1,11500.0,15.36,61.3,0.0,21.41,0,0,8214.35
2024-01-30 20:00:00,Empirical_Utility_Substation,120000,1,11500.0,15.83,72.3,0.0,17.92,0,0,8529.91
2024-01-30 21:00:00,Empirical_Utility_Substation,120000,1,11500.0,14.38,67.1,0.0,22.6,0,0,8197.15
2024-01-30 22:00:00,Empirical_Utility_Substation,120000,1,11500.0,11.81,82.0,0.0,19.78,0,0,7603.2
2024-01-30 23:00:00,Empirical_Utility_Substation,120000,1,11500.0,9.93,79.3,0.0,27.0,0,0,7428.66
2024-01-31 00:00:00,Empirical_Utility_Substation,120000,1,11500.0,7.44,73.1,0.0,21.02,0,0,7068.63
2024-01-31 01:00:00,Empirical_Utility_Substation,120000,1,11500.0,6.12,72.6,0.0,18.33,0,0,7195.38
2024-01-31 02:00:00,Empirical_Utility_Substation,120000,1,11500.0,4.42,82.4,0.0,22.39,0,0,7559.78
2024-01-31 03:00:00,Empirical_Utility_Substation,120000,1,11500.0,5.42,75.3,0.0,21.26,0,0,7446.84
2024-01-31 04:00:00,Empirical_Utility_Substation,120000,1,11500.0,7.79,78.3,0.0,22.94,0,0,7083.89
2024-01-31 05:00:00,Empirical_Utility_Substation,120000,1,11500.0,8.59,69.6,0.0,21.5,0,0,6907.45
2024-01-31 06:00:00,Empirical_Utility_Substation,120000,1,11500.0,8.75,89.2,0.0,17.58,0,0,7000.53
2024-01-31 07:00:00,Empirical_Utility_Substation,120000,1,11500.0,9.25,79.6,105.8,20.54,0,0,7199.55
2024-01-31 08:00:00,Empirical_Utility_Substation,120000,1,11500.0,9.5,80.5,150.2,22.98,0,0,7257.84
2024-01-31 09:00:00,Empirical_Utility_Substation,120000,1,11500.0,9.84,85.6,196.4,20.36,0,0,7561.29
2024-01-31 10:00:00,Empirical_Utility_Substation,120000,1,11500.0,11.29,72.3,155.5,20.51,0,0,7695.38
2024-01-31 11:00:00,Empirical_Utility_Substation,120000,1,11500.0,13.79,86.9,127.5,21.67,0,0,7767.28
2024-01-31 12:00:00,Empirical_Utility_Substation,120000,1,11500.0,14.73,76.7,353.5,20.31,0,0,7561.95
2024-01-31 13:00:00,Empirical_Utility_Substation,120000,1,11500.0,14.18,70.4,388.9,23.1,0,0,7177.81
2024-01-31 14:00:00,Empirical_Utility_Substation,120000,1,11500.0,16.92,66.1,114.3,20.48,0,0,6933.25
2024-01-31 15:00:00,Empirical_Utility_Substation,120000,1,11500.0,15.51,76.7,138.4,22.65,0,0,6743.76
2024-01-31 16:00:00,Empirical_Utility_Substation,120000,1,11500.0,16.12,70.4,132.9,21.81,0,0,6919.78
2024-01-31 17:00:00,Empirical_Utility_Substation,120000,1,11500.0,17.47,71.2,34.2,17.43,0,0,7175.09
2024-01-31 18:00:00,Empirical_Utility_Substation,120000,1,11500.0,17.7,61.3,0.0,20.37,0,0,7448.04
2024-01-31 19:00:00,Empirical_Utility_Substation,120000,1,11500.0,17.22,78.4,0.0,20.63,0,0,8030.84
2024-01-31 20:00:00,Empirical_Utility_Substation,120000,1,11500.0,13.99,64.7,0.0,19.45,0,0,8106.87
2024-01-31 21:00:00,Empirical_Utility_Substation,120000,1,11500.0,13.35,64.3,0.0,22.0,0,0,7812.92
2024-01-31 22:00:00,Empirical_Utility_Substation,120000,1,11500.0,11.25,74.1,0.0,18.03,0,0,7479.99
2024-01-31 23:00:00,Empirical_Utility_Substation,120000,1,11500.0,9.94,75.0,0.0,18.42,0,0,7092.95
2024-02-01 00:00:00,Empirical_Utility_Substation,120000,1,11500.0,7.66,81.2,0.0,20.14,0,0,6674.58
2024-02-01 01:00:00,Empirical_Utility_Substation,120000,1,11500.0,5.79,82.4,0.0,18.96,0,0,6845.96
2024-02-01 02:00:00,Empirical_Utility_Substation,120000,1,11500.0,4.54,90.0,0.0,20.2,0,0,6972.23
2024-02-01 03:00:00,Empirical_Utility_Substation,120000,1,11500.0,6.34,81.2,0.0,17.91,0,0,6899.83
2024-02-01 04:00:00,Empirical_Utility_Substation,120000,1,11500.0,5.82,82.7,0.0,21.65,0,0,6878.8
2024-02-01 05:00:00,Empirical_Utility_Substation,120000,1,11500.0,5.29,73.9,0.0,19.08,0,0,6919.22
2024-02-01 06:00:00,Empirical_Utility_Substation,120000,1,11500.0,4.24,80.1,0.0,21.98,0,0,7024.16
2024-02-01 07:00:00,Empirical_Utility_Substation,120000,1,11500.0,7.42,79.3,75.0,18.08,0,0,6847.32
2024-02-01 08:00:00,Empirical_Utility_Substation,120000,1,11500.0,9.6,67.5,229.8,19.81,0,0,6941.94
2024-02-01 09:00:00,Empirical_Utility_Substation,120000,1,11500.0,10.71,73.7,352.2,21.05,0,0,7160.9
2024-02-01 10:00:00,Empirical_Utility_Substation,120000,1,11500.0,10.12,63.3,386.4,20.51,0,0,7537.2
2024-02-01 11:00:00,Empirical_Utility_Substation,120000,1,11500.0,10.84,69.4,128.7,20.63,0,0,7682.81
2024-02-01 12:00:00,Empirical_Utility_Substation,120000,1,11500.0,11.67,61.2,132.0,19.87,0,0,7621.38
2024-02-01 13:00:00,Empirical_Utility_Substation,120000,1,11500.0,14.82,75.9,417.8,22.39,0,0,7299.78
2024-02-01 14:00:00,Empirical_Utility_Substation,120000,1,11500.0,14.81,83.2,334.6,18.31,0,0,7093.62
2024-02-01 15:00:00,Empirical_Utility_Substation,120000,1,11500.0,15.89,76.2,271.8,18.49,0,0,6993.45
2024-02-01 16:00:00,Empirical_Utility_Substation,120000,1,11500.0,14.37,70.7,159.3,18.26,0,0,6849.06
2024-02-01 17:00:00,Empirical_Utility_Substation,120000,1,11500.0,13.83,69.4,102.4,25.81,0,0,7096.24
2024-02-01 18:00:00,Empirical_Utility_Substation,120000,1,11500.0,14.21,70.4,0.0,19.55,0,0,7541.31
2024-02-01 19:00:00,Empirical_Utility_Substation,120000,1,11500.0,12.74,74.4,0.0,17.66,0,0,8006.57
2024-02-01 20:00:00,Empirical_Utility_Substation,120000,1,11500.0,10.38,82.8,0.0,18.04,0,0,8175.62
2024-02-01 21:00:00,Empirical_Utility_Substation,120000,1,11500.0,9.98,78.8,0.0,20.99,0,0,8028.8
2024-02-01 22:00:00,Empirical_Utility_Substation,120000,1,11500.0,9.34,71.4,0.0,20.62,0,0,7507.16
2024-02-01 23:00:00,Empirical_Utility_Substation,120000,1,11500.0,8.48,76.6,0.0,24.37,0,0,7301.03
2024-02-02 00:00:00,Empirical_Utility_Substation,120000,1,11500.0,8.65,79.5,0.0,20.64,0,0,6895.71
2024-02-02 01:00:00,Empirical_Utility_Substation,120000,1,11500.0,7.41,71.6,0.0,19.08,0,0,7087.95
2024-02-02 02:00:00,Empirical_Utility_Substation,120000,1,11500.0,7.3,79.8,0.0,18.76,0,0,7080.48
2024-02-02 03:00:00,Empirical_Utility_Substation,120000,1,11500.0,6.15,84.6,0.0,19.75,0,0,7050.54
2024-02-02 04:00:00,Empirical_Utility_Substation,120000,1,11500.0,6.24,74.9,0.0,23.45,0,0,6923.96
2024-02-02 05:00:00,Empirical_Utility_Substation,120000,1,11500.0,6.99,66.3,0.0,22.41,0,0,6785.06
2024-02-02 06:00:00,Empirical_Utility_Substation,120000,1,11500.0,6.03,76.7,0.0,23.13,0,0,7061.93
2024-02-02 07:00:00,Empirical_Utility_Substation,120000,1,11500.0,6.9,73.7,83.6,18.93,0,0,7048.57
2024-02-02 08:00:00,Empirical_Utility_Substation,120000,1,11500.0,9.15,79.4,179.6,20.73,0,0,6916.17
2024-02-02 09:00:00,Empirical_Utility_Substation,120000,1,11500.0,9.36,81.9,124.1,18.86,0,0,7149.83
2024-02-02 10:00:00,Empirical_Utility_Substation,120000,1,11500.0,10.46,76.8,280.7,23.62,0,0,7307.38
2024-02-02 11:00:00,Empirical_Utility_Substation,120000,1,11500.0,12.22,74.1,478.0,21.21,0,0,7329.9
2024-02-02 12:00:00,Empirical_Utility_Substation,120000,1,11500.0,16.4,61.3,393.3,17.88,0,0,7373.51
2024-02-02 13:00:00,Empirical_Utility_Substation,120000,1,11500.0,18.22,62.3,401.5,23.3,0,0,7107.49
2024-02-02 14:00:00,Empirical_Utility_Substation,120000,1,11500.0,18.27,71.6,171.2,21.15,0,0,6850.94
2024-02-02 15:00:00,Empirical_Utility_Substation,120000,1,11500.0,17.07,63.9,145.8,18.04,0,0,6579.86
2024-02-02 16:00:00,Empirical_Utility_Substation,120000,1,11500.0,16.7,71.5,193.3,19.31,0,0,6682.78
2024-02-02 17:00:00,Empirical_Utility_Substation,120000,1,11500.0,16.33,78.2,114.3,24.17,0,0,6904.6
2024-02-02 18:00:00,Empirical_Utility_Substation,120000,1,11500.0,16.59,65.2,0.0,20.25,0,0,7172.65
2024-02-02 19:00:00,Empirical_Utility_Substation,120000,1,11500.0,15.02,73.0,0.0,19.72,0,0,7558.46
2024-02-02 20:00:00,Empirical_Utility_Substation,120000,1,11500.0,14.53,69.7,0.0,20.48,0,0,7663.36
2024-02-02 21:00:00,Empirical_Utility_Substation,120000,1,11500.0,14.12,84.2,0.0,20.1,0,0,7674.43
2024-02-02 22:00:00,Empirical_Utility_Substation,120000,1,11500.0,12.42,84.1,0.0,20.21,0,0,7170.23
2024-02-02 23:00:00,Empirical_Utility_Substation,120000,1,11500.0,11.76,70.4,0.0,20.03,0,0,6901.97
2024-02-03 00:00:00,Empirical_Utility_Substation,120000,1,11500.0,10.34,66.8,0.0,18.61,1,0,5597.28
2024-02-03 01:00:00,Empirical_Utility_Substation,120000,1,11500.0,9.43,89.4,0.0,19.56,1,0,5766.68
2024-02-03 02:00:00,Empirical_Utility_Substation,120000,1,11500.0,7.45,73.4,0.0,19.47,1,0,5820.27
2024-02-03 03:00:00,Empirical_Utility_Substation,120000,1,11500.0,7.36,72.3,0.0,19.7,1,0,6066.12
2024-02-03 04:00:00,Empirical_Utility_Substation,120000,1,11500.0,8.37,81.0,0.0,21.62,1,0,6031.29
2024-02-03 05:00:00,Empirical_Utility_Substation,120000,1,11500.0,9.43,88.0,0.0,22.08,1,0,5839.18
2024-02-03 06:00:00,Empirical_Utility_Substation,120000,1,11500.0,10.02,65.8,0.0,19.48,1,0,6099.98
2024-02-03 07:00:00,Empirical_Utility_Substation,120000,1,11500.0,12.04,74.7,47.0,19.32,1,0,6127.59
2024-02-03 08:00:00,Empirical_Utility_Substation,120000,1,11500.0,12.72,73.6,185.1,17.92,1,0,6418.85
2024-02-03 09:00:00,Empirical_Utility_Substation,120000,1,11500.0,13.89,68.4,299.5,18.29,1,0,6706.52
2024-02-03 10:00:00,Empirical_Utility_Substation,120000,1,11500.0,14.05,73.7,224.1,19.45,1,0,6837.8
2024-02-03 11:00:00,Empirical_Utility_Substation,120000,1,11500.0,16.05,73.3,241.6,22.95,1,0,7127.56
2024-02-03 12:00:00,Empirical_Utility_Substation,120000,1,11500.0,16.82,66.5,196.8,22.02,1,0,7102.5
2024-02-03 13:00:00,Empirical_Utility_Substation,120000,1,11500.0,17.94,70.0,318.5,18.37,1,0,6637.72
2024-02-03 14:00:00,Empirical_Utility_Substation,120000,1,11500.0,18.69,73.2,184.8,21.92,1,0,6390.99
2024-02-03 15:00:00,Empirical_Utility_Substation,120000,1,11500.0,18.88,57.6,199.3,17.76,1,0,6370.57
2024-02-03 16:00:00,Empirical_Utility_Substation,120000,1,11500.0,18.98,73.1,243.0,21.08,1,0,6171.66
2024-02-03 17:00:00,Empirical_Utility_Substation,120000,1,11500.0,19.09,66.6,135.5,23.46,1,0,6557.91
2024-02-03 18:00:00,Empirical_Utility_Substation,120000,1,11500.0,18.06,66.7,0.0,22.3,1,0,6836.97
2024-02-03 19:00:00,Empirical_Utility_Substation,120000,1,11500.0,17.37,69.6,0.0,21.03,1,0,7358.97
2024-02-03 20:00:00,Empirical_Utility_Substation,120000,1,11500.0,16.11,71.8,0.0,19.27,1,0,7551.34
2024-02-03 21:00:00,Empirical_Utility_Substation,120000,1,11500.0,15.11,74.8,0.0,20.22,1,0,7384.22
2024-02-03 22:00:00,Empirical_Utility_Substation,120000,1,11500.0,13.33,70.8,0.0,22.87,1,0,6938.54
2024-02-03 23:00:00,Empirical_Utility_Substation,120000,1,11500.0,12.84,64.3,0.0,20.93,1,0,6456.51
2024-02-04 00:00:00,Empirical_Utility_Substation,120000,1,11500.0,12.24,82.0,0.0,22.16,1,0,5854.99
2024-02-04 01:00:00,Empirical_Utility_Substation,120000,1,11500.0,10.41,68.3,0.0,21.85,1,0,6063.18
2024-02-04 02:00:00,Empirical_Utility_Substation,120000,1,11500.0,9.59,74.0,0.0,23.0,1,0,5933.12
2024-02-04 03:00:00,Empirical_Utility_Substation,120000,1,11500.0,8.62,70.0,0.0,19.68,1,0,6011.5
2024-02-04 04:00:00,Empirical_Utility_Substation,120000,1,11500.0,7.16,81.7,0.0,21.0,1,0,6309.52
2024-02-04 05:00:00,Empirical_Utility_Substation,120000,1,11500.0,7.61,72.8,0.0,22.74,1,0,6103.16
2024-02-04 06:00:00,Empirical_Utility_Substation,120000,1,11500.0,9.78,83.9,0.0,20.12,1,0,6014.25
2024-02-04 07:00:00,Empirical_Utility_Substation,120000,1,11500.0,11.53,72.7,56.2,19.17,1,0,6033.68
2024-02-04 08:00:00,Empirical_Utility_Substation,120000,1,11500.0,12.79,72.6,249.5,21.85,1,0,6150.82
2024-02-04 09:00:00,Empirical_Utility_Substation,120000,1,11500.0,14.55,68.4,262.4,20.56,1,0,6474.78
2024-02-04 10:00:00,Empirical_Utility_Substation,120000,1,11500.0,16.5,64.6,345.3,23.1,1,0,6629.03
2024-02-04 11:00:00,Empirical_Utility_Substation,120000,1,11500.0,18.81,77.1,181.9,21.28,1,0,6815.57
2024-02-04 12:00:00,Empirical_Utility_Substation,120000,1,11500.0,20.51,67.7,374.7,18.88,1,0,6802.67
2024-02-04 13:00:00,Empirical_Utility_Substation,120000,1,11500.0,23.06,61.0,372.0,18.49,1,0,6520.23
2024-02-04 14:00:00,Empirical_Utility_Substation,120000,1,11500.0,24.28,64.3,229.4,21.48,1,0,6090.33
2024-02-04 15:00:00,Empirical_Utility_Substation,120000,1,11500.0,22.47,53.0,155.8,21.92,1,0,5953.01
2024-02-04 16:00:00,Empirical_Utility_Substation,120000,1,11500.0,22.14,71.6,163.8,22.75,1,0,5882.26
2024-02-04 17:00:00,Empirical_Utility_Substation,120000,1,11500.0,22.27,59.2,144.1,20.82,1,0,6069.52
2024-02-04 18:00:00,Empirical_Utility_Substation,120000,1,11500.0,20.9,61.2,0.0,21.83,1,0,6554.11
2024-02-04 19:00:00,Empirical_Utility_Substation,120000,1,11500.0,18.08,71.2,0.0,22.76,1,0,6978.04
2024-02-04 20:00:00,Empirical_Utility_Substation,120000,1,11500.0,16.66,68.5,0.0,19.7,1,0,7135.39
2024-02-04 21:00:00,Empirical_Utility_Substation,120000,1,11500.0,14.56,77.9,0.0,19.01,1,0,6937.72
2024-02-04 22:00:00,Empirical_Utility_Substation,120000,1,11500.0,11.05,74.8,0.0,21.58,1,0,6525.27
2024-02-04 23:00:00,Empirical_Utility_Substation,120000,1,11500.0,9.7,81.0,0.0,19.69,1,0,6032.09
2024-02-05 00:00:00,Empirical_Utility_Substation,120000,1,11500.0,9.78,83.3,0.0,18.68,0,0,6395.27
2024-02-05 01:00:00,Empirical_Utility_Substation,120000,1,11500.0,9.56,72.8,0.0,21.63,0,0,6248.08
2024-02-05 02:00:00,Empirical_Utility_Substation,120000,1,11500.0,9.6,78.8,0.0,18.64,0,0,6340.67
2024-02-05 03:00:00,Empirical_Utility_Substation,120000,1,11500.0,9.47,77.9,0.0,19.43,0,0,6333.85
2024-02-05 04:00:00,Empirical_Utility_Substation,120000,1,11500.0,8.61,74.7,0.0,22.3,0,0,6592.26
2024-02-05 05:00:00,Empirical_Utility_Substation,120000,1,11500.0,10.26,75.4,0.0,19.74,0,0,6570.4
2024-02-05 06:00:00,Empirical_Utility_Substation,120000,1,11500.0,10.83,80.7,0.0,22.06,0,0,6638.3
2024-02-05 07:00:00,Empirical_Utility_Substation,120000,1,11500.0,11.35,66.9,106.7,18.52,0,0,6649.21
2024-02-05 08:00:00,Empirical_Utility_Substation,120000,1,11500.0,12.81,74.6,238.5,21.23,0,0,6898.27
2024-02-05 09:00:00,Empirical_Utility_Substation,120000,1,11500.0,15.76,68.4,240.2,18.49,0,0,7274.1
2024-02-05 10:00:00,Empirical_Utility_Substation,120000,1,11500.0,17.49,67.0,214.3,19.59,0,0,7533.22
2024-02-05 11:00:00,Empirical_Utility_Substation,120000,1,11500.0,18.95,66.2,127.5,21.33,0,0,7534.61
2024-02-05 12:00:00,Empirical_Utility_Substation,120000,1,11500.0,19.08,67.0,211.4,21.46,0,0,7507.41
2024-02-05 13:00:00,Empirical_Utility_Substation,120000,1,11500.0,21.6,64.2,416.7,24.18,0,0,7046.71
2024-02-05 14:00:00,Empirical_Utility_Substation,120000,1,11500.0,22.72,67.4,346.2,21.13,0,0,6761.1
2024-02-05 15:00:00,Empirical_Utility_Substation,120000,1,11500.0,24.1,53.4,226.5,20.8,0,0,6354.3
2024-02-05 16:00:00,Empirical_Utility_Substation,120000,1,11500.0,25.19,68.1,130.6,21.29,0,0,6494.26
2024-02-05 17:00:00,Empirical_Utility_Substation,120000,1,11500.0,23.08,61.6,102.2,18.43,0,0,6647.39
2024-02-05 18:00:00,Empirical_Utility_Substation,120000,1,11500.0,22.65,58.4,0.0,23.52,0,0,7083.24
2024-02-05 19:00:00,Empirical_Utility_Substation,120000,1,11500.0,21.83,72.3,0.0,19.9,0,0,7278.26
2024-02-05 20:00:00,Empirical_Utility_Substation,120000,1,11500.0,18.45,71.2,0.0,19.92,0,0,7643.04
2024-02-05 21:00:00,Empirical_Utility_Substation,120000,1,11500.0,17.1,66.4,0.0,19.17,0,0,7550.71
2024-02-05 22:00:00,Empirical_Utility_Substation,120000,1,11500.0,15.0,71.6,0.0,20.67,0,0,7212.1
2024-02-05 23:00:00,Empirical_Utility_Substation,120000,1,11500.0,11.67,81.7,0.0,19.95,0,0,7006.43
2024-02-06 00:00:00,Empirical_Utility_Substation,120000,1,11500.0,11.35,80.1,0.0,23.09,0,0,6708.24
2024-02-06 01:00:00,Empirical_Utility_Substation,120000,1,11500.0,10.19,68.9,0.0,22.02,0,0,6960.31
2024-02-06 02:00:00,Empirical_Utility_Substation,120000,1,11500.0,9.5,76.7,0.0,18.91,0,0,6888.54
2024-02-06 03:00:00,Empirical_Utility_Substation,120000,1,11500.0,9.93,76.1,0.0,19.15,0,0,6771.46
2024-02-06 04:00:00,Empirical_Utility_Substation,120000,1,11500.0,10.07,74.0,0.0,24.77,0,0,6724.66
2024-02-06 05:00:00,Empirical_Utility_Substation,120000,1,11500.0,10.91,80.8,0.0,25.53,0,0,6448.57
2024-02-06 06:00:00,Empirical_Utility_Substation,120000,1,11500.0,10.51,75.4,0.0,21.89,0,0,6664.25
2024-02-06 07:00:00,Empirical_Utility_Substation,120000,1,11500.0,12.33,77.9,116.1,21.63,0,0,6881.53
2024-02-06 08:00:00,Empirical_Utility_Substation,120000,1,11500.0,13.24,63.5,132.1,22.52,0,0,7190.54
2024-02-06 09:00:00,Empirical_Utility_Substation,120000,1,11500.0,13.68,74.2,190.6,22.04,0,0,7571.55
2024-02-06 10:00:00,Empirical_Utility_Substation,120000,1,11500.0,14.79,72.8,380.5,25.02,0,0,7895.49
2024-02-06 11:00:00,Empirical_Utility_Substation,120000,1,11500.0,16.84,62.2,368.8,22.82,0,0,7875.72
2024-02-06 12:00:00,Empirical_Utility_Substation,120000,1,11500.0,16.65,66.9,535.0,22.37,0,0,7827.35
2024-02-06 13:00:00,Empirical_Utility_Substation,120000,1,11500.0,18.23,72.6,356.6,20.51,0,0,7574.45
2024-02-06 14:00:00,Empirical_Utility_Substation,120000,1,11500.0,18.47,67.6,337.8,18.53,0,0,7358.65
2024-02-06 15:00:00,Empirical_Utility_Substation,120000,1,11500.0,20.41,62.7,381.5,18.33,0,0,7154.97
2024-02-06 16:00:00,Empirical_Utility_Substation,120000,1,11500.0,20.8,66.8,223.4,20.73,0,0,7064.73
2024-02-06 17:00:00,Empirical_Utility_Substation,120000,1,11500.0,20.42,63.3,145.0,22.25,0,0,7038.36
2024-02-06 18:00:00,Empirical_Utility_Substation,120000,1,11500.0,20.14,58.8,0.0,19.5,0,0,7420.79
2024-02-06 19:00:00,Empirical_Utility_Substation,120000,1,11500.0,18.35,64.8,0.0,21.02,0,0,7764.61
2024-02-06 20:00:00,Empirical_Utility_Substation,120000,1,11500.0,17.31,70.7,0.0,20.07,0,0,8149.62
2024-02-06 21:00:00,Empirical_Utility_Substation,120000,1,11500.0,15.56,73.0,0.0,22.09,0,0,8068.81
2024-02-06 22:00:00,Empirical_Utility_Substation,120000,1,11500.0,13.5,83.1,0.0,20.69,0,0,7624.74
2024-02-06 23:00:00,Empirical_Utility_Substation,120000,1,11500.0,12.33,64.6,0.0,19.91,0,0,7002.6
2024-02-07 00:00:00,Empirical_Utility_Substation,120000,1,11500.0,11.14,76.3,0.0,24.29,0,0,6412.85
2024-02-07 01:00:00,Empirical_Utility_Substation,120000,1,11500.0,11.4,71.1,0.0,20.18,0,0,6328.89
2024-02-07 02:00:00,Empirical_Utility_Substation,120000,1,11500.0,10.97,64.6,0.0,19.04,0,0,6351.55
2024-02-07 03:00:00,Empirical_Utility_Substation,120000,1,11500.0,10.91,81.0,0.0,20.8,0,0,6483.23
2024-02-07 04:00:00,Empirical_Utility_Substation,120000,1,11500.0,10.76,64.8,0.0,18.54,0,0,6707.21
2024-02-07 05:00:00,Empirical_Utility_Substation,120000,1,11500.0,12.31,79.2,0.0,19.56,0,0,6673.87
2024-02-07 06:00:00,Empirical_Utility_Substation,120000,1,11500.0,11.27,80.7,0.0,17.99,0,0,6878.37
2024-02-07 07:00:00,Empirical_Utility_Substation,120000,1,11500.0,10.65,80.5,120.6,26.64,0,0,7081.99
2024-02-07 08:00:00,Empirical_Utility_Substation,120000,1,11500.0,10.96,73.6,241.6,24.36,0,0,7654.35
2024-02-07 09:00:00,Empirical_Utility_Substation,120000,1,11500.0,12.53,89.4,265.4,21.49,0,0,7958.98
2024-02-07 10:00:00,Empirical_Utility_Substation,120000,1,11500.0,12.29,75.9,266.4,21.7,0,0,8299.29
2024-02-07 11:00:00,Empirical_Utility_Substation,120000,1,11500.0,12.92,70.1,127.5,20.78,0,0,8299.7
2024-02-07 12:00:00,Empirical_Utility_Substation,120000,1,11500.0,14.99,72.6,239.5,21.24,0,0,8326.75
2024-02-07 13:00:00,Empirical_Utility_Substation,120000,1,11500.0,16.58,69.6,481.6,18.68,0,0,7822.18
2024-02-07 14:00:00,Empirical_Utility_Substation,120000,1,11500.0,15.99,82.5,114.3,19.17,0,0,7408.37
2024-02-07 15:00:00,Empirical_Utility_Substation,120000,1,11500.0,17.08,78.0,111.7,22.49,0,0,7005.01
2024-02-07 16:00:00,Empirical_Utility_Substation,120000,1,11500.0,18.48,59.5,290.3,22.09,0,0,6959.03
2024-02-07 17:00:00,Empirical_Utility_Substation,120000,1,11500.0,19.94,55.1,135.4,20.28,0,0,7258.17
2024-02-07 18:00:00,Empirical_Utility_Substation,120000,1,11500.0,19.14,64.7,0.0,22.26,0,0,7673.79
2024-02-07 19:00:00,Empirical_Utility_Substation,120000,1,11500.0,18.17,73.6,0.0,19.24,0,0,7859.74
2024-02-07 20:00:00,Empirical_Utility_Substation,120000,1,11500.0,16.65,68.3,0.0,23.01,0,0,7922.45
2024-02-07 21:00:00,Empirical_Utility_Substation,120000,1,11500.0,16.66,77.7,0.0,26.2,0,0,7664.3
2024-02-07 22:00:00,Empirical_Utility_Substation,120000,1,11500.0,15.51,65.2,0.0,25.11,0,0,7298.16
2024-02-07 23:00:00,Empirical_Utility_Substation,120000,1,11500.0,13.11,71.5,0.0,18.91,0,0,6798.88
2024-02-08 00:00:00,Empirical_Utility_Substation,120000,1,11500.0,12.74,70.4,0.0,19.68,0,0,5942.33
2024-02-08 01:00:00,Empirical_Utility_Substation,120000,1,11500.0,11.12,77.2,0.0,21.32,0,0,5958.51
2024-02-08 02:00:00,Empirical_Utility_Substation,120000,1,11500.0,10.98,78.5,0.0,18.63,0,0,5867.33
2024-02-08 03:00:00,Empirical_Utility_Substation,120000,1,11500.0,9.48,92.1,0.0,23.0,0,0,6028.23
2024-02-08 04:00:00,Empirical_Utility_Substation,120000,1,11500.0,9.5,80.1,0.0,20.69,0,0,6188.64
2024-02-08 05:00:00,Empirical_Utility_Substation,120000,1,11500.0,12.2,80.8,0.0,22.87,0,0,6174.26
2024-02-08 06:00:00,Empirical_Utility_Substation,120000,1,11500.0,11.78,79.6,0.0,19.59,0,0,6177.15
2024-02-08 07:00:00,Empirical_Utility_Substation,120000,1,11500.0,13.02,69.7,83.8,20.76,0,0,6112.71
2024-02-08 08:00:00,Empirical_Utility_Substation,120000,1,11500.0,15.27,71.6,68.8,22.55,0,0,6391.84
2024-02-08 09:00:00,Empirical_Utility_Substation,120000,1,11500.0,16.29,66.8,389.1,21.87,0,0,6776.33
2024-02-08 10:00:00,Empirical_Utility_Substation,120000,1,11500.0,18.52,73.8,394.5,18.88,0,0,7115.94
2024-02-08 11:00:00,Empirical_Utility_Substation,120000,1,11500.0,20.04,65.2,425.9,22.19,0,0,7303.41
2024-02-08 12:00:00,Empirical_Utility_Substation,120000,1,11500.0,20.38,70.4,379.7,19.2,0,0,7241.61
2024-02-08 13:00:00,Empirical_Utility_Substation,120000,1,11500.0,20.37,56.7,142.2,20.56,0,0,6902.94
2024-02-08 14:00:00,Empirical_Utility_Substation,120000,1,11500.0,20.99,73.6,281.2,18.62,0,0,6513.62
2024-02-08 15:00:00,Empirical_Utility_Substation,120000,1,11500.0,19.45,71.1,93.3,17.94,0,0,6510.91
2024-02-08 16:00:00,Empirical_Utility_Substation,120000,1,11500.0,18.13,62.6,200.5,25.51,0,0,6296.58
2024-02-08 17:00:00,Empirical_Utility_Substation,120000,1,11500.0,17.87,65.4,106.0,22.4,0,0,6571.63
2024-02-08 18:00:00,Empirical_Utility_Substation,120000,1,11500.0,15.98,71.8,0.0,24.4,0,0,6963.28
2024-02-08 19:00:00,Empirical_Utility_Substation,120000,1,11500.0,14.79,72.5,0.0,19.3,0,0,7428.54
2024-02-08 20:00:00,Empirical_Utility_Substation,120000,1,11500.0,12.54,81.4,0.0,19.23,0,0,7695.74
2024-02-08 21:00:00,Empirical_Utility_Substation,120000,1,11500.0,12.49,73.8,0.0,19.98,0,0,7744.13
2024-02-08 22:00:00,Empirical_Utility_Substation,120000,1,11500.0,12.02,72.5,0.0,18.56,0,0,7370.11
2024-02-08 23:00:00,Empirical_Utility_Substation,120000,1,11500.0,11.16,78.8,0.0,22.81,0,0,6994.41
2024-02-09 00:00:00,Empirical_Utility_Substation,120000,1,11500.0,10.38,66.3,0.0,22.36,0,0,6681.35
2024-02-09 01:00:00,Empirical_Utility_Substation,120000,1,11500.0,9.03,89.4,0.0,20.78,0,0,6736.66
2024-02-09 02:00:00,Empirical_Utility_Substation,120000,1,11500.0,7.48,79.5,0.0,21.7,0,0,6820.6
2024-02-09 03:00:00,Empirical_Utility_Substation,120000,1,11500.0,9.34,67.2,0.0,20.68,0,0,6680.32
2024-02-09 04:00:00,Empirical_Utility_Substation,120000,1,11500.0,10.04,81.6,0.0,21.1,0,0,6637.0
2024-02-09 05:00:00,Empirical_Utility_Substation,120000,1,11500.0,10.37,82.4,0.0,19.31,0,0,6658.41
2024-02-09 06:00:00,Empirical_Utility_Substation,120000,1,11500.0,11.58,63.7,0.0,23.25,0,0,6631.81
2024-02-09 07:00:00,Empirical_Utility_Substation,120000,1,11500.0,13.5,70.2,89.8,21.11,0,0,6802.66
2024-02-09 08:00:00,Empirical_Utility_Substation,120000,1,11500.0,15.86,73.2,194.8,18.7,0,0,7310.38
2024-02-09 09:00:00,Empirical_Utility_Substation,120000,1,11500.0,18.57,58.6,413.6,25.2,0,0,7535.52
2024-02-09 10:00:00,Empirical_Utility_Substation,120000,1,11500.0,20.33,72.6,326.7,24.42,0,0,7685.96
2024-02-09 11:00:00,Empirical_Utility_Substation,120000,1,11500.0,20.55,64.4,398.3,20.55,0,0,7860.95
2024-02-09 12:00:00,Empirical_Utility_Substation,120000,1,11500.0,21.49,61.1,366.3,19.92,0,0,7628.59
2024-02-09 13:00:00,Empirical_Utility_Substation,120000,1,11500.0,22.57,66.8,338.4,19.65,0,0,7483.85
2024-02-09 14:00:00,Empirical_Utility_Substation,120000,1,11500.0,22.77,88.3,114.3,21.67,0,0,7164.38
2024-02-09 15:00:00,Empirical_Utility_Substation,120000,1,11500.0,22.79,56.6,415.3,20.05,0,0,6953.07
2024-02-09 16:00:00,Empirical_Utility_Substation,120000,1,11500.0,19.58,59.8,157.6,22.88,0,0,6932.74
2024-02-09 17:00:00,Empirical_Utility_Substation,120000,1,11500.0,20.55,72.9,64.3,20.31,0,0,7133.23
2024-02-09 18:00:00,Empirical_Utility_Substation,120000,1,11500.0,19.42,66.2,0.0,23.32,0,0,7534.76
2024-02-09 19:00:00,Empirical_Utility_Substation,120000,1,11500.0,19.75,65.7,0.0,21.99,0,0,8107.71
2024-02-09 20:00:00,Empirical_Utility_Substation,120000,1,11500.0,19.06,73.6,0.0,19.41,0,0,8138.73
2024-02-09 21:00:00,Empirical_Utility_Substation,120000,1,11500.0,17.75,67.6,0.0,21.82,0,0,8184.84
2024-02-09 22:00:00,Empirical_Utility_Substation,120000,1,11500.0,17.9,73.2,0.0,19.66,0,0,7848.27
2024-02-09 23:00:00,Empirical_Utility_Substation,120000,1,11500.0,15.55,66.2,0.0,20.4,0,0,7439.28
2024-02-10 00:00:00,Empirical_Utility_Substation,120000,1,11500.0,16.76,68.0,0.0,23.79,1,0,6395.34
2024-02-10 01:00:00,Empirical_Utility_Substation,120000,1,11500.0,15.49,72.3,0.0,24.45,1,0,6175.75
2024-02-10 02:00:00,Empirical_Utility_Substation,120000,1,11500.0,12.8,69.6,0.0,18.43,1,0,6046.83
2024-02-10 03:00:00,Empirical_Utility_Substation,120000,1,11500.0,11.69,83.4,0.0,21.64,1,0,6057.38
2024-02-10 04:00:00,Empirical_Utility_Substation,120000,1,11500.0,11.77,71.9,0.0,23.18,1,0,5646.26
2024-02-10 05:00:00,Empirical_Utility_Substation,120000,1,11500.0,10.47,74.2,0.0,21.02,1,0,5745.53
2024-02-10 06:00:00,Empirical_Utility_Substation,120000,1,11500.0,11.16,68.1,0.0,18.33,1,0,5747.26
2024-02-10 07:00:00,Empirical_Utility_Substation,120000,1,11500.0,11.84,78.4,97.1,20.63,1,0,5843.29
2024-02-10 08:00:00,Empirical_Utility_Substation,120000,1,11500.0,12.52,75.9,157.6,21.94,1,0,6094.33
2024-02-10 09:00:00,Empirical_Utility_Substation,120000,1,11500.0,13.49,76.3,288.9,20.95,1,0,6361.87
2024-02-10 10:00:00,Empirical_Utility_Substation,120000,1,11500.0,14.28,76.2,114.3,21.07,1,0,6621.18
2024-02-10 11:00:00,Empirical_Utility_Substation,120000,1,11500.0,15.92,70.1,194.1,26.72,1,0,6698.33
2024-02-10 12:00:00,Empirical_Utility_Substation,120000,1,11500.0,17.42,67.4,132.0,21.92,1,0,6708.03
2024-02-10 13:00:00,Empirical_Utility_Substation,120000,1,11500.0,18.25,70.0,334.9,20.23,1,0,6319.09
2024-02-10 14:00:00,Empirical_Utility_Substation,120000,1,11500.0,18.94,75.5,366.4,18.83,1,0,5849.58
2024-02-10 15:00:00,Empirical_Utility_Substation,120000,1,11500.0,19.48,74.4,266.1,24.58,1,0,5632.98
2024-02-10 16:00:00,Empirical_Utility_Substation,120000,1,11500.0,19.85,59.3,234.5,24.78,1,0,5653.85
2024-02-10 17:00:00,Empirical_Utility_Substation,120000,1,11500.0,19.51,72.1,77.9,21.23,1,0,5961.12
2024-02-10 18:00:00,Empirical_Utility_Substation,120000,1,11500.0,20.3,68.7,0.0,23.24,1,0,6545.83
2024-02-10 19:00:00,Empirical_Utility_Substation,120000,1,11500.0,20.56,65.9,0.0,20.12,1,0,6994.11
2024-02-10 20:00:00,Empirical_Utility_Substation,120000,1,11500.0,18.03,73.1,0.0,19.55,1,0,7330.8
2024-02-10 21:00:00,Empirical_Utility_Substation,120000,1,11500.0,15.48,73.7,0.0,21.39,1,0,7112.18
2024-02-10 22:00:00,Empirical_Utility_Substation,120000,1,11500.0,13.05,75.4,0.0,21.14,1,0,6862.2
2024-02-10 23:00:00,Empirical_Utility_Substation,120000,1,11500.0,12.43,69.3,0.0,22.27,1,0,6312.75
2024-02-11 00:00:00,Empirical_Utility_Substation,120000,1,11500.0,10.86,61.4,0.0,21.25,1,0,5697.58
2024-02-11 01:00:00,Empirical_Utility_Substation,120000,1,11500.0,11.05,87.2,0.0,23.04,1,0,5734.14
2024-02-11 02:00:00,Empirical_Utility_Substation,120000,1,11500.0,9.58,73.2,0.0,21.24,1,0,5695.66
2024-02-11 03:00:00,Empirical_Utility_Substation,120000,1,11500.0,8.08,76.2,0.0,18.96,1,0,5951.87
2024-02-11 04:00:00,Empirical_Utility_Substation,120000,1,11500.0,6.79,92.3,0.0,21.65,1,0,6065.64
2024-02-11 05:00:00,Empirical_Utility_Substation,120000,1,11500.0,6.05,68.4,0.0,19.1,1,0,6023.61
2024-02-11 06:00:00,Empirical_Utility_Substation,120000,1,11500.0,6.86,83.6,0.0,22.31,1,0,6060.99
2024-02-11 07:00:00,Empirical_Utility_Substation,120000,1,11500.0,10.16,78.3,34.2,19.6,1,0,5978.0
2024-02-11 08:00:00,Empirical_Utility_Substation,120000,1,11500.0,12.28,69.0,190.4,20.78,1,0,6247.96
2024-02-11 09:00:00,Empirical_Utility_Substation,120000,1,11500.0,13.9,68.9,232.3,20.98,1,0,6647.24
2024-02-11 10:00:00,Empirical_Utility_Substation,120000,1,11500.0,14.74,65.8,361.4,24.18,1,0,6969.39
2024-02-11 11:00:00,Empirical_Utility_Substation,120000,1,11500.0,15.88,61.3,388.1,21.72,1,0,7005.56
2024-02-11 12:00:00,Empirical_Utility_Substation,120000,1,11500.0,16.43,70.8,168.2,24.65,1,0,6693.77
2024-02-11 13:00:00,Empirical_Utility_Substation,120000,1,11500.0,17.12,70.9,367.9,24.42,1,0,6529.84
2024-02-11 14:00:00,Empirical_Utility_Substation,120000,1,11500.0,18.03,76.7,284.1,19.89,1,0,6485.53
2024-02-11 15:00:00,Empirical_Utility_Substation,120000,1,11500.0,18.96,70.1,228.0,21.57,1,0,6176.36
2024-02-11 16:00:00,Empirical_Utility_Substation,120000,1,11500.0,18.55,79.1,240.1,19.35,1,0,6075.29
2024-02-11 17:00:00,Empirical_Utility_Substation,120000,1,11500.0,18.7,68.8,34.2,19.79,1,0,6221.8
2024-02-11 18:00:00,Empirical_Utility_Substation,120000,1,11500.0,17.82,74.7,0.0,21.87,1,0,6572.35
2024-02-11 19:00:00,Empirical_Utility_Substation,120000,1,11500.0,16.4,75.0,0.0,21.03,1,0,7112.37
2024-02-11 20:00:00,Empirical_Utility_Substation,120000,1,11500.0,15.55,80.5,0.0,20.83,1,0,7192.09
2024-02-11 21:00:00,Empirical_Utility_Substation,120000,1,11500.0,13.71,70.5,0.0,25.33,1,0,7126.96
2024-02-11 22:00:00,Empirical_Utility_Substation,120000,1,11500.0,12.44,70.9,0.0,19.44,1,0,6623.42
2024-02-11 23:00:00,Empirical_Utility_Substation,120000,1,11500.0,11.16,67.6,0.0,23.83,1,0,6095.85
2024-02-12 00:00:00,Empirical_Utility_Substation,120000,1,11500.0,11.2,71.5,0.0,23.47,0,0,6461.14
2024-02-12 01:00:00,Empirical_Utility_Substation,120000,1,11500.0,10.23,76.2,0.0,22.29,0,0,6527.1
2024-02-12 02:00:00,Empirical_Utility_Substation,120000,1,11500.0,9.99,83.6,0.0,22.76,0,0,6602.53
2024-02-12 03:00:00,Empirical_Utility_Substation,120000,1,11500.0,8.85,75.5,0.0,23.45,0,0,6736.16
2024-02-12 04:00:00,Empirical_Utility_Substation,120000,1,11500.0,8.87,76.1,0.0,22.81,0,0,6886.01
2024-02-12 05:00:00,Empirical_Utility_Substation,120000,1,11500.0,10.65,69.9,0.0,20.9,0,0,6590.09
2024-02-12 06:00:00,Empirical_Utility_Substation,120000,1,11500.0,12.7,63.6,0.0,23.63,0,0,6689.8
2024-02-12 07:00:00,Empirical_Utility_Substation,120000,1,11500.0,14.32,72.9,131.1,19.92,0,0,6922.8
2024-02-12 08:00:00,Empirical_Utility_Substation,120000,1,11500.0,14.98,79.1,103.9,26.07,0,0,7115.32
2024-02-12 09:00:00,Empirical_Utility_Substation,120000,1,11500.0,15.56,66.8,235.0,19.09,0,0,7587.01
2024-02-12 10:00:00,Empirical_Utility_Substation,120000,1,11500.0,16.19,84.4,114.3,24.07,0,0,7718.56
2024-02-12 11:00:00,Empirical_Utility_Substation,120000,1,11500.0,17.02,75.9,315.6,21.86,0,0,7831.28
2024-02-12 12:00:00,Empirical_Utility_Substation,120000,1,11500.0,18.54,69.6,450.2,27.62,0,0,7520.71
2024-02-12 13:00:00,Empirical_Utility_Substation,120000,1,11500.0,18.79,77.4,127.5,19.18,0,0,7430.15
2024-02-12 14:00:00,Empirical_Utility_Substation,120000,1,11500.0,18.48,63.6,406.6,21.36,0,0,7017.0
2024-02-12 15:00:00,Empirical_Utility_Substation,120000,1,11500.0,17.73,73.8,231.0,20.39,0,0,6872.87
2024-02-12 16:00:00,Empirical_Utility_Substation,120000,1,11500.0,17.1,66.5,271.8,24.56,0,0,6964.16
2024-02-12 17:00:00,Empirical_Utility_Substation,120000,1,11500.0,14.93,67.9,73.3,22.96,0,0,7188.97
2024-02-12 18:00:00,Empirical_Utility_Substation,120000,1,11500.0,13.07,75.6,0.0,21.63,0,0,7698.46
2024-02-12 19:00:00,Empirical_Utility_Substation,120000,1,11500.0,11.5,67.2,0.0,21.86,0,0,8004.4
2024-02-12 20:00:00,Empirical_Utility_Substation,120000,1,11500.0,10.36,83.2,0.0,19.33,0,0,8294.58
2024-02-12 21:00:00,Empirical_Utility_Substation,120000,1,11500.0,10.87,80.3,0.0,24.92,0,0,8068.65
2024-02-12 22:00:00,Empirical_Utility_Substation,120000,1,11500.0,10.47,73.9,0.0,21.03,0,0,7829.66
2024-02-12 23:00:00,Empirical_Utility_Substation,120000,1,11500.0,9.58,80.0,0.0,21.98,0,0,7363.54
2024-02-13 00:00:00,Empirical_Utility_Substation,120000,1,11500.0,7.37,84.1,0.0,20.93,0,0,7232.62
2024-02-13 01:00:00,Empirical_Utility_Substation,120000,1,11500.0,6.33,77.3,0.0,26.13,0,0,7453.55
2024-02-13 02:00:00,Empirical_Utility_Substation,120000,1,11500.0,6.67,81.7,0.0,18.49,0,0,7266.88
2024-02-13 03:00:00,Empirical_Utility_Substation,120000,1,11500.0,7.88,80.3,0.0,23.63,0,0,7185.52
2024-02-13 04:00:00,Empirical_Utility_Substation,120000,1,11500.0,6.1,80.8,0.0,20.49,0,0,7345.1
2024-02-13 05:00:00,Empirical_Utility_Substation,120000,1,11500.0,8.17,83.5,0.0,23.01,0,0,7230.4
2024-02-13 06:00:00,Empirical_Utility_Substation,120000,1,11500.0,9.05,70.5,0.0,19.83,0,0,7254.04
2024-02-13 07:00:00,Empirical_Utility_Substation,120000,1,11500.0,11.18,79.2,78.9,22.21,0,0,7391.57
2024-02-13 08:00:00,Empirical_Utility_Substation,120000,1,11500.0,12.08,79.3,134.3,22.55,0,0,7451.6
2024-02-13 09:00:00,Empirical_Utility_Substation,120000,1,11500.0,13.57,62.6,312.0,24.11,0,0,7826.53
2024-02-13 10:00:00,Empirical_Utility_Substation,120000,1,11500.0,14.02,77.3,114.3,21.72,0,0,7946.15
2024-02-13 11:00:00,Empirical_Utility_Substation,120000,1,11500.0,15.62,71.5,169.9,19.76,0,0,7894.74
2024-02-13 12:00:00,Empirical_Utility_Substation,120000,1,11500.0,18.33,76.2,356.8,20.29,0,0,7913.77
2024-02-13 13:00:00,Empirical_Utility_Substation,120000,1,11500.0,20.43,72.5,239.8,19.92,0,0,7779.77
2024-02-13 14:00:00,Empirical_Utility_Substation,120000,1,11500.0,21.68,62.5,350.9,19.44,0,0,7314.01
2024-02-13 15:00:00,Empirical_Utility_Substation,120000,1,11500.0,21.03,76.0,332.3,19.41,0,0,7024.74
2024-02-13 16:00:00,Empirical_Utility_Substation,120000,1,11500.0,20.59,72.3,147.6,19.68,0,0,6881.38
2024-02-13 17:00:00,Empirical_Utility_Substation,120000,1,11500.0,19.49,72.1,94.4,22.48,0,0,6988.9
2024-02-13 18:00:00,Empirical_Utility_Substation,120000,1,11500.0,18.95,60.2,0.0,22.0,0,0,7450.92
2024-02-13 19:00:00,Empirical_Utility_Substation,120000,1,11500.0,18.69,73.5,0.0,21.5,0,0,7768.95
2024-02-13 20:00:00,Empirical_Utility_Substation,120000,1,11500.0,16.23,76.0,0.0,20.17,0,0,7970.03
2024-02-13 21:00:00,Empirical_Utility_Substation,120000,1,11500.0,14.34,76.0,0.0,20.29,0,0,7789.43
2024-02-13 22:00:00,Empirical_Utility_Substation,120000,1,11500.0,13.81,80.7,0.0,22.65,0,0,7458.2
2024-02-13 23:00:00,Empirical_Utility_Substation,120000,1,11500.0,13.46,70.9,0.0,21.67,0,0,7117.05
2024-02-14 00:00:00,Empirical_Utility_Substation,120000,1,11500.0,11.31,73.1,0.0,19.78,0,0,6688.62
2024-02-14 01:00:00,Empirical_Utility_Substation,120000,1,11500.0,10.36,81.1,0.0,25.09,0,0,6572.56
2024-02-14 02:00:00,Empirical_Utility_Substation,120000,1,11500.0,10.93,78.4,0.0,21.94,0,0,6565.95
2024-02-14 03:00:00,Empirical_Utility_Substation,120000,1,11500.0,11.77,75.5,0.0,19.68,0,0,6528.85
2024-02-14 04:00:00,Empirical_Utility_Substation,120000,1,11500.0,11.46,79.2,0.0,18.78,0,0,6524.01
2024-02-14 05:00:00,Empirical_Utility_Substation,120000,1,11500.0,12.86,75.9,0.0,19.74,0,0,6571.29
2024-02-14 06:00:00,Empirical_Utility_Substation,120000,1,11500.0,13.87,78.2,0.0,22.84,0,0,6767.94
2024-02-14 07:00:00,Empirical_Utility_Substation,120000,1,11500.0,13.94,73.4,110.6,23.64,0,0,6826.25
2024-02-14 08:00:00,Empirical_Utility_Substation,120000,1,11500.0,16.67,71.3,160.5,21.45,0,0,7011.52
2024-02-14 09:00:00,Empirical_Utility_Substation,120000,1,11500.0,17.49,77.6,250.4,21.61,0,0,7321.61
2024-02-14 10:00:00,Empirical_Utility_Substation,120000,1,11500.0,18.63,61.3,114.3,23.25,0,0,7462.74
2024-02-14 11:00:00,Empirical_Utility_Substation,120000,1,11500.0,18.37,65.3,210.8,19.17,0,0,7608.58
2024-02-14 12:00:00,Empirical_Utility_Substation,120000,1,11500.0,19.03,67.2,322.8,24.24,0,0,7565.75
2024-02-14 13:00:00,Empirical_Utility_Substation,120000,1,11500.0,19.26,67.8,455.5,21.56,0,0,7473.0
2024-02-14 14:00:00,Empirical_Utility_Substation,120000,1,11500.0,18.26,64.9,327.2,20.08,0,0,7127.78
2024-02-14 15:00:00,Empirical_Utility_Substation,120000,1,11500.0,19.02,66.7,248.2,19.96,0,0,6884.56
2024-02-14 16:00:00,Empirical_Utility_Substation,120000,1,11500.0,18.32,59.1,129.6,20.74,0,0,6883.1
2024-02-14 17:00:00,Empirical_Utility_Substation,120000,1,11500.0,18.78,79.3,80.1,23.45,0,0,7150.98
2024-02-14 18:00:00,Empirical_Utility_Substation,120000,1,11500.0,17.73,69.8,0.0,22.01,0,0,7680.32
2024-02-14 19:00:00,Empirical_Utility_Substation,120000,1,11500.0,17.72,62.0,0.0,22.44,0,0,8038.48
2024-02-14 20:00:00,Empirical_Utility_Substation,120000,1,11500.0,16.46,68.2,0.0,23.28,0,0,8158.4
2024-02-14 21:00:00,Empirical_Utility_Substation,120000,1,11500.0,14.88,69.0,0.0,23.16,0,0,7982.54
2024-02-14 22:00:00,Empirical_Utility_Substation,120000,1,11500.0,13.3,76.2,0.0,23.03,0,0,7513.43
2024-02-14 23:00:00,Empirical_Utility_Substation,120000,1,11500.0,11.25,71.1,0.0,22.76,0,0,7004.01
2024-02-15 00:00:00,Empirical_Utility_Substation,120000,1,11500.0,9.93,87.8,0.0,19.7,0,0,6685.56
2024-02-15 01:00:00,Empirical_Utility_Substation,120000,1,11500.0,9.92,70.5,0.0,23.85,0,0,6772.84
2024-02-15 02:00:00,Empirical_Utility_Substation,120000,1,11500.0,10.16,74.9,0.0,24.75,0,0,6880.35
2024-02-15 03:00:00,Empirical_Utility_Substation,120000,1,11500.0,9.85,78.2,0.0,19.65,0,0,7000.4
2024-02-15 04:00:00,Empirical_Utility_Substation,120000,1,11500.0,9.96,77.6,0.0,20.67,0,0,6948.66
2024-02-15 05:00:00,Empirical_Utility_Substation,120000,1,11500.0,9.28,85.1,0.0,21.92,0,0,7083.38
2024-02-15 06:00:00,Empirical_Utility_Substation,120000,1,11500.0,9.81,73.8,0.0,19.94,0,0,7175.59
2024-02-15 07:00:00,Empirical_Utility_Substation,120000,1,11500.0,10.61,81.9,34.2,23.43,0,0,7311.51
2024-02-15 08:00:00,Empirical_Utility_Substation,120000,1,11500.0,10.9,83.7,239.3,22.5,0,0,7188.7
2024-02-15 09:00:00,Empirical_Utility_Substation,120000,1,11500.0,13.64,72.2,388.5,21.52,0,0,7556.39
2024-02-15 10:00:00,Empirical_Utility_Substation,120000,1,11500.0,15.02,69.3,114.3,19.15,0,0,7643.26
2024-02-15 11:00:00,Empirical_Utility_Substation,120000,1,11500.0,16.38,70.6,282.3,18.64,0,0,7715.2
2024-02-15 12:00:00,Empirical_Utility_Substation,120000,1,11500.0,18.35,65.0,132.0,24.0,0,0,7730.75
2024-02-15 13:00:00,Empirical_Utility_Substation,120000,1,11500.0,18.47,63.6,233.0,20.18,0,0,7431.65
2024-02-15 14:00:00,Empirical_Utility_Substation,120000,1,11500.0,19.77,63.6,413.6,26.39,0,0,7312.42
2024-02-15 15:00:00,Empirical_Utility_Substation,120000,1,11500.0,17.99,66.5,202.3,23.21,0,0,6753.8
2024-02-15 16:00:00,Empirical_Utility_Substation,120000,1,11500.0,17.51,64.5,237.2,19.85,0,0,6837.5
2024-02-15 17:00:00,Empirical_Utility_Substation,120000,1,11500.0,15.41,68.3,102.1,20.77,0,0,7241.49
2024-02-15 18:00:00,Empirical_Utility_Substation,120000,1,11500.0,16.02,65.0,0.0,20.22,0,0,7560.1
2024-02-15 19:00:00,Empirical_Utility_Substation,120000,1,11500.0,15.81,66.5,0.0,22.89,0,0,7922.93
2024-02-15 20:00:00,Empirical_Utility_Substation,120000,1,11500.0,14.09,73.3,0.0,20.02,0,0,8042.57
2024-02-15 21:00:00,Empirical_Utility_Substation,120000,1,11500.0,12.89,67.3,0.0,21.41,0,0,8017.26
2024-02-15 22:00:00,Empirical_Utility_Substation,120000,1,11500.0,10.9,68.4,0.0,24.23,0,0,7395.74
2024-02-15 23:00:00,Empirical_Utility_Substation,120000,1,11500.0,10.18,79.8,0.0,19.8,0,0,7004.23
2024-02-16 00:00:00,Empirical_Utility_Substation,120000,1,11500.0,10.11,79.9,0.0,20.34,0,0,6346.94
2024-02-16 01:00:00,Empirical_Utility_Substation,120000,1,11500.0,8.81,75.7,0.0,20.08,0,0,6464.34
2024-02-16 02:00:00,Empirical_Utility_Substation,120000,1,11500.0,8.76,79.0,0.0,21.4,0,0,6549.7
2024-02-16 03:00:00,Empirical_Utility_Substation,120000,1,11500.0,7.92,77.3,0.0,22.58,0,0,6703.82
2024-02-16 04:00:00,Empirical_Utility_Substation,120000,1,11500.0,7.99,78.4,0.0,20.1,0,0,6628.0
2024-02-16 05:00:00,Empirical_Utility_Substation,120000,1,11500.0,8.91,65.6,0.0,23.14,0,0,6635.03
2024-02-16 06:00:00,Empirical_Utility_Substation,120000,1,11500.0,10.62,72.8,0.0,20.81,0,0,6622.31
2024-02-16 07:00:00,Empirical_Utility_Substation,120000,1,11500.0,11.25,72.3,78.3,22.5,0,0,6812.86
2024-02-16 08:00:00,Empirical_Utility_Substation,120000,1,11500.0,12.61,77.9,152.8,25.53,0,0,7052.09
2024-02-16 09:00:00,Empirical_Utility_Substation,120000,1,11500.0,14.56,57.9,120.1,20.98,0,0,7156.75
2024-02-16 10:00:00,Empirical_Utility_Substation,120000,1,11500.0,16.75,65.6,397.0,24.75,0,0,7470.69
2024-02-16 11:00:00,Empirical_Utility_Substation,120000,1,11500.0,19.36,58.1,127.5,21.73,0,0,7389.08
2024-02-16 12:00:00,Empirical_Utility_Substation,120000,1,11500.0,20.27,79.6,132.0,18.86,0,0,7289.14
2024-02-16 13:00:00,Empirical_Utility_Substation,120000,1,11500.0,22.81,56.1,278.0,21.3,0,0,6818.36
2024-02-16 14:00:00,Empirical_Utility_Substation,120000,1,11500.0,22.45,77.0,203.2,19.74,0,0,6524.23
2024-02-16 15:00:00,Empirical_Utility_Substation,120000,1,11500.0,23.27,64.9,229.8,23.18,0,0,6251.09
2024-02-16 16:00:00,Empirical_Utility_Substation,120000,1,11500.0,24.36,71.2,154.3,19.29,0,0,6197.42
2024-02-16 17:00:00,Empirical_Utility_Substation,120000,1,11500.0,25.21,59.5,42.4,18.96,0,0,6493.13
2024-02-16 18:00:00,Empirical_Utility_Substation,120000,1,11500.0,23.85,72.9,0.0,23.88,0,0,6973.66
2024-02-16 19:00:00,Empirical_Utility_Substation,120000,1,11500.0,21.41,66.4,0.0,19.54,0,0,7655.06
2024-02-16 20:00:00,Empirical_Utility_Substation,120000,1,11500.0,18.47,68.8,0.0,21.77,0,0,7801.42
2024-02-16 21:00:00,Empirical_Utility_Substation,120000,1,11500.0,16.55,69.6,0.0,24.91,0,0,7805.49
2024-02-16 22:00:00,Empirical_Utility_Substation,120000,1,11500.0,13.4,76.3,0.0,21.89,0,0,7479.27
2024-02-16 23:00:00,Empirical_Utility_Substation,120000,1,11500.0,11.43,75.7,0.0,19.77,0,0,7275.83
2024-02-17 00:00:00,Empirical_Utility_Substation,120000,1,11500.0,8.94,73.4,0.0,25.89,1,0,5975.97
2024-02-17 01:00:00,Empirical_Utility_Substation,120000,1,11500.0,8.6,70.1,0.0,21.22,1,0,6009.07
2024-02-17 02:00:00,Empirical_Utility_Substation,120000,1,11500.0,9.25,77.2,0.0,22.61,1,0,6064.25
2024-02-17 03:00:00,Empirical_Utility_Substation,120000,1,11500.0,9.01,72.0,0.0,22.3,1,0,6165.82
2024-02-17 04:00:00,Empirical_Utility_Substation,120000,1,11500.0,10.62,73.5,0.0,25.67,1,0,6084.56
2024-02-17 05:00:00,Empirical_Utility_Substation,120000,1,11500.0,10.85,77.6,0.0,21.0,1,0,6121.81
2024-02-17 06:00:00,Empirical_Utility_Substation,120000,1,11500.0,12.31,78.8,0.0,23.4,1,0,6064.53
2024-02-17 07:00:00,Empirical_Utility_Substation,120000,1,11500.0,12.56,82.5,34.2,20.02,1,0,6121.84
2024-02-17 08:00:00,Empirical_Utility_Substation,120000,1,11500.0,14.13,74.1,66.0,20.54,1,0,6452.27
2024-02-17 09:00:00,Empirical_Utility_Substation,120000,1,11500.0,16.31,62.5,237.7,20.78,1,0,6678.78
2024-02-17 10:00:00,Empirical_Utility_Substation,120000,1,11500.0,18.01,61.3,437.2,20.4,1,0,6730.33
2024-02-17 11:00:00,Empirical_Utility_Substation,120000,1,11500.0,20.22,73.5,133.1,20.61,1,0,7013.15
2024-02-17 12:00:00,Empirical_Utility_Substation,120000,1,11500.0,21.37,79.4,472.8,24.27,1,0,6796.92
2024-02-17 13:00:00,Empirical_Utility_Substation,120000,1,11500.0,22.2,68.9,530.1,23.11,1,0,6548.19
2024-02-17 14:00:00,Empirical_Utility_Substation,120000,1,11500.0,22.78,62.5,152.7,21.29,1,0,6435.48
2024-02-17 15:00:00,Empirical_Utility_Substation,120000,1,11500.0,23.93,53.5,272.4,22.21,1,0,6116.97
2024-02-17 16:00:00,Empirical_Utility_Substation,120000,1,11500.0,23.89,61.9,226.4,24.49,1,0,5964.26
2024-02-17 17:00:00,Empirical_Utility_Substation,120000,1,11500.0,23.55,66.5,34.2,23.48,1,0,6166.96
2024-02-17 18:00:00,Empirical_Utility_Substation,120000,1,11500.0,22.63,68.4,0.0,24.62,1,0,6751.97
2024-02-17 19:00:00,Empirical_Utility_Substation,120000,1,11500.0,22.33,50.4,0.0,20.9,1,0,7184.22
2024-02-17 20:00:00,Empirical_Utility_Substation,120000,1,11500.0,18.59,73.8,0.0,19.93,1,0,7281.83
2024-02-17 21:00:00,Empirical_Utility_Substation,120000,1,11500.0,16.49,72.5,0.0,19.29,1,0,6928.01
2024-02-17 22:00:00,Empirical_Utility_Substation,120000,1,11500.0,15.06,78.0,0.0,21.53,1,0,6591.01
2024-02-17 23:00:00,Empirical_Utility_Substation,120000,1,11500.0,13.81,72.2,0.0,19.7,1,0,6256.78
2024-02-18 00:00:00,Empirical_Utility_Substation,120000,1,11500.0,11.45,69.1,0.0,25.98,1,0,5706.13
2024-02-18 01:00:00,Empirical_Utility_Substation,120000,1,11500.0,12.04,79.2,0.0,21.0,1,0,5525.81
2024-02-18 02:00:00,Empirical_Utility_Substation,120000,1,11500.0,11.59,70.6,0.0,21.85,1,0,5552.79
2024-02-18 03:00:00,Empirical_Utility_Substation,120000,1,11500.0,10.84,77.2,0.0,24.22,1,0,5663.43
2024-02-18 04:00:00,Empirical_Utility_Substation,120000,1,11500.0,12.27,75.6,0.0,19.43,1,0,5608.79
2024-02-18 05:00:00,Empirical_Utility_Substation,120000,1,11500.0,13.55,69.1,0.0,21.3,1,0,5648.31
2024-02-18 06:00:00,Empirical_Utility_Substation,120000,1,11500.0,12.91,82.0,0.0,21.12,1,0,5775.88
2024-02-18 07:00:00,Empirical_Utility_Substation,120000,1,11500.0,12.0,66.8,71.5,19.64,1,0,5746.99
2024-02-18 08:00:00,Empirical_Utility_Substation,120000,1,11500.0,12.64,72.2,182.1,23.62,1,0,5884.35
2024-02-18 09:00:00,Empirical_Utility_Substation,120000,1,11500.0,15.0,69.5,380.2,24.01,1,0,6219.82
2024-02-18 10:00:00,Empirical_Utility_Substation,120000,1,11500.0,17.25,68.8,304.5,20.47,1,0,6574.57
2024-02-18 11:00:00,Empirical_Utility_Substation,120000,1,11500.0,18.9,56.7,432.8,19.96,1,0,6654.22
2024-02-18 12:00:00,Empirical_Utility_Substation,120000,1,11500.0,20.78,56.5,186.6,20.46,1,0,6600.76
2024-02-18 13:00:00,Empirical_Utility_Substation,120000,1,11500.0,21.4,59.1,431.0,21.98,1,0,6468.41
2024-02-18 14:00:00,Empirical_Utility_Substation,120000,1,11500.0,22.98,72.5,318.1,21.37,1,0,6004.89
2024-02-18 15:00:00,Empirical_Utility_Substation,120000,1,11500.0,23.81,60.8,289.9,23.11,1,0,5612.69
2024-02-18 16:00:00,Empirical_Utility_Substation,120000,1,11500.0,22.62,61.7,241.0,22.61,1,0,5622.11
2024-02-18 17:00:00,Empirical_Utility_Substation,120000,1,11500.0,21.91,71.6,86.4,24.8,1,0,5962.63
2024-02-18 18:00:00,Empirical_Utility_Substation,120000,1,11500.0,21.01,76.5,0.0,21.52,1,0,6259.05
2024-02-18 19:00:00,Empirical_Utility_Substation,120000,1,11500.0,20.55,66.0,0.0,21.43,1,0,6715.61
2024-02-18 20:00:00,Empirical_Utility_Substation,120000,1,11500.0,18.22,66.6,0.0,21.16,1,0,6937.21
2024-02-18 21:00:00,Empirical_Utility_Substation,120000,1,11500.0,16.67,76.7,0.0,21.83,1,0,6764.97
2024-02-18 22:00:00,Empirical_Utility_Substation,120000,1,11500.0,15.71,83.2,0.0,21.5,1,0,6379.62
2024-02-18 23:00:00,Empirical_Utility_Substation,120000,1,11500.0,13.85,72.0,0.0,22.91,1,0,5939.79
2024-02-19 00:00:00,Empirical_Utility_Substation,120000,1,11500.0,13.68,66.3,0.0,21.55,0,0,6268.83
2024-02-19 01:00:00,Empirical_Utility_Substation,120000,1,11500.0,13.39,68.3,0.0,20.85,0,0,6233.37
2024-02-19 02:00:00,Empirical_Utility_Substation,120000,1,11500.0,12.17,74.7,0.0,24.56,0,0,6483.44
2024-02-19 03:00:00,Empirical_Utility_Substation,120000,1,11500.0,11.85,75.4,0.0,21.55,0,0,6709.81
2024-02-19 04:00:00,Empirical_Utility_Substation,120000,1,11500.0,12.13,73.6,0.0,22.78,0,0,6547.18
2024-02-19 05:00:00,Empirical_Utility_Substation,120000,1,11500.0,12.55,69.1,0.0,24.12,0,0,6837.77
2024-02-19 06:00:00,Empirical_Utility_Substation,120000,1,11500.0,12.36,63.3,0.0,22.34,0,0,7180.62
2024-02-19 07:00:00,Empirical_Utility_Substation,120000,1,11500.0,12.8,71.2,93.2,25.5,0,0,7389.27
2024-02-19 08:00:00,Empirical_Utility_Substation,120000,1,11500.0,15.77,66.2,155.3,21.06,0,0,7468.45
2024-02-19 09:00:00,Empirical_Utility_Substation,120000,1,11500.0,16.72,73.6,318.6,23.5,0,0,7716.78
2024-02-19 10:00:00,Empirical_Utility_Substation,120000,1,11500.0,18.58,64.7,305.3,21.62,0,0,7965.78
2024-02-19 11:00:00,Empirical_Utility_Substation,120000,1,11500.0,19.36,74.1,463.6,21.23,0,0,8204.59
2024-02-19 12:00:00,Empirical_Utility_Substation,120000,1,11500.0,18.7,67.4,132.0,20.65,0,0,8003.34
2024-02-19 13:00:00,Empirical_Utility_Substation,120000,1,11500.0,21.54,67.9,451.0,23.1,0,0,7687.61
2024-02-19 14:00:00,Empirical_Utility_Substation,120000,1,11500.0,21.27,65.0,114.3,20.09,0,0,7401.72
2024-02-19 15:00:00,Empirical_Utility_Substation,120000,1,11500.0,21.55,61.2,317.3,19.52,0,0,7144.85
2024-02-19 16:00:00,Empirical_Utility_Substation,120000,1,11500.0,20.59,69.0,220.3,22.54,0,0,7024.58
2024-02-19 17:00:00,Empirical_Utility_Substation,120000,1,11500.0,19.72,71.1,139.9,25.17,0,0,7102.14
2024-02-19 18:00:00,Empirical_Utility_Substation,120000,1,11500.0,18.84,74.3,0.0,23.7,0,0,7499.99
2024-02-19 19:00:00,Empirical_Utility_Substation,120000,1,11500.0,17.36,75.0,0.0,22.21,0,0,7867.89
2024-02-19 20:00:00,Empirical_Utility_Substation,120000,1,11500.0,16.57,70.1,0.0,20.71,0,0,7821.45
2024-02-19 21:00:00,Empirical_Utility_Substation,120000,1,11500.0,16.76,62.6,0.0,22.65,0,0,7662.4
2024-02-19 22:00:00,Empirical_Utility_Substation,120000,1,11500.0,14.96,71.3,0.0,23.39,0,0,7261.75
2024-02-19 23:00:00,Empirical_Utility_Substation,120000,1,11500.0,14.73,70.0,0.0,23.31,0,0,6723.05
2024-02-20 00:00:00,Empirical_Utility_Substation,120000,1,11500.0,13.08,77.0,0.0,24.11,0,0,6412.99
2024-02-20 01:00:00,Empirical_Utility_Substation,120000,1,11500.0,12.52,77.7,0.0,21.91,0,0,6417.3
2024-02-20 02:00:00,Empirical_Utility_Substation,120000,1,11500.0,11.35,68.1,0.0,22.89,0,0,6428.67
2024-02-20 03:00:00,Empirical_Utility_Substation,120000,1,11500.0,11.09,84.0,0.0,21.26,0,0,6520.5
2024-02-20 04:00:00,Empirical_Utility_Substation,120000,1,11500.0,11.19,78.1,0.0,21.08,0,0,6340.83
2024-02-20 05:00:00,Empirical_Utility_Substation,120000,1,11500.0,12.88,70.8,0.0,24.25,0,0,6494.84
2024-02-20 06:00:00,Empirical_Utility_Substation,120000,1,11500.0,14.27,70.1,0.0,24.09,0,0,6692.66
2024-02-20 07:00:00,Empirical_Utility_Substation,120000,1,11500.0,15.69,68.5,128.1,24.71,0,0,6756.18
2024-02-20 08:00:00,Empirical_Utility_Substation,120000,1,11500.0,16.58,64.6,127.8,24.02,0,0,6785.32
2024-02-20 09:00:00,Empirical_Utility_Substation,120000,1,11500.0,18.67,67.6,359.9,24.24,0,0,7016.9
2024-02-20 10:00:00,Empirical_Utility_Substation,120000,1,11500.0,20.72,69.7,135.5,28.31,0,0,7412.74
2024-02-20 11:00:00,Empirical_Utility_Substation,120000,1,11500.0,21.98,62.5,217.4,21.69,0,0,7581.2
2024-02-20 12:00:00,Empirical_Utility_Substation,120000,1,11500.0,22.39,64.6,312.0,26.36,0,0,7521.95
2024-02-20 13:00:00,Empirical_Utility_Substation,120000,1,11500.0,23.31,64.3,336.6,20.3,0,0,7279.26
2024-02-20 14:00:00,Empirical_Utility_Substation,120000,1,11500.0,22.43,69.6,211.9,21.37,0,0,7191.2
2024-02-20 15:00:00,Empirical_Utility_Substation,120000,1,11500.0,23.51,69.9,243.3,21.1,0,0,6894.69
2024-02-20 16:00:00,Empirical_Utility_Substation,120000,1,11500.0,21.42,66.5,144.9,22.44,0,0,6817.03
2024-02-20 17:00:00,Empirical_Utility_Substation,120000,1,11500.0,21.96,70.0,141.2,21.69,0,0,7179.56
2024-02-20 18:00:00,Empirical_Utility_Substation,120000,1,11500.0,20.2,57.3,0.0,24.34,0,0,7669.58
2024-02-20 19:00:00,Empirical_Utility_Substation,120000,1,11500.0,18.47,71.9,0.0,19.48,0,0,7964.03
2024-02-20 20:00:00,Empirical_Utility_Substation,120000,1,11500.0,16.79,62.8,0.0,27.86,0,0,8238.04
2024-02-20 21:00:00,Empirical_Utility_Substation,120000,1,11500.0,16.06,71.0,0.0,18.89,0,0,8071.22
2024-02-20 22:00:00,Empirical_Utility_Substation,120000,1,11500.0,14.2,73.0,0.0,24.67,0,0,7636.23
2024-02-20 23:00:00,Empirical_Utility_Substation,120000,1,11500.0,13.72,75.1,0.0,20.01,0,0,7104.4
2024-02-21 00:00:00,Empirical_Utility_Substation,120000,1,11500.0,13.75,78.6,0.0,22.56,0,0,6558.59
2024-02-21 01:00:00,Empirical_Utility_Substation,120000,1,11500.0,13.66,72.5,0.0,24.74,0,0,6602.66
2024-02-21 02:00:00,Empirical_Utility_Substation,120000,1,11500.0,12.07,67.1,0.0,24.3,0,0,6493.04
2024-02-21 03:00:00,Empirical_Utility_Substation,120000,1,11500.0,12.98,70.5,0.0,25.0,0,0,6518.49
2024-02-21 04:00:00,Empirical_Utility_Substation,120000,1,11500.0,12.5,76.2,0.0,24.34,0,0,6717.63
2024-02-21 05:00:00,Empirical_Utility_Substation,120000,1,11500.0,14.89,66.7,0.0,20.58,0,0,6619.82
2024-02-21 06:00:00,Empirical_Utility_Substation,120000,1,11500.0,15.12,82.6,0.0,27.74,0,0,6827.66
2024-02-21 07:00:00,Empirical_Utility_Substation,120000,1,11500.0,14.04,80.1,109.5,26.36,0,0,6978.56
2024-02-21 08:00:00,Empirical_Utility_Substation,120000,1,11500.0,16.28,69.0,108.0,21.59,0,0,7293.39
2024-02-21 09:00:00,Empirical_Utility_Substation,120000,1,11500.0,17.4,72.0,205.0,19.85,0,0,7656.4
2024-02-21 10:00:00,Empirical_Utility_Substation,120000,1,11500.0,17.76,67.4,145.7,28.36,0,0,7988.91
2024-02-21 11:00:00,Empirical_Utility_Substation,120000,1,11500.0,18.17,80.2,127.5,19.58,0,0,8209.79
2024-02-21 12:00:00,Empirical_Utility_Substation,120000,1,11500.0,20.91,54.8,567.5,18.74,0,0,8144.82
2024-02-21 13:00:00,Empirical_Utility_Substation,120000,1,11500.0,21.57,71.8,274.7,20.33,0,0,7629.01
2024-02-21 14:00:00,Empirical_Utility_Substation,120000,1,11500.0,21.76,57.8,260.2,21.39,0,0,7401.29
2024-02-21 15:00:00,Empirical_Utility_Substation,120000,1,11500.0,22.12,66.1,275.0,19.93,0,0,7001.99
2024-02-21 16:00:00,Empirical_Utility_Substation,120000,1,11500.0,22.35,71.6,195.8,25.18,0,0,6883.65
2024-02-21 17:00:00,Empirical_Utility_Substation,120000,1,11500.0,20.69,63.5,119.9,20.4,0,0,6949.73
2024-02-21 18:00:00,Empirical_Utility_Substation,120000,1,11500.0,20.08,62.3,0.0,20.58,0,0,7062.26
2024-02-21 19:00:00,Empirical_Utility_Substation,120000,1,11500.0,18.29,64.2,0.0,24.28,0,0,7522.12
2024-02-21 20:00:00,Empirical_Utility_Substation,120000,1,11500.0,17.01,69.8,0.0,25.45,0,0,7829.32
2024-02-21 21:00:00,Empirical_Utility_Substation,120000,1,11500.0,15.75,70.4,0.0,21.45,0,0,7841.19
2024-02-21 22:00:00,Empirical_Utility_Substation,120000,1,11500.0,17.32,62.3,0.0,19.91,0,0,7484.5
2024-02-21 23:00:00,Empirical_Utility_Substation,120000,1,11500.0,16.96,61.1,0.0,22.48,0,0,6939.95
2024-02-22 00:00:00,Empirical_Utility_Substation,120000,1,11500.0,18.36,64.9,0.0,20.43,0,0,6475.43
2024-02-22 01:00:00,Empirical_Utility_Substation,120000,1,11500.0,16.78,66.6,0.0,21.85,0,0,6374.21
2024-02-22 02:00:00,Empirical_Utility_Substation,120000,1,11500.0,16.74,69.4,0.0,23.24,0,0,6235.15
2024-02-22 03:00:00,Empirical_Utility_Substation,120000,1,11500.0,16.34,71.9,0.0,23.9,0,0,6311.83
2024-02-22 04:00:00,Empirical_Utility_Substation,120000,1,11500.0,17.5,64.7,0.0,24.37,0,0,6450.2
2024-02-22 05:00:00,Empirical_Utility_Substation,120000,1,11500.0,15.71,81.3,0.0,20.4,0,0,6455.33
2024-02-22 06:00:00,Empirical_Utility_Substation,120000,1,11500.0,15.05,84.9,0.0,25.73,0,0,6426.6
2024-02-22 07:00:00,Empirical_Utility_Substation,120000,1,11500.0,14.46,76.3,115.9,22.77,0,0,6519.38
2024-02-22 08:00:00,Empirical_Utility_Substation,120000,1,11500.0,16.53,72.1,196.0,21.15,0,0,6652.47
2024-02-22 09:00:00,Empirical_Utility_Substation,120000,1,11500.0,17.1,63.2,208.7,21.93,0,0,7013.89
2024-02-22 10:00:00,Empirical_Utility_Substation,120000,1,11500.0,18.78,71.0,186.1,24.08,0,0,7549.3
2024-02-22 11:00:00,Empirical_Utility_Substation,120000,1,11500.0,20.36,65.1,179.9,22.6,0,0,7858.45
2024-02-22 12:00:00,Empirical_Utility_Substation,120000,1,11500.0,21.17,68.2,313.4,19.23,0,0,7883.31
2024-02-22 13:00:00,Empirical_Utility_Substation,120000,1,11500.0,22.84,59.6,567.7,21.55,0,0,7446.88
2024-02-22 14:00:00,Empirical_Utility_Substation,120000,1,11500.0,23.08,63.0,150.5,22.78,0,0,7173.75
2024-02-22 15:00:00,Empirical_Utility_Substation,120000,1,11500.0,24.09,58.6,265.9,25.28,0,0,6926.47
2024-02-22 16:00:00,Empirical_Utility_Substation,120000,1,11500.0,23.16,59.8,225.8,24.29,0,0,6903.58
2024-02-22 17:00:00,Empirical_Utility_Substation,120000,1,11500.0,22.94,57.4,59.4,20.6,0,0,7325.36
2024-02-22 18:00:00,Empirical_Utility_Substation,120000,1,11500.0,22.54,67.0,0.0,22.13,0,0,7708.45
2024-02-22 19:00:00,Empirical_Utility_Substation,120000,1,11500.0,19.83,71.4,0.0,19.94,0,0,8021.48
2024-02-22 20:00:00,Empirical_Utility_Substation,120000,1,11500.0,18.61,58.1,0.0,24.75,0,0,8100.75
2024-02-22 21:00:00,Empirical_Utility_Substation,120000,1,11500.0,16.85,56.8,0.0,23.7,0,0,7996.22
2024-02-22 22:00:00,Empirical_Utility_Substation,120000,1,11500.0,14.7,75.6,0.0,24.39,0,0,7412.98
2024-02-22 23:00:00,Empirical_Utility_Substation,120000,1,11500.0,15.64,73.9,0.0,25.69,0,0,7001.17
2024-02-23 00:00:00,Empirical_Utility_Substation,120000,1,11500.0,15.35,78.9,0.0,22.99,0,0,6411.3
2024-02-23 01:00:00,Empirical_Utility_Substation,120000,1,11500.0,15.3,64.4,0.0,21.96,0,0,6385.29
2024-02-23 02:00:00,Empirical_Utility_Substation,120000,1,11500.0,16.17,79.5,0.0,22.37,0,0,6376.77
2024-02-23 03:00:00,Empirical_Utility_Substation,120000,1,11500.0,16.24,89.5,0.0,20.67,0,0,6487.16
2024-02-23 04:00:00,Empirical_Utility_Substation,120000,1,11500.0,15.54,68.3,0.0,22.21,0,0,6536.82
2024-02-23 05:00:00,Empirical_Utility_Substation,120000,1,11500.0,17.09,54.0,0.0,22.43,0,0,6575.26
2024-02-23 06:00:00,Empirical_Utility_Substation,120000,1,11500.0,16.69,61.1,0.0,19.5,0,0,6845.17
2024-02-23 07:00:00,Empirical_Utility_Substation,120000,1,11500.0,16.43,76.4,109.4,22.23,0,0,7146.53
2024-02-23 08:00:00,Empirical_Utility_Substation,120000,1,11500.0,17.89,75.9,66.0,20.62,0,0,7350.08
2024-02-23 09:00:00,Empirical_Utility_Substation,120000,1,11500.0,19.74,62.6,346.4,22.35,0,0,7513.84
2024-02-23 10:00:00,Empirical_Utility_Substation,120000,1,11500.0,20.31,55.6,310.7,21.34,0,0,7779.79
2024-02-23 11:00:00,Empirical_Utility_Substation,120000,1,11500.0,21.08,52.5,167.9,21.45,0,0,7727.38
2024-02-23 12:00:00,Empirical_Utility_Substation,120000,1,11500.0,21.44,57.6,562.2,22.07,0,0,7566.88
2024-02-23 13:00:00,Empirical_Utility_Substation,120000,1,11500.0,22.68,62.9,367.9,22.01,0,0,7395.81
2024-02-23 14:00:00,Empirical_Utility_Substation,120000,1,11500.0,23.12,61.8,508.0,22.4,0,0,7096.5
2024-02-23 15:00:00,Empirical_Utility_Substation,120000,1,11500.0,22.85,55.8,284.2,20.47,0,0,6951.93
2024-02-23 16:00:00,Empirical_Utility_Substation,120000,1,11500.0,22.53,60.8,230.6,21.46,0,0,6864.54
2024-02-23 17:00:00,Empirical_Utility_Substation,120000,1,11500.0,22.92,62.1,98.0,20.3,0,0,7038.05
2024-02-23 18:00:00,Empirical_Utility_Substation,120000,1,11500.0,21.85,59.0,0.0,27.69,0,0,7403.58
2024-02-23 19:00:00,Empirical_Utility_Substation,120000,1,11500.0,20.49,52.1,0.0,22.35,0,0,7826.82
2024-02-23 20:00:00,Empirical_Utility_Substation,120000,1,11500.0,18.79,68.1,0.0,21.82,0,0,7877.17
2024-02-23 21:00:00,Empirical_Utility_Substation,120000,1,11500.0,18.72,58.3,0.0,23.35,0,0,7624.16
2024-02-23 22:00:00,Empirical_Utility_Substation,120000,1,11500.0,17.64,72.0,0.0,22.97,0,0,6989.1
2024-02-23 23:00:00,Empirical_Utility_Substation,120000,1,11500.0,17.22,75.4,0.0,21.17,0,0,6715.8
2024-02-24 00:00:00,Empirical_Utility_Substation,120000,1,11500.0,16.31,69.3,0.0,20.07,1,0,5623.04
2024-02-24 01:00:00,Empirical_Utility_Substation,120000,1,11500.0,13.78,76.8,0.0,22.47,1,0,5560.31
2024-02-24 02:00:00,Empirical_Utility_Substation,120000,1,11500.0,12.74,81.1,0.0,22.49,1,0,5644.81
2024-02-24 03:00:00,Empirical_Utility_Substation,120000,1,11500.0,12.62,78.8,0.0,22.98,1,0,5707.17
2024-02-24 04:00:00,Empirical_Utility_Substation,120000,1,11500.0,13.83,68.9,0.0,23.05,1,0,5617.48
2024-02-24 05:00:00,Empirical_Utility_Substation,120000,1,11500.0,12.06,77.7,0.0,20.8,1,0,5688.6
2024-02-24 06:00:00,Empirical_Utility_Substation,120000,1,11500.0,13.57,71.9,0.0,20.18,1,0,5870.8
2024-02-24 07:00:00,Empirical_Utility_Substation,120000,1,11500.0,15.71,70.4,106.7,23.4,1,0,6083.84
2024-02-24 08:00:00,Empirical_Utility_Substation,120000,1,11500.0,16.01,68.5,114.2,20.12,1,0,6375.59
2024-02-24 09:00:00,Empirical_Utility_Substation,120000,1,11500.0,16.05,69.1,351.3,21.64,1,0,6577.46
2024-02-24 10:00:00,Empirical_Utility_Substation,120000,1,11500.0,20.37,70.5,431.2,25.13,1,0,6663.55
2024-02-24 11:00:00,Empirical_Utility_Substation,120000,1,11500.0,21.52,53.9,328.4,22.0,1,0,6911.8
2024-02-24 12:00:00,Empirical_Utility_Substation,120000,1,11500.0,21.88,64.7,228.5,23.12,1,0,6711.66
2024-02-24 13:00:00,Empirical_Utility_Substation,120000,1,11500.0,22.79,59.8,355.6,24.22,1,0,6540.91
2024-02-24 14:00:00,Empirical_Utility_Substation,120000,1,11500.0,24.15,64.1,285.9,23.93,1,0,6301.18
2024-02-24 15:00:00,Empirical_Utility_Substation,120000,1,11500.0,23.53,60.0,94.9,21.24,1,0,6162.98
2024-02-24 16:00:00,Empirical_Utility_Substation,120000,1,11500.0,24.5,71.8,155.1,19.33,1,0,6024.91
2024-02-24 17:00:00,Empirical_Utility_Substation,120000,1,11500.0,22.28,71.6,77.5,22.05,1,0,6324.62
2024-02-24 18:00:00,Empirical_Utility_Substation,120000,1,11500.0,21.26,72.0,0.0,22.35,1,0,6604.87
2024-02-24 19:00:00,Empirical_Utility_Substation,120000,1,11500.0,20.12,67.8,0.0,21.42,1,0,6773.24
2024-02-24 20:00:00,Empirical_Utility_Substation,120000,1,11500.0,20.1,68.4,0.0,19.01,1,0,6862.21
2024-02-24 21:00:00,Empirical_Utility_Substation,120000,1,11500.0,18.42,71.0,0.0,19.34,1,0,6571.01
2024-02-24 22:00:00,Empirical_Utility_Substation,120000,1,11500.0,16.77,78.7,0.0,24.93,1,0,6280.26
2024-02-24 23:00:00,Empirical_Utility_Substation,120000,1,11500.0,15.06,77.2,0.0,21.61,1,0,5944.92
2024-02-25 00:00:00,Empirical_Utility_Substation,120000,1,11500.0,11.86,71.2,0.0,21.6,1,0,5494.87
2024-02-25 01:00:00,Empirical_Utility_Substation,120000,1,11500.0,10.64,83.7,0.0,20.09,1,0,5572.29
2024-02-25 02:00:00,Empirical_Utility_Substation,120000,1,11500.0,12.25,87.5,0.0,20.94,1,0,5761.01
2024-02-25 03:00:00,Empirical_Utility_Substation,120000,1,11500.0,11.89,67.2,0.0,21.09,1,0,5713.74
2024-02-25 04:00:00,Empirical_Utility_Substation,120000,1,11500.0,12.75,78.3,0.0,21.1,1,0,5688.7
2024-02-25 05:00:00,Empirical_Utility_Substation,120000,1,11500.0,12.94,65.0,0.0,20.44,1,0,5614.13
2024-02-25 06:00:00,Empirical_Utility_Substation,120000,1,11500.0,14.0,70.3,0.0,23.9,1,0,5658.37
2024-02-25 07:00:00,Empirical_Utility_Substation,120000,1,11500.0,14.83,70.2,54.4,23.98,1,0,6069.0
2024-02-25 08:00:00,Empirical_Utility_Substation,120000,1,11500.0,15.39,69.4,229.9,23.29,1,0,6253.84
2024-02-25 09:00:00,Empirical_Utility_Substation,120000,1,11500.0,17.23,71.9,174.2,22.89,1,0,6683.82
2024-02-25 10:00:00,Empirical_Utility_Substation,120000,1,11500.0,17.95,66.9,294.3,20.35,1,0,6865.4
2024-02-25 11:00:00,Empirical_Utility_Substation,120000,1,11500.0,20.22,65.3,184.3,23.07,1,0,6991.61
2024-02-25 12:00:00,Empirical_Utility_Substation,120000,1,11500.0,21.95,57.8,497.7,21.82,1,0,7150.38
2024-02-25 13:00:00,Empirical_Utility_Substation,120000,1,11500.0,22.05,59.1,497.6,21.94,1,0,6907.37
2024-02-25 14:00:00,Empirical_Utility_Substation,120000,1,11500.0,21.91,65.6,243.9,22.87,1,0,6472.58
2024-02-25 15:00:00,Empirical_Utility_Substation,120000,1,11500.0,23.25,66.0,185.6,22.43,1,0,6127.83
2024-02-25 16:00:00,Empirical_Utility_Substation,120000,1,11500.0,23.99,62.3,259.3,20.89,1,0,5861.42
2024-02-25 17:00:00,Empirical_Utility_Substation,120000,1,11500.0,22.99,55.2,103.1,23.21,1,0,6162.78
2024-02-25 18:00:00,Empirical_Utility_Substation,120000,1,11500.0,21.87,71.7,0.0,23.07,1,0,6246.95
2024-02-25 19:00:00,Empirical_Utility_Substation,120000,1,11500.0,20.39,67.5,0.0,22.07,1,0,6726.56
2024-02-25 20:00:00,Empirical_Utility_Substation,120000,1,11500.0,20.27,65.2,0.0,24.29,1,0,6895.93
2024-02-25 21:00:00,Empirical_Utility_Substation,120000,1,11500.0,19.45,72.8,0.0,23.6,1,0,6718.54
2024-02-25 22:00:00,Empirical_Utility_Substation,120000,1,11500.0,18.28,68.2,0.0,22.59,1,0,6484.62
2024-02-25 23:00:00,Empirical_Utility_Substation,120000,1,11500.0,15.94,69.8,0.0,20.95,1,0,6156.6
2024-02-26 00:00:00,Empirical_Utility_Substation,120000,1,11500.0,13.92,75.1,0.0,21.94,0,0,6403.46
2024-02-26 01:00:00,Empirical_Utility_Substation,120000,1,11500.0,13.85,81.7,0.0,23.48,0,0,6457.24
2024-02-26 02:00:00,Empirical_Utility_Substation,120000,1,11500.0,14.71,71.1,0.0,20.26,0,0,6713.75
2024-02-26 03:00:00,Empirical_Utility_Substation,120000,1,11500.0,11.85,84.6,0.0,23.19,0,0,6755.72
2024-02-26 04:00:00,Empirical_Utility_Substation,120000,1,11500.0,10.6,81.3,0.0,22.22,0,0,7017.97
2024-02-26 05:00:00,Empirical_Utility_Substation,120000,1,11500.0,11.84,68.4,0.0,23.11,0,0,6790.57
2024-02-26 06:00:00,Empirical_Utility_Substation,120000,1,11500.0,12.56,76.3,0.0,24.83,0,0,6893.9
2024-02-26 07:00:00,Empirical_Utility_Substation,120000,1,11500.0,12.92,67.4,79.7,20.52,0,0,6981.42
2024-02-26 08:00:00,Empirical_Utility_Substation,120000,1,11500.0,14.99,72.0,187.8,21.18,0,0,7352.33
2024-02-26 09:00:00,Empirical_Utility_Substation,120000,1,11500.0,15.29,70.0,391.2,20.54,0,0,7574.05
2024-02-26 10:00:00,Empirical_Utility_Substation,120000,1,11500.0,17.7,64.2,114.3,23.97,0,0,7753.94
2024-02-26 11:00:00,Empirical_Utility_Substation,120000,1,11500.0,18.72,75.8,127.5,21.31,0,0,7927.62
2024-02-26 12:00:00,Empirical_Utility_Substation,120000,1,11500.0,21.46,66.8,450.6,27.56,0,0,7846.86
2024-02-26 13:00:00,Empirical_Utility_Substation,120000,1,11500.0,22.13,70.5,495.6,24.25,0,0,7540.81
2024-02-26 14:00:00,Empirical_Utility_Substation,120000,1,11500.0,23.56,64.9,250.5,24.88,0,0,7302.76
2024-02-26 15:00:00,Empirical_Utility_Substation,120000,1,11500.0,23.27,62.4,249.3,23.27,0,0,7168.08
2024-02-26 16:00:00,Empirical_Utility_Substation,120000,1,11500.0,22.17,63.9,151.5,20.6,0,0,7082.9
2024-02-26 17:00:00,Empirical_Utility_Substation,120000,1,11500.0,21.12,61.1,127.2,21.23,0,0,7193.65
2024-02-26 18:00:00,Empirical_Utility_Substation,120000,1,11500.0,20.38,74.9,0.0,21.96,0,0,7351.93
2024-02-26 19:00:00,Empirical_Utility_Substation,120000,1,11500.0,17.93,73.8,0.0,23.83,0,0,7907.75
2024-02-26 20:00:00,Empirical_Utility_Substation,120000,1,11500.0,17.78,59.5,0.0,19.65,0,0,7978.91
2024-02-26 21:00:00,Empirical_Utility_Substation,120000,1,11500.0,16.41,70.1,0.0,22.51,0,0,7704.76
2024-02-26 22:00:00,Empirical_Utility_Substation,120000,1,11500.0,12.96,66.5,0.0,26.45,0,0,7322.98
2024-02-26 23:00:00,Empirical_Utility_Substation,120000,1,11500.0,10.53,70.4,0.0,21.52,0,0,7231.45
2024-02-27 00:00:00,Empirical_Utility_Substation,120000,1,11500.0,8.89,76.3,0.0,20.33,0,0,6868.79
2024-02-27 01:00:00,Empirical_Utility_Substation,120000,1,11500.0,7.39,78.4,0.0,22.94,0,0,7001.95
2024-02-27 02:00:00,Empirical_Utility_Substation,120000,1,11500.0,7.44,76.4,0.0,20.46,0,0,6808.14
2024-02-27 03:00:00,Empirical_Utility_Substation,120000,1,11500.0,7.46,80.6,0.0,24.57,0,0,6720.39
2024-02-27 04:00:00,Empirical_Utility_Substation,120000,1,11500.0,8.37,78.9,0.0,22.93,0,0,6738.35
2024-02-27 05:00:00,Empirical_Utility_Substation,120000,1,11500.0,8.58,79.9,0.0,22.65,0,0,6824.49
2024-02-27 06:00:00,Empirical_Utility_Substation,120000,1,11500.0,10.66,74.5,0.0,21.99,0,0,6754.0
2024-02-27 07:00:00,Empirical_Utility_Substation,120000,1,11500.0,11.41,72.7,101.1,22.06,0,0,6949.28
2024-02-27 08:00:00,Empirical_Utility_Substation,120000,1,11500.0,12.27,75.3,120.3,24.35,0,0,7233.21
2024-02-27 09:00:00,Empirical_Utility_Substation,120000,1,11500.0,14.42,81.2,93.3,21.58,0,0,7589.6
2024-02-27 10:00:00,Empirical_Utility_Substation,120000,1,11500.0,15.18,77.7,176.5,25.67,0,0,7835.64
2024-02-27 11:00:00,Empirical_Utility_Substation,120000,1,11500.0,17.64,64.9,338.9,27.47,0,0,8048.58
2024-02-27 12:00:00,Empirical_Utility_Substation,120000,1,11500.0,20.36,72.7,534.0,24.15,0,0,7720.53
2024-02-27 13:00:00,Empirical_Utility_Substation,120000,1,11500.0,22.18,65.2,480.7,24.53,0,0,7482.31
2024-02-27 14:00:00,Empirical_Utility_Substation,120000,1,11500.0,21.98,54.0,433.3,21.75,0,0,7097.91
2024-02-27 15:00:00,Empirical_Utility_Substation,120000,1,11500.0,21.77,66.5,244.4,20.35,0,0,6776.84
2024-02-27 16:00:00,Empirical_Utility_Substation,120000,1,11500.0,22.21,66.8,66.0,21.53,0,0,6800.65
2024-02-27 17:00:00,Empirical_Utility_Substation,120000,1,11500.0,21.53,58.5,61.4,21.83,0,0,7072.89
2024-02-27 18:00:00,Empirical_Utility_Substation,120000,1,11500.0,21.96,67.3,0.0,20.14,0,0,7625.08
2024-02-27 19:00:00,Empirical_Utility_Substation,120000,1,11500.0,22.04,79.5,0.0,25.11,0,0,7849.64
2024-02-27 20:00:00,Empirical_Utility_Substation,120000,1,11500.0,21.59,76.2,0.0,23.1,0,0,8110.75
2024-02-27 21:00:00,Empirical_Utility_Substation,120000,1,11500.0,21.42,65.7,0.0,24.39,0,0,7869.73
2024-02-27 22:00:00,Empirical_Utility_Substation,120000,1,11500.0,18.94,66.9,0.0,21.94,0,0,7389.28
2024-02-27 23:00:00,Empirical_Utility_Substation,120000,1,11500.0,16.83,75.8,0.0,19.4,0,0,6864.48
2024-02-28 00:00:00,Empirical_Utility_Substation,120000,1,11500.0,16.24,76.6,0.0,22.0,0,0,6296.52
2024-02-28 01:00:00,Empirical_Utility_Substation,120000,1,11500.0,16.8,66.0,0.0,24.77,0,0,6255.65
2024-02-28 02:00:00,Empirical_Utility_Substation,120000,1,11500.0,15.14,76.3,0.0,22.43,0,0,6421.77
2024-02-28 03:00:00,Empirical_Utility_Substation,120000,1,11500.0,14.53,76.0,0.0,23.06,0,0,6385.25
2024-02-28 04:00:00,Empirical_Utility_Substation,120000,1,11500.0,14.99,64.5,0.0,20.49,0,0,6591.11
2024-02-28 05:00:00,Empirical_Utility_Substation,120000,1,11500.0,15.24,71.4,0.0,21.25,0,0,6695.14
2024-02-28 06:00:00,Empirical_Utility_Substation,120000,1,11500.0,13.96,75.9,0.0,25.26,0,0,6731.14
2024-02-28 07:00:00,Empirical_Utility_Substation,120000,1,11500.0,14.6,76.4,34.2,22.2,0,0,6718.84
2024-02-28 08:00:00,Empirical_Utility_Substation,120000,1,11500.0,15.55,76.4,83.6,22.32,0,0,6795.15
2024-02-28 09:00:00,Empirical_Utility_Substation,120000,1,11500.0,16.7,72.7,230.1,25.64,0,0,7261.28
2024-02-28 10:00:00,Empirical_Utility_Substation,120000,1,11500.0,17.3,66.9,282.6,23.9,0,0,7676.82
2024-02-28 11:00:00,Empirical_Utility_Substation,120000,1,11500.0,18.55,71.6,415.9,30.4,0,0,7919.9
2024-02-28 12:00:00,Empirical_Utility_Substation,120000,1,11500.0,17.92,66.0,229.1,21.08,0,0,7779.84
2024-02-28 13:00:00,Empirical_Utility_Substation,120000,1,11500.0,18.27,75.4,353.6,22.97,0,0,7493.62
2024-02-28 14:00:00,Empirical_Utility_Substation,120000,1,11500.0,18.66,70.0,316.2,22.01,0,0,7049.85
2024-02-28 15:00:00,Empirical_Utility_Substation,120000,1,11500.0,19.14,67.1,106.2,23.09,0,0,6795.99
2024-02-28 16:00:00,Empirical_Utility_Substation,120000,1,11500.0,19.97,63.2,154.8,22.91,0,0,6965.67
2024-02-28 17:00:00,Empirical_Utility_Substation,120000,1,11500.0,19.12,61.0,80.3,22.09,0,0,7082.34
2024-02-28 18:00:00,Empirical_Utility_Substation,120000,1,11500.0,18.98,78.1,0.0,23.01,0,0,7457.4
2024-02-28 19:00:00,Empirical_Utility_Substation,120000,1,11500.0,17.77,82.2,0.0,21.96,0,0,7892.31
2024-02-28 20:00:00,Empirical_Utility_Substation,120000,1,11500.0,15.44,75.0,0.0,22.12,0,0,8118.65
2024-02-28 21:00:00,Empirical_Utility_Substation,120000,1,11500.0,14.45,73.2,0.0,24.24,0,0,7976.58
2024-02-28 22:00:00,Empirical_Utility_Substation,120000,1,11500.0,13.67,67.1,0.0,25.89,0,0,7477.59
2024-02-28 23:00:00,Empirical_Utility_Substation,120000,1,11500.0,13.86,65.6,0.0,20.23,0,0,6915.5
2024-02-29 00:00:00,Empirical_Utility_Substation,120000,1,11500.0,12.94,75.4,0.0,20.0,0,0,6290.55
2024-02-29 01:00:00,Empirical_Utility_Substation,120000,1,11500.0,12.43,77.2,0.0,21.23,0,0,6309.27
2024-02-29 02:00:00,Empirical_Utility_Substation,120000,1,11500.0,12.96,76.1,0.0,23.7,0,0,6287.1
2024-02-29 03:00:00,Empirical_Utility_Substation,120000,1,11500.0,12.91,72.0,0.0,25.82,0,0,6153.38
2024-02-29 04:00:00,Empirical_Utility_Substation,120000,1,11500.0,11.65,74.9,0.0,22.49,0,0,6190.34
2024-02-29 05:00:00,Empirical_Utility_Substation,120000,1,11500.0,11.69,72.2,0.0,21.48,0,0,6266.47
2024-02-29 06:00:00,Empirical_Utility_Substation,120000,1,11500.0,13.34,73.3,0.0,23.17,0,0,6477.96
2024-02-29 07:00:00,Empirical_Utility_Substation,120000,1,11500.0,14.46,69.2,110.1,20.85,0,0,6581.37
2024-02-29 08:00:00,Empirical_Utility_Substation,120000,1,11500.0,16.27,74.0,181.6,21.41,0,0,7069.4
2024-02-29 09:00:00,Empirical_Utility_Substation,120000,1,11500.0,18.73,64.3,108.6,20.1,0,0,7310.03
2024-02-29 10:00:00,Empirical_Utility_Substation,120000,1,11500.0,20.33,69.4,385.3,26.2,0,0,7398.18
2024-02-29 11:00:00,Empirical_Utility_Substation,120000,1,11500.0,21.74,53.6,127.5,23.87,0,0,7549.56
2024-02-29 12:00:00,Empirical_Utility_Substation,120000,1,11500.0,22.69,63.6,508.7,25.2,0,0,7423.3
2024-02-29 13:00:00,Empirical_Utility_Substation,120000,1,11500.0,23.75,59.2,176.0,23.91,0,0,7097.4
2024-02-29 14:00:00,Empirical_Utility_Substation,120000,1,11500.0,24.12,59.5,223.1,19.61,0,0,6746.9
2024-02-29 15:00:00,Empirical_Utility_Substation,120000,1,11500.0,24.73,66.2,289.0,24.34,0,0,6873.37
2024-02-29 16:00:00,Empirical_Utility_Substation,120000,1,11500.0,24.26,56.9,76.8,22.15,0,0,6785.73
2024-02-29 17:00:00,Empirical_Utility_Substation,120000,1,11500.0,23.67,68.3,124.7,23.89,0,0,6985.07
2024-02-29 18:00:00,Empirical_Utility_Substation,120000,1,11500.0,20.9,67.7,0.0,24.45,0,0,7712.05
2024-02-29 19:00:00,Empirical_Utility_Substation,120000,1,11500.0,19.74,59.3,0.0,23.4,0,0,8132.89
2024-02-29 20:00:00,Empirical_Utility_Substation,120000,1,11500.0,17.73,64.0,0.0,24.53,0,0,8524.33
2024-02-29 21:00:00,Empirical_Utility_Substation,120000,1,11500.0,15.86,71.2,0.0,22.61,0,0,8442.47
2024-02-29 22:00:00,Empirical_Utility_Substation,120000,1,11500.0,14.38,75.0,0.0,20.68,0,0,7875.54
2024-02-29 23:00:00,Empirical_Utility_Substation,120000,1,11500.0,12.99,80.1,0.0,21.35,0,0,7412.14
2024-03-01 00:00:00,Empirical_Utility_Substation,120000,1,11500.0,13.09,71.3,0.0,22.52,0,0,6621.49
2024-03-01 01:00:00,Empirical_Utility_Substation,120000,1,11500.0,12.66,66.3,0.0,23.79,0,0,6597.34
2024-03-01 02:00:00,Empirical_Utility_Substation,120000,1,11500.0,12.02,80.1,0.0,20.47,0,0,6419.24
2024-03-01 03:00:00,Empirical_Utility_Substation,120000,1,11500.0,11.06,76.4,0.0,22.09,0,0,6359.64
2024-03-01 04:00:00,Empirical_Utility_Substation,120000,1,11500.0,9.47,69.8,0.0,20.0,0,0,6580.45
2024-03-01 05:00:00,Empirical_Utility_Substation,120000,1,11500.0,10.31,82.1,0.0,21.77,0,0,6738.4
2024-03-01 06:00:00,Empirical_Utility_Substation,120000,1,11500.0,13.11,72.0,0.0,26.21,0,0,6702.08
2024-03-01 07:00:00,Empirical_Utility_Substation,120000,1,11500.0,13.22,82.9,58.0,21.21,0,0,6801.0
2024-03-01 08:00:00,Empirical_Utility_Substation,120000,1,11500.0,15.67,69.0,162.7,21.41,0,0,6972.54
2024-03-01 09:00:00,Empirical_Utility_Substation,120000,1,11500.0,16.77,61.3,325.2,23.17,0,0,7307.23
2024-03-01 10:00:00,Empirical_Utility_Substation,120000,1,11500.0,17.65,66.2,131.2,24.55,0,0,7470.68
2024-03-01 11:00:00,Empirical_Utility_Substation,120000,1,11500.0,20.49,64.0,127.5,20.75,0,0,7688.08
2024-03-01 12:00:00,Empirical_Utility_Substation,120000,1,11500.0,22.33,53.8,542.0,21.4,0,0,7639.96
2024-03-01 13:00:00,Empirical_Utility_Substation,120000,1,11500.0,22.65,72.8,222.9,20.63,0,0,7207.7
2024-03-01 14:00:00,Empirical_Utility_Substation,120000,1,11500.0,23.6,68.7,227.2,24.06,0,0,7005.15
2024-03-01 15:00:00,Empirical_Utility_Substation,120000,1,11500.0,22.97,62.5,297.5,23.02,0,0,6676.05
2024-03-01 16:00:00,Empirical_Utility_Substation,120000,1,11500.0,23.77,62.9,182.6,24.82,0,0,6633.22
2024-03-01 17:00:00,Empirical_Utility_Substation,120000,1,11500.0,24.6,52.0,159.5,22.97,0,0,7065.36
2024-03-01 18:00:00,Empirical_Utility_Substation,120000,1,11500.0,22.9,66.1,0.0,21.28,0,0,7551.85
2024-03-01 19:00:00,Empirical_Utility_Substation,120000,1,11500.0,23.0,65.9,0.0,22.87,0,0,7927.81
2024-03-01 20:00:00,Empirical_Utility_Substation,120000,1,11500.0,21.26,62.6,0.0,19.33,0,0,8034.27
2024-03-01 21:00:00,Empirical_Utility_Substation,120000,1,11500.0,19.9,71.3,0.0,22.05,0,0,7724.89
2024-03-01 22:00:00,Empirical_Utility_Substation,120000,1,11500.0,19.2,59.2,0.0,22.17,0,0,7321.51
2024-03-01 23:00:00,Empirical_Utility_Substation,120000,1,11500.0,18.04,74.8,0.0,25.36,0,0,6676.9
2024-03-02 00:00:00,Empirical_Utility_Substation,120000,1,11500.0,15.66,79.5,0.0,19.77,1,0,5415.64
2024-03-02 01:00:00,Empirical_Utility_Substation,120000,1,11500.0,14.43,73.1,0.0,22.17,1,0,5472.8
2024-03-02 02:00:00,Empirical_Utility_Substation,120000,1,11500.0,13.44,71.7,0.0,24.57,1,0,5501.05
2024-03-02 03:00:00,Empirical_Utility_Substation,120000,1,11500.0,13.49,78.1,0.0,24.47,1,0,5386.65
2024-03-02 04:00:00,Empirical_Utility_Substation,120000,1,11500.0,14.27,70.3,0.0,21.87,1,0,5298.47
2024-03-02 05:00:00,Empirical_Utility_Substation,120000,1,11500.0,16.44,69.3,0.0,22.61,1,0,5457.37
2024-03-02 06:00:00,Empirical_Utility_Substation,120000,1,11500.0,18.21,79.5,0.0,21.89,1,0,5714.81
2024-03-02 07:00:00,Empirical_Utility_Substation,120000,1,11500.0,18.77,69.2,34.2,23.15,1,0,5672.69
2024-03-02 08:00:00,Empirical_Utility_Substation,120000,1,11500.0,19.9,70.1,225.5,20.31,1,0,6064.34
2024-03-02 09:00:00,Empirical_Utility_Substation,120000,1,11500.0,22.15,64.7,299.9,22.22,1,0,6478.57
2024-03-02 10:00:00,Empirical_Utility_Substation,120000,1,11500.0,23.1,69.3,364.6,24.74,1,0,7032.42
2024-03-02 11:00:00,Empirical_Utility_Substation,120000,1,11500.0,22.34,59.1,359.7,21.93,1,0,6953.15
2024-03-02 12:00:00,Empirical_Utility_Substation,120000,1,11500.0,23.0,70.3,414.3,19.77,1,0,6694.34
2024-03-02 13:00:00,Empirical_Utility_Substation,120000,1,11500.0,23.35,63.2,434.1,22.12,1,0,6309.12
2024-03-02 14:00:00,Empirical_Utility_Substation,120000,1,11500.0,24.01,56.2,114.3,20.79,1,0,6445.9
2024-03-02 15:00:00,Empirical_Utility_Substation,120000,1,11500.0,23.5,74.5,198.5,21.83,1,0,6141.49
2024-03-02 16:00:00,Empirical_Utility_Substation,120000,1,11500.0,22.49,69.1,185.8,23.37,1,0,6177.91
2024-03-02 17:00:00,Empirical_Utility_Substation,120000,1,11500.0,21.57,71.4,99.8,22.53,1,0,6488.92
2024-03-02 18:00:00,Empirical_Utility_Substation,120000,1,11500.0,19.8,50.3,0.0,21.72,1,0,6681.46
2024-03-02 19:00:00,Empirical_Utility_Substation,120000,1,11500.0,20.23,71.0,0.0,23.38,1,0,6959.56
2024-03-02 20:00:00,Empirical_Utility_Substation,120000,1,11500.0,19.6,69.8,0.0,22.74,1,0,6978.14
2024-03-02 21:00:00,Empirical_Utility_Substation,120000,1,11500.0,16.58,71.2,0.0,24.84,1,0,6712.51
2024-03-02 22:00:00,Empirical_Utility_Substation,120000,1,11500.0,15.17,72.9,0.0,20.67,1,0,6261.78
2024-03-02 23:00:00,Empirical_Utility_Substation,120000,1,11500.0,15.02,66.4,0.0,21.64,1,0,6004.06
2024-03-03 00:00:00,Empirical_Utility_Substation,120000,1,11500.0,14.72,66.8,0.0,22.08,1,0,5403.27
2024-03-03 01:00:00,Empirical_Utility_Substation,120000,1,11500.0,14.04,78.0,0.0,22.01,1,0,5353.42
2024-03-03 02:00:00,Empirical_Utility_Substation,120000,1,11500.0,13.44,78.4,0.0,24.79,1,0,5438.75
2024-03-03 03:00:00,Empirical_Utility_Substation,120000,1,11500.0,12.59,79.9,0.0,22.93,1,0,5355.02
2024-03-03 04:00:00,Empirical_Utility_Substation,120000,1,11500.0,11.7,80.8,0.0,19.88,1,0,5416.09
2024-03-03 05:00:00,Empirical_Utility_Substation,120000,1,11500.0,12.45,72.9,0.0,23.47,1,0,5459.74
2024-03-03 06:00:00,Empirical_Utility_Substation,120000,1,11500.0,13.68,61.8,0.0,26.68,1,0,5664.91
2024-03-03 07:00:00,Empirical_Utility_Substation,120000,1,11500.0,15.47,69.5,133.2,21.36,1,0,5894.57
2024-03-03 08:00:00,Empirical_Utility_Substation,120000,1,11500.0,17.55,78.3,66.0,20.19,1,0,6106.83
2024-03-03 09:00:00,Empirical_Utility_Substation,120000,1,11500.0,19.53,69.6,357.0,21.06,1,0,6318.84
2024-03-03 10:00:00,Empirical_Utility_Substation,120000,1,11500.0,19.39,60.4,491.5,21.67,1,0,6488.88
2024-03-03 11:00:00,Empirical_Utility_Substation,120000,1,11500.0,19.49,53.2,424.0,22.49,1,0,6853.66
2024-03-03 12:00:00,Empirical_Utility_Substation,120000,1,11500.0,21.63,67.0,565.7,21.97,1,0,6731.52
2024-03-03 13:00:00,Empirical_Utility_Substation,120000,1,11500.0,23.39,62.7,493.6,22.62,1,0,6528.09
2024-03-03 14:00:00,Empirical_Utility_Substation,120000,1,11500.0,23.19,66.0,114.3,24.45,1,0,6496.51
2024-03-03 15:00:00,Empirical_Utility_Substation,120000,1,11500.0,22.68,71.7,290.8,22.3,1,0,6150.17
2024-03-03 16:00:00,Empirical_Utility_Substation,120000,1,11500.0,22.7,58.5,228.1,26.01,1,0,6108.09
2024-03-03 17:00:00,Empirical_Utility_Substation,120000,1,11500.0,20.92,72.7,91.0,24.96,1,0,6332.82
2024-03-03 18:00:00,Empirical_Utility_Substation,120000,1,11500.0,19.59,70.2,0.0,20.55,1,0,6713.18
2024-03-03 19:00:00,Empirical_Utility_Substation,120000,1,11500.0,19.13,73.7,0.0,24.61,1,0,7466.7
2024-03-03 20:00:00,Empirical_Utility_Substation,120000,1,11500.0,17.68,65.2,0.0,23.13,1,0,7689.6
2024-03-03 21:00:00,Empirical_Utility_Substation,120000,1,11500.0,16.94,73.9,0.0,20.5,1,0,7425.93
2024-03-03 22:00:00,Empirical_Utility_Substation,120000,1,11500.0,14.49,66.5,0.0,19.48,1,0,6791.52
2024-03-03 23:00:00,Empirical_Utility_Substation,120000,1,11500.0,14.13,76.7,0.0,20.68,1,0,6531.67
2024-03-04 00:00:00,Empirical_Utility_Substation,120000,1,11500.0,15.12,76.1,0.0,22.7,0,0,6951.69
2024-03-04 01:00:00,Empirical_Utility_Substation,120000,1,11500.0,13.59,80.3,0.0,20.82,0,0,6939.61
2024-03-04 02:00:00,Empirical_Utility_Substation,120000,1,11500.0,13.7,66.8,0.0,22.69,0,0,6851.4
2024-03-04 03:00:00,Empirical_Utility_Substation,120000,1,11500.0,12.39,74.7,0.0,20.34,0,0,7039.27
2024-03-04 04:00:00,Empirical_Utility_Substation,120000,1,11500.0,11.81,79.1,0.0,22.17,0,0,6980.89
2024-03-04 05:00:00,Empirical_Utility_Substation,120000,1,11500.0,13.12,72.7,0.0,22.51,0,0,6818.2
2024-03-04 06:00:00,Empirical_Utility_Substation,120000,1,11500.0,14.03,73.3,0.0,21.83,0,0,6978.25
2024-03-04 07:00:00,Empirical_Utility_Substation,120000,1,11500.0,14.68,60.3,136.7,23.94,0,0,7047.04
2024-03-04 08:00:00,Empirical_Utility_Substation,120000,1,11500.0,16.24,69.0,66.0,23.74,0,0,7324.02
2024-03-04 09:00:00,Empirical_Utility_Substation,120000,1,11500.0,16.53,70.7,219.6,21.68,0,0,7758.79
2024-03-04 10:00:00,Empirical_Utility_Substation,120000,1,11500.0,18.09,70.8,133.6,22.19,0,0,7960.38
2024-03-04 11:00:00,Empirical_Utility_Substation,120000,1,11500.0,20.79,70.1,407.9,20.29,0,0,8000.76
2024-03-04 12:00:00,Empirical_Utility_Substation,120000,1,11500.0,22.67,70.0,454.2,27.11,0,0,7671.81
2024-03-04 13:00:00,Empirical_Utility_Substation,120000,1,11500.0,24.29,71.1,331.9,20.89,0,0,7234.4
2024-03-04 14:00:00,Empirical_Utility_Substation,120000,1,11500.0,25.06,58.0,464.3,24.28,0,0,7102.76
2024-03-04 15:00:00,Empirical_Utility_Substation,120000,1,11500.0,26.58,70.5,339.9,23.51,0,0,6888.65
2024-03-04 16:00:00,Empirical_Utility_Substation,120000,1,11500.0,24.81,61.1,133.6,23.83,0,0,6846.66
2024-03-04 17:00:00,Empirical_Utility_Substation,120000,1,11500.0,23.32,74.0,34.2,20.5,0,0,7100.54
2024-03-04 18:00:00,Empirical_Utility_Substation,120000,1,11500.0,23.26,71.5,0.0,26.01,0,0,7464.71
2024-03-04 19:00:00,Empirical_Utility_Substation,120000,1,11500.0,23.72,60.8,0.0,21.02,0,0,8078.03
2024-03-04 20:00:00,Empirical_Utility_Substation,120000,1,11500.0,22.83,75.6,0.0,25.17,0,0,8142.12
2024-03-04 21:00:00,Empirical_Utility_Substation,120000,1,11500.0,20.58,67.1,0.0,22.27,0,0,7833.99
2024-03-04 22:00:00,Empirical_Utility_Substation,120000,1,11500.0,18.88,64.8,0.0,21.24,0,0,7454.15
2024-03-04 23:00:00,Empirical_Utility_Substation,120000,1,11500.0,17.5,74.5,0.0,22.15,0,0,7088.85
2024-03-05 00:00:00,Empirical_Utility_Substation,120000,1,11500.0,18.15,69.2,0.0,23.69,0,0,6541.0
2024-03-05 01:00:00,Empirical_Utility_Substation,120000,1,11500.0,18.56,62.1,0.0,21.85,0,0,6557.55
2024-03-05 02:00:00,Empirical_Utility_Substation,120000,1,11500.0,18.79,74.0,0.0,24.46,0,0,6592.37
2024-03-05 03:00:00,Empirical_Utility_Substation,120000,1,11500.0,19.29,59.4,0.0,21.47,0,0,6694.62
2024-03-05 04:00:00,Empirical_Utility_Substation,120000,1,11500.0,17.34,57.4,0.0,26.63,0,0,6803.48
2024-03-05 05:00:00,Empirical_Utility_Substation,120000,1,11500.0,16.55,69.6,0.0,23.83,0,0,6878.84
2024-03-05 06:00:00,Empirical_Utility_Substation,120000,1,11500.0,17.24,68.1,0.0,22.21,0,0,7030.61
2024-03-05 07:00:00,Empirical_Utility_Substation,120000,1,11500.0,18.06,71.2,141.9,22.1,0,0,7175.93
2024-03-05 08:00:00,Empirical_Utility_Substation,120000,1,11500.0,20.59,66.9,111.2,25.1,0,0,7255.64
2024-03-05 09:00:00,Empirical_Utility_Substation,120000,1,11500.0,22.6,60.7,154.2,23.82,0,0,7597.81
2024-03-05 10:00:00,Empirical_Utility_Substation,120000,1,11500.0,24.11,58.5,152.2,22.26,0,0,7720.7
2024-03-05 11:00:00,Empirical_Utility_Substation,120000,1,11500.0,25.64,60.5,405.8,21.16,0,0,7833.8
2024-03-05 12:00:00,Empirical_Utility_Substation,120000,1,11500.0,26.43,61.4,132.0,23.27,0,0,7843.3
2024-03-05 13:00:00,Empirical_Utility_Substation,120000,1,11500.0,26.95,57.4,515.1,21.14,0,0,7492.62
2024-03-05 14:00:00,Empirical_Utility_Substation,120000,1,11500.0,26.75,64.8,175.9,23.35,0,0,7372.48
2024-03-05 15:00:00,Empirical_Utility_Substation,120000,1,11500.0,26.84,67.1,93.3,22.49,0,0,7170.96
2024-03-05 16:00:00,Empirical_Utility_Substation,120000,1,11500.0,25.41,63.6,103.2,21.92,0,0,7236.95
2024-03-05 17:00:00,Empirical_Utility_Substation,120000,1,11500.0,25.75,64.5,103.6,22.83,0,0,7488.49
2024-03-05 18:00:00,Empirical_Utility_Substation,120000,1,11500.0,24.47,60.5,0.0,26.66,0,0,7634.39
2024-03-05 19:00:00,Empirical_Utility_Substation,120000,1,11500.0,23.24,53.1,0.0,21.83,0,0,8044.59
2024-03-05 20:00:00,Empirical_Utility_Substation,120000,1,11500.0,21.15,64.0,0.0,25.64,0,0,8151.11
2024-03-05 21:00:00,Empirical_Utility_Substation,120000,1,11500.0,18.49,72.3,0.0,19.75,0,0,8001.97
2024-03-05 22:00:00,Empirical_Utility_Substation,120000,1,11500.0,16.93,64.0,0.0,24.27,0,0,7547.74
2024-03-05 23:00:00,Empirical_Utility_Substation,120000,1,11500.0,15.57,67.6,0.0,21.1,0,0,7157.34
2024-03-06 00:00:00,Empirical_Utility_Substation,120000,1,11500.0,14.44,73.9,0.0,21.68,0,0,6551.29
2024-03-06 01:00:00,Empirical_Utility_Substation,120000,1,11500.0,15.01,71.3,0.0,20.08,0,0,6637.77
2024-03-06 02:00:00,Empirical_Utility_Substation,120000,1,11500.0,14.25,78.1,0.0,22.75,0,0,6607.42
2024-03-06 03:00:00,Empirical_Utility_Substation,120000,1,11500.0,13.41,69.8,0.0,22.78,0,0,6622.06
2024-03-06 04:00:00,Empirical_Utility_Substation,120000,1,11500.0,14.24,71.1,0.0,24.72,0,0,6679.38
2024-03-06 05:00:00,Empirical_Utility_Substation,120000,1,11500.0,14.83,61.0,0.0,26.84,0,0,6559.44
2024-03-06 06:00:00,Empirical_Utility_Substation,120000,1,11500.0,17.47,70.6,0.0,27.81,0,0,6731.66
2024-03-06 07:00:00,Empirical_Utility_Substation,120000,1,11500.0,18.59,61.9,152.2,23.11,0,0,6830.19
2024-03-06 08:00:00,Empirical_Utility_Substation,120000,1,11500.0,19.2,73.1,122.4,20.88,0,0,6856.15
2024-03-06 09:00:00,Empirical_Utility_Substation,120000,1,11500.0,21.01,67.8,242.4,21.21,0,0,7162.48
2024-03-06 10:00:00,Empirical_Utility_Substation,120000,1,11500.0,22.79,59.6,114.3,23.75,0,0,7425.03
2024-03-06 11:00:00,Empirical_Utility_Substation,120000,1,11500.0,21.46,63.6,357.8,22.99,0,0,7696.61
2024-03-06 12:00:00,Empirical_Utility_Substation,120000,1,11500.0,23.01,54.4,291.3,24.98,0,0,7596.75
2024-03-06 13:00:00,Empirical_Utility_Substation,120000,1,11500.0,22.79,60.5,266.1,22.0,0,0,7590.13
2024-03-06 14:00:00,Empirical_Utility_Substation,120000,1,11500.0,23.58,70.6,367.0,23.26,0,0,7268.01
2024-03-06 15:00:00,Empirical_Utility_Substation,120000,1,11500.0,24.15,65.3,364.7,23.59,0,0,6920.1
2024-03-06 16:00:00,Empirical_Utility_Substation,120000,1,11500.0,24.55,57.2,207.2,23.19,0,0,6716.52
2024-03-06 17:00:00,Empirical_Utility_Substation,120000,1,11500.0,23.3,59.1,73.9,22.62,0,0,6886.05
2024-03-06 18:00:00,Empirical_Utility_Substation,120000,1,11500.0,24.12,67.6,0.0,22.69,0,0,7585.44
2024-03-06 19:00:00,Empirical_Utility_Substation,120000,1,11500.0,22.06,51.1,0.0,21.57,0,0,8115.34
2024-03-06 20:00:00,Empirical_Utility_Substation,120000,1,11500.0,18.73,69.7,0.0,21.22,0,0,8338.56
2024-03-06 21:00:00,Empirical_Utility_Substation,120000,1,11500.0,17.96,74.3,0.0,23.46,0,0,8124.74
2024-03-06 22:00:00,Empirical_Utility_Substation,120000,1,11500.0,15.88,75.2,0.0,22.68,0,0,7648.59
2024-03-06 23:00:00,Empirical_Utility_Substation,120000,1,11500.0,13.6,70.0,0.0,21.75,0,0,7095.45
2024-03-07 00:00:00,Empirical_Utility_Substation,120000,1,11500.0,13.57,82.4,0.0,24.94,0,0,6652.25
2024-03-07 01:00:00,Empirical_Utility_Substation,120000,1,11500.0,12.01,80.4,0.0,22.31,0,0,6604.31
2024-03-07 02:00:00,Empirical_Utility_Substation,120000,1,11500.0,12.02,82.9,0.0,21.87,0,0,6594.12
2024-03-07 03:00:00,Empirical_Utility_Substation,120000,1,11500.0,11.79,81.7,0.0,20.92,0,0,6628.98
2024-03-07 04:00:00,Empirical_Utility_Substation,120000,1,11500.0,11.25,74.3,0.0,22.88,0,0,6697.17
2024-03-07 05:00:00,Empirical_Utility_Substation,120000,1,11500.0,10.58,65.1,0.0,20.64,0,0,6529.89
2024-03-07 06:00:00,Empirical_Utility_Substation,120000,1,11500.0,9.63,75.4,0.0,22.55,0,0,6582.93
2024-03-07 07:00:00,Empirical_Utility_Substation,120000,1,11500.0,12.77,64.5,112.4,20.15,0,0,6582.21
2024-03-07 08:00:00,Empirical_Utility_Substation,120000,1,11500.0,15.35,65.7,229.0,21.51,0,0,6937.02
2024-03-07 09:00:00,Empirical_Utility_Substation,120000,1,11500.0,17.26,72.9,297.2,22.9,0,0,7094.31
2024-03-07 10:00:00,Empirical_Utility_Substation,120000,1,11500.0,19.14,62.8,352.6,24.12,0,0,7473.55
2024-03-07 11:00:00,Empirical_Utility_Substation,120000,1,11500.0,21.12,69.2,289.2,24.06,0,0,7713.59
2024-03-07 12:00:00,Empirical_Utility_Substation,120000,1,11500.0,22.59,63.8,397.1,24.14,0,0,7723.88
2024-03-07 13:00:00,Empirical_Utility_Substation,120000,1,11500.0,24.51,63.3,355.2,20.73,0,0,7604.15
2024-03-07 14:00:00,Empirical_Utility_Substation,120000,1,11500.0,24.95,61.1,353.1,20.21,0,0,7271.91
2024-03-07 15:00:00,Empirical_Utility_Substation,120000,1,11500.0,25.93,67.8,285.3,28.24,0,0,7203.67
2024-03-07 16:00:00,Empirical_Utility_Substation,120000,1,11500.0,24.23,67.8,171.2,23.56,0,0,7020.05
2024-03-07 17:00:00,Empirical_Utility_Substation,120000,1,11500.0,22.91,65.7,127.9,25.01,0,0,7069.76
2024-03-07 18:00:00,Empirical_Utility_Substation,120000,1,11500.0,21.94,62.0,0.0,21.79,0,0,7275.64
2024-03-07 19:00:00,Empirical_Utility_Substation,120000,1,11500.0,21.9,73.3,0.0,22.61,0,0,7715.01
2024-03-07 20:00:00,Empirical_Utility_Substation,120000,1,11500.0,21.45,63.4,0.0,25.95,0,0,7830.78
2024-03-07 21:00:00,Empirical_Utility_Substation,120000,1,11500.0,19.24,63.9,0.0,22.29,0,0,7712.79
2024-03-07 22:00:00,Empirical_Utility_Substation,120000,1,11500.0,17.41,69.6,0.0,24.65,0,0,7277.75
2024-03-07 23:00:00,Empirical_Utility_Substation,120000,1,11500.0,15.48,72.5,0.0,22.71,0,0,6809.55
2024-03-08 00:00:00,Empirical_Utility_Substation,120000,1,11500.0,14.33,68.9,0.0,21.06,0,0,6198.46
2024-03-08 01:00:00,Empirical_Utility_Substation,120000,1,11500.0,13.67,72.4,0.0,21.77,0,0,6378.58
2024-03-08 02:00:00,Empirical_Utility_Substation,120000,1,11500.0,13.44,77.5,0.0,26.61,0,0,6445.02
2024-03-08 03:00:00,Empirical_Utility_Substation,120000,1,11500.0,13.31,65.3,0.0,25.77,0,0,6645.21
2024-03-08 04:00:00,Empirical_Utility_Substation,120000,1,11500.0,15.19,72.0,0.0,23.73,0,0,6669.21
2024-03-08 05:00:00,Empirical_Utility_Substation,120000,1,11500.0,15.12,65.8,0.0,22.16,0,0,6602.07
2024-03-08 06:00:00,Empirical_Utility_Substation,120000,1,11500.0,17.63,68.1,0.0,20.01,0,0,6492.16
2024-03-08 07:00:00,Empirical_Utility_Substation,120000,1,11500.0,17.73,77.7,125.5,21.38,0,0,6578.5
2024-03-08 08:00:00,Empirical_Utility_Substation,120000,1,11500.0,18.32,74.4,205.9,23.7,0,0,6818.42
2024-03-08 09:00:00,Empirical_Utility_Substation,120000,1,11500.0,19.89,75.8,208.3,23.19,0,0,7078.0
2024-03-08 10:00:00,Empirical_Utility_Substation,120000,1,11500.0,23.82,60.4,444.3,23.96,0,0,7375.85
2024-03-08 11:00:00,Empirical_Utility_Substation,120000,1,11500.0,24.6,67.7,278.0,25.73,0,0,7502.6
2024-03-08 12:00:00,Empirical_Utility_Substation,120000,1,11500.0,25.7,65.8,316.5,22.53,0,0,7443.79
2024-03-08 13:00:00,Empirical_Utility_Substation,120000,1,11500.0,23.57,68.6,310.2,22.08,0,0,6984.94
2024-03-08 14:00:00,Empirical_Utility_Substation,120000,1,11500.0,24.37,63.7,160.0,21.21,0,0,6738.17
2024-03-08 15:00:00,Empirical_Utility_Substation,120000,1,11500.0,24.24,60.3,270.6,19.7,0,0,6789.03
2024-03-08 16:00:00,Empirical_Utility_Substation,120000,1,11500.0,24.7,72.6,129.0,23.2,0,0,6813.78
2024-03-08 17:00:00,Empirical_Utility_Substation,120000,1,11500.0,25.39,61.7,88.3,25.75,0,0,7131.17
2024-03-08 18:00:00,Empirical_Utility_Substation,120000,1,11500.0,23.8,72.5,0.0,19.84,0,0,7386.57
2024-03-08 19:00:00,Empirical_Utility_Substation,120000,1,11500.0,21.29,71.6,0.0,26.17,0,0,7767.08
2024-03-08 20:00:00,Empirical_Utility_Substation,120000,1,11500.0,21.75,65.6,0.0,23.22,0,0,8148.55
2024-03-08 21:00:00,Empirical_Utility_Substation,120000,1,11500.0,19.93,60.9,0.0,24.39,0,0,8028.08
2024-03-08 22:00:00,Empirical_Utility_Substation,120000,1,11500.0,18.66,76.2,0.0,23.66,0,0,7570.77
2024-03-08 23:00:00,Empirical_Utility_Substation,120000,1,11500.0,16.63,77.9,0.0,23.14,0,0,7277.74
2024-03-09 00:00:00,Empirical_Utility_Substation,120000,1,11500.0,15.51,62.4,0.0,23.19,1,0,6011.04
2024-03-09 01:00:00,Empirical_Utility_Substation,120000,1,11500.0,13.79,64.4,0.0,26.65,1,0,6086.07
2024-03-09 02:00:00,Empirical_Utility_Substation,120000,1,11500.0,13.54,72.4,0.0,22.6,1,0,5789.2
2024-03-09 03:00:00,Empirical_Utility_Substation,120000,1,11500.0,13.28,70.5,0.0,23.37,1,0,5863.08
2024-03-09 04:00:00,Empirical_Utility_Substation,120000,1,11500.0,14.62,66.1,0.0,24.03,1,0,5883.29
2024-03-09 05:00:00,Empirical_Utility_Substation,120000,1,11500.0,13.78,82.5,0.0,23.06,1,0,5742.7
2024-03-09 06:00:00,Empirical_Utility_Substation,120000,1,11500.0,15.19,65.6,0.0,28.37,1,0,5878.05
2024-03-09 07:00:00,Empirical_Utility_Substation,120000,1,11500.0,15.72,66.8,127.4,20.4,1,0,6092.31
2024-03-09 08:00:00,Empirical_Utility_Substation,120000,1,11500.0,16.82,60.3,187.1,20.57,1,0,6059.41
2024-03-09 09:00:00,Empirical_Utility_Substation,120000,1,11500.0,17.84,82.2,214.5,22.18,1,0,6349.71
2024-03-09 10:00:00,Empirical_Utility_Substation,120000,1,11500.0,21.23,67.4,403.8,23.35,1,0,6786.76
2024-03-09 11:00:00,Empirical_Utility_Substation,120000,1,11500.0,23.24,61.7,359.4,21.29,1,0,6700.67
2024-03-09 12:00:00,Empirical_Utility_Substation,120000,1,11500.0,24.95,68.4,450.6,23.09,1,0,6657.2
2024-03-09 13:00:00,Empirical_Utility_Substation,120000,1,11500.0,26.68,62.4,449.1,27.35,1,0,6595.16
2024-03-09 14:00:00,Empirical_Utility_Substation,120000,1,11500.0,26.89,69.5,426.7,25.07,1,0,6380.33
2024-03-09 15:00:00,Empirical_Utility_Substation,120000,1,11500.0,26.22,60.6,214.6,24.48,1,0,6149.0
2024-03-09 16:00:00,Empirical_Utility_Substation,120000,1,11500.0,25.79,53.2,223.6,20.43,1,0,6048.13
2024-03-09 17:00:00,Empirical_Utility_Substation,120000,1,11500.0,24.5,66.7,47.9,23.36,1,0,6186.43
2024-03-09 18:00:00,Empirical_Utility_Substation,120000,1,11500.0,23.38,72.4,0.0,20.95,1,0,6474.16
2024-03-09 19:00:00,Empirical_Utility_Substation,120000,1,11500.0,22.78,71.8,0.0,27.18,1,0,6885.87
2024-03-09 20:00:00,Empirical_Utility_Substation,120000,1,11500.0,23.03,60.0,0.0,26.51,1,0,7236.33
2024-03-09 21:00:00,Empirical_Utility_Substation,120000,1,11500.0,21.89,53.6,0.0,24.88,1,0,7147.28
2024-03-09 22:00:00,Empirical_Utility_Substation,120000,1,11500.0,21.4,74.6,0.0,21.74,1,0,6711.79
2024-03-09 23:00:00,Empirical_Utility_Substation,120000,1,11500.0,20.85,56.5,0.0,24.54,1,0,6310.55
2024-03-10 00:00:00,Empirical_Utility_Substation,120000,1,11500.0,20.3,80.8,0.0,23.94,1,0,5741.23
2024-03-10 01:00:00,Empirical_Utility_Substation,120000,1,11500.0,19.68,61.7,0.0,22.97,1,0,5763.5
2024-03-10 02:00:00,Empirical_Utility_Substation,120000,1,11500.0,17.1,70.4,0.0,22.95,1,0,5664.23
2024-03-10 03:00:00,Empirical_Utility_Substation,120000,1,11500.0,16.66,72.6,0.0,23.52,1,0,5582.09
2024-03-10 04:00:00,Empirical_Utility_Substation,120000,1,11500.0,16.14,69.0,0.0,22.85,1,0,5475.97
2024-03-10 05:00:00,Empirical_Utility_Substation,120000,1,11500.0,18.13,63.7,0.0,26.72,1,0,5799.12
2024-03-10 06:00:00,Empirical_Utility_Substation,120000,1,11500.0,18.59,72.3,0.0,23.48,1,0,5888.4
2024-03-10 07:00:00,Empirical_Utility_Substation,120000,1,11500.0,21.15,76.3,34.2,22.72,1,0,6025.47
2024-03-10 08:00:00,Empirical_Utility_Substation,120000,1,11500.0,20.42,63.8,199.1,22.43,1,0,5987.25
2024-03-10 09:00:00,Empirical_Utility_Substation,120000,1,11500.0,22.42,64.7,167.1,20.65,1,0,6281.98
2024-03-10 10:00:00,Empirical_Utility_Substation,120000,1,11500.0,24.41,58.6,236.1,23.58,1,0,6388.91
2024-03-10 11:00:00,Empirical_Utility_Substation,120000,1,11500.0,25.65,56.7,584.7,24.62,1,0,6868.27
2024-03-10 12:00:00,Empirical_Utility_Substation,120000,1,11500.0,26.34,58.5,561.3,20.19,1,0,7007.79
2024-03-10 13:00:00,Empirical_Utility_Substation,120000,1,11500.0,27.64,58.0,345.3,20.6,1,0,6730.41
2024-03-10 14:00:00,Empirical_Utility_Substation,120000,1,11500.0,29.47,56.4,114.3,24.63,1,0,6627.71
2024-03-10 15:00:00,Empirical_Utility_Substation,120000,1,11500.0,29.01,58.6,354.9,21.04,1,0,6496.93
2024-03-10 16:00:00,Empirical_Utility_Substation,120000,1,11500.0,28.37,64.4,187.1,23.9,1,0,6317.15
2024-03-10 17:00:00,Empirical_Utility_Substation,120000,1,11500.0,27.8,62.0,122.1,23.47,1,0,6366.66
2024-03-10 18:00:00,Empirical_Utility_Substation,120000,1,11500.0,26.3,58.5,0.0,21.57,1,0,6543.27
2024-03-10 19:00:00,Empirical_Utility_Substation,120000,1,11500.0,25.88,67.0,0.0,21.73,1,0,7135.48
2024-03-10 20:00:00,Empirical_Utility_Substation,120000,1,11500.0,25.58,60.5,0.0,24.21,1,0,7283.91
2024-03-10 21:00:00,Empirical_Utility_Substation,120000,1,11500.0,24.51,68.6,0.0,22.57,1,0,6870.84
2024-03-10 22:00:00,Empirical_Utility_Substation,120000,1,11500.0,23.01,64.5,0.0,25.25,1,0,6637.85
2024-03-10 23:00:00,Empirical_Utility_Substation,120000,1,11500.0,21.77,58.8,0.0,22.02,1,0,6208.61
2024-03-11 00:00:00,Empirical_Utility_Substation,120000,1,11500.0,18.77,77.0,0.0,20.91,0,0,6584.11
2024-03-11 01:00:00,Empirical_Utility_Substation,120000,1,11500.0,16.9,70.7,0.0,25.59,0,0,6748.8
2024-03-11 02:00:00,Empirical_Utility_Substation,120000,1,11500.0,14.73,83.5,0.0,22.54,0,0,6579.08
2024-03-11 03:00:00,Empirical_Utility_Substation,120000,1,11500.0,15.57,75.9,0.0,25.49,0,0,6573.66
2024-03-11 04:00:00,Empirical_Utility_Substation,120000,1,11500.0,14.57,74.5,0.0,24.49,0,0,6511.84
2024-03-11 05:00:00,Empirical_Utility_Substation,120000,1,11500.0,15.31,64.1,0.0,20.86,0,0,6822.54
2024-03-11 06:00:00,Empirical_Utility_Substation,120000,1,11500.0,17.73,76.4,0.0,22.04,0,0,6981.75
2024-03-11 07:00:00,Empirical_Utility_Substation,120000,1,11500.0,19.54,71.7,129.7,23.11,0,0,7246.09
2024-03-11 08:00:00,Empirical_Utility_Substation,120000,1,11500.0,20.8,70.1,66.0,22.4,0,0,7489.24
2024-03-11 09:00:00,Empirical_Utility_Substation,120000,1,11500.0,21.42,58.2,149.3,20.57,0,0,7640.37
2024-03-11 10:00:00,Empirical_Utility_Substation,120000,1,11500.0,22.17,61.1,233.8,25.06,0,0,8070.59
2024-03-11 11:00:00,Empirical_Utility_Substation,120000,1,11500.0,23.67,69.8,199.7,22.52,0,0,8143.28
2024-03-11 12:00:00,Empirical_Utility_Substation,120000,1,11500.0,25.11,64.7,285.1,20.98,0,0,8070.62
2024-03-11 13:00:00,Empirical_Utility_Substation,120000,1,11500.0,25.76,64.1,127.5,23.51,0,0,7834.4
2024-03-11 14:00:00,Empirical_Utility_Substation,120000,1,11500.0,25.32,61.6,441.1,23.44,0,0,7484.24
2024-03-11 15:00:00,Empirical_Utility_Substation,120000,1,11500.0,24.04,69.5,254.4,25.25,0,0,7194.31
2024-03-11 16:00:00,Empirical_Utility_Substation,120000,1,11500.0,23.67,59.1,294.1,24.03,0,0,7198.52
2024-03-11 17:00:00,Empirical_Utility_Substation,120000,1,11500.0,22.64,64.4,48.7,21.21,0,0,7222.06
2024-03-11 18:00:00,Empirical_Utility_Substation,120000,1,11500.0,23.06,67.9,0.0,21.6,0,0,7652.49
2024-03-11 19:00:00,Empirical_Utility_Substation,120000,1,11500.0,23.33,61.0,0.0,25.75,0,0,8079.3
2024-03-11 20:00:00,Empirical_Utility_Substation,120000,1,11500.0,20.18,68.7,0.0,22.65,0,0,8411.81
2024-03-11 21:00:00,Empirical_Utility_Substation,120000,1,11500.0,19.01,67.3,0.0,20.94,0,0,7920.79
2024-03-11 22:00:00,Empirical_Utility_Substation,120000,1,11500.0,20.0,63.4,0.0,20.25,0,0,7639.32
2024-03-11 23:00:00,Empirical_Utility_Substation,120000,1,11500.0,19.87,61.4,0.0,23.54,0,0,7212.34
2024-03-12 00:00:00,Empirical_Utility_Substation,120000,1,11500.0,18.38,68.7,0.0,22.84,0,0,6633.83
2024-03-12 01:00:00,Empirical_Utility_Substation,120000,1,11500.0,18.26,63.3,0.0,23.55,0,0,6509.74
2024-03-12 02:00:00,Empirical_Utility_Substation,120000,1,11500.0,17.65,78.6,0.0,22.5,0,0,6503.85
2024-03-12 03:00:00,Empirical_Utility_Substation,120000,1,11500.0,17.49,65.1,0.0,21.69,0,0,6368.35
2024-03-12 04:00:00,Empirical_Utility_Substation,120000,1,11500.0,19.07,74.8,0.0,21.76,0,0,6436.07
2024-03-12 05:00:00,Empirical_Utility_Substation,120000,1,11500.0,18.55,70.7,0.0,21.34,0,0,6529.05
2024-03-12 06:00:00,Empirical_Utility_Substation,120000,1,11500.0,20.21,66.2,0.0,25.49,0,0,6483.94
2024-03-12 07:00:00,Empirical_Utility_Substation,120000,1,11500.0,20.42,74.2,89.3,21.45,0,0,6657.32
2024-03-12 08:00:00,Empirical_Utility_Substation,120000,1,11500.0,21.99,63.4,227.5,22.41,0,0,7000.95
2024-03-12 09:00:00,Empirical_Utility_Substation,120000,1,11500.0,23.08,72.0,93.3,21.17,0,0,7249.38
2024-03-12 10:00:00,Empirical_Utility_Substation,120000,1,11500.0,24.34,58.3,323.5,24.1,0,0,7610.82
2024-03-12 11:00:00,Empirical_Utility_Substation,120000,1,11500.0,27.74,61.7,331.1,23.68,0,0,8124.84
2024-03-12 12:00:00,Empirical_Utility_Substation,120000,1,11500.0,27.86,69.8,392.5,24.05,0,0,7981.3
2024-03-12 13:00:00,Empirical_Utility_Substation,120000,1,11500.0,29.94,67.5,408.0,20.34,0,0,8227.06
2024-03-12 14:00:00,Empirical_Utility_Substation,120000,1,11500.0,29.45,46.9,463.3,24.72,0,0,7672.82
2024-03-12 15:00:00,Empirical_Utility_Substation,120000,1,11500.0,29.36,58.3,250.3,23.09,0,0,7440.8
2024-03-12 16:00:00,Empirical_Utility_Substation,120000,1,11500.0,30.04,70.3,215.7,22.38,0,0,7513.17
2024-03-12 17:00:00,Empirical_Utility_Substation,120000,1,11500.0,29.2,56.8,70.0,20.85,0,0,7572.95
2024-03-12 18:00:00,Empirical_Utility_Substation,120000,1,11500.0,28.26,56.5,0.0,26.17,0,0,8031.35
2024-03-12 19:00:00,Empirical_Utility_Substation,120000,1,11500.0,26.75,42.9,0.0,22.29,0,0,8197.84
2024-03-12 20:00:00,Empirical_Utility_Substation,120000,1,11500.0,25.14,54.5,0.0,21.4,0,0,8254.24
2024-03-12 21:00:00,Empirical_Utility_Substation,120000,1,11500.0,24.26,66.7,0.0,21.78,0,0,8163.75
2024-03-12 22:00:00,Empirical_Utility_Substation,120000,1,11500.0,23.17,62.6,0.0,20.64,0,0,7817.45
2024-03-12 23:00:00,Empirical_Utility_Substation,120000,1,11500.0,20.91,70.6,0.0,21.19,0,0,7024.77
2024-03-13 00:00:00,Empirical_Utility_Substation,120000,1,11500.0,20.4,58.2,0.0,21.27,0,0,6535.06
2024-03-13 01:00:00,Empirical_Utility_Substation,120000,1,11500.0,19.58,68.0,0.0,23.85,0,0,6633.72
2024-03-13 02:00:00,Empirical_Utility_Substation,120000,1,11500.0,19.49,68.4,0.0,21.01,0,0,6628.92
2024-03-13 03:00:00,Empirical_Utility_Substation,120000,1,11500.0,19.56,65.2,0.0,21.2,0,0,6224.56
2024-03-13 04:00:00,Empirical_Utility_Substation,120000,1,11500.0,19.95,75.0,0.0,24.36,0,0,6323.11
2024-03-13 05:00:00,Empirical_Utility_Substation,120000,1,11500.0,19.68,71.8,0.0,22.83,0,0,6419.08
2024-03-13 06:00:00,Empirical_Utility_Substation,120000,1,11500.0,19.58,65.5,0.0,25.36,0,0,6616.02
2024-03-13 07:00:00,Empirical_Utility_Substation,120000,1,11500.0,21.15,69.4,128.9,23.07,0,0,6745.41
2024-03-13 08:00:00,Empirical_Utility_Substation,120000,1,11500.0,22.43,75.5,199.7,22.91,0,0,6949.12
2024-03-13 09:00:00,Empirical_Utility_Substation,120000,1,11500.0,24.7,56.7,266.6,21.36,0,0,7394.62
2024-03-13 10:00:00,Empirical_Utility_Substation,120000,1,11500.0,26.69,69.8,354.4,23.84,0,0,7914.81
2024-03-13 11:00:00,Empirical_Utility_Substation,120000,1,11500.0,29.09,60.5,189.3,24.17,0,0,8439.5
2024-03-13 12:00:00,Empirical_Utility_Substation,120000,1,11500.0,29.53,57.6,482.7,20.95,0,0,8292.75
2024-03-13 13:00:00,Empirical_Utility_Substation,120000,1,11500.0,29.79,55.1,262.3,20.83,0,0,8260.94
2024-03-13 14:00:00,Empirical_Utility_Substation,120000,1,11500.0,30.07,55.7,114.3,22.49,0,0,8066.95
2024-03-13 15:00:00,Empirical_Utility_Substation,120000,1,11500.0,29.2,56.1,325.9,21.98,0,0,7699.33
2024-03-13 16:00:00,Empirical_Utility_Substation,120000,1,11500.0,29.45,49.3,219.4,23.25,0,0,7526.73
2024-03-13 17:00:00,Empirical_Utility_Substation,120000,1,11500.0,30.61,53.1,146.8,20.56,0,0,8119.27
2024-03-13 18:00:00,Empirical_Utility_Substation,120000,1,11500.0,30.06,55.7,0.0,26.98,0,0,8518.81
2024-03-13 19:00:00,Empirical_Utility_Substation,120000,1,11500.0,29.71,53.5,0.0,26.54,0,0,8884.45
2024-03-13 20:00:00,Empirical_Utility_Substation,120000,1,11500.0,27.38,62.2,0.0,26.82,0,0,8569.3
2024-03-13 21:00:00,Empirical_Utility_Substation,120000,1,11500.0,26.37,62.6,0.0,23.07,0,0,8342.0
2024-03-13 22:00:00,Empirical_Utility_Substation,120000,1,11500.0,24.8,70.0,0.0,20.18,0,0,7533.32
2024-03-13 23:00:00,Empirical_Utility_Substation,120000,1,11500.0,21.71,59.0,0.0,25.19,0,0,7178.31
2024-03-14 00:00:00,Empirical_Utility_Substation,120000,1,11500.0,20.38,70.5,0.0,25.11,0,0,6687.24
2024-03-14 01:00:00,Empirical_Utility_Substation,120000,1,11500.0,18.58,66.7,0.0,21.86,0,0,6795.81
2024-03-14 02:00:00,Empirical_Utility_Substation,120000,1,11500.0,19.21,69.0,0.0,24.34,0,0,6713.59
2024-03-14 03:00:00,Empirical_Utility_Substation,120000,1,11500.0,16.67,72.6,0.0,20.42,0,0,6741.57
2024-03-14 04:00:00,Empirical_Utility_Substation,120000,1,11500.0,16.23,66.0,0.0,22.78,0,0,6866.28
2024-03-14 05:00:00,Empirical_Utility_Substation,120000,1,11500.0,16.89,71.1,0.0,23.83,0,0,6672.08
2024-03-14 06:00:00,Empirical_Utility_Substation,120000,1,11500.0,16.9,66.8,0.0,21.2,0,0,6598.43
2024-03-14 07:00:00,Empirical_Utility_Substation,120000,1,11500.0,19.25,73.0,69.4,22.47,0,0,6590.6
2024-03-14 08:00:00,Empirical_Utility_Substation,120000,1,11500.0,21.54,66.3,248.5,23.04,0,0,6655.35
2024-03-14 09:00:00,Empirical_Utility_Substation,120000,1,11500.0,23.22,69.3,93.3,24.19,0,0,7039.52
2024-03-14 10:00:00,Empirical_Utility_Substation,120000,1,11500.0,24.02,57.1,285.6,20.75,0,0,7374.63
2024-03-14 11:00:00,Empirical_Utility_Substation,120000,1,11500.0,24.35,66.4,200.6,22.07,0,0,7560.77
2024-03-14 12:00:00,Empirical_Utility_Substation,120000,1,11500.0,25.77,60.7,359.9,24.28,0,0,7691.02
2024-03-14 13:00:00,Empirical_Utility_Substation,120000,1,11500.0,27.04,67.6,200.8,20.24,0,0,7652.29
2024-03-14 14:00:00,Empirical_Utility_Substation,120000,1,11500.0,27.8,63.0,458.6,25.95,0,0,7275.71
2024-03-14 15:00:00,Empirical_Utility_Substation,120000,1,11500.0,27.76,54.4,262.8,22.19,0,0,7032.5
2024-03-14 16:00:00,Empirical_Utility_Substation,120000,1,11500.0,27.88,62.0,114.5,25.91,0,0,7206.35
2024-03-14 17:00:00,Empirical_Utility_Substation,120000,1,11500.0,26.84,50.7,107.0,24.98,0,0,7447.83
2024-03-14 18:00:00,Empirical_Utility_Substation,120000,1,11500.0,26.25,60.8,0.0,23.52,0,0,7701.08
2024-03-14 19:00:00,Empirical_Utility_Substation,120000,1,11500.0,25.32,64.3,0.0,22.26,0,0,7813.63
2024-03-14 20:00:00,Empirical_Utility_Substation,120000,1,11500.0,23.72,56.0,0.0,26.89,0,0,8128.83
2024-03-14 21:00:00,Empirical_Utility_Substation,120000,1,11500.0,21.35,70.4,0.0,22.8,0,0,7945.8
2024-03-14 22:00:00,Empirical_Utility_Substation,120000,1,11500.0,19.38,70.4,0.0,23.21,0,0,7429.28
2024-03-14 23:00:00,Empirical_Utility_Substation,120000,1,11500.0,18.49,64.5,0.0,23.47,0,0,6978.93
2024-03-15 00:00:00,Empirical_Utility_Substation,120000,1,11500.0,18.0,78.0,0.0,26.86,0,0,6346.09
2024-03-15 01:00:00,Empirical_Utility_Substation,120000,1,11500.0,17.92,62.1,0.0,21.51,0,0,6311.39
2024-03-15 02:00:00,Empirical_Utility_Substation,120000,1,11500.0,17.15,63.9,0.0,21.75,0,0,6242.54
2024-03-15 03:00:00,Empirical_Utility_Substation,120000,1,11500.0,16.17,66.1,0.0,26.27,0,0,6193.53
2024-03-15 04:00:00,Empirical_Utility_Substation,120000,1,11500.0,15.21,66.3,0.0,25.16,0,0,6010.5
2024-03-15 05:00:00,Empirical_Utility_Substation,120000,1,11500.0,15.92,79.9,0.0,21.23,0,0,6026.2
2024-03-15 06:00:00,Empirical_Utility_Substation,120000,1,11500.0,18.94,72.7,0.0,25.12,0,0,6130.49
2024-03-15 07:00:00,Empirical_Utility_Substation,120000,1,11500.0,19.27,53.2,100.5,20.76,0,0,6392.82
2024-03-15 08:00:00,Empirical_Utility_Substation,120000,1,11500.0,20.78,66.0,187.6,23.71,0,0,6785.25
2024-03-15 09:00:00,Empirical_Utility_Substation,120000,1,11500.0,21.42,65.1,160.2,22.08,0,0,6975.03
2024-03-15 10:00:00,Empirical_Utility_Substation,120000,1,11500.0,23.94,66.2,114.3,21.69,0,0,7474.09
2024-03-15 11:00:00,Empirical_Utility_Substation,120000,1,11500.0,25.08,59.3,304.1,21.91,0,0,7661.87
2024-03-15 12:00:00,Empirical_Utility_Substation,120000,1,11500.0,27.9,66.9,165.6,23.57,0,0,7873.62
2024-03-15 13:00:00,Empirical_Utility_Substation,120000,1,11500.0,28.79,62.4,127.5,25.11,0,0,7705.35
2024-03-15 14:00:00,Empirical_Utility_Substation,120000,1,11500.0,28.89,54.8,410.6,24.74,0,0,7447.42
2024-03-15 15:00:00,Empirical_Utility_Substation,120000,1,11500.0,28.74,54.4,297.9,26.04,0,0,7295.53
2024-03-15 16:00:00,Empirical_Utility_Substation,120000,1,11500.0,26.6,60.1,228.9,23.19,0,0,6988.82
2024-03-15 17:00:00,Empirical_Utility_Substation,120000,1,11500.0,25.97,50.4,118.0,25.23,0,0,7148.16
2024-03-15 18:00:00,Empirical_Utility_Substation,120000,1,11500.0,25.85,72.3,0.0,20.15,0,0,7628.32
2024-03-15 19:00:00,Empirical_Utility_Substation,120000,1,11500.0,24.23,59.8,0.0,23.25,0,0,7786.01
2024-03-15 20:00:00,Empirical_Utility_Substation,120000,1,11500.0,23.0,66.8,0.0,23.39,0,0,7913.66
2024-03-15 21:00:00,Empirical_Utility_Substation,120000,1,11500.0,20.83,74.8,0.0,26.69,0,0,7821.92
2024-03-15 22:00:00,Empirical_Utility_Substation,120000,1,11500.0,19.37,62.6,0.0,26.39,0,0,7158.87
2024-03-15 23:00:00,Empirical_Utility_Substation,120000,1,11500.0,17.51,73.1,0.0,20.77,0,0,6718.36
2024-03-16 00:00:00,Empirical_Utility_Substation,120000,1,11500.0,17.55,64.8,0.0,24.03,1,0,5689.67
2024-03-16 01:00:00,Empirical_Utility_Substation,120000,1,11500.0,15.82,77.9,0.0,21.8,1,0,5601.89
2024-03-16 02:00:00,Empirical_Utility_Substation,120000,1,11500.0,15.18,81.0,0.0,21.38,1,0,5669.95
2024-03-16 03:00:00,Empirical_Utility_Substation,120000,1,11500.0,17.97,81.3,0.0,24.03,1,0,5712.26
2024-03-16 04:00:00,Empirical_Utility_Substation,120000,1,11500.0,18.29,64.8,0.0,22.97,1,0,5905.23
2024-03-16 05:00:00,Empirical_Utility_Substation,120000,1,11500.0,18.62,69.6,0.0,21.26,1,0,6137.2
2024-03-16 06:00:00,Empirical_Utility_Substation,120000,1,11500.0,18.75,63.4,0.0,20.91,1,0,6007.23
2024-03-16 07:00:00,Empirical_Utility_Substation,120000,1,11500.0,19.55,70.0,98.3,28.3,1,0,6015.46
2024-03-16 08:00:00,Empirical_Utility_Substation,120000,1,11500.0,20.65,72.6,66.0,21.29,1,0,6211.09
2024-03-16 09:00:00,Empirical_Utility_Substation,120000,1,11500.0,23.28,64.6,140.8,23.43,1,0,6429.36
2024-03-16 10:00:00,Empirical_Utility_Substation,120000,1,11500.0,25.71,72.8,310.9,22.95,1,0,6802.68
2024-03-16 11:00:00,Empirical_Utility_Substation,120000,1,11500.0,28.25,47.8,582.8,23.01,1,0,7299.65
2024-03-16 12:00:00,Empirical_Utility_Substation,120000,1,11500.0,27.8,65.3,430.6,22.44,1,0,7078.07
2024-03-16 13:00:00,Empirical_Utility_Substation,120000,1,11500.0,28.28,55.6,589.7,22.7,1,0,6909.48
2024-03-16 14:00:00,Empirical_Utility_Substation,120000,1,11500.0,27.11,57.0,386.5,21.39,1,0,6612.6
2024-03-16 15:00:00,Empirical_Utility_Substation,120000,1,11500.0,29.93,48.1,453.2,22.56,1,0,6828.33
2024-03-16 16:00:00,Empirical_Utility_Substation,120000,1,11500.0,29.9,55.6,85.5,24.54,1,0,6564.28
2024-03-16 17:00:00,Empirical_Utility_Substation,120000,1,11500.0,28.26,64.5,131.0,22.46,1,0,6467.94
2024-03-16 18:00:00,Empirical_Utility_Substation,120000,1,11500.0,26.72,60.9,0.0,26.61,1,0,6616.61
2024-03-16 19:00:00,Empirical_Utility_Substation,120000,1,11500.0,26.47,71.3,0.0,21.43,1,0,7145.76
2024-03-16 20:00:00,Empirical_Utility_Substation,120000,1,11500.0,21.42,69.8,0.0,25.23,1,0,6954.13
2024-03-16 21:00:00,Empirical_Utility_Substation,120000,1,11500.0,19.05,62.7,0.0,20.74,1,0,6890.11
2024-03-16 22:00:00,Empirical_Utility_Substation,120000,1,11500.0,17.05,64.4,0.0,25.37,1,0,6444.98
2024-03-16 23:00:00,Empirical_Utility_Substation,120000,1,11500.0,14.15,70.3,0.0,22.82,1,0,5729.83
2024-03-17 00:00:00,Empirical_Utility_Substation,120000,1,11500.0,14.28,73.9,0.0,26.41,1,0,5494.54
2024-03-17 01:00:00,Empirical_Utility_Substation,120000,1,11500.0,12.84,68.7,0.0,23.9,1,0,5544.6
2024-03-17 02:00:00,Empirical_Utility_Substation,120000,1,11500.0,12.28,84.0,0.0,22.01,1,0,5470.08
2024-03-17 03:00:00,Empirical_Utility_Substation,120000,1,11500.0,13.17,73.8,0.0,21.83,1,0,5283.18
2024-03-17 04:00:00,Empirical_Utility_Substation,120000,1,11500.0,13.8,62.7,0.0,21.75,1,0,5030.41
2024-03-17 05:00:00,Empirical_Utility_Substation,120000,1,11500.0,15.56,70.4,0.0,21.42,1,0,5393.22
2024-03-17 06:00:00,Empirical_Utility_Substation,120000,1,11500.0,18.39,68.3,0.0,23.9,1,0,5692.53
2024-03-17 07:00:00,Empirical_Utility_Substation,120000,1,11500.0,19.72,67.1,104.5,26.89,1,0,5695.17
2024-03-17 08:00:00,Empirical_Utility_Substation,120000,1,11500.0,21.02,75.9,75.0,28.25,1,0,6027.75
2024-03-17 09:00:00,Empirical_Utility_Substation,120000,1,11500.0,23.61,63.7,141.7,20.22,1,0,6426.88
2024-03-17 10:00:00,Empirical_Utility_Substation,120000,1,11500.0,22.59,65.1,366.1,21.97,1,0,6852.51
2024-03-17 11:00:00,Empirical_Utility_Substation,120000,1,11500.0,23.3,56.2,453.3,23.4,1,0,6888.18
2024-03-17 12:00:00,Empirical_Utility_Substation,120000,1,11500.0,24.62,51.6,589.5,21.33,1,0,6674.07
2024-03-17 13:00:00,Empirical_Utility_Substation,120000,1,11500.0,23.9,67.1,425.4,22.03,1,0,6382.93
2024-03-17 14:00:00,Empirical_Utility_Substation,120000,1,11500.0,25.07,67.7,114.3,21.87,1,0,6043.81
2024-03-17 15:00:00,Empirical_Utility_Substation,120000,1,11500.0,26.48,72.0,325.1,21.83,1,0,6075.14
2024-03-17 16:00:00,Empirical_Utility_Substation,120000,1,11500.0,25.91,58.4,66.0,23.95,1,0,6092.72
2024-03-17 17:00:00,Empirical_Utility_Substation,120000,1,11500.0,24.26,68.5,136.4,21.74,1,0,6213.36
2024-03-17 18:00:00,Empirical_Utility_Substation,120000,1,11500.0,23.36,61.1,0.0,23.85,1,0,6497.95
2024-03-17 19:00:00,Empirical_Utility_Substation,120000,1,11500.0,22.32,62.1,0.0,22.55,1,0,7108.4
2024-03-17 20:00:00,Empirical_Utility_Substation,120000,1,11500.0,19.97,67.5,0.0,22.26,1,0,6983.07
2024-03-17 21:00:00,Empirical_Utility_Substation,120000,1,11500.0,16.91,67.8,0.0,22.69,1,0,6800.52
2024-03-17 22:00:00,Empirical_Utility_Substation,120000,1,11500.0,14.79,72.5,0.0,23.76,1,0,6351.79
2024-03-17 23:00:00,Empirical_Utility_Substation,120000,1,11500.0,11.96,71.2,0.0,21.59,1,0,5941.88
2024-03-18 00:00:00,Empirical_Utility_Substation,120000,1,11500.0,11.01,61.7,0.0,22.31,0,0,6323.9
2024-03-18 01:00:00,Empirical_Utility_Substation,120000,1,11500.0,11.11,69.5,0.0,21.02,0,0,6481.07
2024-03-18 02:00:00,Empirical_Utility_Substation,120000,1,11500.0,11.99,56.6,0.0,24.84,0,0,6282.06
2024-03-18 03:00:00,Empirical_Utility_Substation,120000,1,11500.0,13.65,66.9,0.0,23.58,0,0,6301.66
2024-03-18 04:00:00,Empirical_Utility_Substation,120000,1,11500.0,13.47,71.9,0.0,25.17,0,0,6225.52
2024-03-18 05:00:00,Empirical_Utility_Substation,120000,1,11500.0,13.07,68.6,0.0,22.79,0,0,6419.84
2024-03-18 06:00:00,Empirical_Utility_Substation,120000,1,11500.0,14.24,70.9,0.0,24.44,0,0,6585.11
2024-03-18 07:00:00,Empirical_Utility_Substation,120000,1,11500.0,13.66,70.6,63.9,24.45,0,0,6791.57
2024-03-18 08:00:00,Empirical_Utility_Substation,120000,1,11500.0,14.62,65.8,177.3,23.75,0,0,7168.52
2024-03-18 09:00:00,Empirical_Utility_Substation,120000,1,11500.0,17.12,72.4,356.4,24.32,0,0,7552.3
2024-03-18 10:00:00,Empirical_Utility_Substation,120000,1,11500.0,17.69,75.0,114.3,25.38,0,0,7590.73
2024-03-18 11:00:00,Empirical_Utility_Substation,120000,1,11500.0,18.47,66.5,360.1,21.85,0,0,7862.28
2024-03-18 12:00:00,Empirical_Utility_Substation,120000,1,11500.0,19.49,67.9,439.6,25.52,0,0,7778.92
2024-03-18 13:00:00,Empirical_Utility_Substation,120000,1,11500.0,20.41,63.1,309.8,23.59,0,0,7351.8
2024-03-18 14:00:00,Empirical_Utility_Substation,120000,1,11500.0,23.8,63.0,458.6,21.32,0,0,7041.58
2024-03-18 15:00:00,Empirical_Utility_Substation,120000,1,11500.0,23.7,68.5,195.0,21.25,0,0,6958.65
2024-03-18 16:00:00,Empirical_Utility_Substation,120000,1,11500.0,23.97,63.2,273.0,23.29,0,0,6762.86
2024-03-18 17:00:00,Empirical_Utility_Substation,120000,1,11500.0,23.74,61.1,91.9,20.53,0,0,7057.04
2024-03-18 18:00:00,Empirical_Utility_Substation,120000,1,11500.0,22.74,66.5,0.0,22.88,0,0,7471.18
2024-03-18 19:00:00,Empirical_Utility_Substation,120000,1,11500.0,21.45,65.7,0.0,22.6,0,0,8056.58
2024-03-18 20:00:00,Empirical_Utility_Substation,120000,1,11500.0,21.05,53.4,0.0,20.94,0,0,8360.53
2024-03-18 21:00:00,Empirical_Utility_Substation,120000,1,11500.0,20.28,69.6,0.0,26.19,0,0,8165.21
2024-03-18 22:00:00,Empirical_Utility_Substation,120000,1,11500.0,18.72,70.2,0.0,24.23,0,0,7707.54
2024-03-18 23:00:00,Empirical_Utility_Substation,120000,1,11500.0,18.76,76.7,0.0,22.52,0,0,7290.02
2024-03-19 00:00:00,Empirical_Utility_Substation,120000,1,11500.0,18.13,67.1,0.0,24.96,0,0,6721.19
2024-03-19 01:00:00,Empirical_Utility_Substation,120000,1,11500.0,16.78,70.0,0.0,21.16,0,0,6549.57
2024-03-19 02:00:00,Empirical_Utility_Substation,120000,1,11500.0,16.87,71.4,0.0,23.47,0,0,6493.58
2024-03-19 03:00:00,Empirical_Utility_Substation,120000,1,11500.0,17.44,70.9,0.0,25.98,0,0,6663.39
2024-03-19 04:00:00,Empirical_Utility_Substation,120000,1,11500.0,16.7,65.0,0.0,24.84,0,0,6539.41
2024-03-19 05:00:00,Empirical_Utility_Substation,120000,1,11500.0,17.29,64.2,0.0,23.6,0,0,6406.97
2024-03-19 06:00:00,Empirical_Utility_Substation,120000,1,11500.0,18.05,72.6,0.0,21.0,0,0,6496.3
2024-03-19 07:00:00,Empirical_Utility_Substation,120000,1,11500.0,21.51,58.4,110.6,24.98,0,0,6583.99
2024-03-19 08:00:00,Empirical_Utility_Substation,120000,1,11500.0,23.32,64.6,151.6,20.27,0,0,6823.01
2024-03-19 09:00:00,Empirical_Utility_Substation,120000,1,11500.0,24.16,66.7,296.4,21.83,0,0,6816.36
2024-03-19 10:00:00,Empirical_Utility_Substation,120000,1,11500.0,25.77,59.6,343.6,26.55,0,0,7165.2
2024-03-19 11:00:00,Empirical_Utility_Substation,120000,1,11500.0,28.74,60.2,565.0,23.63,0,0,7619.05
2024-03-19 12:00:00,Empirical_Utility_Substation,120000,1,11500.0,28.47,54.2,605.6,21.48,0,0,7423.59
2024-03-19 13:00:00,Empirical_Utility_Substation,120000,1,11500.0,29.91,58.8,143.4,23.04,0,0,7667.82
2024-03-19 14:00:00,Empirical_Utility_Substation,120000,1,11500.0,31.12,63.8,438.6,23.09,0,0,7581.72
2024-03-19 15:00:00,Empirical_Utility_Substation,120000,1,11500.0,30.65,59.5,260.1,22.97,0,0,7408.52
2024-03-19 16:00:00,Empirical_Utility_Substation,120000,1,11500.0,31.18,59.2,66.0,22.28,0,0,7645.52
2024-03-19 17:00:00,Empirical_Utility_Substation,120000,1,11500.0,30.02,48.1,103.3,24.48,0,0,7676.18
2024-03-19 18:00:00,Empirical_Utility_Substation,120000,1,11500.0,29.23,54.5,0.0,26.53,0,0,8154.02
2024-03-19 19:00:00,Empirical_Utility_Substation,120000,1,11500.0,28.56,57.6,0.0,25.15,0,0,8594.47
2024-03-19 20:00:00,Empirical_Utility_Substation,120000,1,11500.0,26.57,54.4,0.0,25.34,0,0,8642.62
2024-03-19 21:00:00,Empirical_Utility_Substation,120000,1,11500.0,24.79,66.8,0.0,23.81,0,0,8080.31
2024-03-19 22:00:00,Empirical_Utility_Substation,120000,1,11500.0,23.95,65.8,0.0,21.25,0,0,7413.63
2024-03-19 23:00:00,Empirical_Utility_Substation,120000,1,11500.0,22.0,69.8,0.0,22.15,0,0,7007.27
2024-03-20 00:00:00,Empirical_Utility_Substation,120000,1,11500.0,19.36,67.4,0.0,20.67,0,0,6583.24
2024-03-20 01:00:00,Empirical_Utility_Substation,120000,1,11500.0,17.25,70.8,0.0,22.56,0,0,6505.7
2024-03-20 02:00:00,Empirical_Utility_Substation,120000,1,11500.0,18.04,62.6,0.0,23.66,0,0,6608.08
2024-03-20 03:00:00,Empirical_Utility_Substation,120000,1,11500.0,17.8,72.2,0.0,21.44,0,0,6774.97
2024-03-20 04:00:00,Empirical_Utility_Substation,120000,1,11500.0,18.65,63.7,0.0,22.89,0,0,6515.08
2024-03-20 05:00:00,Empirical_Utility_Substation,120000,1,11500.0,18.7,65.2,0.0,23.51,0,0,6590.94
2024-03-20 06:00:00,Empirical_Utility_Substation,120000,1,11500.0,17.53,63.6,0.0,25.73,0,0,6797.69
2024-03-20 07:00:00,Empirical_Utility_Substation,120000,1,11500.0,18.18,67.7,34.2,23.65,0,0,6890.87
2024-03-20 08:00:00,Empirical_Utility_Substation,120000,1,11500.0,18.5,58.1,164.8,23.11,0,0,7200.02
2024-03-20 09:00:00,Empirical_Utility_Substation,120000,1,11500.0,20.12,62.9,148.1,20.79,0,0,7528.1
2024-03-20 10:00:00,Empirical_Utility_Substation,120000,1,11500.0,22.61,63.1,220.0,28.01,0,0,7750.88
2024-03-20 11:00:00,Empirical_Utility_Substation,120000,1,11500.0,23.92,64.8,369.5,22.86,0,0,7915.85
2024-03-20 12:00:00,Empirical_Utility_Substation,120000,1,11500.0,23.73,56.3,132.0,25.55,0,0,7589.83
2024-03-20 13:00:00,Empirical_Utility_Substation,120000,1,11500.0,24.36,52.7,454.0,23.59,0,0,7541.58
2024-03-20 14:00:00,Empirical_Utility_Substation,120000,1,11500.0,25.27,51.1,494.0,23.79,0,0,7410.92
2024-03-20 15:00:00,Empirical_Utility_Substation,120000,1,11500.0,25.67,66.0,188.1,23.19,0,0,7265.19
2024-03-20 16:00:00,Empirical_Utility_Substation,120000,1,11500.0,25.17,57.5,66.0,23.46,0,0,7158.78
2024-03-20 17:00:00,Empirical_Utility_Substation,120000,1,11500.0,24.59,62.1,134.8,22.82,0,0,7388.59
2024-03-20 18:00:00,Empirical_Utility_Substation,120000,1,11500.0,24.8,62.7,0.0,25.48,0,0,7682.12
2024-03-20 19:00:00,Empirical_Utility_Substation,120000,1,11500.0,24.04,60.7,0.0,22.25,0,0,8202.54
2024-03-20 20:00:00,Empirical_Utility_Substation,120000,1,11500.0,21.71,63.6,0.0,23.0,0,0,8437.86
2024-03-20 21:00:00,Empirical_Utility_Substation,120000,1,11500.0,19.26,66.4,0.0,21.97,0,0,8158.34
2024-03-20 22:00:00,Empirical_Utility_Substation,120000,1,11500.0,18.53,64.1,0.0,23.96,0,0,7442.61
2024-03-20 23:00:00,Empirical_Utility_Substation,120000,1,11500.0,18.12,63.9,0.0,21.13,0,0,7058.78
2024-03-21 00:00:00,Empirical_Utility_Substation,120000,1,11500.0,18.41,66.3,0.0,24.88,0,0,6214.33
2024-03-21 01:00:00,Empirical_Utility_Substation,120000,1,11500.0,17.84,64.8,0.0,22.71,0,0,6297.04
2024-03-21 02:00:00,Empirical_Utility_Substation,120000,1,11500.0,17.67,68.0,0.0,22.11,0,0,6453.97
2024-03-21 03:00:00,Empirical_Utility_Substation,120000,1,11500.0,17.69,79.3,0.0,24.83,0,0,6612.13
2024-03-21 04:00:00,Empirical_Utility_Substation,120000,1,11500.0,17.55,70.3,0.0,26.46,0,0,6567.42
2024-03-21 05:00:00,Empirical_Utility_Substation,120000,1,11500.0,16.96,72.5,0.0,23.48,0,0,6621.02
2024-03-21 06:00:00,Empirical_Utility_Substation,120000,1,11500.0,18.63,74.0,0.0,23.9,0,0,6646.83
2024-03-21 07:00:00,Empirical_Utility_Substation,120000,1,11500.0,19.34,66.0,80.1,21.59,0,0,6835.71
2024-03-21 08:00:00,Empirical_Utility_Substation,120000,1,11500.0,21.72,67.4,133.5,21.46,0,0,7129.21
2024-03-21 09:00:00,Empirical_Utility_Substation,120000,1,11500.0,22.75,60.2,267.1,25.6,0,0,7213.3
2024-03-21 10:00:00,Empirical_Utility_Substation,120000,1,11500.0,23.18,56.8,360.5,24.96,0,0,7352.55
2024-03-21 11:00:00,Empirical_Utility_Substation,120000,1,11500.0,24.9,61.5,318.3,23.26,0,0,7672.9
2024-03-21 12:00:00,Empirical_Utility_Substation,120000,1,11500.0,25.94,63.6,288.0,25.03,0,0,7560.03
2024-03-21 13:00:00,Empirical_Utility_Substation,120000,1,11500.0,25.85,61.9,420.1,24.44,0,0,7262.88
2024-03-21 14:00:00,Empirical_Utility_Substation,120000,1,11500.0,24.87,61.7,451.3,22.28,0,0,7012.15
2024-03-21 15:00:00,Empirical_Utility_Substation,120000,1,11500.0,25.68,57.7,116.8,26.51,0,0,6824.99
2024-03-21 16:00:00,Empirical_Utility_Substation,120000,1,11500.0,25.16,53.1,233.3,21.86,0,0,6843.9
2024-03-21 17:00:00,Empirical_Utility_Substation,120000,1,11500.0,25.13,68.7,143.7,21.53,0,0,7209.99
2024-03-21 18:00:00,Empirical_Utility_Substation,120000,1,11500.0,24.66,62.9,0.0,21.2,0,0,7481.2
2024-03-21 19:00:00,Empirical_Utility_Substation,120000,1,11500.0,24.19,60.5,0.0,22.49,0,0,7911.11
2024-03-21 20:00:00,Empirical_Utility_Substation,120000,1,11500.0,22.8,76.8,0.0,23.84,0,0,7991.93
2024-03-21 21:00:00,Empirical_Utility_Substation,120000,1,11500.0,21.7,67.0,0.0,20.53,0,0,7846.27
2024-03-21 22:00:00,Empirical_Utility_Substation,120000,1,11500.0,19.65,68.4,0.0,22.97,0,0,7296.33
2024-03-21 23:00:00,Empirical_Utility_Substation,120000,1,11500.0,19.72,61.5,0.0,26.56,0,0,6894.85
2024-03-22 00:00:00,Empirical_Utility_Substation,120000,1,11500.0,18.4,67.1,0.0,24.82,0,0,6231.68
2024-03-22 01:00:00,Empirical_Utility_Substation,120000,1,11500.0,18.65,56.0,0.0,21.85,0,0,6462.94
2024-03-22 02:00:00,Empirical_Utility_Substation,120000,1,11500.0,18.2,75.9,0.0,23.78,0,0,6592.69
2024-03-22 03:00:00,Empirical_Utility_Substation,120000,1,11500.0,18.64,64.7,0.0,21.85,0,0,6611.93
2024-03-22 04:00:00,Empirical_Utility_Substation,120000,1,11500.0,20.15,68.4,0.0,26.85,0,0,6557.62
2024-03-22 05:00:00,Empirical_Utility_Substation,120000,1,11500.0,19.85,67.4,0.0,23.22,0,0,6665.61
2024-03-22 06:00:00,Empirical_Utility_Substation,120000,1,11500.0,21.45,66.6,0.0,22.79,0,0,6792.62
2024-03-22 07:00:00,Empirical_Utility_Substation,120000,1,11500.0,21.97,75.3,117.8,22.78,0,0,6850.97
2024-03-22 08:00:00,Empirical_Utility_Substation,120000,1,11500.0,23.52,55.5,281.0,21.78,0,0,7126.96
2024-03-22 09:00:00,Empirical_Utility_Substation,120000,1,11500.0,24.57,64.6,230.3,22.1,0,0,7432.28
2024-03-22 10:00:00,Empirical_Utility_Substation,120000,1,11500.0,26.11,68.8,441.6,21.61,0,0,7941.3
2024-03-22 11:00:00,Empirical_Utility_Substation,120000,1,11500.0,26.21,61.0,306.9,23.85,0,0,7941.36
2024-03-22 12:00:00,Empirical_Utility_Substation,120000,1,11500.0,27.86,58.2,469.7,23.22,0,0,8002.61
2024-03-22 13:00:00,Empirical_Utility_Substation,120000,1,11500.0,27.88,71.7,127.5,21.89,0,0,8089.16
2024-03-22 14:00:00,Empirical_Utility_Substation,120000,1,11500.0,28.8,64.6,391.4,23.55,0,0,7915.73
2024-03-22 15:00:00,Empirical_Utility_Substation,120000,1,11500.0,29.01,59.0,179.8,26.03,0,0,7775.46
2024-03-22 16:00:00,Empirical_Utility_Substation,120000,1,11500.0,28.57,52.5,160.3,25.77,0,0,8006.63
2024-03-22 17:00:00,Empirical_Utility_Substation,120000,1,11500.0,28.82,59.5,131.7,24.85,0,0,8211.75
2024-03-22 18:00:00,Empirical_Utility_Substation,120000,1,11500.0,28.96,61.4,0.0,23.74,0,0,8395.46
2024-03-22 19:00:00,Empirical_Utility_Substation,120000,1,11500.0,29.06,63.2,0.0,24.67,0,0,8844.94
2024-03-22 20:00:00,Empirical_Utility_Substation,120000,1,11500.0,25.01,66.1,0.0,22.78,0,0,8329.91
2024-03-22 21:00:00,Empirical_Utility_Substation,120000,1,11500.0,24.59,61.7,0.0,28.18,0,0,8001.09
2024-03-22 22:00:00,Empirical_Utility_Substation,120000,1,11500.0,23.18,54.3,0.0,23.38,0,0,7570.57
2024-03-22 23:00:00,Empirical_Utility_Substation,120000,1,11500.0,21.68,71.5,0.0,25.09,0,0,7029.42
2024-03-23 00:00:00,Empirical_Utility_Substation,120000,1,11500.0,22.4,72.8,0.0,23.89,1,0,5493.89
2024-03-23 01:00:00,Empirical_Utility_Substation,120000,1,11500.0,22.73,58.2,0.0,25.05,1,0,5514.06
2024-03-23 02:00:00,Empirical_Utility_Substation,120000,1,11500.0,23.35,56.6,0.0,24.84,1,0,5366.03
2024-03-23 03:00:00,Empirical_Utility_Substation,120000,1,11500.0,22.35,60.6,0.0,27.16,1,0,5403.58
2024-03-23 04:00:00,Empirical_Utility_Substation,120000,1,11500.0,23.03,66.3,0.0,22.26,1,0,5606.63
2024-03-23 05:00:00,Empirical_Utility_Substation,120000,1,11500.0,21.43,57.8,0.0,23.18,1,0,5582.6
2024-03-23 06:00:00,Empirical_Utility_Substation,120000,1,11500.0,21.27,67.6,0.0,24.7,1,0,5463.04
2024-03-23 07:00:00,Empirical_Utility_Substation,120000,1,11500.0,21.91,67.4,59.6,24.72,1,0,5760.43
2024-03-23 08:00:00,Empirical_Utility_Substation,120000,1,11500.0,22.94,60.6,135.5,21.22,1,0,6162.27
2024-03-23 09:00:00,Empirical_Utility_Substation,120000,1,11500.0,23.4,74.7,214.4,22.2,1,0,6374.13
2024-03-23 10:00:00,Empirical_Utility_Substation,120000,1,11500.0,26.3,64.6,340.9,27.85,1,0,6717.8
2024-03-23 11:00:00,Empirical_Utility_Substation,120000,1,11500.0,27.49,66.4,204.0,21.92,1,0,6838.14
2024-03-23 12:00:00,Empirical_Utility_Substation,120000,1,11500.0,27.54,54.3,476.9,21.37,1,0,6692.81
2024-03-23 13:00:00,Empirical_Utility_Substation,120000,1,11500.0,27.31,71.8,417.6,24.39,1,0,6554.11
2024-03-23 14:00:00,Empirical_Utility_Substation,120000,1,11500.0,28.11,70.9,343.6,25.11,1,0,6080.04
2024-03-23 15:00:00,Empirical_Utility_Substation,120000,1,11500.0,28.06,65.1,136.9,20.46,1,0,5951.55
2024-03-23 16:00:00,Empirical_Utility_Substation,120000,1,11500.0,28.42,59.1,233.8,21.05,1,0,6121.32
2024-03-23 17:00:00,Empirical_Utility_Substation,120000,1,11500.0,27.4,67.7,74.2,22.1,1,0,6315.66
2024-03-23 18:00:00,Empirical_Utility_Substation,120000,1,11500.0,27.12,53.8,0.0,22.42,1,0,6862.96
2024-03-23 19:00:00,Empirical_Utility_Substation,120000,1,11500.0,27.05,65.1,0.0,25.83,1,0,7302.06
2024-03-23 20:00:00,Empirical_Utility_Substation,120000,1,11500.0,24.96,60.7,0.0,25.3,1,0,7320.87
2024-03-23 21:00:00,Empirical_Utility_Substation,120000,1,11500.0,24.22,63.5,0.0,22.7,1,0,6877.83
2024-03-23 22:00:00,Empirical_Utility_Substation,120000,1,11500.0,22.99,58.9,0.0,21.45,1,0,6455.02
2024-03-23 23:00:00,Empirical_Utility_Substation,120000,1,11500.0,21.94,65.9,0.0,23.02,1,0,5754.26
2024-03-24 00:00:00,Empirical_Utility_Substation,120000,1,11500.0,19.79,66.7,0.0,20.95,1,0,5386.97
2024-03-24 01:00:00,Empirical_Utility_Substation,120000,1,11500.0,19.91,71.8,0.0,20.91,1,0,5353.15
2024-03-24 02:00:00,Empirical_Utility_Substation,120000,1,11500.0,20.37,69.3,0.0,24.25,1,0,5396.68
2024-03-24 03:00:00,Empirical_Utility_Substation,120000,1,11500.0,18.58,83.8,0.0,21.49,1,0,5523.08
2024-03-24 04:00:00,Empirical_Utility_Substation,120000,1,11500.0,19.38,73.5,0.0,24.46,1,0,5377.35
2024-03-24 05:00:00,Empirical_Utility_Substation,120000,1,11500.0,23.62,71.2,0.0,22.91,1,0,5383.35
2024-03-24 06:00:00,Empirical_Utility_Substation,120000,1,11500.0,24.09,60.7,0.0,24.99,1,0,5639.39
2024-03-24 07:00:00,Empirical_Utility_Substation,120000,1,11500.0,25.97,66.2,85.8,24.84,1,0,5793.06
2024-03-24 08:00:00,Empirical_Utility_Substation,120000,1,11500.0,27.02,68.5,163.9,22.68,1,0,6214.48
2024-03-24 09:00:00,Empirical_Utility_Substation,120000,1,11500.0,26.63,57.3,367.5,23.75,1,0,6498.68
2024-03-24 10:00:00,Empirical_Utility_Substation,120000,1,11500.0,28.8,52.7,147.1,24.09,1,0,7286.58
2024-03-24 11:00:00,Empirical_Utility_Substation,120000,1,11500.0,30.58,62.5,408.8,24.12,1,0,7533.76
2024-03-24 12:00:00,Empirical_Utility_Substation,120000,1,11500.0,31.26,54.1,387.6,30.43,1,0,7579.9
2024-03-24 13:00:00,Empirical_Utility_Substation,120000,1,11500.0,31.58,61.4,224.2,21.67,1,0,7503.93
2024-03-24 14:00:00,Empirical_Utility_Substation,120000,1,11500.0,30.16,60.3,140.4,22.38,1,0,6964.82
2024-03-24 15:00:00,Empirical_Utility_Substation,120000,1,11500.0,31.67,52.5,290.5,21.42,1,0,7024.58
2024-03-24 16:00:00,Empirical_Utility_Substation,120000,1,11500.0,33.19,63.3,86.0,24.99,1,0,7378.51
2024-03-24 17:00:00,Empirical_Utility_Substation,120000,1,11500.0,31.91,58.7,58.9,25.75,1,0,7156.54
2024-03-24 18:00:00,Empirical_Utility_Substation,120000,1,11500.0,31.09,67.4,0.0,22.06,1,0,7450.06
2024-03-24 19:00:00,Empirical_Utility_Substation,120000,1,11500.0,27.75,59.9,0.0,24.18,1,0,7198.88
2024-03-24 20:00:00,Empirical_Utility_Substation,120000,1,11500.0,25.91,58.8,0.0,24.06,1,0,7146.96
2024-03-24 21:00:00,Empirical_Utility_Substation,120000,1,11500.0,24.85,68.2,0.0,21.18,1,0,7079.85
2024-03-24 22:00:00,Empirical_Utility_Substation,120000,1,11500.0,22.71,61.2,0.0,27.71,1,0,6746.85
2024-03-24 23:00:00,Empirical_Utility_Substation,120000,1,11500.0,20.75,77.3,0.0,20.67,1,0,6092.34
2024-03-25 00:00:00,Empirical_Utility_Substation,120000,1,11500.0,19.18,70.2,0.0,22.71,0,1,5337.81
2024-03-25 01:00:00,Empirical_Utility_Substation,120000,1,11500.0,18.41,70.0,0.0,25.72,0,1,5329.12
2024-03-25 02:00:00,Empirical_Utility_Substation,120000,1,11500.0,19.8,75.0,0.0,20.74,0,1,5348.14
2024-03-25 03:00:00,Empirical_Utility_Substation,120000,1,11500.0,20.36,61.0,0.0,22.11,0,1,5424.97
2024-03-25 04:00:00,Empirical_Utility_Substation,120000,1,11500.0,19.95,61.1,0.0,23.56,0,1,5460.71
2024-03-25 05:00:00,Empirical_Utility_Substation,120000,1,11500.0,20.84,66.5,0.0,24.66,0,1,5549.81
2024-03-25 06:00:00,Empirical_Utility_Substation,120000,1,11500.0,23.14,67.9,0.0,25.86,0,1,5550.36
2024-03-25 07:00:00,Empirical_Utility_Substation,120000,1,11500.0,23.72,65.4,137.2,25.5,0,1,5644.22
2024-03-25 08:00:00,Empirical_Utility_Substation,120000,1,11500.0,24.54,60.7,142.9,21.88,0,1,5846.51
2024-03-25 09:00:00,Empirical_Utility_Substation,120000,1,11500.0,26.61,59.8,329.8,21.02,0,1,6409.33
2024-03-25 10:00:00,Empirical_Utility_Substation,120000,1,11500.0,27.77,65.5,114.3,20.44,0,1,6948.88
2024-03-25 11:00:00,Empirical_Utility_Substation,120000,1,11500.0,29.38,54.6,309.2,24.11,0,1,7169.19
2024-03-25 12:00:00,Empirical_Utility_Substation,120000,1,11500.0,30.3,49.6,283.1,24.68,0,1,7164.54
2024-03-25 13:00:00,Empirical_Utility_Substation,120000,1,11500.0,30.75,64.4,474.6,24.17,0,1,7029.68
2024-03-25 14:00:00,Empirical_Utility_Substation,120000,1,11500.0,33.81,48.5,493.5,23.68,0,1,7410.29
2024-03-25 15:00:00,Empirical_Utility_Substation,120000,1,11500.0,32.8,61.6,351.9,24.04,0,1,7134.19
2024-03-25 16:00:00,Empirical_Utility_Substation,120000,1,11500.0,31.96,52.1,197.3,22.96,0,1,7119.38
2024-03-25 17:00:00,Empirical_Utility_Substation,120000,1,11500.0,31.69,54.8,143.9,21.0,0,1,7278.9
2024-03-25 18:00:00,Empirical_Utility_Substation,120000,1,11500.0,31.29,52.8,0.0,26.24,0,1,7921.36
2024-03-25 19:00:00,Empirical_Utility_Substation,120000,1,11500.0,29.75,49.9,0.0,23.45,0,1,7995.18
2024-03-25 20:00:00,Empirical_Utility_Substation,120000,1,11500.0,27.86,63.8,0.0,22.63,0,1,7816.45
2024-03-25 21:00:00,Empirical_Utility_Substation,120000,1,11500.0,26.21,62.6,0.0,23.39,0,1,7304.38
2024-03-25 22:00:00,Empirical_Utility_Substation,120000,1,11500.0,24.26,59.9,0.0,26.94,0,1,6786.22
2024-03-25 23:00:00,Empirical_Utility_Substation,120000,1,11500.0,23.23,64.9,0.0,23.18,0,1,6307.59
2024-03-26 00:00:00,Empirical_Utility_Substation,120000,1,11500.0,20.94,69.5,0.0,21.68,0,0,7034.1
2024-03-26 01:00:00,Empirical_Utility_Substation,120000,1,11500.0,19.67,61.2,0.0,24.35,0,0,6943.83
2024-03-26 02:00:00,Empirical_Utility_Substation,120000,1,11500.0,19.45,58.2,0.0,24.61,0,0,6992.71
2024-03-26 03:00:00,Empirical_Utility_Substation,120000,1,11500.0,19.72,64.0,0.0,23.81,0,0,7026.94
2024-03-26 04:00:00,Empirical_Utility_Substation,120000,1,11500.0,19.73,69.4,0.0,24.45,0,0,7032.97
2024-03-26 05:00:00,Empirical_Utility_Substation,120000,1,11500.0,20.85,65.2,0.0,26.27,0,0,6857.96
2024-03-26 06:00:00,Empirical_Utility_Substation,120000,1,11500.0,19.41,65.8,0.0,21.38,0,0,7179.42
2024-03-26 07:00:00,Empirical_Utility_Substation,120000,1,11500.0,20.53,65.4,55.5,21.8,0,0,7226.73
2024-03-26 08:00:00,Empirical_Utility_Substation,120000,1,11500.0,21.18,68.0,274.3,26.73,0,0,7335.63
2024-03-26 09:00:00,Empirical_Utility_Substation,120000,1,11500.0,23.21,56.0,359.5,25.55,0,0,7545.2
2024-03-26 10:00:00,Empirical_Utility_Substation,120000,1,11500.0,25.1,44.4,417.0,23.32,0,0,7787.56
2024-03-26 11:00:00,Empirical_Utility_Substation,120000,1,11500.0,27.97,69.6,361.0,25.69,0,0,8350.49
2024-03-26 12:00:00,Empirical_Utility_Substation,120000,1,11500.0,28.19,57.7,132.0,20.69,0,0,8222.99
2024-03-26 13:00:00,Empirical_Utility_Substation,120000,1,11500.0,27.37,54.0,310.6,27.79,0,0,7729.49
2024-03-26 14:00:00,Empirical_Utility_Substation,120000,1,11500.0,29.23,64.0,263.8,22.78,0,0,7552.28
2024-03-26 15:00:00,Empirical_Utility_Substation,120000,1,11500.0,29.4,51.5,265.1,24.15,0,0,7693.27
2024-03-26 16:00:00,Empirical_Utility_Substation,120000,1,11500.0,28.84,64.6,170.9,25.73,0,0,7485.74
2024-03-26 17:00:00,Empirical_Utility_Substation,120000,1,11500.0,28.98,52.3,121.9,23.22,0,0,7851.34
2024-03-26 18:00:00,Empirical_Utility_Substation,120000,1,11500.0,26.33,64.0,0.0,22.07,0,0,8071.35
2024-03-26 19:00:00,Empirical_Utility_Substation,120000,1,11500.0,24.71,57.9,0.0,24.02,0,0,8361.2
2024-03-26 20:00:00,Empirical_Utility_Substation,120000,1,11500.0,23.53,66.6,0.0,22.27,0,0,8604.34
2024-03-26 21:00:00,Empirical_Utility_Substation,120000,1,11500.0,22.15,70.7,0.0,24.74,0,0,8156.59
2024-03-26 22:00:00,Empirical_Utility_Substation,120000,1,11500.0,20.95,68.1,0.0,22.28,0,0,7611.91
2024-03-26 23:00:00,Empirical_Utility_Substation,120000,1,11500.0,20.37,59.5,0.0,23.45,0,0,6881.06
2024-03-27 00:00:00,Empirical_Utility_Substation,120000,1,11500.0,19.51,67.9,0.0,21.81,0,0,6511.36
2024-03-27 01:00:00,Empirical_Utility_Substation,120000,1,11500.0,17.97,67.7,0.0,24.68,0,0,6743.27
2024-03-27 02:00:00,Empirical_Utility_Substation,120000,1,11500.0,16.86,60.7,0.0,22.97,0,0,6716.59
2024-03-27 03:00:00,Empirical_Utility_Substation,120000,1,11500.0,17.15,73.3,0.0,23.54,0,0,6545.44
2024-03-27 04:00:00,Empirical_Utility_Substation,120000,1,11500.0,18.62,65.6,0.0,22.69,0,0,6618.63
2024-03-27 05:00:00,Empirical_Utility_Substation,120000,1,11500.0,18.97,64.3,0.0,23.56,0,0,6581.9
2024-03-27 06:00:00,Empirical_Utility_Substation,120000,1,11500.0,21.47,65.9,0.0,23.66,0,0,6730.76
2024-03-27 07:00:00,Empirical_Utility_Substation,120000,1,11500.0,22.1,72.2,136.8,26.15,0,0,6963.36
2024-03-27 08:00:00,Empirical_Utility_Substation,120000,1,11500.0,22.95,66.6,239.7,23.31,0,0,7028.85
2024-03-27 09:00:00,Empirical_Utility_Substation,120000,1,11500.0,24.33,60.9,274.3,24.72,0,0,7263.6
2024-03-27 10:00:00,Empirical_Utility_Substation,120000,1,11500.0,27.76,51.9,322.8,21.67,0,0,7897.3
2024-03-27 11:00:00,Empirical_Utility_Substation,120000,1,11500.0,28.28,55.8,413.9,21.56,0,0,8214.92
2024-03-27 12:00:00,Empirical_Utility_Substation,120000,1,11500.0,28.48,44.4,469.6,21.61,0,0,8208.39
2024-03-27 13:00:00,Empirical_Utility_Substation,120000,1,11500.0,30.22,56.8,417.5,27.48,0,0,8157.71
2024-03-27 14:00:00,Empirical_Utility_Substation,120000,1,11500.0,31.16,65.2,445.5,22.39,0,0,8007.64
2024-03-27 15:00:00,Empirical_Utility_Substation,120000,1,11500.0,30.26,67.5,233.6,24.13,0,0,7724.19
2024-03-27 16:00:00,Empirical_Utility_Substation,120000,1,11500.0,30.38,60.4,114.8,22.01,0,0,7932.68
2024-03-27 17:00:00,Empirical_Utility_Substation,120000,1,11500.0,30.56,46.8,161.1,21.01,0,0,8247.3
2024-03-27 18:00:00,Empirical_Utility_Substation,120000,1,11500.0,29.55,63.6,0.0,24.03,0,0,8304.68
2024-03-27 19:00:00,Empirical_Utility_Substation,120000,1,11500.0,28.74,55.4,0.0,26.22,0,0,8666.2
2024-03-27 20:00:00,Empirical_Utility_Substation,120000,1,11500.0,27.44,50.4,0.0,22.07,0,0,8864.59
2024-03-27 21:00:00,Empirical_Utility_Substation,120000,1,11500.0,25.64,65.2,0.0,23.0,0,0,8197.0
2024-03-27 22:00:00,Empirical_Utility_Substation,120000,1,11500.0,23.44,70.5,0.0,23.22,0,0,7512.76
2024-03-27 23:00:00,Empirical_Utility_Substation,120000,1,11500.0,22.31,61.7,0.0,25.34,0,0,7134.42
2024-03-28 00:00:00,Empirical_Utility_Substation,120000,1,11500.0,21.36,64.2,0.0,24.87,0,0,6468.9
2024-03-28 01:00:00,Empirical_Utility_Substation,120000,1,11500.0,19.76,70.4,0.0,22.13,0,0,6536.53
2024-03-28 02:00:00,Empirical_Utility_Substation,120000,1,11500.0,19.63,69.1,0.0,22.58,0,0,6523.43
2024-03-28 03:00:00,Empirical_Utility_Substation,120000,1,11500.0,18.9,60.2,0.0,20.63,0,0,6204.53
2024-03-28 04:00:00,Empirical_Utility_Substation,120000,1,11500.0,19.27,62.0,0.0,25.34,0,0,6164.63
2024-03-28 05:00:00,Empirical_Utility_Substation,120000,1,11500.0,21.44,60.8,0.0,24.22,0,0,6183.83
2024-03-28 06:00:00,Empirical_Utility_Substation,120000,1,11500.0,21.25,59.2,0.0,24.79,0,0,6383.71
2024-03-28 07:00:00,Empirical_Utility_Substation,120000,1,11500.0,22.09,60.7,125.4,24.2,0,0,6572.98
2024-03-28 08:00:00,Empirical_Utility_Substation,120000,1,11500.0,23.61,70.7,172.2,22.18,0,0,6895.95
2024-03-28 09:00:00,Empirical_Utility_Substation,120000,1,11500.0,24.59,61.3,208.4,21.76,0,0,7137.33
2024-03-28 10:00:00,Empirical_Utility_Substation,120000,1,11500.0,26.57,57.6,114.3,22.32,0,0,7593.86
2024-03-28 11:00:00,Empirical_Utility_Substation,120000,1,11500.0,27.12,75.4,266.6,24.67,0,0,7602.7
2024-03-28 12:00:00,Empirical_Utility_Substation,120000,1,11500.0,26.7,53.5,471.2,21.05,0,0,7373.73
2024-03-28 13:00:00,Empirical_Utility_Substation,120000,1,11500.0,26.66,56.7,373.5,23.02,0,0,7326.66
2024-03-28 14:00:00,Empirical_Utility_Substation,120000,1,11500.0,26.9,58.7,344.7,20.76,0,0,7169.69
2024-03-28 15:00:00,Empirical_Utility_Substation,120000,1,11500.0,28.51,59.9,315.1,24.38,0,0,6978.84
2024-03-28 16:00:00,Empirical_Utility_Substation,120000,1,11500.0,28.82,60.1,243.4,23.16,0,0,7070.02
2024-03-28 17:00:00,Empirical_Utility_Substation,120000,1,11500.0,26.72,61.0,122.0,23.73,0,0,6921.36
2024-03-28 18:00:00,Empirical_Utility_Substation,120000,1,11500.0,24.88,65.3,0.0,24.58,0,0,7199.84
2024-03-28 19:00:00,Empirical_Utility_Substation,120000,1,11500.0,24.03,61.1,0.0,21.98,0,0,7807.96
2024-03-28 20:00:00,Empirical_Utility_Substation,120000,1,11500.0,23.65,64.8,0.0,22.13,0,0,8118.62
2024-03-28 21:00:00,Empirical_Utility_Substation,120000,1,11500.0,21.47,50.5,0.0,25.02,0,0,8084.75
2024-03-28 22:00:00,Empirical_Utility_Substation,120000,1,11500.0,20.53,65.0,0.0,21.76,0,0,7621.12
2024-03-28 23:00:00,Empirical_Utility_Substation,120000,1,11500.0,18.8,61.4,0.0,24.41,0,0,7158.88
2024-03-29 00:00:00,Empirical_Utility_Substation,120000,1,11500.0,18.05,69.5,0.0,20.89,0,0,6693.98
2024-03-29 01:00:00,Empirical_Utility_Substation,120000,1,11500.0,17.23,71.8,0.0,22.34,0,0,6821.71
2024-03-29 02:00:00,Empirical_Utility_Substation,120000,1,11500.0,18.32,66.3,0.0,21.3,0,0,6877.59
2024-03-29 03:00:00,Empirical_Utility_Substation,120000,1,11500.0,17.49,65.3,0.0,23.9,0,0,6769.51
2024-03-29 04:00:00,Empirical_Utility_Substation,120000,1,11500.0,17.32,73.0,0.0,23.39,0,0,6697.63
2024-03-29 05:00:00,Empirical_Utility_Substation,120000,1,11500.0,19.13,69.3,0.0,21.75,0,0,6718.48
2024-03-29 06:00:00,Empirical_Utility_Substation,120000,1,11500.0,19.71,59.7,0.0,24.66,0,0,6763.79
2024-03-29 07:00:00,Empirical_Utility_Substation,120000,1,11500.0,21.67,70.1,109.2,21.7,0,0,7070.09
2024-03-29 08:00:00,Empirical_Utility_Substation,120000,1,11500.0,21.91,78.8,110.2,23.31,0,0,7204.76
2024-03-29 09:00:00,Empirical_Utility_Substation,120000,1,11500.0,22.39,66.3,287.8,22.98,0,0,7631.7
2024-03-29 10:00:00,Empirical_Utility_Substation,120000,1,11500.0,24.3,55.6,395.9,23.25,0,0,7880.01
2024-03-29 11:00:00,Empirical_Utility_Substation,120000,1,11500.0,25.73,63.6,138.5,23.73,0,0,8138.02
2024-03-29 12:00:00,Empirical_Utility_Substation,120000,1,11500.0,25.74,70.7,403.8,22.45,0,0,7979.68
2024-03-29 13:00:00,Empirical_Utility_Substation,120000,1,11500.0,26.76,55.6,165.5,25.13,0,0,8144.17
2024-03-29 14:00:00,Empirical_Utility_Substation,120000,1,11500.0,28.73,57.6,349.7,25.85,0,0,8149.37
2024-03-29 15:00:00,Empirical_Utility_Substation,120000,1,11500.0,29.62,62.3,272.3,20.19,0,0,8140.07
2024-03-29 16:00:00,Empirical_Utility_Substation,120000,1,11500.0,30.22,59.8,220.3,23.33,0,0,8094.28
2024-03-29 17:00:00,Empirical_Utility_Substation,120000,1,11500.0,28.91,66.8,60.7,21.17,0,0,8091.82
2024-03-29 18:00:00,Empirical_Utility_Substation,120000,1,11500.0,28.33,62.1,0.0,26.57,0,0,8371.11
2024-03-29 19:00:00,Empirical_Utility_Substation,120000,1,11500.0,27.78,56.7,0.0,23.16,0,0,8599.32
2024-03-29 20:00:00,Empirical_Utility_Substation,120000,1,11500.0,25.71,64.6,0.0,24.33,0,0,8413.48
2024-03-29 21:00:00,Empirical_Utility_Substation,120000,1,11500.0,24.68,66.8,0.0,23.1,0,0,8107.43
2024-03-29 22:00:00,Empirical_Utility_Substation,120000,1,11500.0,22.13,60.4,0.0,27.47,0,0,7601.06
2024-03-29 23:00:00,Empirical_Utility_Substation,120000,1,11500.0,21.07,69.3,0.0,24.69,0,0,7042.27
2024-03-30 00:00:00,Empirical_Utility_Substation,120000,1,11500.0,19.77,68.3,0.0,22.96,1,0,5988.61
2024-03-30 01:00:00,Empirical_Utility_Substation,120000,1,11500.0,20.7,75.3,0.0,23.73,1,0,6164.65
2024-03-30 02:00:00,Empirical_Utility_Substation,120000,1,11500.0,19.66,64.7,0.0,21.06,1,0,5949.56
2024-03-30 03:00:00,Empirical_Utility_Substation,120000,1,11500.0,19.4,77.9,0.0,22.5,1,0,5974.92
2024-03-30 04:00:00,Empirical_Utility_Substation,120000,1,11500.0,18.72,74.5,0.0,21.27,1,0,5968.72
2024-03-30 05:00:00,Empirical_Utility_Substation,120000,1,11500.0,20.51,65.6,0.0,27.89,1,0,5905.02
2024-03-30 06:00:00,Empirical_Utility_Substation,120000,1,11500.0,20.06,63.0,0.0,21.27,1,0,6184.55
2024-03-30 07:00:00,Empirical_Utility_Substation,120000,1,11500.0,20.74,62.3,146.3,20.69,1,0,6185.31
2024-03-30 08:00:00,Empirical_Utility_Substation,120000,1,11500.0,20.49,70.4,179.7,23.57,1,0,6396.67
2024-03-30 09:00:00,Empirical_Utility_Substation,120000,1,11500.0,20.93,64.3,237.4,21.43,1,0,6640.5
2024-03-30 10:00:00,Empirical_Utility_Substation,120000,1,11500.0,23.23,68.9,216.2,22.95,1,0,7017.46
2024-03-30 11:00:00,Empirical_Utility_Substation,120000,1,11500.0,25.17,72.4,346.4,26.95,1,0,7028.15
2024-03-30 12:00:00,Empirical_Utility_Substation,120000,1,11500.0,27.2,71.7,132.0,22.75,1,0,7060.49
2024-03-30 13:00:00,Empirical_Utility_Substation,120000,1,11500.0,28.87,65.4,456.5,25.78,1,0,7321.25
2024-03-30 14:00:00,Empirical_Utility_Substation,120000,1,11500.0,29.77,56.9,366.7,24.79,1,0,7075.59
2024-03-30 15:00:00,Empirical_Utility_Substation,120000,1,11500.0,30.05,51.1,335.1,23.36,1,0,6938.16
2024-03-30 16:00:00,Empirical_Utility_Substation,120000,1,11500.0,27.57,49.0,242.7,22.12,1,0,6315.52
2024-03-30 17:00:00,Empirical_Utility_Substation,120000,1,11500.0,27.16,69.0,45.1,21.67,1,0,6488.47
2024-03-30 18:00:00,Empirical_Utility_Substation,120000,1,11500.0,25.74,63.2,0.0,24.19,1,0,6417.99
2024-03-30 19:00:00,Empirical_Utility_Substation,120000,1,11500.0,25.28,56.8,0.0,24.2,1,0,6901.37
2024-03-30 20:00:00,Empirical_Utility_Substation,120000,1,11500.0,24.65,70.6,0.0,23.54,1,0,7104.75
2024-03-30 21:00:00,Empirical_Utility_Substation,120000,1,11500.0,22.93,55.7,0.0,22.08,1,0,6915.9
2024-03-30 22:00:00,Empirical_Utility_Substation,120000,1,11500.0,20.88,58.0,0.0,25.41,1,0,6653.82
2024-03-30 23:00:00,Empirical_Utility_Substation,120000,1,11500.0,20.65,77.4,0.0,22.7,1,0,5969.95
2024-03-31 00:00:00,Empirical_Utility_Substation,120000,1,11500.0,19.71,58.1,0.0,22.26,1,0,5563.06
2024-03-31 01:00:00,Empirical_Utility_Substation,120000,1,11500.0,18.22,70.0,0.0,24.16,1,0,5781.14
2024-03-31 02:00:00,Empirical_Utility_Substation,120000,1,11500.0,18.63,62.4,0.0,23.97,1,0,5705.3
2024-03-31 03:00:00,Empirical_Utility_Substation,120000,1,11500.0,18.9,75.7,0.0,21.17,1,0,5799.43
2024-03-31 04:00:00,Empirical_Utility_Substation,120000,1,11500.0,20.28,67.2,0.0,25.21,1,0,5971.01
2024-03-31 05:00:00,Empirical_Utility_Substation,120000,1,11500.0,20.28,65.4,0.0,23.54,1,0,5736.94
2024-03-31 06:00:00,Empirical_Utility_Substation,120000,1,11500.0,21.47,64.6,0.0,22.31,1,0,5814.17
2024-03-31 07:00:00,Empirical_Utility_Substation,120000,1,11500.0,22.96,70.6,55.8,24.98,1,0,6156.79
2024-03-31 08:00:00,Empirical_Utility_Substation,120000,1,11500.0,24.79,68.9,192.9,22.14,1,0,6346.01
2024-03-31 09:00:00,Empirical_Utility_Substation,120000,1,11500.0,24.28,63.0,215.1,23.97,1,0,6898.82
2024-03-31 10:00:00,Empirical_Utility_Substation,120000,1,11500.0,24.64,57.4,345.1,21.14,1,0,7124.63
2024-03-31 11:00:00,Empirical_Utility_Substation,120000,1,11500.0,26.94,52.5,389.1,27.64,1,0,7397.74
2024-03-31 12:00:00,Empirical_Utility_Substation,120000,1,11500.0,29.39,58.1,455.7,23.21,1,0,7708.01
2024-03-31 13:00:00,Empirical_Utility_Substation,120000,1,11500.0,30.14,58.3,358.8,22.11,1,0,7456.78
2024-03-31 14:00:00,Empirical_Utility_Substation,120000,1,11500.0,30.59,64.8,114.3,24.04,1,0,7103.14
2024-03-31 15:00:00,Empirical_Utility_Substation,120000,1,11500.0,31.95,61.8,171.4,25.52,1,0,7099.91
2024-03-31 16:00:00,Empirical_Utility_Substation,120000,1,11500.0,31.56,61.0,66.0,22.39,1,0,6929.07
2024-03-31 17:00:00,Empirical_Utility_Substation,120000,1,11500.0,31.27,58.8,115.0,24.94,1,0,7080.56
2024-03-31 18:00:00,Empirical_Utility_Substation,120000,1,11500.0,29.27,56.1,0.0,25.15,1,0,7246.48
2024-03-31 19:00:00,Empirical_Utility_Substation,120000,1,11500.0,27.2,60.2,0.0,25.34,1,0,7472.32
2024-03-31 20:00:00,Empirical_Utility_Substation,120000,1,11500.0,25.15,65.6,0.0,24.84,1,0,7468.71
2024-03-31 21:00:00,Empirical_Utility_Substation,120000,1,11500.0,24.38,59.4,0.0,26.49,1,0,7331.1
2024-03-31 22:00:00,Empirical_Utility_Substation,120000,1,11500.0,23.36,61.0,0.0,22.35,1,0,6828.87
2024-03-31 23:00:00,Empirical_Utility_Substation,120000,1,11500.0,23.74,66.5,0.0,21.06,1,0,6225.9
2024-04-01 00:00:00,Empirical_Utility_Substation,120000,1,11500.0,22.49,66.7,0.0,24.49,0,0,6571.57
2024-04-01 01:00:00,Empirical_Utility_Substation,120000,1,11500.0,20.81,73.1,0.0,21.12,0,0,6550.4
2024-04-01 02:00:00,Empirical_Utility_Substation,120000,1,11500.0,20.52,63.9,0.0,23.51,0,0,6659.73
2024-04-01 03:00:00,Empirical_Utility_Substation,120000,1,11500.0,21.22,61.0,0.0,22.09,0,0,6723.85
2024-04-01 04:00:00,Empirical_Utility_Substation,120000,1,11500.0,19.3,66.8,0.0,23.9,0,0,6704.39
2024-04-01 05:00:00,Empirical_Utility_Substation,120000,1,11500.0,21.16,63.6,0.0,25.73,0,0,6701.06
2024-04-01 06:00:00,Empirical_Utility_Substation,120000,1,11500.0,21.28,80.1,0.0,30.82,0,0,6623.11
2024-04-01 07:00:00,Empirical_Utility_Substation,120000,1,11500.0,21.95,61.9,117.9,25.1,0,0,6680.56
2024-04-01 08:00:00,Empirical_Utility_Substation,120000,1,11500.0,23.11,73.1,143.2,21.25,0,0,6915.0
2024-04-01 09:00:00,Empirical_Utility_Substation,120000,1,11500.0,24.14,65.0,227.5,24.54,0,0,7136.17
2024-04-01 10:00:00,Empirical_Utility_Substation,120000,1,11500.0,25.05,60.3,240.8,23.07,0,0,7557.17
2024-04-01 11:00:00,Empirical_Utility_Substation,120000,1,11500.0,25.57,62.7,526.5,22.29,0,0,7569.77
2024-04-01 12:00:00,Empirical_Utility_Substation,120000,1,11500.0,27.9,55.0,483.6,21.18,0,0,7772.57
2024-04-01 13:00:00,Empirical_Utility_Substation,120000,1,11500.0,28.95,66.3,127.5,22.36,0,0,7600.68
2024-04-01 14:00:00,Empirical_Utility_Substation,120000,1,11500.0,29.78,56.8,210.2,21.18,0,0,7576.52
2024-04-01 15:00:00,Empirical_Utility_Substation,120000,1,11500.0,30.02,57.8,93.3,23.61,0,0,7522.42
2024-04-01 16:00:00,Empirical_Utility_Substation,120000,1,11500.0,28.81,66.1,169.8,23.98,0,0,7523.55
2024-04-01 17:00:00,Empirical_Utility_Substation,120000,1,11500.0,29.49,59.9,147.9,24.27,0,0,7675.13
2024-04-01 18:00:00,Empirical_Utility_Substation,120000,1,11500.0,28.67,67.5,0.0,23.08,0,0,7837.55
2024-04-01 19:00:00,Empirical_Utility_Substation,120000,1,11500.0,27.42,66.6,0.0,22.56,0,0,7996.84
2024-04-01 20:00:00,Empirical_Utility_Substation,120000,1,11500.0,25.26,66.0,0.0,23.93,0,0,7946.97
2024-04-01 21:00:00,Empirical_Utility_Substation,120000,1,11500.0,24.29,75.3,0.0,22.43,0,0,7810.79
2024-04-01 22:00:00,Empirical_Utility_Substation,120000,1,11500.0,23.32,64.8,0.0,23.32,0,0,7452.43
2024-04-01 23:00:00,Empirical_Utility_Substation,120000,1,11500.0,20.43,69.0,0.0,20.44,0,0,6992.32
2024-04-02 00:00:00,Empirical_Utility_Substation,120000,1,11500.0,20.67,58.9,0.0,21.96,0,0,6626.72
2024-04-02 01:00:00,Empirical_Utility_Substation,120000,1,11500.0,20.53,62.9,0.0,22.45,0,0,6649.09
2024-04-02 02:00:00,Empirical_Utility_Substation,120000,1,11500.0,20.95,78.1,0.0,27.98,0,0,6642.89
2024-04-02 03:00:00,Empirical_Utility_Substation,120000,1,11500.0,20.94,73.2,0.0,24.37,0,0,6725.99
2024-04-02 04:00:00,Empirical_Utility_Substation,120000,1,11500.0,20.02,57.3,0.0,24.29,0,0,6682.6
2024-04-02 05:00:00,Empirical_Utility_Substation,120000,1,11500.0,20.61,70.6,0.0,26.39,0,0,6778.82
2024-04-02 06:00:00,Empirical_Utility_Substation,120000,1,11500.0,22.0,74.1,0.0,25.39,0,0,6952.1
2024-04-02 07:00:00,Empirical_Utility_Substation,120000,1,11500.0,23.16,79.1,34.2,21.82,0,0,7010.2
2024-04-02 08:00:00,Empirical_Utility_Substation,120000,1,11500.0,24.78,66.3,221.4,22.87,0,0,7275.99
2024-04-02 09:00:00,Empirical_Utility_Substation,120000,1,11500.0,26.0,63.9,349.9,22.3,0,0,7506.73
2024-04-02 10:00:00,Empirical_Utility_Substation,120000,1,11500.0,27.21,64.7,146.5,21.37,0,0,7764.46
2024-04-02 11:00:00,Empirical_Utility_Substation,120000,1,11500.0,29.8,64.5,331.5,22.68,0,0,8246.76
2024-04-02 12:00:00,Empirical_Utility_Substation,120000,1,11500.0,32.67,54.0,414.7,25.0,0,0,8758.98
2024-04-02 13:00:00,Empirical_Utility_Substation,120000,1,11500.0,32.73,59.9,525.6,23.21,0,0,8632.82
2024-04-02 14:00:00,Empirical_Utility_Substation,120000,1,11500.0,32.15,57.2,405.6,24.38,0,0,8212.76
2024-04-02 15:00:00,Empirical_Utility_Substation,120000,1,11500.0,34.54,52.5,250.1,22.02,0,0,8443.98
2024-04-02 16:00:00,Empirical_Utility_Substation,120000,1,11500.0,34.16,55.6,117.2,21.7,0,0,8307.27
2024-04-02 17:00:00,Empirical_Utility_Substation,120000,1,11500.0,32.92,49.6,103.8,21.13,0,0,8097.16
2024-04-02 18:00:00,Empirical_Utility_Substation,120000,1,11500.0,30.24,65.1,0.0,22.73,0,0,8078.67
2024-04-02 19:00:00,Empirical_Utility_Substation,120000,1,11500.0,31.2,49.0,0.0,23.09,0,0,8679.61
2024-04-02 20:00:00,Empirical_Utility_Substation,120000,1,11500.0,29.71,58.1,0.0,22.16,0,0,8490.3
2024-04-02 21:00:00,Empirical_Utility_Substation,120000,1,11500.0,28.7,62.6,0.0,22.54,0,0,8106.23
2024-04-02 22:00:00,Empirical_Utility_Substation,120000,1,11500.0,27.94,67.0,0.0,24.87,0,0,7689.02
2024-04-02 23:00:00,Empirical_Utility_Substation,120000,1,11500.0,26.46,57.9,0.0,22.66,0,0,7084.67
2024-04-03 00:00:00,Empirical_Utility_Substation,120000,1,11500.0,25.61,62.9,0.0,22.6,0,0,6552.51
2024-04-03 01:00:00,Empirical_Utility_Substation,120000,1,11500.0,25.42,57.9,0.0,23.22,0,0,6659.82
2024-04-03 02:00:00,Empirical_Utility_Substation,120000,1,11500.0,24.13,66.3,0.0,23.87,0,0,6715.94
2024-04-03 03:00:00,Empirical_Utility_Substation,120000,1,11500.0,23.69,66.9,0.0,21.31,0,0,6810.74
2024-04-03 04:00:00,Empirical_Utility_Substation,120000,1,11500.0,25.78,59.3,0.0,23.38,0,0,6988.01
2024-04-03 05:00:00,Empirical_Utility_Substation,120000,1,11500.0,25.56,62.6,0.0,20.77,0,0,6981.52
2024-04-03 06:00:00,Empirical_Utility_Substation,120000,1,11500.0,25.13,56.7,0.0,21.12,0,0,7108.02
2024-04-03 07:00:00,Empirical_Utility_Substation,120000,1,11500.0,25.9,58.9,146.2,24.27,0,0,7245.02
2024-04-03 08:00:00,Empirical_Utility_Substation,120000,1,11500.0,28.03,65.1,208.7,21.87,0,0,7707.49
2024-04-03 09:00:00,Empirical_Utility_Substation,120000,1,11500.0,27.62,57.7,221.7,20.61,0,0,7859.84
2024-04-03 10:00:00,Empirical_Utility_Substation,120000,1,11500.0,29.5,60.0,438.7,22.46,0,0,8348.83
2024-04-03 11:00:00,Empirical_Utility_Substation,120000,1,11500.0,29.57,53.5,397.4,21.62,0,0,8274.86
2024-04-03 12:00:00,Empirical_Utility_Substation,120000,1,11500.0,30.98,63.3,373.8,23.77,0,0,8215.12
2024-04-03 13:00:00,Empirical_Utility_Substation,120000,1,11500.0,31.11,61.4,526.3,20.55,0,0,7916.64
2024-04-03 14:00:00,Empirical_Utility_Substation,120000,1,11500.0,30.21,57.6,414.9,23.01,0,0,7550.09
2024-04-03 15:00:00,Empirical_Utility_Substation,120000,1,11500.0,30.23,61.0,270.9,22.05,0,0,7290.96
2024-04-03 16:00:00,Empirical_Utility_Substation,120000,1,11500.0,29.25,60.2,66.0,22.29,0,0,7030.31
2024-04-03 17:00:00,Empirical_Utility_Substation,120000,1,11500.0,28.0,49.8,54.2,25.64,0,0,7229.99
2024-04-03 18:00:00,Empirical_Utility_Substation,120000,1,11500.0,27.55,62.4,0.0,20.45,0,0,7689.14
2024-04-03 19:00:00,Empirical_Utility_Substation,120000,1,11500.0,27.11,70.5,0.0,25.08,0,0,7970.49
2024-04-03 20:00:00,Empirical_Utility_Substation,120000,1,11500.0,25.96,51.7,0.0,24.71,0,0,7921.61
2024-04-03 21:00:00,Empirical_Utility_Substation,120000,1,11500.0,26.56,58.5,0.0,21.7,0,0,7761.79
2024-04-03 22:00:00,Empirical_Utility_Substation,120000,1,11500.0,24.93,67.4,0.0,24.78,0,0,7196.5
2024-04-03 23:00:00,Empirical_Utility_Substation,120000,1,11500.0,22.58,66.5,0.0,23.16,0,0,6770.89
2024-04-04 00:00:00,Empirical_Utility_Substation,120000,1,11500.0,20.05,64.0,0.0,26.75,0,0,6520.65
2024-04-04 01:00:00,Empirical_Utility_Substation,120000,1,11500.0,19.19,70.3,0.0,22.44,0,0,6357.69
2024-04-04 02:00:00,Empirical_Utility_Substation,120000,1,11500.0,19.79,60.7,0.0,23.32,0,0,6566.59
2024-04-04 03:00:00,Empirical_Utility_Substation,120000,1,11500.0,19.97,66.2,0.0,25.69,0,0,6486.61
2024-04-04 04:00:00,Empirical_Utility_Substation,120000,1,11500.0,19.15,70.2,0.0,25.06,0,0,6565.85
2024-04-04 05:00:00,Empirical_Utility_Substation,120000,1,11500.0,19.67,60.9,0.0,24.09,0,0,6636.07
2024-04-04 06:00:00,Empirical_Utility_Substation,120000,1,11500.0,19.7,66.6,0.0,23.02,0,0,6785.56
2024-04-04 07:00:00,Empirical_Utility_Substation,120000,1,11500.0,20.98,60.1,57.8,24.04,0,0,7032.18
2024-04-04 08:00:00,Empirical_Utility_Substation,120000,1,11500.0,22.73,64.8,260.5,23.91,0,0,7429.32
2024-04-04 09:00:00,Empirical_Utility_Substation,120000,1,11500.0,25.28,58.9,348.3,24.21,0,0,7730.25
2024-04-04 10:00:00,Empirical_Utility_Substation,120000,1,11500.0,26.29,57.1,284.5,23.58,0,0,8214.48
2024-04-04 11:00:00,Empirical_Utility_Substation,120000,1,11500.0,27.46,59.8,308.6,24.06,0,0,8489.69
2024-04-04 12:00:00,Empirical_Utility_Substation,120000,1,11500.0,28.65,64.8,299.1,24.37,0,0,8489.53
2024-04-04 13:00:00,Empirical_Utility_Substation,120000,1,11500.0,29.34,59.6,393.1,22.05,0,0,8388.47
2024-04-04 14:00:00,Empirical_Utility_Substation,120000,1,11500.0,28.89,65.3,144.3,26.07,0,0,7980.29
2024-04-04 15:00:00,Empirical_Utility_Substation,120000,1,11500.0,28.71,64.1,221.5,21.23,0,0,7637.12
2024-04-04 16:00:00,Empirical_Utility_Substation,120000,1,11500.0,26.66,57.7,200.8,24.99,0,0,7033.2
2024-04-04 17:00:00,Empirical_Utility_Substation,120000,1,11500.0,25.25,61.1,96.2,25.12,0,0,7160.03
2024-04-04 18:00:00,Empirical_Utility_Substation,120000,1,11500.0,24.09,60.5,0.0,24.49,0,0,7646.35
2024-04-04 19:00:00,Empirical_Utility_Substation,120000,1,11500.0,23.45,70.3,0.0,22.23,0,0,8031.37
2024-04-04 20:00:00,Empirical_Utility_Substation,120000,1,11500.0,20.42,73.6,0.0,21.88,0,0,7918.11
2024-04-04 21:00:00,Empirical_Utility_Substation,120000,1,11500.0,18.66,70.3,0.0,21.43,0,0,7729.94
2024-04-04 22:00:00,Empirical_Utility_Substation,120000,1,11500.0,16.81,66.3,0.0,23.77,0,0,7352.43
2024-04-04 23:00:00,Empirical_Utility_Substation,120000,1,11500.0,18.41,59.8,0.0,22.21,0,0,6799.63
2024-04-05 00:00:00,Empirical_Utility_Substation,120000,1,11500.0,18.25,59.3,0.0,25.52,0,0,6346.69
2024-04-05 01:00:00,Empirical_Utility_Substation,120000,1,11500.0,18.04,79.5,0.0,21.67,0,0,6212.63
2024-04-05 02:00:00,Empirical_Utility_Substation,120000,1,11500.0,18.59,62.4,0.0,23.35,0,0,6399.27
2024-04-05 03:00:00,Empirical_Utility_Substation,120000,1,11500.0,17.84,72.8,0.0,26.14,0,0,6474.68
2024-04-05 04:00:00,Empirical_Utility_Substation,120000,1,11500.0,19.08,65.2,0.0,23.95,0,0,6322.59
2024-04-05 05:00:00,Empirical_Utility_Substation,120000,1,11500.0,19.98,66.8,0.0,23.99,0,0,6403.83
2024-04-05 06:00:00,Empirical_Utility_Substation,120000,1,11500.0,21.05,74.3,0.0,26.32,0,0,6700.11
2024-04-05 07:00:00,Empirical_Utility_Substation,120000,1,11500.0,22.87,68.0,96.5,26.55,0,0,6834.96
2024-04-05 08:00:00,Empirical_Utility_Substation,120000,1,11500.0,25.29,58.2,286.6,22.42,0,0,7332.85
2024-04-05 09:00:00,Empirical_Utility_Substation,120000,1,11500.0,24.91,62.5,202.4,23.77,0,0,7470.93
2024-04-05 10:00:00,Empirical_Utility_Substation,120000,1,11500.0,26.31,61.9,468.2,25.03,0,0,7824.12
2024-04-05 11:00:00,Empirical_Utility_Substation,120000,1,11500.0,30.26,69.1,406.0,27.63,0,0,8568.79
2024-04-05 12:00:00,Empirical_Utility_Substation,120000,1,11500.0,32.43,40.0,494.5,23.36,0,0,9030.27
2024-04-05 13:00:00,Empirical_Utility_Substation,120000,1,11500.0,33.32,49.6,348.4,22.71,0,0,8927.31
2024-04-05 14:00:00,Empirical_Utility_Substation,120000,1,11500.0,33.1,55.8,453.0,21.71,0,0,8496.61
2024-04-05 15:00:00,Empirical_Utility_Substation,120000,1,11500.0,32.5,50.5,264.9,23.48,0,0,8091.64
2024-04-05 16:00:00,Empirical_Utility_Substation,120000,1,11500.0,33.94,55.4,219.3,24.42,0,0,8436.62
2024-04-05 17:00:00,Empirical_Utility_Substation,120000,1,11500.0,33.55,50.7,94.4,21.33,0,0,8624.99
2024-04-05 18:00:00,Empirical_Utility_Substation,120000,1,11500.0,31.57,52.3,0.0,23.86,0,0,8421.45
2024-04-05 19:00:00,Empirical_Utility_Substation,120000,1,11500.0,30.94,52.6,0.0,24.74,0,0,8822.01
2024-04-05 20:00:00,Empirical_Utility_Substation,120000,1,11500.0,28.96,67.4,0.0,22.03,0,0,8420.89
2024-04-05 21:00:00,Empirical_Utility_Substation,120000,1,11500.0,26.68,64.0,0.0,23.2,0,0,7971.63
2024-04-05 22:00:00,Empirical_Utility_Substation,120000,1,11500.0,24.74,60.9,0.0,24.03,0,0,7367.93
2024-04-05 23:00:00,Empirical_Utility_Substation,120000,1,11500.0,22.61,73.2,0.0,24.05,0,0,6799.64
2024-04-06 00:00:00,Empirical_Utility_Substation,120000,1,11500.0,20.21,64.5,0.0,22.93,1,0,5493.11
2024-04-06 01:00:00,Empirical_Utility_Substation,120000,1,11500.0,20.09,48.3,0.0,25.23,1,0,5530.28
2024-04-06 02:00:00,Empirical_Utility_Substation,120000,1,11500.0,19.62,71.8,0.0,26.35,1,0,5653.9
2024-04-06 03:00:00,Empirical_Utility_Substation,120000,1,11500.0,17.59,76.2,0.0,23.78,1,0,5638.13
2024-04-06 04:00:00,Empirical_Utility_Substation,120000,1,11500.0,15.08,66.7,0.0,24.09,1,0,5460.93
2024-04-06 05:00:00,Empirical_Utility_Substation,120000,1,11500.0,16.56,70.0,0.0,22.4,1,0,5524.34
2024-04-06 06:00:00,Empirical_Utility_Substation,120000,1,11500.0,19.1,72.8,0.0,24.02,1,0,5663.51
2024-04-06 07:00:00,Empirical_Utility_Substation,120000,1,11500.0,22.77,64.1,102.0,27.0,1,0,5905.82
2024-04-06 08:00:00,Empirical_Utility_Substation,120000,1,11500.0,23.96,69.1,155.5,26.51,1,0,6191.21
2024-04-06 09:00:00,Empirical_Utility_Substation,120000,1,11500.0,25.6,57.2,220.3,25.71,1,0,6750.69
2024-04-06 10:00:00,Empirical_Utility_Substation,120000,1,11500.0,25.98,56.9,272.9,24.26,1,0,6920.2
2024-04-06 11:00:00,Empirical_Utility_Substation,120000,1,11500.0,25.76,63.7,127.5,24.23,1,0,6673.22
2024-04-06 12:00:00,Empirical_Utility_Substation,120000,1,11500.0,27.25,45.9,424.0,24.93,1,0,7073.02
2024-04-06 13:00:00,Empirical_Utility_Substation,120000,1,11500.0,27.7,64.0,332.3,22.96,1,0,6801.38
2024-04-06 14:00:00,Empirical_Utility_Substation,120000,1,11500.0,28.63,56.8,299.1,23.05,1,0,6692.08
2024-04-06 15:00:00,Empirical_Utility_Substation,120000,1,11500.0,29.34,55.9,226.1,22.19,1,0,6566.88
2024-04-06 16:00:00,Empirical_Utility_Substation,120000,1,11500.0,27.99,59.8,169.8,25.31,1,0,6278.3
2024-04-06 17:00:00,Empirical_Utility_Substation,120000,1,11500.0,28.63,57.5,59.6,22.01,1,0,6466.74
2024-04-06 18:00:00,Empirical_Utility_Substation,120000,1,11500.0,28.46,59.5,0.0,23.21,1,0,6615.11
2024-04-06 19:00:00,Empirical_Utility_Substation,120000,1,11500.0,28.96,57.6,0.0,26.19,1,0,7132.35
2024-04-06 20:00:00,Empirical_Utility_Substation,120000,1,11500.0,28.34,46.8,0.0,25.2,1,0,7149.51
2024-04-06 21:00:00,Empirical_Utility_Substation,120000,1,11500.0,26.17,51.9,0.0,26.11,1,0,6788.67
2024-04-06 22:00:00,Empirical_Utility_Substation,120000,1,11500.0,24.21,62.8,0.0,25.18,1,0,5886.02
2024-04-06 23:00:00,Empirical_Utility_Substation,120000,1,11500.0,22.81,70.7,0.0,26.28,1,0,5601.46
2024-04-07 00:00:00,Empirical_Utility_Substation,120000,1,11500.0,20.8,76.4,0.0,25.76,1,0,5199.25
2024-04-07 01:00:00,Empirical_Utility_Substation,120000,1,11500.0,20.69,68.6,0.0,21.96,1,0,5352.98
2024-04-07 02:00:00,Empirical_Utility_Substation,120000,1,11500.0,20.29,70.7,0.0,21.74,1,0,5127.08
2024-04-07 03:00:00,Empirical_Utility_Substation,120000,1,11500.0,21.96,61.3,0.0,22.87,1,0,5229.91
2024-04-07 04:00:00,Empirical_Utility_Substation,120000,1,11500.0,21.56,65.3,0.0,22.98,1,0,5302.0
2024-04-07 05:00:00,Empirical_Utility_Substation,120000,1,11500.0,21.59,61.4,0.0,21.86,1,0,5413.51
2024-04-07 06:00:00,Empirical_Utility_Substation,120000,1,11500.0,23.95,55.4,0.0,24.17,1,0,5670.43
2024-04-07 07:00:00,Empirical_Utility_Substation,120000,1,11500.0,25.69,47.4,141.7,21.99,1,0,5853.13
2024-04-07 08:00:00,Empirical_Utility_Substation,120000,1,11500.0,25.71,57.2,261.8,23.26,1,0,6199.2
2024-04-07 09:00:00,Empirical_Utility_Substation,120000,1,11500.0,26.26,61.2,186.8,25.56,1,0,6579.77
2024-04-07 10:00:00,Empirical_Utility_Substation,120000,1,11500.0,28.17,54.8,233.8,22.55,1,0,7160.58
2024-04-07 11:00:00,Empirical_Utility_Substation,120000,1,11500.0,29.01,62.6,252.8,22.75,1,0,7351.88
2024-04-07 12:00:00,Empirical_Utility_Substation,120000,1,11500.0,29.97,44.8,345.8,24.96,1,0,7552.95
2024-04-07 13:00:00,Empirical_Utility_Substation,120000,1,11500.0,30.46,67.0,479.0,23.91,1,0,7471.92
2024-04-07 14:00:00,Empirical_Utility_Substation,120000,1,11500.0,33.2,66.4,423.0,23.29,1,0,7858.85
2024-04-07 15:00:00,Empirical_Utility_Substation,120000,1,11500.0,32.06,62.9,93.3,25.69,1,0,7321.45
2024-04-07 16:00:00,Empirical_Utility_Substation,120000,1,11500.0,30.68,53.8,268.2,23.14,1,0,7180.07
2024-04-07 17:00:00,Empirical_Utility_Substation,120000,1,11500.0,30.04,62.7,122.9,21.94,1,0,7173.09
2024-04-07 18:00:00,Empirical_Utility_Substation,120000,1,11500.0,29.62,56.9,0.0,21.75,1,0,7444.42
2024-04-07 19:00:00,Empirical_Utility_Substation,120000,1,11500.0,28.12,73.0,0.0,22.9,1,0,7511.1
2024-04-07 20:00:00,Empirical_Utility_Substation,120000,1,11500.0,25.35,61.2,0.0,21.26,1,0,7068.3
2024-04-07 21:00:00,Empirical_Utility_Substation,120000,1,11500.0,23.84,49.8,0.0,22.41,1,0,6741.52
2024-04-07 22:00:00,Empirical_Utility_Substation,120000,1,11500.0,21.72,64.1,0.0,22.49,1,0,6285.7
2024-04-07 23:00:00,Empirical_Utility_Substation,120000,1,11500.0,21.69,57.4,0.0,24.46,1,0,5853.29
2024-04-08 00:00:00,Empirical_Utility_Substation,120000,1,11500.0,21.82,69.8,0.0,23.66,0,0,6168.8
2024-04-08 01:00:00,Empirical_Utility_Substation,120000,1,11500.0,20.29,81.4,0.0,23.29,0,0,6276.55
2024-04-08 02:00:00,Empirical_Utility_Substation,120000,1,11500.0,19.51,67.3,0.0,21.15,0,0,6297.7
2024-04-08 03:00:00,Empirical_Utility_Substation,120000,1,11500.0,20.27,71.4,0.0,22.9,0,0,6476.92
2024-04-08 04:00:00,Empirical_Utility_Substation,120000,1,11500.0,21.52,56.1,0.0,22.82,0,0,6471.9
2024-04-08 05:00:00,Empirical_Utility_Substation,120000,1,11500.0,21.21,70.8,0.0,24.56,0,0,6627.68
2024-04-08 06:00:00,Empirical_Utility_Substation,120000,1,11500.0,23.41,66.8,0.0,24.9,0,0,6757.88
2024-04-08 07:00:00,Empirical_Utility_Substation,120000,1,11500.0,25.34,57.9,101.1,25.07,0,0,6911.78
2024-04-08 08:00:00,Empirical_Utility_Substation,120000,1,11500.0,28.38,56.0,139.5,21.23,0,0,7557.86
2024-04-08 09:00:00,Empirical_Utility_Substation,120000,1,11500.0,30.37,60.9,353.8,25.89,0,0,8268.56
2024-04-08 10:00:00,Empirical_Utility_Substation,120000,1,11500.0,29.94,50.4,414.2,21.65,0,0,8278.22
2024-04-08 11:00:00,Empirical_Utility_Substation,120000,1,11500.0,31.17,49.8,160.3,25.89,0,0,8540.13
2024-04-08 12:00:00,Empirical_Utility_Substation,120000,1,11500.0,32.4,56.4,520.5,23.05,0,0,8724.59
2024-04-08 13:00:00,Empirical_Utility_Substation,120000,1,11500.0,33.45,56.9,275.0,22.4,0,0,8806.53
2024-04-08 14:00:00,Empirical_Utility_Substation,120000,1,11500.0,34.47,53.2,222.2,22.9,0,0,8862.0
2024-04-08 15:00:00,Empirical_Utility_Substation,120000,1,11500.0,34.17,59.9,331.4,22.46,0,0,8699.82
2024-04-08 16:00:00,Empirical_Utility_Substation,120000,1,11500.0,34.0,53.2,196.2,22.94,0,0,8653.25
2024-04-08 17:00:00,Empirical_Utility_Substation,120000,1,11500.0,33.01,52.6,159.2,23.08,0,0,8384.2
2024-04-08 18:00:00,Empirical_Utility_Substation,120000,1,11500.0,30.16,54.7,0.0,24.75,0,0,8308.7
2024-04-08 19:00:00,Empirical_Utility_Substation,120000,1,11500.0,28.73,55.4,0.0,25.13,0,0,8478.1
2024-04-08 20:00:00,Empirical_Utility_Substation,120000,1,11500.0,26.41,64.4,0.0,23.26,0,0,8281.63
2024-04-08 21:00:00,Empirical_Utility_Substation,120000,1,11500.0,25.55,49.0,0.0,24.99,0,0,7816.27
2024-04-08 22:00:00,Empirical_Utility_Substation,120000,1,11500.0,26.11,57.2,0.0,23.07,0,0,7413.95
2024-04-08 23:00:00,Empirical_Utility_Substation,120000,1,11500.0,24.73,62.0,0.0,27.33,0,0,6920.37
2024-04-09 00:00:00,Empirical_Utility_Substation,120000,1,11500.0,23.64,54.6,0.0,25.93,0,0,6553.73
2024-04-09 01:00:00,Empirical_Utility_Substation,120000,1,11500.0,22.58,58.7,0.0,27.16,0,0,6605.7
2024-04-09 02:00:00,Empirical_Utility_Substation,120000,1,11500.0,21.75,61.4,0.0,25.26,0,0,6460.43
2024-04-09 03:00:00,Empirical_Utility_Substation,120000,1,11500.0,21.39,53.8,0.0,23.72,0,0,6464.4
2024-04-09 04:00:00,Empirical_Utility_Substation,120000,1,11500.0,21.49,70.8,0.0,24.95,0,0,6292.96
2024-04-09 05:00:00,Empirical_Utility_Substation,120000,1,11500.0,22.85,59.0,0.0,26.52,0,0,6303.68
2024-04-09 06:00:00,Empirical_Utility_Substation,120000,1,11500.0,23.55,77.0,0.0,23.59,0,0,6251.85
2024-04-09 07:00:00,Empirical_Utility_Substation,120000,1,11500.0,24.32,64.7,34.2,20.48,0,0,6431.79
2024-04-09 08:00:00,Empirical_Utility_Substation,120000,1,11500.0,24.7,52.5,277.4,25.07,0,0,6792.75
2024-04-09 09:00:00,Empirical_Utility_Substation,120000,1,11500.0,25.75,62.5,160.0,20.38,0,0,7191.07
2024-04-09 10:00:00,Empirical_Utility_Substation,120000,1,11500.0,27.45,60.5,221.7,23.34,0,0,7846.9
2024-04-09 11:00:00,Empirical_Utility_Substation,120000,1,11500.0,29.8,50.1,410.3,24.44,0,0,8466.92
2024-04-09 12:00:00,Empirical_Utility_Substation,120000,1,11500.0,31.05,51.3,550.9,22.92,0,0,8472.57
2024-04-09 13:00:00,Empirical_Utility_Substation,120000,1,11500.0,32.21,71.5,254.7,20.88,0,0,8373.01
2024-04-09 14:00:00,Empirical_Utility_Substation,120000,1,11500.0,32.85,45.2,444.6,25.34,0,0,8167.52
2024-04-09 15:00:00,Empirical_Utility_Substation,120000,1,11500.0,31.6,63.4,93.3,26.83,0,0,7482.57
2024-04-09 16:00:00,Empirical_Utility_Substation,120000,1,11500.0,31.17,58.5,134.1,22.04,0,0,7458.82
2024-04-09 17:00:00,Empirical_Utility_Substation,120000,1,11500.0,31.25,63.3,119.6,22.01,0,0,7864.36
2024-04-09 18:00:00,Empirical_Utility_Substation,120000,1,11500.0,30.88,62.6,0.0,24.7,0,0,8331.82
2024-04-09 19:00:00,Empirical_Utility_Substation,120000,1,11500.0,29.91,55.7,0.0,21.71,0,0,8637.57
2024-04-09 20:00:00,Empirical_Utility_Substation,120000,1,11500.0,28.25,70.1,0.0,22.01,0,0,8671.03
2024-04-09 21:00:00,Empirical_Utility_Substation,120000,1,11500.0,27.59,68.2,0.0,21.89,0,0,8431.33
2024-04-09 22:00:00,Empirical_Utility_Substation,120000,1,11500.0,25.65,52.1,0.0,20.84,0,0,7809.95
2024-04-09 23:00:00,Empirical_Utility_Substation,120000,1,11500.0,25.87,55.6,0.0,21.17,0,0,7397.52
2024-04-10 00:00:00,Empirical_Utility_Substation,120000,1,11500.0,24.78,65.3,0.0,23.94,0,0,6731.12
2024-04-10 01:00:00,Empirical_Utility_Substation,120000,1,11500.0,24.63,66.7,0.0,22.24,0,0,6759.94
2024-04-10 02:00:00,Empirical_Utility_Substation,120000,1,11500.0,23.27,62.8,0.0,23.09,0,0,6613.56
2024-04-10 03:00:00,Empirical_Utility_Substation,120000,1,11500.0,22.79,67.7,0.0,23.2,0,0,6650.34
2024-04-10 04:00:00,Empirical_Utility_Substation,120000,1,11500.0,23.33,64.3,0.0,22.74,0,0,6507.77
2024-04-10 05:00:00,Empirical_Utility_Substation,120000,1,11500.0,23.64,72.6,0.0,24.96,0,0,6567.89
2024-04-10 06:00:00,Empirical_Utility_Substation,120000,1,11500.0,23.81,69.7,0.0,21.75,0,0,6639.56
2024-04-10 07:00:00,Empirical_Utility_Substation,120000,1,11500.0,26.77,57.4,53.1,23.19,0,0,6986.2
2024-04-10 08:00:00,Empirical_Utility_Substation,120000,1,11500.0,28.26,49.1,134.7,25.43,0,0,7544.45
2024-04-10 09:00:00,Empirical_Utility_Substation,120000,1,11500.0,30.05,59.9,210.7,22.68,0,0,8071.33
2024-04-10 10:00:00,Empirical_Utility_Substation,120000,1,11500.0,30.16,56.2,208.2,24.33,0,0,8500.84
2024-04-10 11:00:00,Empirical_Utility_Substation,120000,1,11500.0,31.08,44.1,220.9,21.06,0,0,8760.48
2024-04-10 12:00:00,Empirical_Utility_Substation,120000,1,11500.0,31.67,56.6,363.8,22.98,0,0,8790.54
2024-04-10 13:00:00,Empirical_Utility_Substation,120000,1,11500.0,32.1,61.2,322.3,25.23,0,0,8503.64
2024-04-10 14:00:00,Empirical_Utility_Substation,120000,1,11500.0,31.97,61.0,491.4,22.51,0,0,8130.21
2024-04-10 15:00:00,Empirical_Utility_Substation,120000,1,11500.0,33.04,57.5,371.1,24.96,0,0,8135.56
2024-04-10 16:00:00,Empirical_Utility_Substation,120000,1,11500.0,32.51,57.5,66.0,21.09,0,0,7924.3
2024-04-10 17:00:00,Empirical_Utility_Substation,120000,1,11500.0,33.41,55.9,77.7,26.63,0,0,8563.08
2024-04-10 18:00:00,Empirical_Utility_Substation,120000,1,11500.0,32.71,50.2,0.0,22.71,0,0,8993.23
2024-04-10 19:00:00,Empirical_Utility_Substation,120000,1,11500.0,31.18,61.5,0.0,22.52,0,0,9111.82
2024-04-10 20:00:00,Empirical_Utility_Substation,120000,1,11500.0,29.31,44.4,0.0,24.7,0,0,9017.15
2024-04-10 21:00:00,Empirical_Utility_Substation,120000,1,11500.0,25.82,66.6,0.0,22.07,0,0,8204.21
2024-04-10 22:00:00,Empirical_Utility_Substation,120000,1,11500.0,25.15,57.1,0.0,25.37,0,0,7826.2
2024-04-10 23:00:00,Empirical_Utility_Substation,120000,1,11500.0,21.97,67.0,0.0,20.81,0,0,7387.54
2024-04-11 00:00:00,Empirical_Utility_Substation,120000,1,11500.0,21.58,64.2,0.0,21.64,0,0,6798.33
2024-04-11 01:00:00,Empirical_Utility_Substation,120000,1,11500.0,20.8,65.2,0.0,23.91,0,0,6973.15
2024-04-11 02:00:00,Empirical_Utility_Substation,120000,1,11500.0,20.31,74.3,0.0,26.14,0,0,6661.37
2024-04-11 03:00:00,Empirical_Utility_Substation,120000,1,11500.0,20.87,69.1,0.0,23.38,0,0,6672.62
2024-04-11 04:00:00,Empirical_Utility_Substation,120000,1,11500.0,21.72,63.8,0.0,26.43,0,0,6752.44
2024-04-11 05:00:00,Empirical_Utility_Substation,120000,1,11500.0,21.7,65.3,0.0,21.23,0,0,6949.8
2024-04-11 06:00:00,Empirical_Utility_Substation,120000,1,11500.0,23.65,58.8,0.0,27.02,0,0,7047.93
2024-04-11 07:00:00,Empirical_Utility_Substation,120000,1,11500.0,24.37,65.8,99.8,24.54,0,0,7245.59
2024-04-11 08:00:00,Empirical_Utility_Substation,120000,1,11500.0,25.83,56.5,150.6,23.12,0,0,7692.53
2024-04-11 09:00:00,Empirical_Utility_Substation,120000,1,11500.0,27.55,68.1,282.8,22.84,0,0,7953.94
2024-04-11 10:00:00,Empirical_Utility_Substation,120000,1,11500.0,29.68,63.8,288.4,25.34,0,0,8495.29
2024-04-11 11:00:00,Empirical_Utility_Substation,120000,1,11500.0,31.52,66.4,369.8,23.4,0,0,8795.44
2024-04-11 12:00:00,Empirical_Utility_Substation,120000,1,11500.0,33.28,47.5,606.4,29.61,0,0,8980.48
2024-04-11 13:00:00,Empirical_Utility_Substation,120000,1,11500.0,34.34,54.0,366.6,24.68,0,0,8961.12
2024-04-11 14:00:00,Empirical_Utility_Substation,120000,1,11500.0,33.5,57.5,387.9,23.79,0,0,8430.78
2024-04-11 15:00:00,Empirical_Utility_Substation,120000,1,11500.0,33.42,57.2,306.1,23.78,0,0,8288.59
2024-04-11 16:00:00,Empirical_Utility_Substation,120000,1,11500.0,33.93,56.1,66.0,23.15,0,0,8543.83
2024-04-11 17:00:00,Empirical_Utility_Substation,120000,1,11500.0,31.34,61.5,104.9,24.32,0,0,8122.11
2024-04-11 18:00:00,Empirical_Utility_Substation,120000,1,11500.0,30.0,56.8,0.0,25.85,0,0,8323.99
2024-04-11 19:00:00,Empirical_Utility_Substation,120000,1,11500.0,27.85,61.6,0.0,21.71,0,0,8350.83
2024-04-11 20:00:00,Empirical_Utility_Substation,120000,1,11500.0,27.89,59.1,0.0,21.23,0,0,8395.34
2024-04-11 21:00:00,Empirical_Utility_Substation,120000,1,11500.0,27.09,49.6,0.0,24.24,0,0,7985.69
2024-04-11 22:00:00,Empirical_Utility_Substation,120000,1,11500.0,25.26,68.7,0.0,25.93,0,0,7421.42
2024-04-11 23:00:00,Empirical_Utility_Substation,120000,1,11500.0,25.38,68.0,0.0,21.31,0,0,7060.08
2024-04-12 00:00:00,Empirical_Utility_Substation,120000,1,11500.0,24.27,72.0,0.0,23.36,0,0,6636.05
2024-04-12 01:00:00,Empirical_Utility_Substation,120000,1,11500.0,24.61,65.3,0.0,23.59,0,0,6641.09
2024-04-12 02:00:00,Empirical_Utility_Substation,120000,1,11500.0,23.66,57.7,0.0,21.21,0,0,6760.15
2024-04-12 03:00:00,Empirical_Utility_Substation,120000,1,11500.0,23.15,61.3,0.0,27.4,0,0,6654.4
2024-04-12 04:00:00,Empirical_Utility_Substation,120000,1,11500.0,22.71,67.9,0.0,25.46,0,0,6630.59
2024-04-12 05:00:00,Empirical_Utility_Substation,120000,1,11500.0,24.49,57.5,0.0,22.77,0,0,6817.26
2024-04-12 06:00:00,Empirical_Utility_Substation,120000,1,11500.0,25.8,63.2,0.0,23.99,0,0,6844.63
2024-04-12 07:00:00,Empirical_Utility_Substation,120000,1,11500.0,26.74,65.6,116.6,20.41,0,0,7047.48
2024-04-12 08:00:00,Empirical_Utility_Substation,120000,1,11500.0,28.09,68.0,158.8,24.93,0,0,7564.07
2024-04-12 09:00:00,Empirical_Utility_Substation,120000,1,11500.0,29.89,61.5,184.6,26.98,0,0,8311.0
2024-04-12 10:00:00,Empirical_Utility_Substation,120000,1,11500.0,31.41,53.1,275.9,26.16,0,0,8787.22
2024-04-12 11:00:00,Empirical_Utility_Substation,120000,1,11500.0,35.35,44.9,478.6,28.0,0,0,9511.13
2024-04-12 12:00:00,Empirical_Utility_Substation,120000,1,11500.0,36.77,46.0,557.2,23.14,0,0,9855.39
2024-04-12 13:00:00,Empirical_Utility_Substation,120000,1,11500.0,37.98,47.2,508.1,22.69,0,0,9869.39
2024-04-12 14:00:00,Empirical_Utility_Substation,120000,1,11500.0,37.79,59.7,347.9,25.53,0,0,9514.18
2024-04-12 15:00:00,Empirical_Utility_Substation,120000,1,11500.0,37.3,41.9,301.0,22.64,0,0,9174.73
2024-04-12 16:00:00,Empirical_Utility_Substation,120000,1,11500.0,36.6,54.6,250.3,27.53,0,0,8978.65
2024-04-12 17:00:00,Empirical_Utility_Substation,120000,1,11500.0,34.37,53.3,134.6,24.21,0,0,8657.43
2024-04-12 18:00:00,Empirical_Utility_Substation,120000,1,11500.0,33.56,55.5,0.0,22.61,0,0,8859.19
2024-04-12 19:00:00,Empirical_Utility_Substation,120000,1,11500.0,31.93,62.6,0.0,22.47,0,0,8819.04
2024-04-12 20:00:00,Empirical_Utility_Substation,120000,1,11500.0,29.63,64.0,0.0,23.98,0,0,8428.37
2024-04-12 21:00:00,Empirical_Utility_Substation,120000,1,11500.0,28.21,68.3,0.0,22.04,0,0,8078.9
2024-04-12 22:00:00,Empirical_Utility_Substation,120000,1,11500.0,27.21,60.4,0.0,24.97,0,0,7412.13
2024-04-12 23:00:00,Empirical_Utility_Substation,120000,1,11500.0,26.24,57.9,0.0,27.0,0,0,7003.55
2024-04-13 00:00:00,Empirical_Utility_Substation,120000,1,11500.0,25.92,58.6,0.0,26.53,1,0,5847.42
2024-04-13 01:00:00,Empirical_Utility_Substation,120000,1,11500.0,23.13,65.5,0.0,21.37,1,0,5788.4
2024-04-13 02:00:00,Empirical_Utility_Substation,120000,1,11500.0,22.17,68.2,0.0,24.92,1,0,5931.22
2024-04-13 03:00:00,Empirical_Utility_Substation,120000,1,11500.0,21.7,57.3,0.0,23.64,1,0,5902.65
2024-04-13 04:00:00,Empirical_Utility_Substation,120000,1,11500.0,21.61,67.4,0.0,22.31,1,0,5733.58
2024-04-13 05:00:00,Empirical_Utility_Substation,120000,1,11500.0,22.92,66.8,0.0,24.15,1,0,5613.18
2024-04-13 06:00:00,Empirical_Utility_Substation,120000,1,11500.0,21.94,73.8,0.0,23.33,1,0,5876.71
2024-04-13 07:00:00,Empirical_Utility_Substation,120000,1,11500.0,23.07,59.6,62.8,25.32,1,0,5762.94
2024-04-13 08:00:00,Empirical_Utility_Substation,120000,1,11500.0,24.13,71.8,198.1,24.42,1,0,5959.89
2024-04-13 09:00:00,Empirical_Utility_Substation,120000,1,11500.0,27.7,70.6,188.2,23.07,1,0,6669.96
2024-04-13 10:00:00,Empirical_Utility_Substation,120000,1,11500.0,28.17,58.2,210.1,24.79,1,0,6905.96
2024-04-13 11:00:00,Empirical_Utility_Substation,120000,1,11500.0,29.31,50.8,340.5,20.91,1,0,7086.26
2024-04-13 12:00:00,Empirical_Utility_Substation,120000,1,11500.0,31.61,56.1,545.9,21.52,1,0,7637.68
2024-04-13 13:00:00,Empirical_Utility_Substation,120000,1,11500.0,31.03,53.0,402.9,26.31,1,0,7285.63
2024-04-13 14:00:00,Empirical_Utility_Substation,120000,1,11500.0,33.34,53.7,483.0,24.34,1,0,7439.7
2024-04-13 15:00:00,Empirical_Utility_Substation,120000,1,11500.0,34.11,64.4,293.3,21.17,1,0,7281.99
2024-04-13 16:00:00,Empirical_Utility_Substation,120000,1,11500.0,33.73,45.5,273.7,20.98,1,0,7223.94
2024-04-13 17:00:00,Empirical_Utility_Substation,120000,1,11500.0,34.29,57.2,123.0,24.05,1,0,7734.73
2024-04-13 18:00:00,Empirical_Utility_Substation,120000,1,11500.0,33.32,42.5,0.0,21.95,1,0,7768.03
2024-04-13 19:00:00,Empirical_Utility_Substation,120000,1,11500.0,30.6,63.4,0.0,24.69,1,0,7648.76
2024-04-13 20:00:00,Empirical_Utility_Substation,120000,1,11500.0,28.67,54.8,0.0,24.29,1,0,7263.21
2024-04-13 21:00:00,Empirical_Utility_Substation,120000,1,11500.0,26.32,59.6,0.0,21.46,1,0,6824.34
2024-04-13 22:00:00,Empirical_Utility_Substation,120000,1,11500.0,25.42,66.7,0.0,22.55,1,0,6175.23
2024-04-13 23:00:00,Empirical_Utility_Substation,120000,1,11500.0,24.79,68.3,0.0,25.12,1,0,5753.44
2024-04-14 00:00:00,Empirical_Utility_Substation,120000,1,11500.0,23.5,64.2,0.0,28.07,1,0,5220.88
2024-04-14 01:00:00,Empirical_Utility_Substation,120000,1,11500.0,22.54,60.2,0.0,25.93,1,0,5260.33
2024-04-14 02:00:00,Empirical_Utility_Substation,120000,1,11500.0,22.75,68.0,0.0,22.24,1,0,5190.46
2024-04-14 03:00:00,Empirical_Utility_Substation,120000,1,11500.0,21.78,60.8,0.0,22.36,1,0,5056.38
2024-04-14 04:00:00,Empirical_Utility_Substation,120000,1,11500.0,23.25,58.8,0.0,22.44,1,0,5182.82
2024-04-14 05:00:00,Empirical_Utility_Substation,120000,1,11500.0,23.96,64.8,0.0,21.69,1,0,5221.14
2024-04-14 06:00:00,Empirical_Utility_Substation,120000,1,11500.0,24.62,63.7,0.0,21.39,1,0,5220.37
2024-04-14 07:00:00,Empirical_Utility_Substation,120000,1,11500.0,24.52,70.5,34.2,23.18,1,0,5526.28
2024-04-14 08:00:00,Empirical_Utility_Substation,120000,1,11500.0,26.11,74.6,66.0,25.29,1,0,5953.86
2024-04-14 09:00:00,Empirical_Utility_Substation,120000,1,11500.0,27.95,62.0,282.3,23.31,1,0,6609.16
2024-04-14 10:00:00,Empirical_Utility_Substation,120000,1,11500.0,28.79,73.7,459.3,21.66,1,0,6927.73
2024-04-14 11:00:00,Empirical_Utility_Substation,120000,1,11500.0,31.04,62.8,394.3,24.23,1,0,7294.41
2024-04-14 12:00:00,Empirical_Utility_Substation,120000,1,11500.0,32.16,53.6,504.0,20.72,1,0,7654.24
2024-04-14 13:00:00,Empirical_Utility_Substation,120000,1,11500.0,33.48,51.8,127.5,24.66,1,0,7869.18
2024-04-14 14:00:00,Empirical_Utility_Substation,120000,1,11500.0,34.75,46.4,433.3,20.94,1,0,7917.43
2024-04-14 15:00:00,Empirical_Utility_Substation,120000,1,11500.0,32.31,46.8,406.6,22.96,1,0,7236.54
2024-04-14 16:00:00,Empirical_Utility_Substation,120000,1,11500.0,31.25,69.9,252.6,23.37,1,0,7046.59
2024-04-14 17:00:00,Empirical_Utility_Substation,120000,1,11500.0,31.21,50.1,108.7,21.56,1,0,7318.08
2024-04-14 18:00:00,Empirical_Utility_Substation,120000,1,11500.0,29.17,62.4,0.0,23.67,1,0,7284.8
2024-04-14 19:00:00,Empirical_Utility_Substation,120000,1,11500.0,28.16,60.1,0.0,22.7,1,0,7503.32
2024-04-14 20:00:00,Empirical_Utility_Substation,120000,1,11500.0,28.99,62.6,0.0,23.31,1,0,7648.15
2024-04-14 21:00:00,Empirical_Utility_Substation,120000,1,11500.0,27.55,53.4,0.0,25.26,1,0,7191.28
2024-04-14 22:00:00,Empirical_Utility_Substation,120000,1,11500.0,26.42,68.6,0.0,21.11,1,0,6500.68
2024-04-14 23:00:00,Empirical_Utility_Substation,120000,1,11500.0,25.12,60.3,0.0,24.77,1,0,5990.58
2024-04-15 00:00:00,Empirical_Utility_Substation,120000,1,11500.0,24.17,70.0,0.0,22.07,0,0,6387.19
2024-04-15 01:00:00,Empirical_Utility_Substation,120000,1,11500.0,22.01,65.5,0.0,22.79,0,0,6478.22
2024-04-15 02:00:00,Empirical_Utility_Substation,120000,1,11500.0,21.31,75.2,0.0,22.67,0,0,6481.63
2024-04-15 03:00:00,Empirical_Utility_Substation,120000,1,11500.0,22.49,79.5,0.0,23.53,0,0,6560.83
2024-04-15 04:00:00,Empirical_Utility_Substation,120000,1,11500.0,22.83,61.3,0.0,25.3,0,0,6442.15
2024-04-15 05:00:00,Empirical_Utility_Substation,120000,1,11500.0,24.18,64.7,0.0,21.86,0,0,6513.02
2024-04-15 06:00:00,Empirical_Utility_Substation,120000,1,11500.0,25.45,70.1,0.0,25.4,0,0,6948.79
2024-04-15 07:00:00,Empirical_Utility_Substation,120000,1,11500.0,27.87,54.8,137.3,22.94,0,0,7530.65
2024-04-15 08:00:00,Empirical_Utility_Substation,120000,1,11500.0,28.94,65.4,151.9,24.63,0,0,7787.1
2024-04-15 09:00:00,Empirical_Utility_Substation,120000,1,11500.0,30.26,53.4,129.2,22.01,0,0,8121.78
2024-04-15 10:00:00,Empirical_Utility_Substation,120000,1,11500.0,30.45,52.3,396.3,25.92,0,0,8724.73
2024-04-15 11:00:00,Empirical_Utility_Substation,120000,1,11500.0,31.24,50.8,312.5,25.04,0,0,8928.91
2024-04-15 12:00:00,Empirical_Utility_Substation,120000,1,11500.0,34.17,58.7,527.9,23.36,0,0,9553.9
2024-04-15 13:00:00,Empirical_Utility_Substation,120000,1,11500.0,35.15,60.9,127.5,22.24,0,0,9330.68
2024-04-15 14:00:00,Empirical_Utility_Substation,120000,1,11500.0,35.45,56.5,384.4,22.06,0,0,9080.9
2024-04-15 15:00:00,Empirical_Utility_Substation,120000,1,11500.0,34.25,60.4,351.3,21.68,0,0,8538.71
2024-04-15 16:00:00,Empirical_Utility_Substation,120000,1,11500.0,34.38,54.5,235.9,23.36,0,0,8425.61
2024-04-15 17:00:00,Empirical_Utility_Substation,120000,1,11500.0,33.62,61.0,80.6,24.96,0,0,8437.28
2024-04-15 18:00:00,Empirical_Utility_Substation,120000,1,11500.0,31.81,55.9,0.0,23.83,0,0,8433.41
2024-04-15 19:00:00,Empirical_Utility_Substation,120000,1,11500.0,29.99,53.9,0.0,23.68,0,0,8630.22
2024-04-15 20:00:00,Empirical_Utility_Substation,120000,1,11500.0,29.18,63.1,0.0,22.29,0,0,8675.63
2024-04-15 21:00:00,Empirical_Utility_Substation,120000,1,11500.0,28.24,57.3,0.0,27.15,0,0,8036.8
2024-04-15 22:00:00,Empirical_Utility_Substation,120000,1,11500.0,25.71,68.2,0.0,23.86,0,0,7413.61
2024-04-15 23:00:00,Empirical_Utility_Substation,120000,1,11500.0,25.54,60.5,0.0,23.7,0,0,7047.31
2024-04-16 00:00:00,Empirical_Utility_Substation,120000,1,11500.0,24.36,64.6,0.0,21.34,0,0,6282.84
2024-04-16 01:00:00,Empirical_Utility_Substation,120000,1,11500.0,24.22,57.6,0.0,25.55,0,0,6229.22
2024-04-16 02:00:00,Empirical_Utility_Substation,120000,1,11500.0,22.77,60.0,0.0,20.74,0,0,6302.58
2024-04-16 03:00:00,Empirical_Utility_Substation,120000,1,11500.0,21.66,54.5,0.0,25.23,0,0,6609.04
2024-04-16 04:00:00,Empirical_Utility_Substation,120000,1,11500.0,22.54,66.6,0.0,22.0,0,0,6587.84
2024-04-16 05:00:00,Empirical_Utility_Substation,120000,1,11500.0,23.7,63.0,0.0,20.86,0,0,6556.75
2024-04-16 06:00:00,Empirical_Utility_Substation,120000,1,11500.0,24.51,71.8,0.0,22.74,0,0,6709.41
2024-04-16 07:00:00,Empirical_Utility_Substation,120000,1,11500.0,24.94,60.9,97.9,22.11,0,0,7052.13
2024-04-16 08:00:00,Empirical_Utility_Substation,120000,1,11500.0,25.35,56.7,239.5,21.71,0,0,7355.34
2024-04-16 09:00:00,Empirical_Utility_Substation,120000,1,11500.0,26.08,48.2,319.7,22.47,0,0,7572.62
2024-04-16 10:00:00,Empirical_Utility_Substation,120000,1,11500.0,26.34,52.0,484.1,22.09,0,0,7879.86
2024-04-16 11:00:00,Empirical_Utility_Substation,120000,1,11500.0,28.83,55.1,452.0,20.74,0,0,8341.25
2024-04-16 12:00:00,Empirical_Utility_Substation,120000,1,11500.0,30.78,53.4,506.8,24.53,0,0,8481.51
2024-04-16 13:00:00,Empirical_Utility_Substation,120000,1,11500.0,31.69,55.1,454.3,20.92,0,0,8530.42
2024-04-16 14:00:00,Empirical_Utility_Substation,120000,1,11500.0,33.09,50.7,499.3,23.05,0,0,8549.09
2024-04-16 15:00:00,Empirical_Utility_Substation,120000,1,11500.0,32.1,54.7,210.4,21.63,0,0,8261.53
2024-04-16 16:00:00,Empirical_Utility_Substation,120000,1,11500.0,31.87,56.6,275.3,21.88,0,0,8346.11
2024-04-16 17:00:00,Empirical_Utility_Substation,120000,1,11500.0,31.4,53.6,133.9,22.39,0,0,8465.84
2024-04-16 18:00:00,Empirical_Utility_Substation,120000,1,11500.0,31.93,62.5,0.0,21.71,0,0,9053.85
2024-04-16 19:00:00,Empirical_Utility_Substation,120000,1,11500.0,31.72,62.2,0.0,23.58,0,0,9261.2
2024-04-16 20:00:00,Empirical_Utility_Substation,120000,1,11500.0,30.56,49.1,0.0,23.74,0,0,9136.29
2024-04-16 21:00:00,Empirical_Utility_Substation,120000,1,11500.0,28.62,60.2,0.0,26.52,0,0,8652.12
2024-04-16 22:00:00,Empirical_Utility_Substation,120000,1,11500.0,27.49,73.7,0.0,22.93,0,0,8036.49
2024-04-16 23:00:00,Empirical_Utility_Substation,120000,1,11500.0,26.28,53.0,0.0,22.49,0,0,7537.91
2024-04-17 00:00:00,Empirical_Utility_Substation,120000,1,11500.0,25.16,69.5,0.0,25.95,0,0,6892.44
2024-04-17 01:00:00,Empirical_Utility_Substation,120000,1,11500.0,22.16,72.3,0.0,21.97,0,0,6783.89
2024-04-17 02:00:00,Empirical_Utility_Substation,120000,1,11500.0,22.7,63.0,0.0,21.5,0,0,6722.68
2024-04-17 03:00:00,Empirical_Utility_Substation,120000,1,11500.0,23.21,60.7,0.0,22.14,0,0,6510.65
2024-04-17 04:00:00,Empirical_Utility_Substation,120000,1,11500.0,25.31,62.7,0.0,23.28,0,0,6511.42
2024-04-17 05:00:00,Empirical_Utility_Substation,120000,1,11500.0,24.68,56.0,0.0,23.42,0,0,6423.3
2024-04-17 06:00:00,Empirical_Utility_Substation,120000,1,11500.0,23.92,61.4,0.0,21.99,0,0,6779.36
2024-04-17 07:00:00,Empirical_Utility_Substation,120000,1,11500.0,25.08,63.8,76.3,21.88,0,0,6947.11
2024-04-17 08:00:00,Empirical_Utility_Substation,120000,1,11500.0,26.69,60.3,267.8,23.11,0,0,7245.74
2024-04-17 09:00:00,Empirical_Utility_Substation,120000,1,11500.0,29.2,55.8,301.8,24.31,0,0,7878.59
2024-04-17 10:00:00,Empirical_Utility_Substation,120000,1,11500.0,30.99,53.1,291.4,25.21,0,0,8265.32
2024-04-17 11:00:00,Empirical_Utility_Substation,120000,1,11500.0,31.96,61.0,432.0,23.74,0,0,8536.24
2024-04-17 12:00:00,Empirical_Utility_Substation,120000,1,11500.0,31.48,54.3,437.3,21.19,0,0,8517.81
2024-04-17 13:00:00,Empirical_Utility_Substation,120000,1,11500.0,32.81,50.4,492.0,23.75,0,0,8563.53
2024-04-17 14:00:00,Empirical_Utility_Substation,120000,1,11500.0,33.86,48.0,260.4,21.87,0,0,8390.08
2024-04-17 15:00:00,Empirical_Utility_Substation,120000,1,11500.0,33.48,57.3,152.6,22.31,0,0,8032.72
2024-04-17 16:00:00,Empirical_Utility_Substation,120000,1,11500.0,32.32,61.0,86.4,22.26,0,0,7820.71
2024-04-17 17:00:00,Empirical_Utility_Substation,120000,1,11500.0,31.54,48.7,158.9,25.45,0,0,7897.9
2024-04-17 18:00:00,Empirical_Utility_Substation,120000,1,11500.0,31.63,59.1,0.0,20.94,0,0,8502.22
2024-04-17 19:00:00,Empirical_Utility_Substation,120000,1,11500.0,29.48,58.3,0.0,20.88,0,0,8641.53
2024-04-17 20:00:00,Empirical_Utility_Substation,120000,1,11500.0,29.03,67.4,0.0,24.81,0,0,8643.34
2024-04-17 21:00:00,Empirical_Utility_Substation,120000,1,11500.0,28.13,61.9,0.0,23.74,0,0,8359.27
2024-04-17 22:00:00,Empirical_Utility_Substation,120000,1,11500.0,28.42,59.8,0.0,24.62,0,0,8028.55
2024-04-17 23:00:00,Empirical_Utility_Substation,120000,1,11500.0,28.32,60.4,0.0,24.16,0,0,7655.76
2024-04-18 00:00:00,Empirical_Utility_Substation,120000,1,11500.0,26.28,58.3,0.0,23.45,0,0,6982.63
2024-04-18 01:00:00,Empirical_Utility_Substation,120000,1,11500.0,24.38,62.3,0.0,20.96,0,0,6893.31
2024-04-18 02:00:00,Empirical_Utility_Substation,120000,1,11500.0,24.3,63.9,0.0,21.97,0,0,6762.37
2024-04-18 03:00:00,Empirical_Utility_Substation,120000,1,11500.0,24.51,64.1,0.0,24.79,0,0,6746.98
2024-04-18 04:00:00,Empirical_Utility_Substation,120000,1,11500.0,24.38,59.7,0.0,22.49,0,0,6821.03
2024-04-18 05:00:00,Empirical_Utility_Substation,120000,1,11500.0,22.86,71.6,0.0,20.97,0,0,6814.63
2024-04-18 06:00:00,Empirical_Utility_Substation,120000,1,11500.0,22.96,60.4,0.0,22.01,0,0,6788.75
2024-04-18 07:00:00,Empirical_Utility_Substation,120000,1,11500.0,25.52,51.3,101.6,21.73,0,0,7020.3
2024-04-18 08:00:00,Empirical_Utility_Substation,120000,1,11500.0,27.0,55.0,211.6,24.17,0,0,7539.25
2024-04-18 09:00:00,Empirical_Utility_Substation,120000,1,11500.0,26.15,69.6,328.1,23.2,0,0,7722.16
2024-04-18 10:00:00,Empirical_Utility_Substation,120000,1,11500.0,25.74,57.6,243.3,20.38,0,0,7807.2
2024-04-18 11:00:00,Empirical_Utility_Substation,120000,1,11500.0,27.19,58.6,389.0,22.93,0,0,8146.52
2024-04-18 12:00:00,Empirical_Utility_Substation,120000,1,11500.0,29.17,63.3,205.6,23.54,0,0,8132.6
2024-04-18 13:00:00,Empirical_Utility_Substation,120000,1,11500.0,30.33,61.2,416.8,22.25,0,0,7999.99
2024-04-18 14:00:00,Empirical_Utility_Substation,120000,1,11500.0,30.17,56.5,426.1,27.24,0,0,7944.82
2024-04-18 15:00:00,Empirical_Utility_Substation,120000,1,11500.0,29.54,63.4,177.4,24.73,0,0,7667.29
2024-04-18 16:00:00,Empirical_Utility_Substation,120000,1,11500.0,29.55,64.8,243.0,20.53,0,0,7843.74
2024-04-18 17:00:00,Empirical_Utility_Substation,120000,1,11500.0,28.84,53.8,162.2,23.73,0,0,7911.15
2024-04-18 18:00:00,Empirical_Utility_Substation,120000,1,11500.0,27.72,62.8,0.0,21.72,0,0,8084.63
2024-04-18 19:00:00,Empirical_Utility_Substation,120000,1,11500.0,27.21,64.5,0.0,25.68,0,0,8377.13
2024-04-18 20:00:00,Empirical_Utility_Substation,120000,1,11500.0,27.1,63.3,0.0,21.07,0,0,8609.12
2024-04-18 21:00:00,Empirical_Utility_Substation,120000,1,11500.0,24.69,64.7,0.0,24.52,0,0,7965.63
2024-04-18 22:00:00,Empirical_Utility_Substation,120000,1,11500.0,25.16,66.4,0.0,21.23,0,0,7540.58
2024-04-18 23:00:00,Empirical_Utility_Substation,120000,1,11500.0,23.81,61.3,0.0,25.25,0,0,6878.41
2024-04-19 00:00:00,Empirical_Utility_Substation,120000,1,11500.0,23.11,63.1,0.0,21.21,0,0,6336.17
2024-04-19 01:00:00,Empirical_Utility_Substation,120000,1,11500.0,22.06,76.7,0.0,27.17,0,0,6162.28
2024-04-19 02:00:00,Empirical_Utility_Substation,120000,1,11500.0,20.43,81.4,0.0,22.55,0,0,6316.04
2024-04-19 03:00:00,Empirical_Utility_Substation,120000,1,11500.0,20.3,72.6,0.0,23.99,0,0,6395.97
2024-04-19 04:00:00,Empirical_Utility_Substation,120000,1,11500.0,22.23,61.9,0.0,22.17,0,0,6438.85
2024-04-19 05:00:00,Empirical_Utility_Substation,120000,1,11500.0,22.81,72.7,0.0,24.59,0,0,6704.3
2024-04-19 06:00:00,Empirical_Utility_Substation,120000,1,11500.0,23.21,60.1,0.0,23.12,0,0,6836.87
2024-04-19 07:00:00,Empirical_Utility_Substation,120000,1,11500.0,24.45,64.8,123.8,20.86,0,0,7079.23
2024-04-19 08:00:00,Empirical_Utility_Substation,120000,1,11500.0,26.48,64.6,172.7,24.7,0,0,7414.99
2024-04-19 09:00:00,Empirical_Utility_Substation,120000,1,11500.0,27.49,58.2,415.3,21.92,0,0,7717.16
2024-04-19 10:00:00,Empirical_Utility_Substation,120000,1,11500.0,29.97,56.9,405.0,20.27,0,0,8415.26
2024-04-19 11:00:00,Empirical_Utility_Substation,120000,1,11500.0,31.64,46.7,613.0,22.97,0,0,8705.7
2024-04-19 12:00:00,Empirical_Utility_Substation,120000,1,11500.0,32.93,53.9,281.4,24.53,0,0,9016.65
2024-04-19 13:00:00,Empirical_Utility_Substation,120000,1,11500.0,33.31,52.2,406.2,26.24,0,0,8882.85
2024-04-19 14:00:00,Empirical_Utility_Substation,120000,1,11500.0,33.67,53.1,466.2,24.26,0,0,8440.52
2024-04-19 15:00:00,Empirical_Utility_Substation,120000,1,11500.0,33.82,62.9,220.3,23.77,0,0,8284.13
2024-04-19 16:00:00,Empirical_Utility_Substation,120000,1,11500.0,34.06,51.6,217.9,21.48,0,0,8301.62
2024-04-19 17:00:00,Empirical_Utility_Substation,120000,1,11500.0,33.99,59.9,34.2,23.45,0,0,8608.56
2024-04-19 18:00:00,Empirical_Utility_Substation,120000,1,11500.0,33.59,51.2,0.0,23.49,0,0,9020.39
2024-04-19 19:00:00,Empirical_Utility_Substation,120000,1,11500.0,32.42,56.5,0.0,25.69,0,0,9101.48
2024-04-19 20:00:00,Empirical_Utility_Substation,120000,1,11500.0,31.77,43.0,0.0,27.56,0,0,8883.93
2024-04-19 21:00:00,Empirical_Utility_Substation,120000,1,11500.0,29.5,60.4,0.0,25.05,0,0,8284.91
2024-04-19 22:00:00,Empirical_Utility_Substation,120000,1,11500.0,27.4,65.5,0.0,23.39,0,0,7549.1
2024-04-19 23:00:00,Empirical_Utility_Substation,120000,1,11500.0,26.53,54.2,0.0,20.71,0,0,6845.26
2024-04-20 00:00:00,Empirical_Utility_Substation,120000,1,11500.0,25.1,81.2,0.0,25.03,1,0,5487.33
2024-04-20 01:00:00,Empirical_Utility_Substation,120000,1,11500.0,24.59,59.7,0.0,21.72,1,0,5514.03
2024-04-20 02:00:00,Empirical_Utility_Substation,120000,1,11500.0,24.59,54.7,0.0,22.87,1,0,5442.26
2024-04-20 03:00:00,Empirical_Utility_Substation,120000,1,11500.0,25.19,59.6,0.0,27.68,1,0,5437.52
2024-04-20 04:00:00,Empirical_Utility_Substation,120000,1,11500.0,24.88,55.9,0.0,21.84,1,0,5452.01
2024-04-20 05:00:00,Empirical_Utility_Substation,120000,1,11500.0,25.54,62.1,0.0,22.8,1,0,5730.46
2024-04-20 06:00:00,Empirical_Utility_Substation,120000,1,11500.0,26.77,51.5,0.0,23.83,1,0,6065.24
2024-04-20 07:00:00,Empirical_Utility_Substation,120000,1,11500.0,28.44,61.7,76.2,26.25,1,0,6388.54
2024-04-20 08:00:00,Empirical_Utility_Substation,120000,1,11500.0,28.63,56.6,122.9,22.42,1,0,6630.66
2024-04-20 09:00:00,Empirical_Utility_Substation,120000,1,11500.0,31.39,66.7,346.2,23.93,1,0,7414.84
2024-04-20 10:00:00,Empirical_Utility_Substation,120000,1,11500.0,30.78,58.5,354.6,22.17,1,0,7466.08
2024-04-20 11:00:00,Empirical_Utility_Substation,120000,1,11500.0,31.87,55.5,171.9,23.2,1,0,7862.56
2024-04-20 12:00:00,Empirical_Utility_Substation,120000,1,11500.0,32.55,60.1,534.9,21.25,1,0,7671.59
2024-04-20 13:00:00,Empirical_Utility_Substation,120000,1,11500.0,32.92,54.9,494.5,23.12,1,0,7465.9
2024-04-20 14:00:00,Empirical_Utility_Substation,120000,1,11500.0,33.17,47.2,344.5,21.79,1,0,7191.31
2024-04-20 15:00:00,Empirical_Utility_Substation,120000,1,11500.0,33.41,55.9,334.0,23.28,1,0,7252.81
2024-04-20 16:00:00,Empirical_Utility_Substation,120000,1,11500.0,33.93,46.1,237.1,21.53,1,0,7484.19
2024-04-20 17:00:00,Empirical_Utility_Substation,120000,1,11500.0,34.77,58.8,86.7,23.11,1,0,7735.12
2024-04-20 18:00:00,Empirical_Utility_Substation,120000,1,11500.0,31.54,58.3,0.0,20.03,1,0,7570.86
2024-04-20 19:00:00,Empirical_Utility_Substation,120000,1,11500.0,31.15,47.8,0.0,25.27,1,0,7971.85
2024-04-20 20:00:00,Empirical_Utility_Substation,120000,1,11500.0,29.27,59.5,0.0,24.87,1,0,7677.56
2024-04-20 21:00:00,Empirical_Utility_Substation,120000,1,11500.0,27.67,60.3,0.0,22.38,1,0,7193.09
2024-04-20 22:00:00,Empirical_Utility_Substation,120000,1,11500.0,27.64,71.9,0.0,21.4,1,0,6483.35
2024-04-20 23:00:00,Empirical_Utility_Substation,120000,1,11500.0,26.03,59.8,0.0,26.15,1,0,5825.66
2024-04-21 00:00:00,Empirical_Utility_Substation,120000,1,11500.0,25.39,54.6,0.0,20.81,1,0,5302.65
2024-04-21 01:00:00,Empirical_Utility_Substation,120000,1,11500.0,25.17,58.2,0.0,21.47,1,0,5366.08
2024-04-21 02:00:00,Empirical_Utility_Substation,120000,1,11500.0,24.75,61.6,0.0,20.06,1,0,5358.28
2024-04-21 03:00:00,Empirical_Utility_Substation,120000,1,11500.0,25.41,65.4,0.0,22.71,1,0,5517.43
2024-04-21 04:00:00,Empirical_Utility_Substation,120000,1,11500.0,25.77,59.1,0.0,24.19,1,0,5834.6
2024-04-21 05:00:00,Empirical_Utility_Substation,120000,1,11500.0,25.97,55.6,0.0,21.43,1,0,5598.29
2024-04-21 06:00:00,Empirical_Utility_Substation,120000,1,11500.0,27.86,49.1,0.0,22.04,1,0,5983.28
2024-04-21 07:00:00,Empirical_Utility_Substation,120000,1,11500.0,29.07,56.1,64.3,22.46,1,0,6294.41
2024-04-21 08:00:00,Empirical_Utility_Substation,120000,1,11500.0,29.94,60.5,174.3,22.35,1,0,6615.54
2024-04-21 09:00:00,Empirical_Utility_Substation,120000,1,11500.0,30.77,57.3,303.1,20.82,1,0,7033.64
2024-04-21 10:00:00,Empirical_Utility_Substation,120000,1,11500.0,31.05,54.0,413.1,24.33,1,0,7363.51
2024-04-21 11:00:00,Empirical_Utility_Substation,120000,1,11500.0,33.2,54.6,388.6,23.51,1,0,7953.64
2024-04-21 12:00:00,Empirical_Utility_Substation,120000,1,11500.0,35.43,57.9,262.1,27.8,1,0,8381.17
2024-04-21 13:00:00,Empirical_Utility_Substation,120000,1,11500.0,37.4,53.8,303.1,23.95,1,0,8377.05
2024-04-21 14:00:00,Empirical_Utility_Substation,120000,1,11500.0,37.47,52.5,114.3,22.47,1,0,8470.38
2024-04-21 15:00:00,Empirical_Utility_Substation,120000,1,11500.0,38.42,58.0,347.4,22.86,1,0,8472.43
2024-04-21 16:00:00,Empirical_Utility_Substation,120000,1,11500.0,36.76,57.4,83.2,23.26,1,0,7987.28
2024-04-21 17:00:00,Empirical_Utility_Substation,120000,1,11500.0,35.51,57.8,97.2,22.03,1,0,7998.34
2024-04-21 18:00:00,Empirical_Utility_Substation,120000,1,11500.0,34.04,42.1,0.0,25.11,1,0,7862.65
2024-04-21 19:00:00,Empirical_Utility_Substation,120000,1,11500.0,31.59,56.0,0.0,23.94,1,0,7780.62
2024-04-21 20:00:00,Empirical_Utility_Substation,120000,1,11500.0,31.55,57.8,0.0,25.67,1,0,7983.84
2024-04-21 21:00:00,Empirical_Utility_Substation,120000,1,11500.0,30.06,71.2,0.0,22.46,1,0,7395.81
2024-04-21 22:00:00,Empirical_Utility_Substation,120000,1,11500.0,29.85,59.1,0.0,25.2,1,0,6723.28
2024-04-21 23:00:00,Empirical_Utility_Substation,120000,1,11500.0,29.66,68.8,0.0,21.52,1,0,6095.9
2024-04-22 00:00:00,Empirical_Utility_Substation,120000,1,11500.0,30.15,56.8,0.0,20.76,0,0,6655.88
2024-04-22 01:00:00,Empirical_Utility_Substation,120000,1,11500.0,30.16,62.8,0.0,24.16,0,0,6822.83
2024-04-22 02:00:00,Empirical_Utility_Substation,120000,1,11500.0,29.55,64.6,0.0,22.87,0,0,6788.69
2024-04-22 03:00:00,Empirical_Utility_Substation,120000,1,11500.0,27.27,68.4,0.0,24.47,0,0,6623.0
2024-04-22 04:00:00,Empirical_Utility_Substation,120000,1,11500.0,26.81,58.3,0.0,22.38,0,0,6730.21
2024-04-22 05:00:00,Empirical_Utility_Substation,120000,1,11500.0,27.31,56.2,0.0,23.37,0,0,6747.44
2024-04-22 06:00:00,Empirical_Utility_Substation,120000,1,11500.0,29.1,52.5,0.0,22.43,0,0,7271.32
2024-04-22 07:00:00,Empirical_Utility_Substation,120000,1,11500.0,29.42,62.0,107.0,25.11,0,0,7510.48
2024-04-22 08:00:00,Empirical_Utility_Substation,120000,1,11500.0,30.35,65.1,230.1,22.59,0,0,7881.8
2024-04-22 09:00:00,Empirical_Utility_Substation,120000,1,11500.0,32.51,55.2,259.9,25.12,0,0,8550.69
2024-04-22 10:00:00,Empirical_Utility_Substation,120000,1,11500.0,32.48,56.0,206.9,22.64,0,0,8940.79
2024-04-22 11:00:00,Empirical_Utility_Substation,120000,1,11500.0,33.35,52.8,507.1,20.28,0,0,9050.04
2024-04-22 12:00:00,Empirical_Utility_Substation,120000,1,11500.0,34.76,46.3,197.1,21.75,0,0,9097.58
2024-04-22 13:00:00,Empirical_Utility_Substation,120000,1,11500.0,36.41,49.4,127.5,21.39,0,0,9526.03
2024-04-22 14:00:00,Empirical_Utility_Substation,120000,1,11500.0,36.87,45.9,297.0,21.85,0,0,9222.8
2024-04-22 15:00:00,Empirical_Utility_Substation,120000,1,11500.0,38.12,43.5,400.9,21.6,0,0,9156.42
2024-04-22 16:00:00,Empirical_Utility_Substation,120000,1,11500.0,36.64,56.4,270.2,20.43,0,0,8581.86
2024-04-22 17:00:00,Empirical_Utility_Substation,120000,1,11500.0,34.14,53.3,57.5,21.88,0,0,8130.92
2024-04-22 18:00:00,Empirical_Utility_Substation,120000,1,11500.0,33.76,53.7,0.0,22.39,0,0,8427.99
2024-04-22 19:00:00,Empirical_Utility_Substation,120000,1,11500.0,33.03,52.3,0.0,22.43,0,0,8651.59
2024-04-22 20:00:00,Empirical_Utility_Substation,120000,1,11500.0,29.94,54.4,0.0,23.16,0,0,8364.97
2024-04-22 21:00:00,Empirical_Utility_Substation,120000,1,11500.0,27.87,52.1,0.0,21.48,0,0,8061.3
2024-04-22 22:00:00,Empirical_Utility_Substation,120000,1,11500.0,25.92,70.8,0.0,22.25,0,0,7416.8
2024-04-22 23:00:00,Empirical_Utility_Substation,120000,1,11500.0,23.74,70.0,0.0,20.88,0,0,6872.47
2024-04-23 00:00:00,Empirical_Utility_Substation,120000,1,11500.0,24.15,54.1,0.0,20.9,0,0,6345.43
2024-04-23 01:00:00,Empirical_Utility_Substation,120000,1,11500.0,21.48,61.4,0.0,24.9,0,0,6333.14
2024-04-23 02:00:00,Empirical_Utility_Substation,120000,1,11500.0,21.84,69.6,0.0,24.94,0,0,6209.92
2024-04-23 03:00:00,Empirical_Utility_Substation,120000,1,11500.0,23.06,59.3,0.0,21.27,0,0,6115.11
2024-04-23 04:00:00,Empirical_Utility_Substation,120000,1,11500.0,23.13,67.2,0.0,23.82,0,0,6289.83
2024-04-23 05:00:00,Empirical_Utility_Substation,120000,1,11500.0,24.36,57.1,0.0,27.49,0,0,6516.15
2024-04-23 06:00:00,Empirical_Utility_Substation,120000,1,11500.0,24.2,68.0,0.0,26.81,0,0,6643.79
2024-04-23 07:00:00,Empirical_Utility_Substation,120000,1,11500.0,26.0,65.8,122.8,26.7,0,0,6821.6
2024-04-23 08:00:00,Empirical_Utility_Substation,120000,1,11500.0,26.44,73.9,265.6,21.75,0,0,7198.6
2024-04-23 09:00:00,Empirical_Utility_Substation,120000,1,11500.0,29.32,56.1,268.8,28.74,0,0,7908.28
2024-04-23 10:00:00,Empirical_Utility_Substation,120000,1,11500.0,31.5,45.7,581.1,23.71,0,0,8630.52
2024-04-23 11:00:00,Empirical_Utility_Substation,120000,1,11500.0,32.59,58.6,455.0,24.96,0,0,8876.51
2024-04-23 12:00:00,Empirical_Utility_Substation,120000,1,11500.0,32.37,58.5,582.8,22.7,0,0,8778.84
2024-04-23 13:00:00,Empirical_Utility_Substation,120000,1,11500.0,34.15,56.2,289.2,20.86,0,0,8950.36
2024-04-23 14:00:00,Empirical_Utility_Substation,120000,1,11500.0,34.18,48.4,360.1,21.6,0,0,8539.9
2024-04-23 15:00:00,Empirical_Utility_Substation,120000,1,11500.0,34.63,51.0,93.3,20.25,0,0,8604.74
2024-04-23 16:00:00,Empirical_Utility_Substation,120000,1,11500.0,34.2,60.3,218.7,24.84,0,0,8503.14
2024-04-23 17:00:00,Empirical_Utility_Substation,120000,1,11500.0,33.97,56.2,95.4,27.21,0,0,8570.32
2024-04-23 18:00:00,Empirical_Utility_Substation,120000,1,11500.0,32.65,58.6,0.0,22.57,0,0,8623.02
2024-04-23 19:00:00,Empirical_Utility_Substation,120000,1,11500.0,29.68,62.4,0.0,20.81,0,0,8152.76
2024-04-23 20:00:00,Empirical_Utility_Substation,120000,1,11500.0,28.47,66.4,0.0,27.66,0,0,7995.11
2024-04-23 21:00:00,Empirical_Utility_Substation,120000,1,11500.0,28.32,60.3,0.0,24.61,0,0,7846.05
2024-04-23 22:00:00,Empirical_Utility_Substation,120000,1,11500.0,27.31,53.7,0.0,22.32,0,0,7322.7
2024-04-23 23:00:00,Empirical_Utility_Substation,120000,1,11500.0,25.35,63.4,0.0,21.0,0,0,6626.74
2024-04-24 00:00:00,Empirical_Utility_Substation,120000,1,11500.0,23.54,65.7,0.0,20.07,0,0,6147.41
2024-04-24 01:00:00,Empirical_Utility_Substation,120000,1,11500.0,22.4,60.6,0.0,21.19,0,0,6160.8
2024-04-24 02:00:00,Empirical_Utility_Substation,120000,1,11500.0,22.58,75.3,0.0,26.41,0,0,6206.26
2024-04-24 03:00:00,Empirical_Utility_Substation,120000,1,11500.0,21.1,66.2,0.0,21.54,0,0,6229.84
2024-04-24 04:00:00,Empirical_Utility_Substation,120000,1,11500.0,22.93,65.7,0.0,21.28,0,0,6127.66
2024-04-24 05:00:00,Empirical_Utility_Substation,120000,1,11500.0,22.94,68.3,0.0,21.8,0,0,6025.89
2024-04-24 06:00:00,Empirical_Utility_Substation,120000,1,11500.0,23.62,74.2,0.0,23.94,0,0,6275.33
2024-04-24 07:00:00,Empirical_Utility_Substation,120000,1,11500.0,26.39,58.7,139.1,22.85,0,0,6549.95
2024-04-24 08:00:00,Empirical_Utility_Substation,120000,1,11500.0,27.35,53.1,277.0,20.51,0,0,6843.37
2024-04-24 09:00:00,Empirical_Utility_Substation,120000,1,11500.0,28.48,54.6,249.1,25.46,0,0,7442.57
2024-04-24 10:00:00,Empirical_Utility_Substation,120000,1,11500.0,28.82,54.6,225.7,22.41,0,0,7870.97
2024-04-24 11:00:00,Empirical_Utility_Substation,120000,1,11500.0,29.22,52.7,347.2,22.14,0,0,8109.65
2024-04-24 12:00:00,Empirical_Utility_Substation,120000,1,11500.0,32.26,55.4,132.0,22.1,0,0,8744.7
2024-04-24 13:00:00,Empirical_Utility_Substation,120000,1,11500.0,33.66,45.8,462.4,24.73,0,0,8762.74
2024-04-24 14:00:00,Empirical_Utility_Substation,120000,1,11500.0,34.77,48.9,114.3,22.29,0,0,8525.79
2024-04-24 15:00:00,Empirical_Utility_Substation,120000,1,11500.0,34.88,53.4,116.0,20.85,0,0,8474.08
2024-04-24 16:00:00,Empirical_Utility_Substation,120000,1,11500.0,31.89,57.3,66.0,23.77,0,0,8003.07
2024-04-24 17:00:00,Empirical_Utility_Substation,120000,1,11500.0,33.61,59.6,95.5,24.14,0,0,8776.44
2024-04-24 18:00:00,Empirical_Utility_Substation,120000,1,11500.0,31.2,58.0,0.0,21.4,0,0,8830.41
2024-04-24 19:00:00,Empirical_Utility_Substation,120000,1,11500.0,30.04,52.3,0.0,26.43,0,0,9070.46
2024-04-24 20:00:00,Empirical_Utility_Substation,120000,1,11500.0,28.22,55.8,0.0,24.59,0,0,9026.82
2024-04-24 21:00:00,Empirical_Utility_Substation,120000,1,11500.0,27.58,65.5,0.0,24.09,0,0,8579.19
2024-04-24 22:00:00,Empirical_Utility_Substation,120000,1,11500.0,25.52,74.7,0.0,22.74,0,0,7845.1
2024-04-24 23:00:00,Empirical_Utility_Substation,120000,1,11500.0,23.8,71.0,0.0,22.64,0,0,7296.4
2024-04-25 00:00:00,Empirical_Utility_Substation,120000,1,11500.0,22.93,56.8,0.0,22.44,0,0,6653.71
2024-04-25 01:00:00,Empirical_Utility_Substation,120000,1,11500.0,23.04,68.6,0.0,25.48,0,0,6655.52
2024-04-25 02:00:00,Empirical_Utility_Substation,120000,1,11500.0,22.31,61.5,0.0,23.22,0,0,6654.3
2024-04-25 03:00:00,Empirical_Utility_Substation,120000,1,11500.0,21.79,60.7,0.0,23.25,0,0,6646.93
2024-04-25 04:00:00,Empirical_Utility_Substation,120000,1,11500.0,20.53,62.4,0.0,24.26,0,0,6826.94
2024-04-25 05:00:00,Empirical_Utility_Substation,120000,1,11500.0,19.78,74.0,0.0,24.71,0,0,6847.51
2024-04-25 06:00:00,Empirical_Utility_Substation,120000,1,11500.0,19.71,63.4,0.0,23.39,0,0,7130.88
2024-04-25 07:00:00,Empirical_Utility_Substation,120000,1,11500.0,20.88,70.0,102.1,21.28,0,0,7068.67
2024-04-25 08:00:00,Empirical_Utility_Substation,120000,1,11500.0,23.19,60.3,272.1,25.19,0,0,7115.84
2024-04-25 09:00:00,Empirical_Utility_Substation,120000,1,11500.0,24.15,57.4,288.6,26.47,0,0,7449.81
2024-04-25 10:00:00,Empirical_Utility_Substation,120000,1,11500.0,26.87,57.8,417.5,24.4,0,0,7936.16
2024-04-25 11:00:00,Empirical_Utility_Substation,120000,1,11500.0,29.57,70.1,308.2,24.13,0,0,8467.06
2024-04-25 12:00:00,Empirical_Utility_Substation,120000,1,11500.0,30.7,49.8,467.6,22.74,0,0,8544.02
2024-04-25 13:00:00,Empirical_Utility_Substation,120000,1,11500.0,32.75,57.4,353.6,25.89,0,0,8568.43
2024-04-25 14:00:00,Empirical_Utility_Substation,120000,1,11500.0,32.87,56.2,492.3,25.71,0,0,8301.1
2024-04-25 15:00:00,Empirical_Utility_Substation,120000,1,11500.0,31.12,49.8,168.7,21.65,0,0,7728.3
2024-04-25 16:00:00,Empirical_Utility_Substation,120000,1,11500.0,32.46,45.6,229.4,22.48,0,0,8218.61
2024-04-25 17:00:00,Empirical_Utility_Substation,120000,1,11500.0,31.32,64.7,76.0,22.54,0,0,7942.98
2024-04-25 18:00:00,Empirical_Utility_Substation,120000,1,11500.0,32.01,56.3,0.0,21.08,0,0,8338.67
2024-04-25 19:00:00,Empirical_Utility_Substation,120000,1,11500.0,30.12,70.5,0.0,20.29,0,0,8339.92
2024-04-25 20:00:00,Empirical_Utility_Substation,120000,1,11500.0,26.9,64.0,0.0,24.01,0,0,8110.81
2024-04-25 21:00:00,Empirical_Utility_Substation,120000,1,11500.0,25.94,70.4,0.0,24.26,0,0,8032.11
2024-04-25 22:00:00,Empirical_Utility_Substation,120000,1,11500.0,23.06,70.2,0.0,22.5,0,0,7581.44
2024-04-25 23:00:00,Empirical_Utility_Substation,120000,1,11500.0,22.77,70.3,0.0,22.12,0,0,7224.84
2024-04-26 00:00:00,Empirical_Utility_Substation,120000,1,11500.0,20.89,59.7,0.0,24.63,0,0,6739.67
2024-04-26 01:00:00,Empirical_Utility_Substation,120000,1,11500.0,20.13,84.2,0.0,22.97,0,0,6718.03
2024-04-26 02:00:00,Empirical_Utility_Substation,120000,1,11500.0,21.21,65.4,0.0,20.62,0,0,6829.34
2024-04-26 03:00:00,Empirical_Utility_Substation,120000,1,11500.0,20.61,76.5,0.0,23.28,0,0,6794.45
2024-04-26 04:00:00,Empirical_Utility_Substation,120000,1,11500.0,21.78,60.6,0.0,21.49,0,0,6492.32
2024-04-26 05:00:00,Empirical_Utility_Substation,120000,1,11500.0,23.37,65.2,0.0,22.94,0,0,6239.95
2024-04-26 06:00:00,Empirical_Utility_Substation,120000,1,11500.0,23.68,57.0,0.0,23.31,0,0,6098.3
2024-04-26 07:00:00,Empirical_Utility_Substation,120000,1,11500.0,25.03,55.6,63.0,20.15,0,0,6426.05
2024-04-26 08:00:00,Empirical_Utility_Substation,120000,1,11500.0,27.47,68.2,136.6,25.65,0,0,6889.84
2024-04-26 09:00:00,Empirical_Utility_Substation,120000,1,11500.0,28.87,57.8,266.6,23.77,0,0,7254.45
2024-04-26 10:00:00,Empirical_Utility_Substation,120000,1,11500.0,31.26,63.3,241.6,23.39,0,0,7904.74
2024-04-26 11:00:00,Empirical_Utility_Substation,120000,1,11500.0,33.74,58.3,136.3,22.74,0,0,8591.16
2024-04-26 12:00:00,Empirical_Utility_Substation,120000,1,11500.0,35.62,51.7,158.0,23.78,0,0,8955.43
2024-04-26 13:00:00,Empirical_Utility_Substation,120000,1,11500.0,37.08,43.0,356.3,24.24,0,0,9080.58
2024-04-26 14:00:00,Empirical_Utility_Substation,120000,1,11500.0,38.43,42.3,231.9,24.16,0,0,9294.13
2024-04-26 15:00:00,Empirical_Utility_Substation,120000,1,11500.0,37.65,47.2,286.1,19.85,0,0,8988.25
2024-04-26 16:00:00,Empirical_Utility_Substation,120000,1,11500.0,37.32,58.0,218.7,21.51,0,0,9032.01
2024-04-26 17:00:00,Empirical_Utility_Substation,120000,1,11500.0,35.71,56.6,66.8,20.96,0,0,9011.57
2024-04-26 18:00:00,Empirical_Utility_Substation,120000,1,11500.0,34.4,61.3,0.0,22.16,0,0,8993.37
2024-04-26 19:00:00,Empirical_Utility_Substation,120000,1,11500.0,32.77,60.6,0.0,22.39,0,0,9068.22
2024-04-26 20:00:00,Empirical_Utility_Substation,120000,1,11500.0,32.05,53.0,0.0,23.09,0,0,9278.84
2024-04-26 21:00:00,Empirical_Utility_Substation,120000,1,11500.0,30.21,69.9,0.0,19.85,0,0,8593.12
2024-04-26 22:00:00,Empirical_Utility_Substation,120000,1,11500.0,29.54,58.8,0.0,21.32,0,0,8038.75
2024-04-26 23:00:00,Empirical_Utility_Substation,120000,1,11500.0,25.62,59.5,0.0,21.01,0,0,6927.71
2024-04-27 00:00:00,Empirical_Utility_Substation,120000,1,11500.0,26.22,61.5,0.0,26.43,1,0,5524.82
2024-04-27 01:00:00,Empirical_Utility_Substation,120000,1,11500.0,24.74,80.3,0.0,20.02,1,0,5527.9
2024-04-27 02:00:00,Empirical_Utility_Substation,120000,1,11500.0,22.33,66.0,0.0,19.73,1,0,5474.45
2024-04-27 03:00:00,Empirical_Utility_Substation,120000,1,11500.0,22.83,65.8,0.0,27.06,1,0,5373.48
2024-04-27 04:00:00,Empirical_Utility_Substation,120000,1,11500.0,23.82,67.0,0.0,25.87,1,0,5479.49
2024-04-27 05:00:00,Empirical_Utility_Substation,120000,1,11500.0,24.92,57.6,0.0,25.68,1,0,5674.34
2024-04-27 06:00:00,Empirical_Utility_Substation,120000,1,11500.0,27.53,54.9,0.0,20.37,1,0,5908.28
2024-04-27 07:00:00,Empirical_Utility_Substation,120000,1,11500.0,28.36,59.7,53.4,22.89,1,0,6419.5
2024-04-27 08:00:00,Empirical_Utility_Substation,120000,1,11500.0,29.46,61.4,171.1,23.2,1,0,6926.57
2024-04-27 09:00:00,Empirical_Utility_Substation,120000,1,11500.0,30.85,65.7,197.1,21.11,1,0,7638.62
2024-04-27 10:00:00,Empirical_Utility_Substation,120000,1,11500.0,31.19,58.0,489.1,24.88,1,0,7934.31
2024-04-27 11:00:00,Empirical_Utility_Substation,120000,1,11500.0,31.59,49.5,594.4,21.3,1,0,8009.48
2024-04-27 12:00:00,Empirical_Utility_Substation,120000,1,11500.0,33.88,60.1,519.0,23.07,1,0,8391.05
2024-04-27 13:00:00,Empirical_Utility_Substation,120000,1,11500.0,35.03,53.3,485.3,22.66,1,0,8606.68
2024-04-27 14:00:00,Empirical_Utility_Substation,120000,1,11500.0,34.96,53.2,395.3,22.04,1,0,8481.91
2024-04-27 15:00:00,Empirical_Utility_Substation,120000,1,11500.0,35.25,38.3,411.2,22.35,1,0,8317.67
2024-04-27 16:00:00,Empirical_Utility_Substation,120000,1,11500.0,35.95,57.2,248.0,25.85,1,0,8431.26
2024-04-27 17:00:00,Empirical_Utility_Substation,120000,1,11500.0,34.8,61.3,69.9,20.81,1,0,8043.55
2024-04-27 18:00:00,Empirical_Utility_Substation,120000,1,11500.0,33.78,52.4,0.0,28.29,1,0,8495.16
2024-04-27 19:00:00,Empirical_Utility_Substation,120000,1,11500.0,33.39,52.9,0.0,20.5,1,0,8723.74
2024-04-27 20:00:00,Empirical_Utility_Substation,120000,1,11500.0,32.91,67.7,0.0,23.84,1,0,8583.48
2024-04-27 21:00:00,Empirical_Utility_Substation,120000,1,11500.0,29.1,60.0,0.0,23.05,1,0,7629.3
2024-04-27 22:00:00,Empirical_Utility_Substation,120000,1,11500.0,26.7,54.9,0.0,22.12,1,0,6871.19
2024-04-27 23:00:00,Empirical_Utility_Substation,120000,1,11500.0,26.5,59.8,0.0,23.02,1,0,6654.16
2024-04-28 00:00:00,Empirical_Utility_Substation,120000,1,11500.0,24.6,68.5,0.0,21.87,1,0,5769.94
2024-04-28 01:00:00,Empirical_Utility_Substation,120000,1,11500.0,23.81,54.8,0.0,21.76,1,0,5759.09
2024-04-28 02:00:00,Empirical_Utility_Substation,120000,1,11500.0,24.84,59.9,0.0,25.26,1,0,5644.38
2024-04-28 03:00:00,Empirical_Utility_Substation,120000,1,11500.0,25.1,71.6,0.0,21.4,1,0,5286.42
2024-04-28 04:00:00,Empirical_Utility_Substation,120000,1,11500.0,25.43,58.1,0.0,25.29,1,0,5487.84
2024-04-28 05:00:00,Empirical_Utility_Substation,120000,1,11500.0,26.1,76.1,0.0,23.55,1,0,5776.43
2024-04-28 06:00:00,Empirical_Utility_Substation,120000,1,11500.0,26.86,51.5,0.0,19.9,1,0,5861.67
2024-04-28 07:00:00,Empirical_Utility_Substation,120000,1,11500.0,28.15,67.1,73.8,19.99,1,0,6304.38
2024-04-28 08:00:00,Empirical_Utility_Substation,120000,1,11500.0,30.44,58.2,255.2,19.97,1,0,7072.05
2024-04-28 09:00:00,Empirical_Utility_Substation,120000,1,11500.0,30.46,59.0,93.3,23.9,1,0,7426.12
2024-04-28 10:00:00,Empirical_Utility_Substation,120000,1,11500.0,31.69,57.7,319.7,22.75,1,0,7751.63
2024-04-28 11:00:00,Empirical_Utility_Substation,120000,1,11500.0,33.15,65.8,251.4,24.87,1,0,8135.26
2024-04-28 12:00:00,Empirical_Utility_Substation,120000,1,11500.0,34.66,55.1,414.1,22.58,1,0,8403.66
2024-04-28 13:00:00,Empirical_Utility_Substation,120000,1,11500.0,35.59,53.8,252.9,22.24,1,0,8448.73
2024-04-28 14:00:00,Empirical_Utility_Substation,120000,1,11500.0,35.61,41.8,114.3,21.33,1,0,8180.34
2024-04-28 15:00:00,Empirical_Utility_Substation,120000,1,11500.0,37.13,58.4,191.6,21.43,1,0,8283.27
2024-04-28 16:00:00,Empirical_Utility_Substation,120000,1,11500.0,37.55,37.4,289.4,23.11,1,0,8382.38
2024-04-28 17:00:00,Empirical_Utility_Substation,120000,1,11500.0,36.98,46.9,91.0,21.29,1,0,8486.97
2024-04-28 18:00:00,Empirical_Utility_Substation,120000,1,11500.0,36.26,46.0,0.0,22.44,1,0,8603.9
2024-04-28 19:00:00,Empirical_Utility_Substation,120000,1,11500.0,36.64,47.8,0.0,24.62,1,0,9143.94
2024-04-28 20:00:00,Empirical_Utility_Substation,120000,1,11500.0,35.15,60.3,0.0,25.51,1,0,9009.18
2024-04-28 21:00:00,Empirical_Utility_Substation,120000,1,11500.0,33.79,39.3,0.0,25.91,1,0,8700.46
2024-04-28 22:00:00,Empirical_Utility_Substation,120000,1,11500.0,31.17,41.0,0.0,26.68,1,0,7616.85
2024-04-28 23:00:00,Empirical_Utility_Substation,120000,1,11500.0,30.28,66.4,0.0,23.61,1,0,7072.69
2024-04-29 00:00:00,Empirical_Utility_Substation,120000,1,11500.0,29.03,70.8,0.0,23.9,0,0,7038.32
2024-04-29 01:00:00,Empirical_Utility_Substation,120000,1,11500.0,26.82,64.8,0.0,23.17,0,0,6599.45
2024-04-29 02:00:00,Empirical_Utility_Substation,120000,1,11500.0,28.23,60.7,0.0,25.92,0,0,6655.45
2024-04-29 03:00:00,Empirical_Utility_Substation,120000,1,11500.0,27.58,67.4,0.0,20.1,0,0,6489.14
2024-04-29 04:00:00,Empirical_Utility_Substation,120000,1,11500.0,28.24,48.2,0.0,24.63,0,0,6830.26
2024-04-29 05:00:00,Empirical_Utility_Substation,120000,1,11500.0,27.69,59.3,0.0,20.99,0,0,6679.82
2024-04-29 06:00:00,Empirical_Utility_Substation,120000,1,11500.0,29.9,54.1,0.0,22.76,0,0,7071.29
2024-04-29 07:00:00,Empirical_Utility_Substation,120000,1,11500.0,31.32,56.5,34.2,22.86,0,0,7725.82
2024-04-29 08:00:00,Empirical_Utility_Substation,120000,1,11500.0,31.19,58.6,183.7,23.69,0,0,7942.37
2024-04-29 09:00:00,Empirical_Utility_Substation,120000,1,11500.0,31.75,62.4,259.2,21.96,0,0,8238.7
2024-04-29 10:00:00,Empirical_Utility_Substation,120000,1,11500.0,31.6,53.4,167.4,22.42,0,0,8465.35
2024-04-29 11:00:00,Empirical_Utility_Substation,120000,1,11500.0,32.42,59.4,454.7,20.73,0,0,8613.59
2024-04-29 12:00:00,Empirical_Utility_Substation,120000,1,11500.0,35.56,45.6,537.2,22.86,0,0,9196.6
2024-04-29 13:00:00,Empirical_Utility_Substation,120000,1,11500.0,34.08,48.4,496.5,22.48,0,0,8708.99
2024-04-29 14:00:00,Empirical_Utility_Substation,120000,1,11500.0,32.67,54.3,513.1,24.35,0,0,8154.15
2024-04-29 15:00:00,Empirical_Utility_Substation,120000,1,11500.0,32.22,47.1,353.0,19.83,0,0,7876.53
2024-04-29 16:00:00,Empirical_Utility_Substation,120000,1,11500.0,31.92,61.2,226.7,22.71,0,0,7808.29
2024-04-29 17:00:00,Empirical_Utility_Substation,120000,1,11500.0,31.65,61.7,140.9,23.47,0,0,7988.73
2024-04-29 18:00:00,Empirical_Utility_Substation,120000,1,11500.0,29.83,59.7,0.0,23.52,0,0,7903.85
2024-04-29 19:00:00,Empirical_Utility_Substation,120000,1,11500.0,29.59,51.3,0.0,22.47,0,0,8101.52
2024-04-29 20:00:00,Empirical_Utility_Substation,120000,1,11500.0,28.43,57.2,0.0,20.42,0,0,8305.01
2024-04-29 21:00:00,Empirical_Utility_Substation,120000,1,11500.0,25.92,71.4,0.0,20.38,0,0,7927.62
2024-04-29 22:00:00,Empirical_Utility_Substation,120000,1,11500.0,25.19,54.8,0.0,20.32,0,0,7362.35
2024-04-29 23:00:00,Empirical_Utility_Substation,120000,1,11500.0,24.27,56.9,0.0,22.01,0,0,6906.89
2024-04-30 00:00:00,Empirical_Utility_Substation,120000,1,11500.0,23.42,60.9,0.0,22.0,0,0,6268.25
2024-04-30 01:00:00,Empirical_Utility_Substation,120000,1,11500.0,21.31,72.9,0.0,20.87,0,0,6271.32
2024-04-30 02:00:00,Empirical_Utility_Substation,120000,1,11500.0,21.13,59.6,0.0,22.46,0,0,6367.98
2024-04-30 03:00:00,Empirical_Utility_Substation,120000,1,11500.0,20.32,73.6,0.0,21.02,0,0,6283.34
2024-04-30 04:00:00,Empirical_Utility_Substation,120000,1,11500.0,19.61,67.0,0.0,24.4,0,0,6453.92
2024-04-30 05:00:00,Empirical_Utility_Substation,120000,1,11500.0,20.43,65.7,0.0,24.23,0,0,6449.92
2024-04-30 06:00:00,Empirical_Utility_Substation,120000,1,11500.0,21.33,60.9,0.0,19.46,0,0,6601.47
2024-04-30 07:00:00,Empirical_Utility_Substation,120000,1,11500.0,23.69,63.8,131.8,20.89,0,0,6807.16
2024-04-30 08:00:00,Empirical_Utility_Substation,120000,1,11500.0,25.13,71.0,189.4,23.09,0,0,7166.6
2024-04-30 09:00:00,Empirical_Utility_Substation,120000,1,11500.0,29.53,58.0,307.3,23.35,0,0,8020.58
2024-04-30 10:00:00,Empirical_Utility_Substation,120000,1,11500.0,33.37,64.2,350.3,24.51,0,0,9036.03
2024-04-30 11:00:00,Empirical_Utility_Substation,120000,1,11500.0,33.7,53.7,461.2,25.62,0,0,9435.45
2024-04-30 12:00:00,Empirical_Utility_Substation,120000,1,11500.0,33.74,49.9,475.2,19.61,0,0,9413.11
2024-04-30 13:00:00,Empirical_Utility_Substation,120000,1,11500.0,35.21,44.7,426.0,22.49,0,0,9433.52
2024-04-30 14:00:00,Empirical_Utility_Substation,120000,1,11500.0,35.35,61.9,239.7,22.56,0,0,9180.3
2024-04-30 15:00:00,Empirical_Utility_Substation,120000,1,11500.0,36.07,62.2,293.1,21.08,0,0,9221.5
2024-04-30 16:00:00,Empirical_Utility_Substation,120000,1,11500.0,34.48,60.6,150.8,22.83,0,0,8701.7
2024-04-30 17:00:00,Empirical_Utility_Substation,120000,1,11500.0,34.61,58.1,139.0,20.82,0,0,8814.13
2024-04-30 18:00:00,Empirical_Utility_Substation,120000,1,11500.0,34.26,57.9,0.0,24.09,0,0,9018.75
2024-04-30 19:00:00,Empirical_Utility_Substation,120000,1,11500.0,32.91,50.9,0.0,21.32,0,0,9053.95
2024-04-30 20:00:00,Empirical_Utility_Substation,120000,1,11500.0,32.07,58.2,0.0,23.48,0,0,9153.77
2024-04-30 21:00:00,Empirical_Utility_Substation,120000,1,11500.0,29.64,56.6,0.0,22.57,0,0,8447.61
2024-04-30 22:00:00,Empirical_Utility_Substation,120000,1,11500.0,27.93,64.4,0.0,25.34,0,0,7705.51
2024-04-30 23:00:00,Empirical_Utility_Substation,120000,1,11500.0,25.95,63.2,0.0,25.94,0,0,7219.68
2024-05-01 00:00:00,Empirical_Utility_Substation,120000,1,11500.0,25.81,60.8,0.0,20.85,0,1,5772.21
2024-05-01 01:00:00,Empirical_Utility_Substation,120000,1,11500.0,23.89,60.4,0.0,21.55,0,1,5591.01
2024-05-01 02:00:00,Empirical_Utility_Substation,120000,1,11500.0,22.15,66.6,0.0,22.16,0,1,5482.09
2024-05-01 03:00:00,Empirical_Utility_Substation,120000,1,11500.0,21.62,75.5,0.0,24.79,0,1,5326.59
2024-05-01 04:00:00,Empirical_Utility_Substation,120000,1,11500.0,23.6,55.5,0.0,21.45,0,1,5276.22
2024-05-01 05:00:00,Empirical_Utility_Substation,120000,1,11500.0,23.71,60.3,0.0,22.96,0,1,5321.01
2024-05-01 06:00:00,Empirical_Utility_Substation,120000,1,11500.0,24.41,63.7,0.0,21.52,0,1,5514.63
2024-05-01 07:00:00,Empirical_Utility_Substation,120000,1,11500.0,24.81,60.6,132.2,23.69,0,1,5620.07
2024-05-01 08:00:00,Empirical_Utility_Substation,120000,1,11500.0,27.12,58.6,219.3,23.25,0,1,6097.12
2024-05-01 09:00:00,Empirical_Utility_Substation,120000,1,11500.0,28.13,51.6,329.5,19.93,0,1,6594.71
2024-05-01 10:00:00,Empirical_Utility_Substation,120000,1,11500.0,28.85,70.1,114.3,22.96,0,1,6917.22
2024-05-01 11:00:00,Empirical_Utility_Substation,120000,1,11500.0,30.78,55.5,220.2,22.2,0,1,7414.95
2024-05-01 12:00:00,Empirical_Utility_Substation,120000,1,11500.0,31.74,51.8,452.8,22.7,0,1,7361.33
2024-05-01 13:00:00,Empirical_Utility_Substation,120000,1,11500.0,31.98,51.8,343.3,23.01,0,1,7002.17
2024-05-01 14:00:00,Empirical_Utility_Substation,120000,1,11500.0,32.96,49.9,194.7,23.4,0,1,6989.04
2024-05-01 15:00:00,Empirical_Utility_Substation,120000,1,11500.0,33.82,49.5,182.4,23.59,0,1,7055.88
2024-05-01 16:00:00,Empirical_Utility_Substation,120000,1,11500.0,34.49,48.1,265.5,25.02,0,1,7183.9
2024-05-01 17:00:00,Empirical_Utility_Substation,120000,1,11500.0,34.09,60.4,114.3,23.4,0,1,7193.84
2024-05-01 18:00:00,Empirical_Utility_Substation,120000,1,11500.0,34.07,58.6,0.0,22.65,0,1,7746.19
2024-05-01 19:00:00,Empirical_Utility_Substation,120000,1,11500.0,32.33,60.5,0.0,21.77,0,1,7804.7
2024-05-01 20:00:00,Empirical_Utility_Substation,120000,1,11500.0,31.39,52.8,0.0,20.68,0,1,7769.33
2024-05-01 21:00:00,Empirical_Utility_Substation,120000,1,11500.0,28.84,57.9,0.0,23.1,0,1,7134.93
2024-05-01 22:00:00,Empirical_Utility_Substation,120000,1,11500.0,26.0,63.8,0.0,23.52,0,1,6236.49
2024-05-01 23:00:00,Empirical_Utility_Substation,120000,1,11500.0,24.47,72.3,0.0,22.37,0,1,5648.27
2024-05-02 00:00:00,Empirical_Utility_Substation,120000,1,11500.0,24.13,54.8,0.0,24.2,0,0,6282.83
2024-05-02 01:00:00,Empirical_Utility_Substation,120000,1,11500.0,23.48,65.5,0.0,28.15,0,0,6271.82
2024-05-02 02:00:00,Empirical_Utility_Substation,120000,1,11500.0,22.54,68.5,0.0,19.47,0,0,6529.84
2024-05-02 03:00:00,Empirical_Utility_Substation,120000,1,11500.0,20.84,72.1,0.0,21.68,0,0,6304.66
2024-05-02 04:00:00,Empirical_Utility_Substation,120000,1,11500.0,20.71,63.3,0.0,22.75,0,0,6328.13
2024-05-02 05:00:00,Empirical_Utility_Substation,120000,1,11500.0,22.66,71.1,0.0,23.84,0,0,6678.78
2024-05-02 06:00:00,Empirical_Utility_Substation,120000,1,11500.0,24.5,70.3,0.0,21.38,0,0,6944.66
2024-05-02 07:00:00,Empirical_Utility_Substation,120000,1,11500.0,25.75,71.5,90.0,22.13,0,0,7292.82
2024-05-02 08:00:00,Empirical_Utility_Substation,120000,1,11500.0,27.38,53.3,111.3,19.79,0,0,7430.91
2024-05-02 09:00:00,Empirical_Utility_Substation,120000,1,11500.0,28.33,60.7,366.9,22.7,0,0,7731.86
2024-05-02 10:00:00,Empirical_Utility_Substation,120000,1,11500.0,30.37,69.9,114.3,21.17,0,0,8411.69
2024-05-02 11:00:00,Empirical_Utility_Substation,120000,1,11500.0,32.13,57.1,351.8,19.47,0,0,8884.76
2024-05-02 12:00:00,Empirical_Utility_Substation,120000,1,11500.0,31.97,52.5,526.4,23.11,0,0,8793.31
2024-05-02 13:00:00,Empirical_Utility_Substation,120000,1,11500.0,32.29,57.2,381.8,24.35,0,0,8719.13
2024-05-02 14:00:00,Empirical_Utility_Substation,120000,1,11500.0,34.66,52.6,538.7,23.04,0,0,8875.05
2024-05-02 15:00:00,Empirical_Utility_Substation,120000,1,11500.0,35.15,63.9,284.0,22.47,0,0,8727.64
2024-05-02 16:00:00,Empirical_Utility_Substation,120000,1,11500.0,35.96,62.5,181.9,19.83,0,0,8989.35
2024-05-02 17:00:00,Empirical_Utility_Substation,120000,1,11500.0,35.65,66.3,84.4,21.42,0,0,9034.59
2024-05-02 18:00:00,Empirical_Utility_Substation,120000,1,11500.0,33.83,50.7,0.0,24.73,0,0,9088.91
2024-05-02 19:00:00,Empirical_Utility_Substation,120000,1,11500.0,33.28,59.4,0.0,21.94,0,0,9222.9
2024-05-02 20:00:00,Empirical_Utility_Substation,120000,1,11500.0,32.46,60.2,0.0,25.42,0,0,9215.54
2024-05-02 21:00:00,Empirical_Utility_Substation,120000,1,11500.0,31.9,47.1,0.0,20.68,0,0,8913.98
2024-05-02 22:00:00,Empirical_Utility_Substation,120000,1,11500.0,31.11,63.4,0.0,21.22,0,0,8126.39
2024-05-02 23:00:00,Empirical_Utility_Substation,120000,1,11500.0,28.68,58.1,0.0,23.21,0,0,7339.27
2024-05-03 00:00:00,Empirical_Utility_Substation,120000,1,11500.0,28.11,61.2,0.0,24.86,0,0,6763.2
2024-05-03 01:00:00,Empirical_Utility_Substation,120000,1,11500.0,28.46,51.3,0.0,21.4,0,0,6891.1
2024-05-03 02:00:00,Empirical_Utility_Substation,120000,1,11500.0,26.31,67.6,0.0,22.85,0,0,6793.3
2024-05-03 03:00:00,Empirical_Utility_Substation,120000,1,11500.0,26.12,58.9,0.0,22.09,0,0,6865.2
2024-05-03 04:00:00,Empirical_Utility_Substation,120000,1,11500.0,26.23,65.0,0.0,27.18,0,0,6773.06
2024-05-03 05:00:00,Empirical_Utility_Substation,120000,1,11500.0,25.74,56.0,0.0,27.33,0,0,6822.13
2024-05-03 06:00:00,Empirical_Utility_Substation,120000,1,11500.0,26.17,53.5,0.0,20.38,0,0,6876.24
2024-05-03 07:00:00,Empirical_Utility_Substation,120000,1,11500.0,27.73,46.4,67.6,23.96,0,0,7339.4
2024-05-03 08:00:00,Empirical_Utility_Substation,120000,1,11500.0,30.76,58.0,239.4,19.41,0,0,8077.28
2024-05-03 09:00:00,Empirical_Utility_Substation,120000,1,11500.0,31.93,53.2,108.6,22.26,0,0,8568.3
2024-05-03 10:00:00,Empirical_Utility_Substation,120000,1,11500.0,33.3,52.4,331.6,19.51,0,0,8949.59
2024-05-03 11:00:00,Empirical_Utility_Substation,120000,1,11500.0,34.04,56.0,127.5,22.87,0,0,9235.71
2024-05-03 12:00:00,Empirical_Utility_Substation,120000,1,11500.0,33.21,51.8,369.9,22.28,0,0,8946.56
2024-05-03 13:00:00,Empirical_Utility_Substation,120000,1,11500.0,34.0,48.6,398.0,20.96,0,0,8931.69
2024-05-03 14:00:00,Empirical_Utility_Substation,120000,1,11500.0,33.85,59.0,507.7,21.19,0,0,8687.35
2024-05-03 15:00:00,Empirical_Utility_Substation,120000,1,11500.0,35.08,52.4,375.1,20.18,0,0,8534.2
2024-05-03 16:00:00,Empirical_Utility_Substation,120000,1,11500.0,33.45,53.3,230.8,25.47,0,0,8029.42
2024-05-03 17:00:00,Empirical_Utility_Substation,120000,1,11500.0,32.09,53.4,109.3,21.22,0,0,8069.3
2024-05-03 18:00:00,Empirical_Utility_Substation,120000,1,11500.0,31.96,59.0,0.0,21.2,0,0,8514.48
2024-05-03 19:00:00,Empirical_Utility_Substation,120000,1,11500.0,30.81,68.7,0.0,22.35,0,0,8645.32
2024-05-03 20:00:00,Empirical_Utility_Substation,120000,1,11500.0,29.89,61.9,0.0,22.02,0,0,8539.76
2024-05-03 21:00:00,Empirical_Utility_Substation,120000,1,11500.0,29.17,60.3,0.0,19.62,0,0,8285.35
2024-05-03 22:00:00,Empirical_Utility_Substation,120000,1,11500.0,27.2,68.8,0.0,23.95,0,0,7511.88
2024-05-03 23:00:00,Empirical_Utility_Substation,120000,1,11500.0,26.33,59.3,0.0,22.04,0,0,7048.7
2024-05-04 00:00:00,Empirical_Utility_Substation,120000,1,11500.0,25.24,50.3,0.0,22.55,1,0,5670.66
2024-05-04 01:00:00,Empirical_Utility_Substation,120000,1,11500.0,23.89,64.5,0.0,26.27,1,0,5635.49
2024-05-04 02:00:00,Empirical_Utility_Substation,120000,1,11500.0,23.3,70.5,0.0,23.33,1,0,5516.76
2024-05-04 03:00:00,Empirical_Utility_Substation,120000,1,11500.0,24.36,66.4,0.0,22.58,1,0,5580.66
2024-05-04 04:00:00,Empirical_Utility_Substation,120000,1,11500.0,23.37,66.7,0.0,20.85,1,0,5596.47
2024-05-04 05:00:00,Empirical_Utility_Substation,120000,1,11500.0,27.08,65.5,0.0,19.76,1,0,5941.99
2024-05-04 06:00:00,Empirical_Utility_Substation,120000,1,11500.0,29.13,62.4,0.0,24.68,1,0,6366.3
2024-05-04 07:00:00,Empirical_Utility_Substation,120000,1,11500.0,29.53,61.2,97.5,22.83,1,0,6877.35
2024-05-04 08:00:00,Empirical_Utility_Substation,120000,1,11500.0,30.56,62.4,246.7,20.94,1,0,7164.44
2024-05-04 09:00:00,Empirical_Utility_Substation,120000,1,11500.0,31.55,52.9,345.6,19.44,1,0,7691.07
2024-05-04 10:00:00,Empirical_Utility_Substation,120000,1,11500.0,33.06,54.5,299.6,20.92,1,0,8227.64
2024-05-04 11:00:00,Empirical_Utility_Substation,120000,1,11500.0,34.41,52.5,363.4,24.47,1,0,8643.98
2024-05-04 12:00:00,Empirical_Utility_Substation,120000,1,11500.0,36.64,58.7,484.0,20.87,1,0,9035.16
2024-05-04 13:00:00,Empirical_Utility_Substation,120000,1,11500.0,38.71,54.3,455.4,20.72,1,0,9155.25
2024-05-04 14:00:00,Empirical_Utility_Substation,120000,1,11500.0,39.97,59.4,225.4,28.83,1,0,9159.8
2024-05-04 15:00:00,Empirical_Utility_Substation,120000,1,11500.0,39.66,51.4,277.1,24.32,1,0,8910.2
2024-05-04 16:00:00,Empirical_Utility_Substation,120000,1,11500.0,39.32,47.3,161.4,21.6,1,0,8913.2
2024-05-04 17:00:00,Empirical_Utility_Substation,120000,1,11500.0,37.87,57.7,66.3,22.08,1,0,8723.77
2024-05-04 18:00:00,Empirical_Utility_Substation,120000,1,11500.0,36.22,50.8,0.0,23.24,1,0,8542.31
2024-05-04 19:00:00,Empirical_Utility_Substation,120000,1,11500.0,36.26,38.0,0.0,23.64,1,0,9025.37
2024-05-04 20:00:00,Empirical_Utility_Substation,120000,1,11500.0,35.22,50.7,0.0,22.22,1,0,9040.24
2024-05-04 21:00:00,Empirical_Utility_Substation,120000,1,11500.0,32.69,55.7,0.0,22.14,1,0,8566.91
2024-05-04 22:00:00,Empirical_Utility_Substation,120000,1,11500.0,32.07,60.3,0.0,23.48,1,0,8078.34
2024-05-04 23:00:00,Empirical_Utility_Substation,120000,1,11500.0,30.65,58.6,0.0,26.22,1,0,7348.56
2024-05-05 00:00:00,Empirical_Utility_Substation,120000,1,11500.0,30.66,60.0,0.0,20.94,1,0,6782.87
2024-05-05 01:00:00,Empirical_Utility_Substation,120000,1,11500.0,28.98,70.5,0.0,25.65,1,0,6506.22
2024-05-05 02:00:00,Empirical_Utility_Substation,120000,1,11500.0,27.73,55.0,0.0,24.23,1,0,6352.68
2024-05-05 03:00:00,Empirical_Utility_Substation,120000,1,11500.0,27.7,56.8,0.0,21.02,1,0,6328.73
2024-05-05 04:00:00,Empirical_Utility_Substation,120000,1,11500.0,28.08,59.8,0.0,24.87,1,0,6439.07
2024-05-05 05:00:00,Empirical_Utility_Substation,120000,1,11500.0,28.18,62.2,0.0,25.56,1,0,6558.45
2024-05-05 06:00:00,Empirical_Utility_Substation,120000,1,11500.0,27.28,59.5,0.0,24.58,1,0,6536.37
2024-05-05 07:00:00,Empirical_Utility_Substation,120000,1,11500.0,29.16,64.3,125.5,21.52,1,0,6923.76
2024-05-05 08:00:00,Empirical_Utility_Substation,120000,1,11500.0,29.94,57.4,266.8,21.12,1,0,7413.85
2024-05-05 09:00:00,Empirical_Utility_Substation,120000,1,11500.0,33.71,52.5,304.9,22.75,1,0,8314.03
2024-05-05 10:00:00,Empirical_Utility_Substation,120000,1,11500.0,33.79,62.7,156.6,22.03,1,0,8293.8
2024-05-05 11:00:00,Empirical_Utility_Substation,120000,1,11500.0,35.42,42.0,516.0,25.64,1,0,8897.98
2024-05-05 12:00:00,Empirical_Utility_Substation,120000,1,11500.0,36.25,66.6,163.6,20.01,1,0,8987.43
2024-05-05 13:00:00,Empirical_Utility_Substation,120000,1,11500.0,37.58,54.2,174.5,23.12,1,0,9128.51
2024-05-05 14:00:00,Empirical_Utility_Substation,120000,1,11500.0,37.52,50.5,163.7,20.36,1,0,8905.31
2024-05-05 15:00:00,Empirical_Utility_Substation,120000,1,11500.0,38.47,41.1,387.8,24.48,1,0,9131.66
2024-05-05 16:00:00,Empirical_Utility_Substation,120000,1,11500.0,38.35,58.2,146.9,24.35,1,0,9183.98
2024-05-05 17:00:00,Empirical_Utility_Substation,120000,1,11500.0,36.46,48.2,134.8,23.04,1,0,8612.49
2024-05-05 18:00:00,Empirical_Utility_Substation,120000,1,11500.0,34.73,53.2,0.0,21.99,1,0,8671.92
2024-05-05 19:00:00,Empirical_Utility_Substation,120000,1,11500.0,32.89,62.9,0.0,21.84,1,0,8811.49
2024-05-05 20:00:00,Empirical_Utility_Substation,120000,1,11500.0,32.0,69.6,0.0,24.19,1,0,8820.67
2024-05-05 21:00:00,Empirical_Utility_Substation,120000,1,11500.0,30.96,54.6,0.0,21.79,1,0,8320.2
2024-05-05 22:00:00,Empirical_Utility_Substation,120000,1,11500.0,30.07,61.5,0.0,21.86,1,0,7469.97
2024-05-05 23:00:00,Empirical_Utility_Substation,120000,1,11500.0,27.97,72.4,0.0,20.33,1,0,6600.07
2024-05-06 00:00:00,Empirical_Utility_Substation,120000,1,11500.0,26.63,61.5,0.0,22.21,0,0,6819.71
2024-05-06 01:00:00,Empirical_Utility_Substation,120000,1,11500.0,25.55,61.9,0.0,20.31,0,0,6675.21
2024-05-06 02:00:00,Empirical_Utility_Substation,120000,1,11500.0,24.76,77.0,0.0,19.75,0,0,6348.78
2024-05-06 03:00:00,Empirical_Utility_Substation,120000,1,11500.0,24.84,66.2,0.0,23.81,0,0,6445.07
2024-05-06 04:00:00,Empirical_Utility_Substation,120000,1,11500.0,26.19,61.8,0.0,19.52,0,0,6667.81
2024-05-06 05:00:00,Empirical_Utility_Substation,120000,1,11500.0,27.01,64.3,0.0,23.38,0,0,6950.18
2024-05-06 06:00:00,Empirical_Utility_Substation,120000,1,11500.0,29.19,68.7,0.0,22.45,0,0,7516.18
2024-05-06 07:00:00,Empirical_Utility_Substation,120000,1,11500.0,30.37,56.6,146.1,23.44,0,0,7993.51
2024-05-06 08:00:00,Empirical_Utility_Substation,120000,1,11500.0,30.28,52.4,199.0,22.58,0,0,8168.49
2024-05-06 09:00:00,Empirical_Utility_Substation,120000,1,11500.0,32.27,53.9,152.0,25.27,0,0,8672.98
2024-05-06 10:00:00,Empirical_Utility_Substation,120000,1,11500.0,33.13,59.9,461.4,23.97,0,0,9174.09
2024-05-06 11:00:00,Empirical_Utility_Substation,120000,1,11500.0,32.94,59.3,131.9,21.6,0,0,9118.94
2024-05-06 12:00:00,Empirical_Utility_Substation,120000,1,11500.0,35.01,63.4,132.0,22.58,0,0,9332.33
2024-05-06 13:00:00,Empirical_Utility_Substation,120000,1,11500.0,35.82,63.6,541.7,22.3,0,0,9358.29
2024-05-06 14:00:00,Empirical_Utility_Substation,120000,1,11500.0,34.71,50.4,114.3,23.68,0,0,9013.39
2024-05-06 15:00:00,Empirical_Utility_Substation,120000,1,11500.0,33.88,56.2,153.5,23.25,0,0,8477.74
2024-05-06 16:00:00,Empirical_Utility_Substation,120000,1,11500.0,34.25,46.9,187.4,21.32,0,0,8485.09
2024-05-06 17:00:00,Empirical_Utility_Substation,120000,1,11500.0,32.99,49.3,121.6,21.21,0,0,8442.77
2024-05-06 18:00:00,Empirical_Utility_Substation,120000,1,11500.0,32.95,48.8,0.0,20.39,0,0,8936.15
2024-05-06 19:00:00,Empirical_Utility_Substation,120000,1,11500.0,32.64,56.7,0.0,23.1,0,0,9354.84
2024-05-06 20:00:00,Empirical_Utility_Substation,120000,1,11500.0,31.22,58.8,0.0,22.86,0,0,9258.46
2024-05-06 21:00:00,Empirical_Utility_Substation,120000,1,11500.0,30.3,54.7,0.0,23.98,0,0,8730.1
2024-05-06 22:00:00,Empirical_Utility_Substation,120000,1,11500.0,28.95,54.7,0.0,22.63,0,0,8189.64
2024-05-06 23:00:00,Empirical_Utility_Substation,120000,1,11500.0,27.85,56.7,0.0,21.62,0,0,7553.35
2024-05-07 00:00:00,Empirical_Utility_Substation,120000,1,11500.0,29.11,56.0,0.0,23.18,0,0,7190.35
2024-05-07 01:00:00,Empirical_Utility_Substation,120000,1,11500.0,27.62,61.3,0.0,21.65,0,0,7017.7
2024-05-07 02:00:00,Empirical_Utility_Substation,120000,1,11500.0,27.44,54.7,0.0,27.28,0,0,6909.91
2024-05-07 03:00:00,Empirical_Utility_Substation,120000,1,11500.0,27.99,59.5,0.0,20.39,0,0,6960.65
2024-05-07 04:00:00,Empirical_Utility_Substation,120000,1,11500.0,29.34,57.3,0.0,25.01,0,0,7297.24
2024-05-07 05:00:00,Empirical_Utility_Substation,120000,1,11500.0,29.83,60.9,0.0,25.34,0,0,7312.2
2024-05-07 06:00:00,Empirical_Utility_Substation,120000,1,11500.0,31.2,51.8,0.0,24.51,0,0,7540.12
2024-05-07 07:00:00,Empirical_Utility_Substation,120000,1,11500.0,32.63,54.3,86.5,22.11,0,0,8077.52
2024-05-07 08:00:00,Empirical_Utility_Substation,120000,1,11500.0,33.44,57.4,73.3,24.13,0,0,8649.84
2024-05-07 09:00:00,Empirical_Utility_Substation,120000,1,11500.0,34.8,62.2,292.6,23.94,0,0,9235.27
2024-05-07 10:00:00,Empirical_Utility_Substation,120000,1,11500.0,36.03,42.9,432.8,23.44,0,0,9947.23
2024-05-07 11:00:00,Empirical_Utility_Substation,120000,1,11500.0,36.91,54.5,396.9,21.66,0,0,10439.92
2024-05-07 12:00:00,Empirical_Utility_Substation,120000,1,11500.0,37.87,49.6,595.2,21.85,0,0,10835.48
2024-05-07 13:00:00,Empirical_Utility_Substation,120000,1,11500.0,36.43,52.2,361.2,22.92,0,0,10080.17
2024-05-07 14:00:00,Empirical_Utility_Substation,120000,1,11500.0,38.32,47.8,415.8,20.81,0,0,10260.84
2024-05-07 15:00:00,Empirical_Utility_Substation,120000,1,11500.0,38.25,51.7,177.5,23.64,0,0,10015.59
2024-05-07 16:00:00,Empirical_Utility_Substation,120000,1,11500.0,37.61,62.6,249.6,20.09,0,0,9865.74
2024-05-07 17:00:00,Empirical_Utility_Substation,120000,1,11500.0,37.43,52.2,78.5,20.04,0,0,9905.73
2024-05-07 18:00:00,Empirical_Utility_Substation,120000,1,11500.0,35.91,51.2,0.0,23.67,0,0,9913.97
2024-05-07 19:00:00,Empirical_Utility_Substation,120000,1,11500.0,35.35,55.2,0.0,19.66,0,0,10350.79
2024-05-07 20:00:00,Empirical_Utility_Substation,120000,1,11500.0,33.33,51.7,0.0,25.25,0,0,9830.1
2024-05-07 21:00:00,Empirical_Utility_Substation,120000,1,11500.0,32.9,51.3,0.0,21.3,0,0,9384.34
2024-05-07 22:00:00,Empirical_Utility_Substation,120000,1,11500.0,32.38,66.6,0.0,21.8,0,0,8564.54
2024-05-07 23:00:00,Empirical_Utility_Substation,120000,1,11500.0,30.84,57.7,0.0,20.85,0,0,7933.89
2024-05-08 00:00:00,Empirical_Utility_Substation,120000,1,11500.0,29.47,56.6,0.0,19.96,0,0,7082.33
2024-05-08 01:00:00,Empirical_Utility_Substation,120000,1,11500.0,27.74,61.7,0.0,21.46,0,0,6906.07
2024-05-08 02:00:00,Empirical_Utility_Substation,120000,1,11500.0,26.41,70.3,0.0,21.43,0,0,6596.56
2024-05-08 03:00:00,Empirical_Utility_Substation,120000,1,11500.0,26.32,66.9,0.0,22.5,0,0,6582.32
2024-05-08 04:00:00,Empirical_Utility_Substation,120000,1,11500.0,24.64,64.5,0.0,21.58,0,0,6205.47
2024-05-08 05:00:00,Empirical_Utility_Substation,120000,1,11500.0,25.86,62.6,0.0,20.25,0,0,6468.11
2024-05-08 06:00:00,Empirical_Utility_Substation,120000,1,11500.0,27.76,55.6,0.0,23.02,0,0,6790.13
2024-05-08 07:00:00,Empirical_Utility_Substation,120000,1,11500.0,28.99,62.8,54.5,23.01,0,0,7302.5
2024-05-08 08:00:00,Empirical_Utility_Substation,120000,1,11500.0,30.51,55.3,277.0,24.73,0,0,7838.06
2024-05-08 09:00:00,Empirical_Utility_Substation,120000,1,11500.0,31.64,52.7,217.8,23.12,0,0,8164.15
2024-05-08 10:00:00,Empirical_Utility_Substation,120000,1,11500.0,31.39,63.5,271.5,22.78,0,0,8428.89
2024-05-08 11:00:00,Empirical_Utility_Substation,120000,1,11500.0,33.81,62.6,127.5,20.71,0,0,9257.21
2024-05-08 12:00:00,Empirical_Utility_Substation,120000,1,11500.0,34.19,61.2,455.8,20.16,0,0,9157.8
2024-05-08 13:00:00,Empirical_Utility_Substation,120000,1,11500.0,34.0,46.4,432.2,23.21,0,0,8670.86
2024-05-08 14:00:00,Empirical_Utility_Substation,120000,1,11500.0,35.38,47.6,504.4,21.55,0,0,8893.91
2024-05-08 15:00:00,Empirical_Utility_Substation,120000,1,11500.0,35.05,52.4,182.1,25.95,0,0,8649.39
2024-05-08 16:00:00,Empirical_Utility_Substation,120000,1,11500.0,34.54,54.9,236.4,26.55,0,0,8704.68
2024-05-08 17:00:00,Empirical_Utility_Substation,120000,1,11500.0,34.13,55.3,123.7,23.93,0,0,8845.71
2024-05-08 18:00:00,Empirical_Utility_Substation,120000,1,11500.0,33.34,59.7,0.0,23.43,0,0,9051.58
2024-05-08 19:00:00,Empirical_Utility_Substation,120000,1,11500.0,32.45,50.8,0.0,20.89,0,0,9431.53
2024-05-08 20:00:00,Empirical_Utility_Substation,120000,1,11500.0,31.91,60.2,0.0,24.57,0,0,9440.92
2024-05-08 21:00:00,Empirical_Utility_Substation,120000,1,11500.0,31.09,60.4,0.0,23.3,0,0,9228.13
2024-05-08 22:00:00,Empirical_Utility_Substation,120000,1,11500.0,28.93,65.5,0.0,20.06,0,0,8396.52
2024-05-08 23:00:00,Empirical_Utility_Substation,120000,1,11500.0,26.87,56.4,0.0,20.49,0,0,7704.32
2024-05-09 00:00:00,Empirical_Utility_Substation,120000,1,11500.0,25.15,69.2,0.0,21.67,0,0,6981.83
2024-05-09 01:00:00,Empirical_Utility_Substation,120000,1,11500.0,22.73,80.8,0.0,20.9,0,0,6814.96
2024-05-09 02:00:00,Empirical_Utility_Substation,120000,1,11500.0,22.01,65.0,0.0,23.13,0,0,6614.62
2024-05-09 03:00:00,Empirical_Utility_Substation,120000,1,11500.0,20.97,66.1,0.0,22.67,0,0,6540.57
2024-05-09 04:00:00,Empirical_Utility_Substation,120000,1,11500.0,21.65,59.7,0.0,22.65,0,0,6584.71
2024-05-09 05:00:00,Empirical_Utility_Substation,120000,1,11500.0,22.19,60.8,0.0,21.29,0,0,6504.14
2024-05-09 06:00:00,Empirical_Utility_Substation,120000,1,11500.0,24.38,77.9,0.0,20.25,0,0,6442.42
2024-05-09 07:00:00,Empirical_Utility_Substation,120000,1,11500.0,25.54,53.5,101.1,22.94,0,0,6704.21
2024-05-09 08:00:00,Empirical_Utility_Substation,120000,1,11500.0,27.15,66.5,100.2,21.25,0,0,7059.01
2024-05-09 09:00:00,Empirical_Utility_Substation,120000,1,11500.0,28.47,68.6,305.6,23.08,0,0,7541.97
2024-05-09 10:00:00,Empirical_Utility_Substation,120000,1,11500.0,28.7,54.9,520.0,22.82,0,0,7847.79
2024-05-09 11:00:00,Empirical_Utility_Substation,120000,1,11500.0,29.54,56.0,321.7,21.57,0,0,8205.29
2024-05-09 12:00:00,Empirical_Utility_Substation,120000,1,11500.0,30.13,56.5,434.6,24.93,0,0,8316.42
2024-05-09 13:00:00,Empirical_Utility_Substation,120000,1,11500.0,31.2,59.7,243.2,22.07,0,0,8232.32
2024-05-09 14:00:00,Empirical_Utility_Substation,120000,1,11500.0,31.89,71.6,342.6,23.37,0,0,8349.76
2024-05-09 15:00:00,Empirical_Utility_Substation,120000,1,11500.0,33.24,52.6,296.3,22.64,0,0,8236.49
2024-05-09 16:00:00,Empirical_Utility_Substation,120000,1,11500.0,32.7,56.1,243.8,24.67,0,0,7943.7
2024-05-09 17:00:00,Empirical_Utility_Substation,120000,1,11500.0,31.7,64.8,91.0,20.39,0,0,8112.41
2024-05-09 18:00:00,Empirical_Utility_Substation,120000,1,11500.0,31.41,68.2,0.0,20.35,0,0,8668.8
2024-05-09 19:00:00,Empirical_Utility_Substation,120000,1,11500.0,29.18,59.5,0.0,22.15,0,0,8796.37
2024-05-09 20:00:00,Empirical_Utility_Substation,120000,1,11500.0,29.98,62.9,0.0,19.33,0,0,9134.48
2024-05-09 21:00:00,Empirical_Utility_Substation,120000,1,11500.0,30.17,46.0,0.0,23.93,0,0,8931.52
2024-05-09 22:00:00,Empirical_Utility_Substation,120000,1,11500.0,29.7,65.7,0.0,22.57,0,0,8370.29
2024-05-09 23:00:00,Empirical_Utility_Substation,120000,1,11500.0,27.34,66.1,0.0,22.66,0,0,7552.34
2024-05-10 00:00:00,Empirical_Utility_Substation,120000,1,11500.0,26.83,63.8,0.0,24.11,0,0,6874.68
2024-05-10 01:00:00,Empirical_Utility_Substation,120000,1,11500.0,26.05,70.2,0.0,21.77,0,0,6992.02
2024-05-10 02:00:00,Empirical_Utility_Substation,120000,1,11500.0,24.15,65.2,0.0,20.24,0,0,6787.98
2024-05-10 03:00:00,Empirical_Utility_Substation,120000,1,11500.0,24.71,68.5,0.0,24.75,0,0,6779.83
2024-05-10 04:00:00,Empirical_Utility_Substation,120000,1,11500.0,24.38,59.2,0.0,25.62,0,0,6680.96
2024-05-10 05:00:00,Empirical_Utility_Substation,120000,1,11500.0,24.34,68.3,0.0,20.55,0,0,6664.97
2024-05-10 06:00:00,Empirical_Utility_Substation,120000,1,11500.0,25.2,65.7,0.0,21.43,0,0,6935.18
2024-05-10 07:00:00,Empirical_Utility_Substation,120000,1,11500.0,27.28,66.0,133.4,24.9,0,0,7193.31
2024-05-10 08:00:00,Empirical_Utility_Substation,120000,1,11500.0,29.0,49.6,163.2,24.39,0,0,7632.89
2024-05-10 09:00:00,Empirical_Utility_Substation,120000,1,11500.0,31.44,48.7,210.3,19.41,0,0,8517.15
2024-05-10 10:00:00,Empirical_Utility_Substation,120000,1,11500.0,30.95,55.5,361.3,24.56,0,0,8566.82
2024-05-10 11:00:00,Empirical_Utility_Substation,120000,1,11500.0,31.97,51.4,261.5,23.01,0,0,9107.18
2024-05-10 12:00:00,Empirical_Utility_Substation,120000,1,11500.0,33.14,57.4,162.6,22.22,0,0,9344.63
2024-05-10 13:00:00,Empirical_Utility_Substation,120000,1,11500.0,33.51,64.5,280.0,18.81,0,0,9133.91
2024-05-10 14:00:00,Empirical_Utility_Substation,120000,1,11500.0,33.86,65.7,114.3,20.85,0,0,8956.93
2024-05-10 15:00:00,Empirical_Utility_Substation,120000,1,11500.0,33.2,62.6,408.9,22.89,0,0,8449.99
2024-05-10 16:00:00,Empirical_Utility_Substation,120000,1,11500.0,34.44,65.4,285.4,19.72,0,0,8540.6
2024-05-10 17:00:00,Empirical_Utility_Substation,120000,1,11500.0,34.7,42.7,123.9,18.91,0,0,8857.88
2024-05-10 18:00:00,Empirical_Utility_Substation,120000,1,11500.0,34.53,48.0,0.0,21.42,0,0,9299.08
2024-05-10 19:00:00,Empirical_Utility_Substation,120000,1,11500.0,32.54,56.6,0.0,23.83,0,0,9456.13
2024-05-10 20:00:00,Empirical_Utility_Substation,120000,1,11500.0,31.27,69.0,0.0,21.43,0,0,9331.45
2024-05-10 21:00:00,Empirical_Utility_Substation,120000,1,11500.0,29.88,59.8,0.0,28.21,0,0,8749.83
2024-05-10 22:00:00,Empirical_Utility_Substation,120000,1,11500.0,27.38,58.0,0.0,20.71,0,0,7982.42
2024-05-10 23:00:00,Empirical_Utility_Substation,120000,1,11500.0,26.04,60.7,0.0,21.73,0,0,7156.73
2024-05-11 00:00:00,Empirical_Utility_Substation,120000,1,11500.0,24.51,63.4,0.0,26.07,1,0,5809.02
2024-05-11 01:00:00,Empirical_Utility_Substation,120000,1,11500.0,22.97,60.2,0.0,19.92,1,0,5741.34
2024-05-11 02:00:00,Empirical_Utility_Substation,120000,1,11500.0,21.93,66.8,0.0,21.82,1,0,5621.05
2024-05-11 03:00:00,Empirical_Utility_Substation,120000,1,11500.0,21.56,58.7,0.0,20.97,1,0,5565.66
2024-05-11 04:00:00,Empirical_Utility_Substation,120000,1,11500.0,22.59,67.7,0.0,20.97,1,0,5633.67
2024-05-11 05:00:00,Empirical_Utility_Substation,120000,1,11500.0,24.61,64.9,0.0,21.91,1,0,5552.07
2024-05-11 06:00:00,Empirical_Utility_Substation,120000,1,11500.0,25.95,61.0,0.0,20.94,1,0,5744.03
2024-05-11 07:00:00,Empirical_Utility_Substation,120000,1,11500.0,29.96,54.9,91.6,22.49,1,0,6676.06
2024-05-11 08:00:00,Empirical_Utility_Substation,120000,1,11500.0,30.01,57.7,80.7,19.41,1,0,6983.82
2024-05-11 09:00:00,Empirical_Utility_Substation,120000,1,11500.0,30.6,66.3,398.6,21.3,1,0,7413.69
2024-05-11 10:00:00,Empirical_Utility_Substation,120000,1,11500.0,32.46,51.6,222.1,20.31,1,0,8128.06
2024-05-11 11:00:00,Empirical_Utility_Substation,120000,1,11500.0,35.08,58.4,203.6,22.81,1,0,8857.9
2024-05-11 12:00:00,Empirical_Utility_Substation,120000,1,11500.0,34.6,55.8,356.8,20.37,1,0,8589.36
2024-05-11 13:00:00,Empirical_Utility_Substation,120000,1,11500.0,36.09,46.7,607.6,22.98,1,0,8613.56
2024-05-11 14:00:00,Empirical_Utility_Substation,120000,1,11500.0,35.84,49.4,466.5,23.04,1,0,8237.63
2024-05-11 15:00:00,Empirical_Utility_Substation,120000,1,11500.0,35.87,57.4,265.1,21.07,1,0,8044.22
2024-05-11 16:00:00,Empirical_Utility_Substation,120000,1,11500.0,35.24,55.3,72.5,21.84,1,0,7991.49
2024-05-11 17:00:00,Empirical_Utility_Substation,120000,1,11500.0,34.36,48.4,109.9,21.61,1,0,7772.59
2024-05-11 18:00:00,Empirical_Utility_Substation,120000,1,11500.0,32.69,56.1,0.0,20.7,1,0,7911.5
2024-05-11 19:00:00,Empirical_Utility_Substation,120000,1,11500.0,33.87,56.5,0.0,21.18,1,0,8457.19
2024-05-11 20:00:00,Empirical_Utility_Substation,120000,1,11500.0,32.65,48.2,0.0,23.58,1,0,8383.91
2024-05-11 21:00:00,Empirical_Utility_Substation,120000,1,11500.0,30.76,57.1,0.0,20.42,1,0,7857.83
2024-05-11 22:00:00,Empirical_Utility_Substation,120000,1,11500.0,26.6,65.2,0.0,20.65,1,0,6690.72
2024-05-11 23:00:00,Empirical_Utility_Substation,120000,1,11500.0,26.3,58.4,0.0,22.98,1,0,6191.94
2024-05-12 00:00:00,Empirical_Utility_Substation,120000,1,11500.0,25.75,56.1,0.0,19.28,1,0,5644.44
2024-05-12 01:00:00,Empirical_Utility_Substation,120000,1,11500.0,23.4,58.3,0.0,19.38,1,0,5542.72
2024-05-12 02:00:00,Empirical_Utility_Substation,120000,1,11500.0,22.65,65.4,0.0,19.44,1,0,5553.19
2024-05-12 03:00:00,Empirical_Utility_Substation,120000,1,11500.0,22.59,54.3,0.0,25.84,1,0,5439.91
2024-05-12 04:00:00,Empirical_Utility_Substation,120000,1,11500.0,23.61,67.6,0.0,23.11,1,0,5730.9
2024-05-12 05:00:00,Empirical_Utility_Substation,120000,1,11500.0,22.33,61.3,0.0,21.22,1,0,6018.85
2024-05-12 06:00:00,Empirical_Utility_Substation,120000,1,11500.0,23.34,60.6,0.0,22.71,1,0,6102.79
2024-05-12 07:00:00,Empirical_Utility_Substation,120000,1,11500.0,24.9,75.5,67.2,22.12,1,0,6344.05
2024-05-12 08:00:00,Empirical_Utility_Substation,120000,1,11500.0,24.89,65.2,156.1,21.64,1,0,6239.82
2024-05-12 09:00:00,Empirical_Utility_Substation,120000,1,11500.0,27.06,70.1,353.5,23.4,1,0,6773.89
2024-05-12 10:00:00,Empirical_Utility_Substation,120000,1,11500.0,28.78,61.5,413.0,26.85,1,0,7357.19
2024-05-12 11:00:00,Empirical_Utility_Substation,120000,1,11500.0,29.05,64.1,466.8,22.95,1,0,7311.78
2024-05-12 12:00:00,Empirical_Utility_Substation,120000,1,11500.0,30.29,60.6,462.2,24.43,1,0,7520.5
2024-05-12 13:00:00,Empirical_Utility_Substation,120000,1,11500.0,31.2,62.6,237.3,21.46,1,0,7346.55
2024-05-12 14:00:00,Empirical_Utility_Substation,120000,1,11500.0,31.96,64.9,291.9,24.03,1,0,7252.65
2024-05-12 15:00:00,Empirical_Utility_Substation,120000,1,11500.0,31.98,45.3,346.1,22.2,1,0,7152.27
2024-05-12 16:00:00,Empirical_Utility_Substation,120000,1,11500.0,32.74,53.9,239.4,20.9,1,0,7140.12
2024-05-12 17:00:00,Empirical_Utility_Substation,120000,1,11500.0,30.53,66.0,66.2,23.94,1,0,6873.25
2024-05-12 18:00:00,Empirical_Utility_Substation,120000,1,11500.0,29.69,60.1,0.0,21.91,1,0,7140.52
2024-05-12 19:00:00,Empirical_Utility_Substation,120000,1,11500.0,29.6,53.7,0.0,20.85,1,0,7752.66
2024-05-12 20:00:00,Empirical_Utility_Substation,120000,1,11500.0,29.08,64.4,0.0,20.41,1,0,7891.38
2024-05-12 21:00:00,Empirical_Utility_Substation,120000,1,11500.0,27.87,64.6,0.0,21.22,1,0,7383.19
2024-05-12 22:00:00,Empirical_Utility_Substation,120000,1,11500.0,26.22,63.8,0.0,20.44,1,0,6558.22
2024-05-12 23:00:00,Empirical_Utility_Substation,120000,1,11500.0,24.96,69.8,0.0,23.87,1,0,5937.04
2024-05-13 00:00:00,Empirical_Utility_Substation,120000,1,11500.0,23.09,63.4,0.0,22.31,0,0,6358.29
2024-05-13 01:00:00,Empirical_Utility_Substation,120000,1,11500.0,23.37,61.4,0.0,20.8,0,0,6372.68
2024-05-13 02:00:00,Empirical_Utility_Substation,120000,1,11500.0,23.4,70.9,0.0,20.86,0,0,6358.1
2024-05-13 03:00:00,Empirical_Utility_Substation,120000,1,11500.0,22.76,70.2,0.0,26.77,0,0,6332.59
2024-05-13 04:00:00,Empirical_Utility_Substation,120000,1,11500.0,23.51,62.1,0.0,23.6,0,0,6247.0
2024-05-13 05:00:00,Empirical_Utility_Substation,120000,1,11500.0,22.57,66.8,0.0,21.19,0,0,6476.17
2024-05-13 06:00:00,Empirical_Utility_Substation,120000,1,11500.0,22.76,70.9,0.0,21.75,0,0,6658.63
2024-05-13 07:00:00,Empirical_Utility_Substation,120000,1,11500.0,25.31,61.0,133.9,23.06,0,0,7084.1
2024-05-13 08:00:00,Empirical_Utility_Substation,120000,1,11500.0,28.15,53.5,218.2,20.58,0,0,7433.64
2024-05-13 09:00:00,Empirical_Utility_Substation,120000,1,11500.0,29.04,47.0,408.2,23.42,0,0,8092.76
2024-05-13 10:00:00,Empirical_Utility_Substation,120000,1,11500.0,30.12,56.3,251.3,20.25,0,0,8525.25
2024-05-13 11:00:00,Empirical_Utility_Substation,120000,1,11500.0,30.98,64.7,499.8,23.61,0,0,8739.07
2024-05-13 12:00:00,Empirical_Utility_Substation,120000,1,11500.0,32.02,55.8,467.1,22.67,0,0,8846.82
2024-05-13 13:00:00,Empirical_Utility_Substation,120000,1,11500.0,32.97,57.4,308.0,22.03,0,0,8673.14
2024-05-13 14:00:00,Empirical_Utility_Substation,120000,1,11500.0,33.99,56.9,359.1,23.44,0,0,8492.79
2024-05-13 15:00:00,Empirical_Utility_Substation,120000,1,11500.0,35.34,52.4,259.7,21.75,0,0,8670.43
2024-05-13 16:00:00,Empirical_Utility_Substation,120000,1,11500.0,35.05,59.2,263.2,24.35,0,0,8453.28
2024-05-13 17:00:00,Empirical_Utility_Substation,120000,1,11500.0,34.75,58.2,105.3,22.68,0,0,8428.91
2024-05-13 18:00:00,Empirical_Utility_Substation,120000,1,11500.0,32.89,47.7,0.0,21.88,0,0,8491.07
2024-05-13 19:00:00,Empirical_Utility_Substation,120000,1,11500.0,30.27,57.6,0.0,25.05,0,0,8491.62
2024-05-13 20:00:00,Empirical_Utility_Substation,120000,1,11500.0,30.73,57.1,0.0,24.32,0,0,8626.95
2024-05-13 21:00:00,Empirical_Utility_Substation,120000,1,11500.0,30.16,64.7,0.0,20.96,0,0,8439.5
2024-05-13 22:00:00,Empirical_Utility_Substation,120000,1,11500.0,28.26,64.3,0.0,21.68,0,0,7648.65
2024-05-13 23:00:00,Empirical_Utility_Substation,120000,1,11500.0,26.91,59.4,0.0,19.27,0,0,7232.33
2024-05-14 00:00:00,Empirical_Utility_Substation,120000,1,11500.0,25.84,76.1,0.0,20.96,0,0,6493.52
2024-05-14 01:00:00,Empirical_Utility_Substation,120000,1,11500.0,26.94,61.1,0.0,22.92,0,0,6621.57
2024-05-14 02:00:00,Empirical_Utility_Substation,120000,1,11500.0,25.73,63.9,0.0,22.48,0,0,6440.71
2024-05-14 03:00:00,Empirical_Utility_Substation,120000,1,11500.0,26.14,64.5,0.0,21.21,0,0,6496.37
2024-05-14 04:00:00,Empirical_Utility_Substation,120000,1,11500.0,25.95,71.5,0.0,23.32,0,0,6590.38
2024-05-14 05:00:00,Empirical_Utility_Substation,120000,1,11500.0,27.35,72.1,0.0,21.52,0,0,6956.59
2024-05-14 06:00:00,Empirical_Utility_Substation,120000,1,11500.0,30.06,70.3,0.0,20.99,0,0,7506.84
2024-05-14 07:00:00,Empirical_Utility_Substation,120000,1,11500.0,31.55,66.8,46.8,21.48,0,0,7947.76
2024-05-14 08:00:00,Empirical_Utility_Substation,120000,1,11500.0,31.07,61.2,178.9,23.27,0,0,8042.6
2024-05-14 09:00:00,Empirical_Utility_Substation,120000,1,11500.0,31.79,70.5,287.2,23.46,0,0,8600.09
2024-05-14 10:00:00,Empirical_Utility_Substation,120000,1,11500.0,33.62,48.9,429.7,23.09,0,0,9177.56
2024-05-14 11:00:00,Empirical_Utility_Substation,120000,1,11500.0,35.73,50.0,320.3,19.39,0,0,9924.88
2024-05-14 12:00:00,Empirical_Utility_Substation,120000,1,11500.0,36.49,60.8,200.3,20.09,0,0,10004.58
2024-05-14 13:00:00,Empirical_Utility_Substation,120000,1,11500.0,36.55,41.1,451.3,20.83,0,0,9713.38
2024-05-14 14:00:00,Empirical_Utility_Substation,120000,1,11500.0,35.6,59.2,139.4,19.35,0,0,9275.51
2024-05-14 15:00:00,Empirical_Utility_Substation,120000,1,11500.0,34.48,57.0,93.3,21.2,0,0,8734.75
2024-05-14 16:00:00,Empirical_Utility_Substation,120000,1,11500.0,36.28,52.6,217.7,20.08,0,0,8977.04
2024-05-14 17:00:00,Empirical_Utility_Substation,120000,1,11500.0,35.35,51.1,84.2,20.87,0,0,9216.42
2024-05-14 18:00:00,Empirical_Utility_Substation,120000,1,11500.0,34.0,53.5,0.0,22.5,0,0,9363.34
2024-05-14 19:00:00,Empirical_Utility_Substation,120000,1,11500.0,32.45,57.0,0.0,21.75,0,0,9325.84
2024-05-14 20:00:00,Empirical_Utility_Substation,120000,1,11500.0,32.09,66.8,0.0,23.11,0,0,9386.26
2024-05-14 21:00:00,Empirical_Utility_Substation,120000,1,11500.0,29.86,66.0,0.0,22.64,0,0,8842.99
2024-05-14 22:00:00,Empirical_Utility_Substation,120000,1,11500.0,29.73,58.0,0.0,18.79,0,0,8394.29
2024-05-14 23:00:00,Empirical_Utility_Substation,120000,1,11500.0,30.72,60.6,0.0,21.0,0,0,8039.02
2024-05-15 00:00:00,Empirical_Utility_Substation,120000,1,11500.0,30.06,65.0,0.0,20.68,0,0,7495.8
2024-05-15 01:00:00,Empirical_Utility_Substation,120000,1,11500.0,27.01,58.4,0.0,23.29,0,0,7105.29
2024-05-15 02:00:00,Empirical_Utility_Substation,120000,1,11500.0,25.51,64.5,0.0,22.82,0,0,7083.02
2024-05-15 03:00:00,Empirical_Utility_Substation,120000,1,11500.0,25.53,75.0,0.0,23.44,0,0,6946.74
2024-05-15 04:00:00,Empirical_Utility_Substation,120000,1,11500.0,26.91,66.7,0.0,19.83,0,0,7060.16
2024-05-15 05:00:00,Empirical_Utility_Substation,120000,1,11500.0,26.95,58.2,0.0,25.22,0,0,7012.71
2024-05-15 06:00:00,Empirical_Utility_Substation,120000,1,11500.0,28.15,62.1,0.0,19.46,0,0,7360.58
2024-05-15 07:00:00,Empirical_Utility_Substation,120000,1,11500.0,30.18,54.6,141.2,20.28,0,0,7760.83
2024-05-15 08:00:00,Empirical_Utility_Substation,120000,1,11500.0,30.39,57.5,66.0,21.16,0,0,8152.9
2024-05-15 09:00:00,Empirical_Utility_Substation,120000,1,11500.0,31.56,40.8,282.5,23.73,0,0,8842.26
2024-05-15 10:00:00,Empirical_Utility_Substation,120000,1,11500.0,32.98,50.1,307.4,21.97,0,0,9204.88
2024-05-15 11:00:00,Empirical_Utility_Substation,120000,1,11500.0,32.55,56.8,418.5,20.29,0,0,9321.97
2024-05-15 12:00:00,Empirical_Utility_Substation,120000,1,11500.0,32.26,49.2,498.6,27.2,0,0,9130.48
2024-05-15 13:00:00,Empirical_Utility_Substation,120000,1,11500.0,33.81,47.6,398.8,21.39,0,0,9220.15
2024-05-15 14:00:00,Empirical_Utility_Substation,120000,1,11500.0,36.14,46.5,211.5,20.33,0,0,9554.04
2024-05-15 15:00:00,Empirical_Utility_Substation,120000,1,11500.0,37.25,51.4,426.5,23.13,0,0,9293.96
2024-05-15 16:00:00,Empirical_Utility_Substation,120000,1,11500.0,36.62,47.6,152.6,20.38,0,0,9109.67
2024-05-15 17:00:00,Empirical_Utility_Substation,120000,1,11500.0,36.49,52.3,134.2,19.76,0,0,9262.5
2024-05-15 18:00:00,Empirical_Utility_Substation,120000,1,11500.0,35.66,59.2,0.0,23.16,0,0,9384.13
2024-05-15 19:00:00,Empirical_Utility_Substation,120000,1,11500.0,35.07,57.6,0.0,21.81,0,0,9713.15
2024-05-15 20:00:00,Empirical_Utility_Substation,120000,1,11500.0,34.12,49.9,0.0,20.93,0,0,9743.69
2024-05-15 21:00:00,Empirical_Utility_Substation,120000,1,11500.0,31.43,57.5,0.0,25.37,0,0,9085.72
2024-05-15 22:00:00,Empirical_Utility_Substation,120000,1,11500.0,28.41,61.1,0.0,20.37,0,0,8114.42
2024-05-15 23:00:00,Empirical_Utility_Substation,120000,1,11500.0,27.85,60.4,0.0,20.77,0,0,7611.17
2024-05-16 00:00:00,Empirical_Utility_Substation,120000,1,11500.0,27.79,66.2,0.0,22.6,0,0,7029.29
2024-05-16 01:00:00,Empirical_Utility_Substation,120000,1,11500.0,26.48,56.6,0.0,20.79,0,0,6845.8
2024-05-16 02:00:00,Empirical_Utility_Substation,120000,1,11500.0,25.78,61.3,0.0,21.2,0,0,6796.85
2024-05-16 03:00:00,Empirical_Utility_Substation,120000,1,11500.0,26.13,60.9,0.0,24.19,0,0,6820.81
2024-05-16 04:00:00,Empirical_Utility_Substation,120000,1,11500.0,26.68,65.9,0.0,22.82,0,0,6974.72
2024-05-16 05:00:00,Empirical_Utility_Substation,120000,1,11500.0,26.48,69.3,0.0,20.18,0,0,6913.7
2024-05-16 06:00:00,Empirical_Utility_Substation,120000,1,11500.0,27.77,62.0,0.0,20.67,0,0,7125.61
2024-05-16 07:00:00,Empirical_Utility_Substation,120000,1,11500.0,28.76,65.0,64.0,20.23,0,0,7489.72
2024-05-16 08:00:00,Empirical_Utility_Substation,120000,1,11500.0,29.25,61.6,151.9,20.84,0,0,7898.97
2024-05-16 09:00:00,Empirical_Utility_Substation,120000,1,11500.0,30.51,69.2,273.6,19.25,0,0,8158.33
2024-05-16 10:00:00,Empirical_Utility_Substation,120000,1,11500.0,32.25,45.6,304.2,22.49,0,0,8953.36
2024-05-16 11:00:00,Empirical_Utility_Substation,120000,1,11500.0,34.31,58.7,197.6,21.16,0,0,9510.18
2024-05-16 12:00:00,Empirical_Utility_Substation,120000,1,11500.0,36.26,51.3,459.0,19.88,0,0,9879.43
2024-05-16 13:00:00,Empirical_Utility_Substation,120000,1,11500.0,36.33,57.0,437.5,21.44,0,0,9562.62
2024-05-16 14:00:00,Empirical_Utility_Substation,120000,1,11500.0,36.84,61.8,416.0,20.7,0,0,9496.55
2024-05-16 15:00:00,Empirical_Utility_Substation,120000,1,11500.0,36.38,57.9,263.6,23.36,0,0,8917.14
2024-05-16 16:00:00,Empirical_Utility_Substation,120000,1,11500.0,37.12,67.7,66.0,20.12,0,0,9064.77
2024-05-16 17:00:00,Empirical_Utility_Substation,120000,1,11500.0,37.0,48.4,108.6,21.46,0,0,9256.61
2024-05-16 18:00:00,Empirical_Utility_Substation,120000,1,11500.0,36.18,58.4,0.0,22.53,0,0,9371.39
2024-05-16 19:00:00,Empirical_Utility_Substation,120000,1,11500.0,33.98,58.8,0.0,20.41,0,0,9302.05
2024-05-16 20:00:00,Empirical_Utility_Substation,120000,1,11500.0,33.96,58.0,0.0,20.91,0,0,9465.99
2024-05-16 21:00:00,Empirical_Utility_Substation,120000,1,11500.0,31.83,55.1,0.0,22.47,0,0,8637.54
2024-05-16 22:00:00,Empirical_Utility_Substation,120000,1,11500.0,29.7,61.6,0.0,23.61,0,0,8009.4
2024-05-16 23:00:00,Empirical_Utility_Substation,120000,1,11500.0,28.51,59.8,0.0,22.62,0,0,7465.11
2024-05-17 00:00:00,Empirical_Utility_Substation,120000,1,11500.0,28.17,60.9,0.0,21.4,0,0,6929.48
2024-05-17 01:00:00,Empirical_Utility_Substation,120000,1,11500.0,27.56,56.5,0.0,21.62,0,0,6691.89
2024-05-17 02:00:00,Empirical_Utility_Substation,120000,1,11500.0,26.36,61.6,0.0,19.69,0,0,6532.6
2024-05-17 03:00:00,Empirical_Utility_Substation,120000,1,11500.0,25.63,73.3,0.0,19.66,0,0,6708.04
2024-05-17 04:00:00,Empirical_Utility_Substation,120000,1,11500.0,26.11,61.4,0.0,23.81,0,0,6964.65
2024-05-17 05:00:00,Empirical_Utility_Substation,120000,1,11500.0,26.99,63.3,0.0,22.8,0,0,7055.63
2024-05-17 06:00:00,Empirical_Utility_Substation,120000,1,11500.0,27.83,68.8,0.0,20.77,0,0,7157.0
2024-05-17 07:00:00,Empirical_Utility_Substation,120000,1,11500.0,28.33,61.5,34.2,22.3,0,0,7519.56
2024-05-17 08:00:00,Empirical_Utility_Substation,120000,1,11500.0,29.09,55.8,123.2,24.64,0,0,7880.24
2024-05-17 09:00:00,Empirical_Utility_Substation,120000,1,11500.0,29.73,53.1,286.6,20.77,0,0,8366.31
2024-05-17 10:00:00,Empirical_Utility_Substation,120000,1,11500.0,32.42,59.7,489.0,23.27,0,0,9077.56
2024-05-17 11:00:00,Empirical_Utility_Substation,120000,1,11500.0,32.8,46.4,458.4,26.29,0,0,9214.04
2024-05-17 12:00:00,Empirical_Utility_Substation,120000,1,11500.0,34.62,54.7,296.1,22.64,0,0,9599.63
2024-05-17 13:00:00,Empirical_Utility_Substation,120000,1,11500.0,35.27,52.2,127.5,22.5,0,0,9368.73
2024-05-17 14:00:00,Empirical_Utility_Substation,120000,1,11500.0,34.46,50.5,183.7,22.51,0,0,8797.27
2024-05-17 15:00:00,Empirical_Utility_Substation,120000,1,11500.0,35.88,49.9,93.3,23.09,0,0,9102.3
2024-05-17 16:00:00,Empirical_Utility_Substation,120000,1,11500.0,35.02,67.0,70.3,18.49,0,0,8928.79
2024-05-17 17:00:00,Empirical_Utility_Substation,120000,1,11500.0,35.07,50.3,79.3,21.45,0,0,9030.96
2024-05-17 18:00:00,Empirical_Utility_Substation,120000,1,11500.0,34.17,51.3,0.0,21.91,0,0,9096.14
2024-05-17 19:00:00,Empirical_Utility_Substation,120000,1,11500.0,33.75,56.5,0.0,18.99,0,0,9591.81
2024-05-17 20:00:00,Empirical_Utility_Substation,120000,1,11500.0,31.66,54.6,0.0,23.5,0,0,9258.33
2024-05-17 21:00:00,Empirical_Utility_Substation,120000,1,11500.0,30.64,55.8,0.0,25.08,0,0,8886.91
2024-05-17 22:00:00,Empirical_Utility_Substation,120000,1,11500.0,30.64,49.1,0.0,24.75,0,0,8316.06
2024-05-17 23:00:00,Empirical_Utility_Substation,120000,1,11500.0,28.79,62.3,0.0,19.45,0,0,7534.47
2024-05-18 00:00:00,Empirical_Utility_Substation,120000,1,11500.0,29.63,52.0,0.0,25.79,1,0,6323.99
2024-05-18 01:00:00,Empirical_Utility_Substation,120000,1,11500.0,29.17,62.5,0.0,22.83,1,0,6358.42
2024-05-18 02:00:00,Empirical_Utility_Substation,120000,1,11500.0,26.24,48.6,0.0,24.93,1,0,5778.11
2024-05-18 03:00:00,Empirical_Utility_Substation,120000,1,11500.0,26.61,62.2,0.0,20.64,1,0,5918.5
2024-05-18 04:00:00,Empirical_Utility_Substation,120000,1,11500.0,26.36,69.8,0.0,21.53,1,0,5729.91
2024-05-18 05:00:00,Empirical_Utility_Substation,120000,1,11500.0,27.71,58.5,0.0,21.99,1,0,5920.85
2024-05-18 06:00:00,Empirical_Utility_Substation,120000,1,11500.0,29.7,61.5,0.0,20.6,1,0,6355.85
2024-05-18 07:00:00,Empirical_Utility_Substation,120000,1,11500.0,31.13,53.5,46.0,20.87,1,0,6609.96
2024-05-18 08:00:00,Empirical_Utility_Substation,120000,1,11500.0,31.27,61.3,239.3,20.28,1,0,6975.25
2024-05-18 09:00:00,Empirical_Utility_Substation,120000,1,11500.0,32.14,62.0,266.6,20.78,1,0,7436.21
2024-05-18 10:00:00,Empirical_Utility_Substation,120000,1,11500.0,34.8,58.5,440.2,21.63,1,0,8308.11
2024-05-18 11:00:00,Empirical_Utility_Substation,120000,1,11500.0,35.51,40.8,530.1,21.45,1,0,8500.24
2024-05-18 12:00:00,Empirical_Utility_Substation,120000,1,11500.0,36.84,50.0,424.6,20.32,1,0,8818.03
2024-05-18 13:00:00,Empirical_Utility_Substation,120000,1,11500.0,37.44,61.0,424.2,22.26,1,0,8591.12
2024-05-18 14:00:00,Empirical_Utility_Substation,120000,1,11500.0,35.86,56.6,187.0,23.28,1,0,8026.97
2024-05-18 15:00:00,Empirical_Utility_Substation,120000,1,11500.0,35.11,59.2,341.2,22.82,1,0,7585.46
2024-05-18 16:00:00,Empirical_Utility_Substation,120000,1,11500.0,35.91,48.3,97.8,23.06,1,0,7864.23
2024-05-18 17:00:00,Empirical_Utility_Substation,120000,1,11500.0,35.36,65.3,118.0,22.15,1,0,7922.01
2024-05-18 18:00:00,Empirical_Utility_Substation,120000,1,11500.0,35.62,47.0,0.0,22.23,1,0,8353.61
2024-05-18 19:00:00,Empirical_Utility_Substation,120000,1,11500.0,32.8,49.4,0.0,19.36,1,0,8033.74
2024-05-18 20:00:00,Empirical_Utility_Substation,120000,1,11500.0,31.46,58.7,0.0,19.06,1,0,7981.71
2024-05-18 21:00:00,Empirical_Utility_Substation,120000,1,11500.0,31.64,58.5,0.0,18.75,1,0,7663.66
2024-05-18 22:00:00,Empirical_Utility_Substation,120000,1,11500.0,31.41,54.5,0.0,18.64,1,0,7171.55
2024-05-18 23:00:00,Empirical_Utility_Substation,120000,1,11500.0,30.37,63.5,0.0,22.24,1,0,6740.56
2024-05-19 00:00:00,Empirical_Utility_Substation,120000,1,11500.0,30.07,61.5,0.0,22.11,1,0,6204.78
2024-05-19 01:00:00,Empirical_Utility_Substation,120000,1,11500.0,31.0,56.2,0.0,21.51,1,0,6239.89
2024-05-19 02:00:00,Empirical_Utility_Substation,120000,1,11500.0,30.03,46.9,0.0,19.15,1,0,6242.27
2024-05-19 03:00:00,Empirical_Utility_Substation,120000,1,11500.0,30.17,65.3,0.0,20.04,1,0,6212.51
2024-05-19 04:00:00,Empirical_Utility_Substation,120000,1,11500.0,29.19,53.3,0.0,22.05,1,0,6099.86
2024-05-19 05:00:00,Empirical_Utility_Substation,120000,1,11500.0,29.71,52.1,0.0,21.45,1,0,6530.8
2024-05-19 06:00:00,Empirical_Utility_Substation,120000,1,11500.0,29.62,67.3,0.0,22.52,1,0,6506.11
2024-05-19 07:00:00,Empirical_Utility_Substation,120000,1,11500.0,31.03,56.1,89.6,20.52,1,0,6969.94
2024-05-19 08:00:00,Empirical_Utility_Substation,120000,1,11500.0,32.02,54.3,143.4,20.44,1,0,7367.36
2024-05-19 09:00:00,Empirical_Utility_Substation,120000,1,11500.0,35.13,51.3,407.2,19.83,1,0,8150.44
2024-05-19 10:00:00,Empirical_Utility_Substation,120000,1,11500.0,35.49,62.4,224.1,20.77,1,0,8509.09
2024-05-19 11:00:00,Empirical_Utility_Substation,120000,1,11500.0,38.21,53.0,364.1,22.92,1,0,9384.74
2024-05-19 12:00:00,Empirical_Utility_Substation,120000,1,11500.0,38.58,50.4,330.6,21.07,1,0,9552.38
2024-05-19 13:00:00,Empirical_Utility_Substation,120000,1,11500.0,39.15,41.4,459.1,20.56,1,0,9249.33
2024-05-19 14:00:00,Empirical_Utility_Substation,120000,1,11500.0,40.27,45.9,498.2,20.7,1,0,9306.88
2024-05-19 15:00:00,Empirical_Utility_Substation,120000,1,11500.0,38.41,50.8,432.5,24.82,1,0,8619.15
2024-05-19 16:00:00,Empirical_Utility_Substation,120000,1,11500.0,39.73,57.9,66.0,19.7,1,0,8756.76
2024-05-19 17:00:00,Empirical_Utility_Substation,120000,1,11500.0,37.09,47.1,100.5,23.15,1,0,8305.5
2024-05-19 18:00:00,Empirical_Utility_Substation,120000,1,11500.0,36.95,54.7,0.0,24.2,1,0,8807.19
2024-05-19 19:00:00,Empirical_Utility_Substation,120000,1,11500.0,35.86,58.2,0.0,19.1,1,0,9013.34
2024-05-19 20:00:00,Empirical_Utility_Substation,120000,1,11500.0,34.79,43.4,0.0,21.81,1,0,8849.69
2024-05-19 21:00:00,Empirical_Utility_Substation,120000,1,11500.0,34.0,54.8,0.0,22.78,1,0,8638.18
2024-05-19 22:00:00,Empirical_Utility_Substation,120000,1,11500.0,32.57,57.1,0.0,23.62,1,0,8075.3
2024-05-19 23:00:00,Empirical_Utility_Substation,120000,1,11500.0,31.8,49.1,0.0,18.95,1,0,7731.31
2024-05-20 00:00:00,Empirical_Utility_Substation,120000,1,11500.0,31.28,56.8,0.0,19.92,0,0,7712.12
2024-05-20 01:00:00,Empirical_Utility_Substation,120000,1,11500.0,31.28,51.3,0.0,19.59,0,0,7850.93
2024-05-20 02:00:00,Empirical_Utility_Substation,120000,1,11500.0,31.06,58.7,0.0,21.84,0,0,7708.03
2024-05-20 03:00:00,Empirical_Utility_Substation,120000,1,11500.0,31.69,62.1,0.0,20.51,0,0,7748.5
2024-05-20 04:00:00,Empirical_Utility_Substation,120000,1,11500.0,30.96,63.4,0.0,22.01,0,0,7377.7
2024-05-20 05:00:00,Empirical_Utility_Substation,120000,1,11500.0,30.54,62.7,0.0,21.79,0,0,7248.58
2024-05-20 06:00:00,Empirical_Utility_Substation,120000,1,11500.0,30.33,60.8,0.0,19.75,0,0,7168.15
2024-05-20 07:00:00,Empirical_Utility_Substation,120000,1,11500.0,30.5,58.8,129.4,19.77,0,0,7544.21
2024-05-20 08:00:00,Empirical_Utility_Substation,120000,1,11500.0,31.0,58.3,216.2,20.13,0,0,8017.65
2024-05-20 09:00:00,Empirical_Utility_Substation,120000,1,11500.0,32.16,57.9,401.1,21.08,0,0,8427.12
2024-05-20 10:00:00,Empirical_Utility_Substation,120000,1,11500.0,31.4,64.4,200.0,22.32,0,0,8431.4
2024-05-20 11:00:00,Empirical_Utility_Substation,120000,1,11500.0,31.76,58.9,412.1,20.39,0,0,8754.98
2024-05-20 12:00:00,Empirical_Utility_Substation,120000,1,11500.0,33.21,50.9,219.9,20.79,0,0,9033.19
2024-05-20 13:00:00,Empirical_Utility_Substation,120000,1,11500.0,34.96,51.2,336.0,20.72,0,0,9311.68
2024-05-20 14:00:00,Empirical_Utility_Substation,120000,1,11500.0,34.89,54.0,188.5,18.91,0,0,9088.91
2024-05-20 15:00:00,Empirical_Utility_Substation,120000,1,11500.0,34.65,55.2,307.1,21.13,0,0,8751.71
2024-05-20 16:00:00,Empirical_Utility_Substation,120000,1,11500.0,34.52,57.7,66.0,25.08,0,0,8819.16
2024-05-20 17:00:00,Empirical_Utility_Substation,120000,1,11500.0,34.32,56.5,103.9,20.39,0,0,9085.94
2024-05-20 18:00:00,Empirical_Utility_Substation,120000,1,11500.0,33.82,56.7,0.0,19.94,0,0,9362.46
2024-05-20 19:00:00,Empirical_Utility_Substation,120000,1,11500.0,32.83,51.3,0.0,20.77,0,0,9568.8
2024-05-20 20:00:00,Empirical_Utility_Substation,120000,1,11500.0,32.58,55.8,0.0,22.8,0,0,9686.48
2024-05-20 21:00:00,Empirical_Utility_Substation,120000,1,11500.0,30.61,56.5,0.0,20.55,0,0,8988.0
2024-05-20 22:00:00,Empirical_Utility_Substation,120000,1,11500.0,29.5,65.4,0.0,24.3,0,0,8164.54
2024-05-20 23:00:00,Empirical_Utility_Substation,120000,1,11500.0,29.13,73.4,0.0,21.74,0,0,8118.3
2024-05-21 00:00:00,Empirical_Utility_Substation,120000,1,11500.0,29.62,53.8,0.0,24.71,0,0,7648.29
2024-05-21 01:00:00,Empirical_Utility_Substation,120000,1,11500.0,30.54,56.2,0.0,19.27,0,0,7811.73
2024-05-21 02:00:00,Empirical_Utility_Substation,120000,1,11500.0,30.02,55.1,0.0,19.82,0,0,7694.86
2024-05-21 03:00:00,Empirical_Utility_Substation,120000,1,11500.0,28.59,56.2,0.0,21.16,0,0,7327.34
2024-05-21 04:00:00,Empirical_Utility_Substation,120000,1,11500.0,31.34,52.0,0.0,20.46,0,0,7608.54
2024-05-21 05:00:00,Empirical_Utility_Substation,120000,1,11500.0,28.86,57.0,0.0,21.81,0,0,6979.84
2024-05-21 06:00:00,Empirical_Utility_Substation,120000,1,11500.0,30.36,58.9,0.0,18.5,0,0,7302.6
2024-05-21 07:00:00,Empirical_Utility_Substation,120000,1,11500.0,31.78,53.1,118.5,21.08,0,0,7671.02
2024-05-21 08:00:00,Empirical_Utility_Substation,120000,1,11500.0,33.92,45.2,94.8,23.27,0,0,8568.18
2024-05-21 09:00:00,Empirical_Utility_Substation,120000,1,11500.0,35.2,46.9,384.9,20.8,0,0,9372.39
2024-05-21 10:00:00,Empirical_Utility_Substation,120000,1,11500.0,36.89,59.4,425.8,23.86,0,0,10015.51
2024-05-21 11:00:00,Empirical_Utility_Substation,120000,1,11500.0,38.68,42.0,469.3,18.9,0,0,10612.53
2024-05-21 12:00:00,Empirical_Utility_Substation,120000,1,11500.0,39.77,60.7,350.8,20.08,0,0,10739.14
2024-05-21 13:00:00,Empirical_Utility_Substation,120000,1,11500.0,40.71,51.4,176.8,21.68,0,0,10902.47
2024-05-21 14:00:00,Empirical_Utility_Substation,120000,1,11500.0,40.86,61.5,388.2,22.38,0,0,10567.29
2024-05-21 15:00:00,Empirical_Utility_Substation,120000,1,11500.0,41.41,76.3,93.3,25.78,0,0,10557.52
2024-05-21 16:00:00,Empirical_Utility_Substation,120000,1,11500.0,41.77,50.4,131.4,22.03,0,0,10761.25
2024-05-21 17:00:00,Empirical_Utility_Substation,120000,1,11500.0,41.19,48.9,92.5,20.71,0,0,10732.63
2024-05-21 18:00:00,Empirical_Utility_Substation,120000,1,11500.0,38.53,60.0,0.0,24.88,0,0,10270.37
2024-05-21 19:00:00,Empirical_Utility_Substation,120000,1,11500.0,36.47,52.7,0.0,22.0,0,0,10277.31
2024-05-21 20:00:00,Empirical_Utility_Substation,120000,1,11500.0,35.31,59.7,0.0,19.51,0,0,10101.9
2024-05-21 21:00:00,Empirical_Utility_Substation,120000,1,11500.0,33.04,58.4,0.0,21.52,0,0,9419.87
2024-05-21 22:00:00,Empirical_Utility_Substation,120000,1,11500.0,33.8,54.3,0.0,21.66,0,0,9175.85
2024-05-21 23:00:00,Empirical_Utility_Substation,120000,1,11500.0,32.41,48.1,0.0,19.54,0,0,8608.14
2024-05-22 00:00:00,Empirical_Utility_Substation,120000,1,11500.0,32.22,57.0,0.0,20.38,0,0,8141.67
2024-05-22 01:00:00,Empirical_Utility_Substation,120000,1,11500.0,31.67,53.4,0.0,22.93,0,0,8057.86
2024-05-22 02:00:00,Empirical_Utility_Substation,120000,1,11500.0,31.05,57.6,0.0,22.1,0,0,7912.9
2024-05-22 03:00:00,Empirical_Utility_Substation,120000,1,11500.0,30.23,65.9,0.0,20.78,0,0,7535.18
2024-05-22 04:00:00,Empirical_Utility_Substation,120000,1,11500.0,30.18,57.3,0.0,19.68,0,0,7325.73
2024-05-22 05:00:00,Empirical_Utility_Substation,120000,1,11500.0,30.47,67.9,0.0,21.9,0,0,7390.48
2024-05-22 06:00:00,Empirical_Utility_Substation,120000,1,11500.0,30.98,49.2,0.0,18.52,0,0,7494.66
2024-05-22 07:00:00,Empirical_Utility_Substation,120000,1,11500.0,33.59,57.3,95.6,19.96,0,0,8225.56
2024-05-22 08:00:00,Empirical_Utility_Substation,120000,1,11500.0,33.04,43.8,260.3,20.6,0,0,8385.82
2024-05-22 09:00:00,Empirical_Utility_Substation,120000,1,11500.0,32.09,51.4,226.8,22.64,0,0,8393.92
2024-05-22 10:00:00,Empirical_Utility_Substation,120000,1,11500.0,32.45,53.5,135.8,19.79,0,0,8694.96
2024-05-22 11:00:00,Empirical_Utility_Substation,120000,1,11500.0,32.49,60.2,453.5,21.63,0,0,8876.25
2024-05-22 12:00:00,Empirical_Utility_Substation,120000,1,11500.0,34.53,60.4,176.2,21.72,0,0,9266.07
2024-05-22 13:00:00,Empirical_Utility_Substation,120000,1,11500.0,34.4,55.7,275.1,21.11,0,0,8949.36
2024-05-22 14:00:00,Empirical_Utility_Substation,120000,1,11500.0,35.3,51.9,326.2,21.97,0,0,9028.18
2024-05-22 15:00:00,Empirical_Utility_Substation,120000,1,11500.0,36.37,51.2,319.5,21.22,0,0,8992.49
2024-05-22 16:00:00,Empirical_Utility_Substation,120000,1,11500.0,36.9,50.2,78.2,19.67,0,0,9223.68
2024-05-22 17:00:00,Empirical_Utility_Substation,120000,1,11500.0,37.5,52.6,156.6,19.63,0,0,9696.13
2024-05-22 18:00:00,Empirical_Utility_Substation,120000,1,11500.0,36.62,48.2,0.0,21.33,0,0,10049.85
2024-05-22 19:00:00,Empirical_Utility_Substation,120000,1,11500.0,35.75,47.4,0.0,20.55,0,0,10253.1
2024-05-22 20:00:00,Empirical_Utility_Substation,120000,1,11500.0,35.0,47.9,0.0,22.5,0,0,10099.37
2024-05-22 21:00:00,Empirical_Utility_Substation,120000,1,11500.0,32.61,54.6,0.0,21.1,0,0,9223.14
2024-05-22 22:00:00,Empirical_Utility_Substation,120000,1,11500.0,30.81,70.7,0.0,21.38,0,0,8454.0
2024-05-22 23:00:00,Empirical_Utility_Substation,120000,1,11500.0,28.54,57.7,0.0,20.12,0,0,7534.44
2024-05-23 00:00:00,Empirical_Utility_Substation,120000,1,11500.0,26.69,51.3,0.0,20.7,0,0,6822.28
2024-05-23 01:00:00,Empirical_Utility_Substation,120000,1,11500.0,26.05,62.5,0.0,23.35,0,0,6547.96
2024-05-23 02:00:00,Empirical_Utility_Substation,120000,1,11500.0,26.99,64.8,0.0,22.77,0,0,6631.19
2024-05-23 03:00:00,Empirical_Utility_Substation,120000,1,11500.0,28.15,61.9,0.0,19.2,0,0,6795.85
2024-05-23 04:00:00,Empirical_Utility_Substation,120000,1,11500.0,27.51,62.2,0.0,21.87,0,0,6573.51
2024-05-23 05:00:00,Empirical_Utility_Substation,120000,1,11500.0,29.27,68.9,0.0,23.69,0,0,6974.79
2024-05-23 06:00:00,Empirical_Utility_Substation,120000,1,11500.0,28.19,60.1,0.0,21.15,0,0,6841.04
2024-05-23 07:00:00,Empirical_Utility_Substation,120000,1,11500.0,29.42,53.3,80.8,21.0,0,0,7416.98
2024-05-23 08:00:00,Empirical_Utility_Substation,120000,1,11500.0,31.73,61.0,263.3,22.7,0,0,8190.72
2024-05-23 09:00:00,Empirical_Utility_Substation,120000,1,11500.0,32.04,49.6,284.1,20.19,0,0,8619.81
2024-05-23 10:00:00,Empirical_Utility_Substation,120000,1,11500.0,34.54,58.4,277.3,23.53,0,0,9451.85
2024-05-23 11:00:00,Empirical_Utility_Substation,120000,1,11500.0,36.37,60.7,188.5,19.28,0,0,9980.48
2024-05-23 12:00:00,Empirical_Utility_Substation,120000,1,11500.0,36.73,60.2,475.9,21.49,0,0,9969.81
2024-05-23 13:00:00,Empirical_Utility_Substation,120000,1,11500.0,36.75,44.6,377.6,26.45,0,0,9604.58
2024-05-23 14:00:00,Empirical_Utility_Substation,120000,1,11500.0,38.56,50.7,183.8,24.22,0,0,9660.84
2024-05-23 15:00:00,Empirical_Utility_Substation,120000,1,11500.0,39.04,56.0,114.2,18.11,0,0,9569.0
2024-05-23 16:00:00,Empirical_Utility_Substation,120000,1,11500.0,40.1,54.8,194.3,19.87,0,0,10072.22
2024-05-23 17:00:00,Empirical_Utility_Substation,120000,1,11500.0,40.0,43.2,169.2,22.8,0,0,10188.64
2024-05-23 18:00:00,Empirical_Utility_Substation,120000,1,11500.0,40.5,42.7,0.0,19.79,0,0,10797.52
2024-05-23 19:00:00,Empirical_Utility_Substation,120000,1,11500.0,38.27,53.3,0.0,20.62,0,0,10437.22
2024-05-23 20:00:00,Empirical_Utility_Substation,120000,1,11500.0,36.76,52.9,0.0,24.21,0,0,10553.51
2024-05-23 21:00:00,Empirical_Utility_Substation,120000,1,11500.0,34.39,68.2,0.0,20.22,0,0,9522.74
2024-05-23 22:00:00,Empirical_Utility_Substation,120000,1,11500.0,33.56,58.9,0.0,22.59,0,0,9081.52
2024-05-23 23:00:00,Empirical_Utility_Substation,120000,1,11500.0,33.59,57.1,0.0,19.84,0,0,8398.03
2024-05-24 00:00:00,Empirical_Utility_Substation,120000,1,11500.0,31.63,48.9,0.0,22.52,0,0,7402.48
2024-05-24 01:00:00,Empirical_Utility_Substation,120000,1,11500.0,30.31,56.7,0.0,25.88,0,0,7176.88
2024-05-24 02:00:00,Empirical_Utility_Substation,120000,1,11500.0,29.88,46.6,0.0,23.66,0,0,7026.18
2024-05-24 03:00:00,Empirical_Utility_Substation,120000,1,11500.0,28.0,64.2,0.0,21.72,0,0,6887.36
2024-05-24 04:00:00,Empirical_Utility_Substation,120000,1,11500.0,28.45,58.8,0.0,21.84,0,0,7032.68
2024-05-24 05:00:00,Empirical_Utility_Substation,120000,1,11500.0,28.83,66.2,0.0,18.11,0,0,7216.27
2024-05-24 06:00:00,Empirical_Utility_Substation,120000,1,11500.0,30.54,62.7,0.0,21.03,0,0,7635.66
2024-05-24 07:00:00,Empirical_Utility_Substation,120000,1,11500.0,32.25,68.1,101.5,21.62,0,0,8103.39
2024-05-24 08:00:00,Empirical_Utility_Substation,120000,1,11500.0,32.37,52.9,124.2,21.77,0,0,8301.28
2024-05-24 09:00:00,Empirical_Utility_Substation,120000,1,11500.0,35.14,46.0,372.0,22.43,0,0,9208.01
2024-05-24 10:00:00,Empirical_Utility_Substation,120000,1,11500.0,37.15,56.4,449.3,22.38,0,0,9913.35
2024-05-24 11:00:00,Empirical_Utility_Substation,120000,1,11500.0,39.2,47.2,535.7,22.62,0,0,10584.79
2024-05-24 12:00:00,Empirical_Utility_Substation,120000,1,11500.0,42.48,49.6,200.6,19.27,0,0,11624.52
2024-05-24 13:00:00,Empirical_Utility_Substation,120000,1,11500.0,43.26,45.3,245.4,18.49,0,0,11425.63
2024-05-24 14:00:00,Empirical_Utility_Substation,120000,1,11500.0,43.98,50.8,306.3,21.83,0,0,11595.52
2024-05-24 15:00:00,Empirical_Utility_Substation,120000,1,11500.0,44.58,48.0,141.9,23.08,0,0,11347.43
2024-05-24 16:00:00,Empirical_Utility_Substation,120000,1,11500.0,43.92,50.7,218.4,24.65,0,0,11088.23
2024-05-24 17:00:00,Empirical_Utility_Substation,120000,1,11500.0,42.23,38.6,165.1,21.55,0,0,10880.2
2024-05-24 18:00:00,Empirical_Utility_Substation,120000,1,11500.0,41.18,53.0,0.0,19.02,0,0,11081.68
2024-05-24 19:00:00,Empirical_Utility_Substation,120000,1,11500.0,39.35,51.2,0.0,20.39,0,0,10870.67
2024-05-24 20:00:00,Empirical_Utility_Substation,120000,1,11500.0,37.61,59.2,0.0,21.84,0,0,10511.23
2024-05-24 21:00:00,Empirical_Utility_Substation,120000,1,11500.0,36.66,53.0,0.0,21.68,0,0,10080.95
2024-05-24 22:00:00,Empirical_Utility_Substation,120000,1,11500.0,35.16,44.2,0.0,24.73,0,0,9372.73
2024-05-24 23:00:00,Empirical_Utility_Substation,120000,1,11500.0,33.28,57.4,0.0,19.88,0,0,8518.05
2024-05-25 00:00:00,Empirical_Utility_Substation,120000,1,11500.0,31.73,53.8,0.0,28.42,1,0,6827.78
2024-05-25 01:00:00,Empirical_Utility_Substation,120000,1,11500.0,31.66,62.3,0.0,19.88,1,0,6757.55
2024-05-25 02:00:00,Empirical_Utility_Substation,120000,1,11500.0,30.69,54.3,0.0,19.07,1,0,6696.99
2024-05-25 03:00:00,Empirical_Utility_Substation,120000,1,11500.0,29.57,55.4,0.0,21.77,1,0,6560.72
2024-05-25 04:00:00,Empirical_Utility_Substation,120000,1,11500.0,28.45,64.7,0.0,22.13,1,0,6176.92
2024-05-25 05:00:00,Empirical_Utility_Substation,120000,1,11500.0,28.71,64.5,0.0,22.09,1,0,6319.44
2024-05-25 06:00:00,Empirical_Utility_Substation,120000,1,11500.0,29.69,58.5,0.0,21.59,1,0,6550.18
2024-05-25 07:00:00,Empirical_Utility_Substation,120000,1,11500.0,31.58,61.3,125.9,17.84,1,0,7173.6
2024-05-25 08:00:00,Empirical_Utility_Substation,120000,1,11500.0,34.12,54.0,106.1,19.76,1,0,8022.78
2024-05-25 09:00:00,Empirical_Utility_Substation,120000,1,11500.0,34.75,54.5,331.1,22.75,1,0,8412.13
2024-05-25 10:00:00,Empirical_Utility_Substation,120000,1,11500.0,36.96,54.2,445.9,21.7,1,0,9156.6
2024-05-25 11:00:00,Empirical_Utility_Substation,120000,1,11500.0,39.85,62.1,234.9,21.38,1,0,9807.77
2024-05-25 12:00:00,Empirical_Utility_Substation,120000,1,11500.0,41.04,52.2,513.0,18.57,1,0,9980.25
2024-05-25 13:00:00,Empirical_Utility_Substation,120000,1,11500.0,40.85,48.9,127.5,20.28,1,0,9597.19
2024-05-25 14:00:00,Empirical_Utility_Substation,120000,1,11500.0,40.92,49.0,229.9,21.34,1,0,9385.58
2024-05-25 15:00:00,Empirical_Utility_Substation,120000,1,11500.0,41.62,30.4,349.9,25.09,1,0,9296.86
2024-05-25 16:00:00,Empirical_Utility_Substation,120000,1,11500.0,39.7,49.0,248.3,22.22,1,0,8681.29
2024-05-25 17:00:00,Empirical_Utility_Substation,120000,1,11500.0,39.61,50.0,117.4,22.67,1,0,9026.42
2024-05-25 18:00:00,Empirical_Utility_Substation,120000,1,11500.0,38.64,56.8,0.0,21.64,1,0,9213.94
2024-05-25 19:00:00,Empirical_Utility_Substation,120000,1,11500.0,36.59,42.9,0.0,20.38,1,0,9246.43
2024-05-25 20:00:00,Empirical_Utility_Substation,120000,1,11500.0,36.49,54.4,0.0,19.59,1,0,9254.05
2024-05-25 21:00:00,Empirical_Utility_Substation,120000,1,11500.0,34.23,51.9,0.0,20.03,1,0,8521.2
2024-05-25 22:00:00,Empirical_Utility_Substation,120000,1,11500.0,34.54,66.9,0.0,19.6,1,0,8069.54
2024-05-25 23:00:00,Empirical_Utility_Substation,120000,1,11500.0,33.06,65.0,0.0,18.59,1,0,7300.17
2024-05-26 00:00:00,Empirical_Utility_Substation,120000,1,11500.0,32.04,58.6,0.0,23.43,1,0,6571.58
2024-05-26 01:00:00,Empirical_Utility_Substation,120000,1,11500.0,29.58,60.0,0.0,20.93,1,0,6195.58
2024-05-26 02:00:00,Empirical_Utility_Substation,120000,1,11500.0,27.8,58.4,0.0,22.49,1,0,5814.64
2024-05-26 03:00:00,Empirical_Utility_Substation,120000,1,11500.0,25.81,66.8,0.0,20.58,1,0,5598.16
2024-05-26 04:00:00,Empirical_Utility_Substation,120000,1,11500.0,25.76,52.0,0.0,24.57,1,0,5620.19
2024-05-26 05:00:00,Empirical_Utility_Substation,120000,1,11500.0,27.66,68.8,0.0,20.5,1,0,6170.0
2024-05-26 06:00:00,Empirical_Utility_Substation,120000,1,11500.0,28.01,54.5,0.0,24.1,1,0,6474.42
2024-05-26 07:00:00,Empirical_Utility_Substation,120000,1,11500.0,29.49,53.5,110.6,23.41,1,0,6744.61
2024-05-26 08:00:00,Empirical_Utility_Substation,120000,1,11500.0,31.57,62.2,248.5,23.12,1,0,7325.69
2024-05-26 09:00:00,Empirical_Utility_Substation,120000,1,11500.0,32.15,56.2,402.8,19.17,1,0,7807.23
2024-05-26 10:00:00,Empirical_Utility_Substation,120000,1,11500.0,34.22,61.1,341.0,21.6,1,0,8488.83
2024-05-26 11:00:00,Empirical_Utility_Substation,120000,1,11500.0,35.81,56.4,320.9,19.83,1,0,8944.39
2024-05-26 12:00:00,Empirical_Utility_Substation,120000,1,11500.0,37.67,52.3,510.8,20.76,1,0,9399.61
2024-05-26 13:00:00,Empirical_Utility_Substation,120000,1,11500.0,38.07,49.7,127.5,19.56,1,0,9181.23
2024-05-26 14:00:00,Empirical_Utility_Substation,120000,1,11500.0,39.0,61.5,340.1,21.62,1,0,9158.11
2024-05-26 15:00:00,Empirical_Utility_Substation,120000,1,11500.0,39.83,52.1,373.6,20.54,1,0,8990.32
2024-05-26 16:00:00,Empirical_Utility_Substation,120000,1,11500.0,39.24,51.9,271.9,24.38,1,0,8816.57
2024-05-26 17:00:00,Empirical_Utility_Substation,120000,1,11500.0,38.61,49.0,156.0,19.01,1,0,8722.93
2024-05-26 18:00:00,Empirical_Utility_Substation,120000,1,11500.0,38.42,50.2,0.0,21.87,1,0,8981.15
2024-05-26 19:00:00,Empirical_Utility_Substation,120000,1,11500.0,37.58,60.5,0.0,21.88,1,0,9270.66
2024-05-26 20:00:00,Empirical_Utility_Substation,120000,1,11500.0,35.26,58.6,0.0,21.1,1,0,8970.82
2024-05-26 21:00:00,Empirical_Utility_Substation,120000,1,11500.0,33.51,53.8,0.0,21.64,1,0,8238.84
2024-05-26 22:00:00,Empirical_Utility_Substation,120000,1,11500.0,32.02,60.9,0.0,17.96,1,0,7632.52
2024-05-26 23:00:00,Empirical_Utility_Substation,120000,1,11500.0,29.75,63.0,0.0,20.44,1,0,6676.57
2024-05-27 00:00:00,Empirical_Utility_Substation,120000,1,11500.0,27.9,54.6,0.0,18.54,0,0,6548.14
2024-05-27 01:00:00,Empirical_Utility_Substation,120000,1,11500.0,26.77,53.4,0.0,24.92,0,0,6503.7
2024-05-27 02:00:00,Empirical_Utility_Substation,120000,1,11500.0,25.2,59.8,0.0,22.04,0,0,6405.21
2024-05-27 03:00:00,Empirical_Utility_Substation,120000,1,11500.0,25.76,62.8,0.0,21.33,0,0,6146.78
2024-05-27 04:00:00,Empirical_Utility_Substation,120000,1,11500.0,26.37,64.7,0.0,20.74,0,0,6209.54
2024-05-27 05:00:00,Empirical_Utility_Substation,120000,1,11500.0,28.2,60.1,0.0,21.98,0,0,6393.61
2024-05-27 06:00:00,Empirical_Utility_Substation,120000,1,11500.0,29.84,63.7,0.0,20.51,0,0,6767.83
2024-05-27 07:00:00,Empirical_Utility_Substation,120000,1,11500.0,30.8,68.2,83.6,21.61,0,0,7127.93
2024-05-27 08:00:00,Empirical_Utility_Substation,120000,1,11500.0,31.49,55.1,266.7,18.93,0,0,7580.16
2024-05-27 09:00:00,Empirical_Utility_Substation,120000,1,11500.0,32.08,62.3,182.2,18.52,0,0,8006.89
2024-05-27 10:00:00,Empirical_Utility_Substation,120000,1,11500.0,32.48,58.4,318.0,21.17,0,0,8465.21
2024-05-27 11:00:00,Empirical_Utility_Substation,120000,1,11500.0,34.08,59.3,468.9,23.32,0,0,8970.59
2024-05-27 12:00:00,Empirical_Utility_Substation,120000,1,11500.0,35.0,54.2,374.1,18.25,0,0,9072.08
2024-05-27 13:00:00,Empirical_Utility_Substation,120000,1,11500.0,38.4,66.8,267.6,18.51,0,0,9944.24
2024-05-27 14:00:00,Empirical_Utility_Substation,120000,1,11500.0,39.74,54.8,314.0,20.17,0,0,10043.64
2024-05-27 15:00:00,Empirical_Utility_Substation,120000,1,11500.0,39.83,57.1,236.7,19.48,0,0,9911.74
2024-05-27 16:00:00,Empirical_Utility_Substation,120000,1,11500.0,40.08,50.8,169.0,20.83,0,0,9988.99
2024-05-27 17:00:00,Empirical_Utility_Substation,120000,1,11500.0,37.46,60.5,128.5,19.95,0,0,9441.55
2024-05-27 18:00:00,Empirical_Utility_Substation,120000,1,11500.0,37.24,49.2,0.0,24.38,0,0,9607.8
2024-05-27 19:00:00,Empirical_Utility_Substation,120000,1,11500.0,37.32,54.4,0.0,21.58,0,0,10069.75
2024-05-27 20:00:00,Empirical_Utility_Substation,120000,1,11500.0,36.54,60.7,0.0,21.46,0,0,10138.71
2024-05-27 21:00:00,Empirical_Utility_Substation,120000,1,11500.0,34.83,48.8,0.0,18.66,0,0,9597.56
2024-05-27 22:00:00,Empirical_Utility_Substation,120000,1,11500.0,33.09,50.9,0.0,20.95,0,0,8895.88
2024-05-27 23:00:00,Empirical_Utility_Substation,120000,1,11500.0,32.41,62.6,0.0,20.11,0,0,8382.73
2024-05-28 00:00:00,Empirical_Utility_Substation,120000,1,11500.0,31.27,47.9,0.0,21.19,0,0,7632.17
2024-05-28 01:00:00,Empirical_Utility_Substation,120000,1,11500.0,28.6,56.2,0.0,18.56,0,0,7260.27
2024-05-28 02:00:00,Empirical_Utility_Substation,120000,1,11500.0,29.51,72.6,0.0,19.15,0,0,7200.97
2024-05-28 03:00:00,Empirical_Utility_Substation,120000,1,11500.0,29.7,64.5,0.0,21.51,0,0,7178.64
2024-05-28 04:00:00,Empirical_Utility_Substation,120000,1,11500.0,29.51,48.8,0.0,21.77,0,0,7060.77
2024-05-28 05:00:00,Empirical_Utility_Substation,120000,1,11500.0,30.83,53.2,0.0,17.65,0,0,7164.99
2024-05-28 06:00:00,Empirical_Utility_Substation,120000,1,11500.0,31.82,54.7,0.0,20.93,0,0,7481.67
2024-05-28 07:00:00,Empirical_Utility_Substation,120000,1,11500.0,34.88,59.0,57.8,21.09,0,0,8210.93
2024-05-28 08:00:00,Empirical_Utility_Substation,120000,1,11500.0,36.44,40.9,216.1,19.72,0,0,8917.93
2024-05-28 09:00:00,Empirical_Utility_Substation,120000,1,11500.0,35.63,58.8,366.1,20.63,0,0,9202.55
2024-05-28 10:00:00,Empirical_Utility_Substation,120000,1,11500.0,35.66,49.6,114.3,20.04,0,0,9450.56
2024-05-28 11:00:00,Empirical_Utility_Substation,120000,1,11500.0,37.36,53.6,305.7,20.36,0,0,10148.67
2024-05-28 12:00:00,Empirical_Utility_Substation,120000,1,11500.0,37.95,47.3,403.3,20.36,0,0,10262.84
2024-05-28 13:00:00,Empirical_Utility_Substation,120000,1,11500.0,37.71,49.7,575.1,20.91,0,0,10235.76
2024-05-28 14:00:00,Empirical_Utility_Substation,120000,1,11500.0,39.08,51.3,419.3,18.27,0,0,10192.57
2024-05-28 15:00:00,Empirical_Utility_Substation,120000,1,11500.0,39.6,47.8,255.4,20.75,0,0,10224.02
2024-05-28 16:00:00,Empirical_Utility_Substation,120000,1,11500.0,37.9,52.4,193.4,22.32,0,0,9526.29
2024-05-28 17:00:00,Empirical_Utility_Substation,120000,1,11500.0,37.14,58.9,147.4,21.64,0,0,9544.27
2024-05-28 18:00:00,Empirical_Utility_Substation,120000,1,11500.0,36.81,63.4,0.0,18.83,0,0,9972.88
2024-05-28 19:00:00,Empirical_Utility_Substation,120000,1,11500.0,35.39,53.3,0.0,22.88,0,0,10232.6
2024-05-28 20:00:00,Empirical_Utility_Substation,120000,1,11500.0,33.87,57.4,0.0,21.55,0,0,10027.45
2024-05-28 21:00:00,Empirical_Utility_Substation,120000,1,11500.0,34.11,48.3,0.0,21.99,0,0,9744.74
2024-05-28 22:00:00,Empirical_Utility_Substation,120000,1,11500.0,32.19,46.1,0.0,23.86,0,0,8704.81
2024-05-28 23:00:00,Empirical_Utility_Substation,120000,1,11500.0,31.04,67.5,0.0,22.56,0,0,7820.37
2024-05-29 00:00:00,Empirical_Utility_Substation,120000,1,11500.0,29.02,70.3,0.0,18.85,0,0,6930.46
2024-05-29 01:00:00,Empirical_Utility_Substation,120000,1,11500.0,29.06,51.0,0.0,18.82,0,0,6870.02
2024-05-29 02:00:00,Empirical_Utility_Substation,120000,1,11500.0,28.32,47.7,0.0,22.63,0,0,6762.13
2024-05-29 03:00:00,Empirical_Utility_Substation,120000,1,11500.0,27.02,56.8,0.0,19.42,0,0,6746.87
2024-05-29 04:00:00,Empirical_Utility_Substation,120000,1,11500.0,29.1,65.0,0.0,21.81,0,0,7163.62
2024-05-29 05:00:00,Empirical_Utility_Substation,120000,1,11500.0,30.52,53.9,0.0,19.86,0,0,7257.21
2024-05-29 06:00:00,Empirical_Utility_Substation,120000,1,11500.0,30.98,63.5,0.0,22.11,0,0,7359.78
2024-05-29 07:00:00,Empirical_Utility_Substation,120000,1,11500.0,31.23,57.8,75.1,19.9,0,0,7669.12
2024-05-29 08:00:00,Empirical_Utility_Substation,120000,1,11500.0,30.39,58.5,231.4,19.91,0,0,7710.9
2024-05-29 09:00:00,Empirical_Utility_Substation,120000,1,11500.0,32.38,53.2,158.7,20.19,0,0,8492.38
2024-05-29 10:00:00,Empirical_Utility_Substation,120000,1,11500.0,33.5,52.7,492.9,22.13,0,0,9021.76
2024-05-29 11:00:00,Empirical_Utility_Substation,120000,1,11500.0,33.99,46.6,621.7,20.02,0,0,9002.7
2024-05-29 12:00:00,Empirical_Utility_Substation,120000,1,11500.0,34.67,53.0,574.5,20.25,0,0,8777.59
2024-05-29 13:00:00,Empirical_Utility_Substation,120000,1,11500.0,34.84,64.2,206.3,19.95,0,0,8565.66
2024-05-29 14:00:00,Empirical_Utility_Substation,120000,1,11500.0,36.01,47.7,290.8,20.28,0,0,8574.61
2024-05-29 15:00:00,Empirical_Utility_Substation,120000,1,11500.0,36.06,65.6,93.3,23.17,0,0,8356.48
2024-05-29 16:00:00,Empirical_Utility_Substation,120000,1,11500.0,34.9,46.3,211.1,22.01,0,0,8137.67
2024-05-29 17:00:00,Empirical_Utility_Substation,120000,1,11500.0,35.95,49.9,135.5,19.2,0,0,8646.01
2024-05-29 18:00:00,Empirical_Utility_Substation,120000,1,11500.0,35.1,62.2,0.0,19.02,0,0,8894.14
2024-05-29 19:00:00,Empirical_Utility_Substation,120000,1,11500.0,34.66,42.4,0.0,20.25,0,0,9160.54
2024-05-29 20:00:00,Empirical_Utility_Substation,120000,1,11500.0,33.05,59.9,0.0,20.87,0,0,8700.31
2024-05-29 21:00:00,Empirical_Utility_Substation,120000,1,11500.0,30.53,55.4,0.0,24.08,0,0,8015.3
2024-05-29 22:00:00,Empirical_Utility_Substation,120000,1,11500.0,29.36,44.0,0.0,21.02,0,0,7468.65
2024-05-29 23:00:00,Empirical_Utility_Substation,120000,1,11500.0,27.79,63.7,0.0,20.37,0,0,6874.4
2024-05-30 00:00:00,Empirical_Utility_Substation,120000,1,11500.0,29.03,58.4,0.0,22.6,0,0,6584.19
2024-05-30 01:00:00,Empirical_Utility_Substation,120000,1,11500.0,29.72,53.9,0.0,17.62,0,0,6759.68
2024-05-30 02:00:00,Empirical_Utility_Substation,120000,1,11500.0,31.56,61.6,0.0,19.31,0,0,7445.34
2024-05-30 03:00:00,Empirical_Utility_Substation,120000,1,11500.0,31.13,59.5,0.0,20.71,0,0,7165.51
2024-05-30 04:00:00,Empirical_Utility_Substation,120000,1,11500.0,30.13,56.4,0.0,21.54,0,0,6911.53
2024-05-30 05:00:00,Empirical_Utility_Substation,120000,1,11500.0,29.68,60.9,0.0,18.77,0,0,6896.0
2024-05-30 06:00:00,Empirical_Utility_Substation,120000,1,11500.0,29.43,60.5,0.0,19.21,0,0,6940.23
2024-05-30 07:00:00,Empirical_Utility_Substation,120000,1,11500.0,29.77,62.1,58.7,22.08,0,0,7220.63
2024-05-30 08:00:00,Empirical_Utility_Substation,120000,1,11500.0,30.41,55.3,139.3,20.87,0,0,7555.49
2024-05-30 09:00:00,Empirical_Utility_Substation,120000,1,11500.0,32.59,52.2,149.2,21.49,0,0,8389.66
2024-05-30 10:00:00,Empirical_Utility_Substation,120000,1,11500.0,35.58,49.5,318.9,21.53,0,0,9367.92
2024-05-30 11:00:00,Empirical_Utility_Substation,120000,1,11500.0,36.17,51.3,396.3,19.28,0,0,9517.82
2024-05-30 12:00:00,Empirical_Utility_Substation,120000,1,11500.0,37.51,47.5,387.3,23.21,0,0,9755.96
2024-05-30 13:00:00,Empirical_Utility_Substation,120000,1,11500.0,37.06,47.0,342.4,19.03,0,0,9562.56
2024-05-30 14:00:00,Empirical_Utility_Substation,120000,1,11500.0,36.68,50.5,315.9,20.14,0,0,9239.83
2024-05-30 15:00:00,Empirical_Utility_Substation,120000,1,11500.0,38.36,47.5,408.9,21.65,0,0,9317.68
2024-05-30 16:00:00,Empirical_Utility_Substation,120000,1,11500.0,38.28,46.0,218.4,25.04,0,0,9494.49
2024-05-30 17:00:00,Empirical_Utility_Substation,120000,1,11500.0,38.86,55.4,125.6,20.39,0,0,9758.92
2024-05-30 18:00:00,Empirical_Utility_Substation,120000,1,11500.0,36.42,44.9,0.0,17.44,0,0,9562.39
2024-05-30 19:00:00,Empirical_Utility_Substation,120000,1,11500.0,35.27,50.2,0.0,20.91,0,0,9983.81
2024-05-30 20:00:00,Empirical_Utility_Substation,120000,1,11500.0,33.21,59.4,0.0,20.67,0,0,9424.12
2024-05-30 21:00:00,Empirical_Utility_Substation,120000,1,11500.0,30.47,49.2,0.0,19.56,0,0,8949.66
2024-05-30 22:00:00,Empirical_Utility_Substation,120000,1,11500.0,28.67,59.9,0.0,19.23,0,0,8282.56
2024-05-30 23:00:00,Empirical_Utility_Substation,120000,1,11500.0,27.05,58.4,0.0,19.99,0,0,7537.02
2024-05-31 00:00:00,Empirical_Utility_Substation,120000,1,11500.0,26.47,57.4,0.0,21.86,0,0,6804.79
2024-05-31 01:00:00,Empirical_Utility_Substation,120000,1,11500.0,28.02,49.9,0.0,19.86,0,0,6973.82
2024-05-31 02:00:00,Empirical_Utility_Substation,120000,1,11500.0,29.86,45.6,0.0,21.24,0,0,7411.4
2024-05-31 03:00:00,Empirical_Utility_Substation,120000,1,11500.0,29.56,52.0,0.0,20.32,0,0,7234.08
2024-05-31 04:00:00,Empirical_Utility_Substation,120000,1,11500.0,29.39,60.7,0.0,20.2,0,0,7059.37
2024-05-31 05:00:00,Empirical_Utility_Substation,120000,1,11500.0,28.58,47.9,0.0,22.28,0,0,6883.09
2024-05-31 06:00:00,Empirical_Utility_Substation,120000,1,11500.0,29.73,48.3,0.0,22.74,0,0,7151.19
2024-05-31 07:00:00,Empirical_Utility_Substation,120000,1,11500.0,31.02,47.7,82.7,20.61,0,0,7827.91
2024-05-31 08:00:00,Empirical_Utility_Substation,120000,1,11500.0,32.15,68.9,196.8,19.16,0,0,8218.52
2024-05-31 09:00:00,Empirical_Utility_Substation,120000,1,11500.0,34.01,55.1,262.8,22.66,0,0,8863.0
2024-05-31 10:00:00,Empirical_Utility_Substation,120000,1,11500.0,35.21,52.4,128.5,21.63,0,0,9412.12
2024-05-31 11:00:00,Empirical_Utility_Substation,120000,1,11500.0,36.59,43.5,414.1,23.58,0,0,9712.11
2024-05-31 12:00:00,Empirical_Utility_Substation,120000,1,11500.0,35.8,53.5,267.8,20.23,0,0,9547.16
2024-05-31 13:00:00,Empirical_Utility_Substation,120000,1,11500.0,36.51,55.5,521.6,18.55,0,0,9484.08
2024-05-31 14:00:00,Empirical_Utility_Substation,120000,1,11500.0,36.58,57.4,416.0,22.79,0,0,9177.32
2024-05-31 15:00:00,Empirical_Utility_Substation,120000,1,11500.0,38.53,48.5,373.3,21.37,0,0,9457.35
2024-05-31 16:00:00,Empirical_Utility_Substation,120000,1,11500.0,38.84,57.7,225.0,21.05,0,0,9388.76
2024-05-31 17:00:00,Empirical_Utility_Substation,120000,1,11500.0,38.23,48.6,140.3,22.59,0,0,9356.02
2024-05-31 18:00:00,Empirical_Utility_Substation,120000,1,11500.0,37.59,54.5,0.0,17.72,0,0,9753.14
2024-05-31 19:00:00,Empirical_Utility_Substation,120000,1,11500.0,37.94,53.2,0.0,22.41,0,0,10454.8
2024-05-31 20:00:00,Empirical_Utility_Substation,120000,1,11500.0,37.14,45.5,0.0,18.87,0,0,10313.84
2024-05-31 21:00:00,Empirical_Utility_Substation,120000,1,11500.0,36.2,56.8,0.0,19.85,0,0,9804.46
2024-05-31 22:00:00,Empirical_Utility_Substation,120000,1,11500.0,34.38,61.9,0.0,18.57,0,0,8906.82
2024-05-31 23:00:00,Empirical_Utility_Substation,120000,1,11500.0,31.91,56.2,0.0,18.48,0,0,8105.44
2024-06-01 00:00:00,Empirical_Utility_Substation,120000,1,11500.0,32.88,68.3,0.0,23.16,1,0,7026.08
2024-06-01 01:00:00,Empirical_Utility_Substation,120000,1,11500.0,32.5,69.1,0.0,21.54,1,0,6906.13
2024-06-01 02:00:00,Empirical_Utility_Substation,120000,1,11500.0,31.9,57.3,0.0,21.2,1,0,6893.43
2024-06-01 03:00:00,Empirical_Utility_Substation,120000,1,11500.0,32.2,59.8,0.0,18.07,1,0,6886.34
2024-06-01 04:00:00,Empirical_Utility_Substation,120000,1,11500.0,31.7,59.7,0.0,21.87,1,0,7031.19
2024-06-01 05:00:00,Empirical_Utility_Substation,120000,1,11500.0,30.13,56.1,0.0,18.93,1,0,6682.35
2024-06-01 06:00:00,Empirical_Utility_Substation,120000,1,11500.0,31.18,58.8,0.0,17.83,1,0,6851.82
2024-06-01 07:00:00,Empirical_Utility_Substation,120000,1,11500.0,32.44,50.5,55.9,18.7,1,0,7305.96
2024-06-01 08:00:00,Empirical_Utility_Substation,120000,1,11500.0,33.82,66.1,245.4,17.39,1,0,7959.14
2024-06-01 09:00:00,Empirical_Utility_Substation,120000,1,11500.0,36.08,52.9,348.2,19.23,1,0,8647.53
2024-06-01 10:00:00,Empirical_Utility_Substation,120000,1,11500.0,36.75,58.7,171.4,22.0,1,0,9006.13
2024-06-01 11:00:00,Empirical_Utility_Substation,120000,1,11500.0,39.57,50.9,444.1,20.69,1,0,9657.44
2024-06-01 12:00:00,Empirical_Utility_Substation,120000,1,11500.0,41.26,54.3,340.8,20.84,1,0,10209.25
2024-06-01 13:00:00,Empirical_Utility_Substation,120000,1,11500.0,42.79,52.5,298.6,19.8,1,0,10413.53
2024-06-01 14:00:00,Empirical_Utility_Substation,120000,1,11500.0,44.56,52.8,195.8,18.91,1,0,10754.81
2024-06-01 15:00:00,Empirical_Utility_Substation,120000,1,11500.0,44.82,59.4,368.9,22.33,1,0,10753.36
2024-06-01 16:00:00,Empirical_Utility_Substation,120000,1,11500.0,42.91,52.7,274.5,18.31,1,0,10091.51
2024-06-01 17:00:00,Empirical_Utility_Substation,120000,1,11500.0,43.21,48.0,89.0,18.27,1,0,10556.85
2024-06-01 18:00:00,Empirical_Utility_Substation,120000,1,11500.0,41.36,50.1,0.0,19.08,1,0,10501.28
2024-06-01 19:00:00,Empirical_Utility_Substation,120000,1,11500.0,39.65,46.8,0.0,19.49,1,0,10548.58
2024-06-01 20:00:00,Empirical_Utility_Substation,120000,1,11500.0,38.78,62.4,0.0,20.97,1,0,10498.8
2024-06-01 21:00:00,Empirical_Utility_Substation,120000,1,11500.0,37.07,47.2,0.0,20.66,1,0,9737.24
2024-06-01 22:00:00,Empirical_Utility_Substation,120000,1,11500.0,35.64,59.4,0.0,20.97,1,0,8833.34
2024-06-01 23:00:00,Empirical_Utility_Substation,120000,1,11500.0,34.53,75.4,0.0,24.12,1,0,8202.48
2024-06-02 00:00:00,Empirical_Utility_Substation,120000,1,11500.0,32.04,60.9,0.0,23.62,1,0,7119.73
2024-06-02 01:00:00,Empirical_Utility_Substation,120000,1,11500.0,30.75,60.1,0.0,21.87,1,0,6910.06
2024-06-02 02:00:00,Empirical_Utility_Substation,120000,1,11500.0,29.96,54.9,0.0,20.1,1,0,6599.09
2024-06-02 03:00:00,Empirical_Utility_Substation,120000,1,11500.0,31.09,57.3,0.0,22.31,1,0,6698.63
2024-06-02 04:00:00,Empirical_Utility_Substation,120000,1,11500.0,30.48,52.2,0.0,21.81,1,0,6677.99
2024-06-02 05:00:00,Empirical_Utility_Substation,120000,1,11500.0,32.06,63.0,0.0,23.36,1,0,6888.18
2024-06-02 06:00:00,Empirical_Utility_Substation,120000,1,11500.0,33.44,61.1,0.0,21.81,1,0,7199.95
2024-06-02 07:00:00,Empirical_Utility_Substation,120000,1,11500.0,34.11,60.4,48.3,20.81,1,0,7518.6
2024-06-02 08:00:00,Empirical_Utility_Substation,120000,1,11500.0,34.72,60.4,122.1,21.92,1,0,7908.69
2024-06-02 09:00:00,Empirical_Utility_Substation,120000,1,11500.0,35.56,52.0,333.0,19.57,1,0,8495.39
2024-06-02 10:00:00,Empirical_Utility_Substation,120000,1,11500.0,36.12,57.3,329.6,22.18,1,0,8973.97
2024-06-02 11:00:00,Empirical_Utility_Substation,120000,1,11500.0,37.31,65.8,387.0,18.98,1,0,9296.4
2024-06-02 12:00:00,Empirical_Utility_Substation,120000,1,11500.0,39.12,49.8,285.6,25.24,1,0,9695.32
2024-06-02 13:00:00,Empirical_Utility_Substation,120000,1,11500.0,40.46,57.0,486.9,19.46,1,0,9579.44
2024-06-02 14:00:00,Empirical_Utility_Substation,120000,1,11500.0,40.7,48.2,229.0,20.14,1,0,9350.88
2024-06-02 15:00:00,Empirical_Utility_Substation,120000,1,11500.0,40.84,50.9,398.4,20.61,1,0,9102.42
2024-06-02 16:00:00,Empirical_Utility_Substation,120000,1,11500.0,41.05,47.8,206.5,19.45,1,0,9225.48
2024-06-02 17:00:00,Empirical_Utility_Substation,120000,1,11500.0,39.3,48.9,117.0,18.68,1,0,9257.4
2024-06-02 18:00:00,Empirical_Utility_Substation,120000,1,11500.0,38.56,50.4,0.0,24.96,1,0,9267.73
2024-06-02 19:00:00,Empirical_Utility_Substation,120000,1,11500.0,36.02,58.4,0.0,18.51,1,0,8900.68
2024-06-02 20:00:00,Empirical_Utility_Substation,120000,1,11500.0,34.49,47.4,0.0,20.81,1,0,8772.28
2024-06-02 21:00:00,Empirical_Utility_Substation,120000,1,11500.0,31.75,60.4,0.0,17.36,1,0,8167.28
2024-06-02 22:00:00,Empirical_Utility_Substation,120000,1,11500.0,29.93,60.9,0.0,17.36,1,0,7272.56
2024-06-02 23:00:00,Empirical_Utility_Substation,120000,1,11500.0,28.31,73.0,0.0,18.26,1,0,6529.61
2024-06-03 00:00:00,Empirical_Utility_Substation,120000,1,11500.0,27.15,76.3,0.0,20.11,0,0,6451.08
2024-06-03 01:00:00,Empirical_Utility_Substation,120000,1,11500.0,27.42,60.5,0.0,20.92,0,0,6497.9
2024-06-03 02:00:00,Empirical_Utility_Substation,120000,1,11500.0,26.61,71.8,0.0,23.34,0,0,6300.39
2024-06-03 03:00:00,Empirical_Utility_Substation,120000,1,11500.0,27.45,56.6,0.0,18.19,0,0,6344.5
2024-06-03 04:00:00,Empirical_Utility_Substation,120000,1,11500.0,28.38,56.8,0.0,17.23,0,0,6829.01
2024-06-03 05:00:00,Empirical_Utility_Substation,120000,1,11500.0,28.32,67.9,0.0,21.53,0,0,7090.62
2024-06-03 06:00:00,Empirical_Utility_Substation,120000,1,11500.0,29.31,58.7,0.0,18.78,0,0,7456.2
2024-06-03 07:00:00,Empirical_Utility_Substation,120000,1,11500.0,30.44,72.0,118.6,22.13,0,0,7600.6
2024-06-03 08:00:00,Empirical_Utility_Substation,120000,1,11500.0,31.21,65.3,77.2,20.35,0,0,7943.46
2024-06-03 09:00:00,Empirical_Utility_Substation,120000,1,11500.0,32.7,57.6,403.5,22.93,0,0,8215.51
2024-06-03 10:00:00,Empirical_Utility_Substation,120000,1,11500.0,32.31,63.1,217.4,22.02,0,0,8593.41
2024-06-03 11:00:00,Empirical_Utility_Substation,120000,1,11500.0,34.15,63.7,488.2,22.05,0,0,8930.01
2024-06-03 12:00:00,Empirical_Utility_Substation,120000,1,11500.0,36.54,77.0,310.8,18.37,0,0,9550.5
2024-06-03 13:00:00,Empirical_Utility_Substation,120000,1,11500.0,37.77,49.3,573.9,21.31,0,0,9741.57
2024-06-03 14:00:00,Empirical_Utility_Substation,120000,1,11500.0,38.49,58.4,371.9,24.64,0,0,9867.96
2024-06-03 15:00:00,Empirical_Utility_Substation,120000,1,11500.0,37.4,51.5,166.1,19.44,0,0,9410.17
2024-06-03 16:00:00,Empirical_Utility_Substation,120000,1,11500.0,38.09,55.8,132.4,22.27,0,0,9583.54
2024-06-03 17:00:00,Empirical_Utility_Substation,120000,1,11500.0,38.15,49.4,103.4,18.8,0,0,9705.62
2024-06-03 18:00:00,Empirical_Utility_Substation,120000,1,11500.0,38.39,63.7,0.0,19.36,0,0,10154.11
2024-06-03 19:00:00,Empirical_Utility_Substation,120000,1,11500.0,38.36,49.7,0.0,18.91,0,0,10526.77
2024-06-03 20:00:00,Empirical_Utility_Substation,120000,1,11500.0,36.38,58.0,0.0,18.49,0,0,10330.77
2024-06-03 21:00:00,Empirical_Utility_Substation,120000,1,11500.0,34.69,49.9,0.0,22.49,0,0,9920.24
2024-06-03 22:00:00,Empirical_Utility_Substation,120000,1,11500.0,34.44,55.6,0.0,18.84,0,0,9299.27
2024-06-03 23:00:00,Empirical_Utility_Substation,120000,1,11500.0,31.48,56.2,0.0,18.97,0,0,8015.65
2024-06-04 00:00:00,Empirical_Utility_Substation,120000,1,11500.0,30.63,61.2,0.0,20.91,0,0,7517.78
2024-06-04 01:00:00,Empirical_Utility_Substation,120000,1,11500.0,28.88,60.4,0.0,20.02,0,0,7375.57
2024-06-04 02:00:00,Empirical_Utility_Substation,120000,1,11500.0,27.6,70.1,0.0,20.97,0,0,7246.13
2024-06-04 03:00:00,Empirical_Utility_Substation,120000,1,11500.0,28.18,61.3,0.0,20.71,0,0,7154.99
2024-06-04 04:00:00,Empirical_Utility_Substation,120000,1,11500.0,28.28,60.0,0.0,18.89,0,0,7126.39
2024-06-04 05:00:00,Empirical_Utility_Substation,120000,1,11500.0,28.99,65.5,0.0,17.52,0,0,7371.31
2024-06-04 06:00:00,Empirical_Utility_Substation,120000,1,11500.0,30.92,53.8,0.0,19.7,0,0,7683.53
2024-06-04 07:00:00,Empirical_Utility_Substation,120000,1,11500.0,32.95,66.4,105.2,23.03,0,0,8206.63
2024-06-04 08:00:00,Empirical_Utility_Substation,120000,1,11500.0,34.55,56.0,93.2,24.32,0,0,8848.84
2024-06-04 09:00:00,Empirical_Utility_Substation,120000,1,11500.0,36.24,52.6,351.6,20.92,0,0,9504.56
2024-06-04 10:00:00,Empirical_Utility_Substation,120000,1,11500.0,38.27,67.6,240.5,17.54,0,0,10208.3
2024-06-04 11:00:00,Empirical_Utility_Substation,120000,1,11500.0,38.49,62.1,341.2,18.29,0,0,10397.97
2024-06-04 12:00:00,Empirical_Utility_Substation,120000,1,11500.0,38.16,52.4,314.3,21.48,0,0,10064.69
2024-06-04 13:00:00,Empirical_Utility_Substation,120000,1,11500.0,38.95,46.0,344.1,18.53,0,0,10138.69
2024-06-04 14:00:00,Empirical_Utility_Substation,120000,1,11500.0,40.08,52.2,465.2,20.89,0,0,9781.17
2024-06-04 15:00:00,Empirical_Utility_Substation,120000,1,11500.0,41.29,55.7,93.3,24.64,0,0,9960.08
2024-06-04 16:00:00,Empirical_Utility_Substation,120000,1,11500.0,41.0,50.6,249.7,19.7,0,0,9572.45
2024-06-04 17:00:00,Empirical_Utility_Substation,120000,1,11500.0,41.29,47.3,122.6,19.75,0,0,9929.63
2024-06-04 18:00:00,Empirical_Utility_Substation,120000,1,11500.0,40.53,46.1,0.0,22.27,0,0,10202.93
2024-06-04 19:00:00,Empirical_Utility_Substation,120000,1,11500.0,37.95,59.7,0.0,20.54,0,0,9743.49
2024-06-04 20:00:00,Empirical_Utility_Substation,120000,1,11500.0,36.8,52.1,0.0,21.51,0,0,9710.71
2024-06-04 21:00:00,Empirical_Utility_Substation,120000,1,11500.0,36.29,68.4,0.0,19.88,0,0,9283.74
2024-06-04 22:00:00,Empirical_Utility_Substation,120000,1,11500.0,34.11,52.7,0.0,20.28,0,0,8533.28
2024-06-04 23:00:00,Empirical_Utility_Substation,120000,1,11500.0,33.02,56.4,0.0,19.98,0,0,8017.64
2024-06-05 00:00:00,Empirical_Utility_Substation,120000,1,11500.0,31.4,63.6,0.0,20.86,0,0,7085.92
2024-06-05 01:00:00,Empirical_Utility_Substation,120000,1,11500.0,30.22,60.8,0.0,23.27,0,0,6888.86
2024-06-05 02:00:00,Empirical_Utility_Substation,120000,1,11500.0,29.32,66.8,0.0,25.08,0,0,6699.74
2024-06-05 03:00:00,Empirical_Utility_Substation,120000,1,11500.0,29.14,61.0,0.0,17.88,0,0,6733.9
2024-06-05 04:00:00,Empirical_Utility_Substation,120000,1,11500.0,28.15,58.3,0.0,19.37,0,0,6708.83
2024-06-05 05:00:00,Empirical_Utility_Substation,120000,1,11500.0,29.56,61.5,0.0,19.04,0,0,7072.87
2024-06-05 06:00:00,Empirical_Utility_Substation,120000,1,11500.0,31.34,50.2,0.0,18.57,0,0,7548.01
2024-06-05 07:00:00,Empirical_Utility_Substation,120000,1,11500.0,33.28,64.3,122.3,20.06,0,0,7949.36
2024-06-05 08:00:00,Empirical_Utility_Substation,120000,1,11500.0,33.59,52.9,290.0,21.06,0,0,8295.88
2024-06-05 09:00:00,Empirical_Utility_Substation,120000,1,11500.0,35.49,57.4,187.0,18.25,0,0,8981.5
2024-06-05 10:00:00,Empirical_Utility_Substation,120000,1,11500.0,37.65,55.0,290.5,17.6,0,0,10046.82
2024-06-05 11:00:00,Empirical_Utility_Substation,120000,1,11500.0,39.16,46.8,288.2,20.95,0,0,10348.11
2024-06-05 12:00:00,Empirical_Utility_Substation,120000,1,11500.0,39.37,54.9,465.8,19.11,0,0,10530.57
2024-06-05 13:00:00,Empirical_Utility_Substation,120000,1,11500.0,39.65,47.5,392.1,20.7,0,0,10344.59
2024-06-05 14:00:00,Empirical_Utility_Substation,120000,1,11500.0,41.37,39.7,348.8,20.2,0,0,10684.11
2024-06-05 15:00:00,Empirical_Utility_Substation,120000,1,11500.0,41.26,53.2,327.7,17.46,0,0,10477.89
2024-06-05 16:00:00,Empirical_Utility_Substation,120000,1,11500.0,40.26,52.5,177.8,18.45,0,0,10377.78
2024-06-05 17:00:00,Empirical_Utility_Substation,120000,1,11500.0,38.91,61.7,72.1,20.38,0,0,10229.89
2024-06-05 18:00:00,Empirical_Utility_Substation,120000,1,11500.0,37.44,52.3,0.0,20.48,0,0,10340.02
2024-06-05 19:00:00,Empirical_Utility_Substation,120000,1,11500.0,36.83,58.7,0.0,21.26,0,0,10653.63
2024-06-05 20:00:00,Empirical_Utility_Substation,120000,1,11500.0,33.66,65.2,0.0,17.82,0,0,10086.57
2024-06-05 21:00:00,Empirical_Utility_Substation,120000,1,11500.0,31.11,66.8,0.0,24.47,0,0,9189.25
2024-06-05 22:00:00,Empirical_Utility_Substation,120000,1,11500.0,28.5,64.6,0.0,17.77,0,0,8313.14
2024-06-05 23:00:00,Empirical_Utility_Substation,120000,1,11500.0,28.08,62.6,0.0,23.16,0,0,7893.1
2024-06-06 00:00:00,Empirical_Utility_Substation,120000,1,11500.0,26.28,71.4,0.0,20.16,0,0,7097.87
2024-06-06 01:00:00,Empirical_Utility_Substation,120000,1,11500.0,24.0,69.2,0.0,18.79,0,0,6939.32
2024-06-06 02:00:00,Empirical_Utility_Substation,120000,1,11500.0,23.64,67.7,0.0,19.38,0,0,6621.61
2024-06-06 03:00:00,Empirical_Utility_Substation,120000,1,11500.0,24.13,73.4,0.0,20.73,0,0,6722.84
2024-06-06 04:00:00,Empirical_Utility_Substation,120000,1,11500.0,24.07,65.1,0.0,21.04,0,0,6518.76
2024-06-06 05:00:00,Empirical_Utility_Substation,120000,1,11500.0,24.44,61.7,0.0,21.17,0,0,6433.86
2024-06-06 06:00:00,Empirical_Utility_Substation,120000,1,11500.0,26.77,69.7,0.0,20.76,0,0,6734.07
2024-06-06 07:00:00,Empirical_Utility_Substation,120000,1,11500.0,29.46,68.7,34.2,19.83,0,0,7579.06
2024-06-06 08:00:00,Empirical_Utility_Substation,120000,1,11500.0,31.19,59.1,66.0,24.9,0,0,8132.47
2024-06-06 09:00:00,Empirical_Utility_Substation,120000,1,11500.0,32.28,71.6,299.2,18.83,0,0,8670.93
2024-06-06 10:00:00,Empirical_Utility_Substation,120000,1,11500.0,34.39,53.2,509.0,18.55,0,0,9395.16
2024-06-06 11:00:00,Empirical_Utility_Substation,120000,1,11500.0,35.88,52.4,545.8,18.36,0,0,9717.39
2024-06-06 12:00:00,Empirical_Utility_Substation,120000,1,11500.0,37.02,60.3,500.8,17.78,0,0,10003.02
2024-06-06 13:00:00,Empirical_Utility_Substation,120000,1,11500.0,38.93,54.0,127.5,20.51,0,0,10390.04
2024-06-06 14:00:00,Empirical_Utility_Substation,120000,1,11500.0,38.2,50.3,271.7,17.94,0,0,9875.29
2024-06-06 15:00:00,Empirical_Utility_Substation,120000,1,11500.0,38.56,56.5,410.3,20.37,0,0,9760.01
2024-06-06 16:00:00,Empirical_Utility_Substation,120000,1,11500.0,38.52,44.9,227.7,17.86,0,0,9707.76
2024-06-06 17:00:00,Empirical_Utility_Substation,120000,1,11500.0,40.28,53.0,155.4,17.96,0,0,10371.98
2024-06-06 18:00:00,Empirical_Utility_Substation,120000,1,11500.0,38.8,52.7,0.0,20.83,0,0,10310.22
2024-06-06 19:00:00,Empirical_Utility_Substation,120000,1,11500.0,38.26,57.8,0.0,21.02,0,0,10616.62
2024-06-06 20:00:00,Empirical_Utility_Substation,120000,1,11500.0,36.97,60.4,0.0,21.57,0,0,10383.83
2024-06-06 21:00:00,Empirical_Utility_Substation,120000,1,11500.0,35.3,65.9,0.0,21.4,0,0,9858.55
2024-06-06 22:00:00,Empirical_Utility_Substation,120000,1,11500.0,33.92,61.3,0.0,17.86,0,0,9119.09
2024-06-06 23:00:00,Empirical_Utility_Substation,120000,1,11500.0,34.06,60.1,0.0,18.51,0,0,8688.32
2024-06-07 00:00:00,Empirical_Utility_Substation,120000,1,11500.0,32.94,67.1,0.0,18.91,0,0,7870.29
2024-06-07 01:00:00,Empirical_Utility_Substation,120000,1,11500.0,30.88,56.8,0.0,19.63,0,0,7423.6
2024-06-07 02:00:00,Empirical_Utility_Substation,120000,1,11500.0,29.4,54.6,0.0,19.0,0,0,7177.43
2024-06-07 03:00:00,Empirical_Utility_Substation,120000,1,11500.0,30.34,58.2,0.0,17.53,0,0,7360.26
2024-06-07 04:00:00,Empirical_Utility_Substation,120000,1,11500.0,30.34,54.8,0.0,24.01,0,0,7276.31
2024-06-07 05:00:00,Empirical_Utility_Substation,120000,1,11500.0,31.49,53.8,0.0,18.58,0,0,7576.47
2024-06-07 06:00:00,Empirical_Utility_Substation,120000,1,11500.0,31.33,57.6,0.0,23.01,0,0,7874.02
2024-06-07 07:00:00,Empirical_Utility_Substation,120000,1,11500.0,32.0,65.5,99.1,19.36,0,0,8089.84
2024-06-07 08:00:00,Empirical_Utility_Substation,120000,1,11500.0,31.81,64.7,186.6,22.48,0,0,8131.92
2024-06-07 09:00:00,Empirical_Utility_Substation,120000,1,11500.0,34.54,56.2,152.4,24.35,0,0,8883.41
2024-06-07 10:00:00,Empirical_Utility_Substation,120000,1,11500.0,34.69,64.1,461.9,17.47,0,0,9031.93
2024-06-07 11:00:00,Empirical_Utility_Substation,120000,1,11500.0,36.63,54.1,210.4,22.35,0,0,9729.4
2024-06-07 12:00:00,Empirical_Utility_Substation,120000,1,11500.0,37.04,52.0,547.4,18.82,0,0,9717.91
2024-06-07 13:00:00,Empirical_Utility_Substation,120000,1,11500.0,38.09,60.1,467.4,18.1,0,0,9629.48
2024-06-07 14:00:00,Empirical_Utility_Substation,120000,1,11500.0,38.86,49.0,325.0,21.53,0,0,9463.23
2024-06-07 15:00:00,Empirical_Utility_Substation,120000,1,11500.0,38.67,57.5,282.8,21.81,0,0,9416.77
2024-06-07 16:00:00,Empirical_Utility_Substation,120000,1,11500.0,38.14,59.6,203.3,16.89,0,0,9256.38
2024-06-07 17:00:00,Empirical_Utility_Substation,120000,1,11500.0,37.25,63.7,34.2,17.49,0,0,9663.95
2024-06-07 18:00:00,Empirical_Utility_Substation,120000,1,11500.0,37.29,56.1,0.0,17.91,0,0,9913.59
2024-06-07 19:00:00,Empirical_Utility_Substation,120000,1,11500.0,37.51,57.6,0.0,20.39,0,0,10444.02
2024-06-07 20:00:00,Empirical_Utility_Substation,120000,1,11500.0,34.2,56.5,0.0,18.91,0,0,9608.7
2024-06-07 21:00:00,Empirical_Utility_Substation,120000,1,11500.0,32.74,63.7,0.0,17.96,0,0,9029.48
2024-06-07 22:00:00,Empirical_Utility_Substation,120000,1,11500.0,30.83,60.1,0.0,24.83,0,0,8226.66
2024-06-07 23:00:00,Empirical_Utility_Substation,120000,1,11500.0,30.06,64.5,0.0,19.33,0,0,7845.74
2024-06-08 00:00:00,Empirical_Utility_Substation,120000,1,11500.0,29.49,60.1,0.0,20.72,1,0,6326.05
2024-06-08 01:00:00,Empirical_Utility_Substation,120000,1,11500.0,28.91,59.8,0.0,19.97,1,0,6465.83
2024-06-08 02:00:00,Empirical_Utility_Substation,120000,1,11500.0,29.52,60.2,0.0,20.29,1,0,6537.13
2024-06-08 03:00:00,Empirical_Utility_Substation,120000,1,11500.0,28.64,62.1,0.0,19.07,1,0,6326.83
2024-06-08 04:00:00,Empirical_Utility_Substation,120000,1,11500.0,28.61,59.1,0.0,18.97,1,0,6398.71
2024-06-08 05:00:00,Empirical_Utility_Substation,120000,1,11500.0,31.02,65.0,0.0,21.0,1,0,6773.67
2024-06-08 06:00:00,Empirical_Utility_Substation,120000,1,11500.0,30.86,60.1,0.0,17.94,1,0,6564.05
2024-06-08 07:00:00,Empirical_Utility_Substation,120000,1,11500.0,33.54,67.8,125.8,17.99,1,0,7428.13
2024-06-08 08:00:00,Empirical_Utility_Substation,120000,1,11500.0,35.61,46.3,77.9,22.34,1,0,8242.73
2024-06-08 09:00:00,Empirical_Utility_Substation,120000,1,11500.0,35.95,54.2,184.5,23.42,1,0,8490.03
2024-06-08 10:00:00,Empirical_Utility_Substation,120000,1,11500.0,36.99,52.5,168.8,18.14,1,0,9123.06
2024-06-08 11:00:00,Empirical_Utility_Substation,120000,1,11500.0,38.44,61.9,416.6,19.5,1,0,9572.32
2024-06-08 12:00:00,Empirical_Utility_Substation,120000,1,11500.0,39.47,56.4,389.2,20.63,1,0,9691.49
2024-06-08 13:00:00,Empirical_Utility_Substation,120000,1,11500.0,41.28,42.8,264.0,18.63,1,0,10002.97
2024-06-08 14:00:00,Empirical_Utility_Substation,120000,1,11500.0,41.57,52.0,316.0,20.74,1,0,9868.2
2024-06-08 15:00:00,Empirical_Utility_Substation,120000,1,11500.0,40.71,56.2,101.4,17.35,1,0,9266.05
2024-06-08 16:00:00,Empirical_Utility_Substation,120000,1,11500.0,40.96,53.6,122.7,18.99,1,0,9451.06
2024-06-08 17:00:00,Empirical_Utility_Substation,120000,1,11500.0,38.87,58.1,112.9,19.47,1,0,9077.87
2024-06-08 18:00:00,Empirical_Utility_Substation,120000,1,11500.0,35.59,52.0,0.0,23.56,1,0,8575.4
2024-06-08 19:00:00,Empirical_Utility_Substation,120000,1,11500.0,34.67,55.8,0.0,21.31,1,0,8862.4
2024-06-08 20:00:00,Empirical_Utility_Substation,120000,1,11500.0,32.81,52.9,0.0,17.76,1,0,8633.91
2024-06-08 21:00:00,Empirical_Utility_Substation,120000,1,11500.0,32.13,57.0,0.0,19.38,1,0,8491.05
2024-06-08 22:00:00,Empirical_Utility_Substation,120000,1,11500.0,30.35,65.6,0.0,22.99,1,0,7780.27
2024-06-08 23:00:00,Empirical_Utility_Substation,120000,1,11500.0,28.43,61.2,0.0,18.45,1,0,7049.55
2024-06-09 00:00:00,Empirical_Utility_Substation,120000,1,11500.0,26.43,60.3,0.0,16.97,1,0,6054.1
2024-06-09 01:00:00,Empirical_Utility_Substation,120000,1,11500.0,26.05,71.6,0.0,16.89,1,0,5873.56
2024-06-09 02:00:00,Empirical_Utility_Substation,120000,1,11500.0,26.2,64.2,0.0,20.55,1,0,5933.79
2024-06-09 03:00:00,Empirical_Utility_Substation,120000,1,11500.0,25.39,69.6,0.0,24.34,1,0,6104.15
2024-06-09 04:00:00,Empirical_Utility_Substation,120000,1,11500.0,24.95,66.9,0.0,17.4,1,0,6015.41
2024-06-09 05:00:00,Empirical_Utility_Substation,120000,1,11500.0,26.22,67.0,0.0,18.07,1,0,6067.83
2024-06-09 06:00:00,Empirical_Utility_Substation,120000,1,11500.0,27.87,58.0,0.0,20.74,1,0,6301.39
2024-06-09 07:00:00,Empirical_Utility_Substation,120000,1,11500.0,28.15,62.6,102.9,19.45,1,0,6500.31
2024-06-09 08:00:00,Empirical_Utility_Substation,120000,1,11500.0,30.83,61.4,248.7,21.27,1,0,7220.89
2024-06-09 09:00:00,Empirical_Utility_Substation,120000,1,11500.0,32.6,57.1,231.9,18.43,1,0,7841.21
2024-06-09 10:00:00,Empirical_Utility_Substation,120000,1,11500.0,33.96,60.7,302.8,20.65,1,0,8358.88
2024-06-09 11:00:00,Empirical_Utility_Substation,120000,1,11500.0,35.81,57.2,527.7,19.04,1,0,8737.22
2024-06-09 12:00:00,Empirical_Utility_Substation,120000,1,11500.0,36.13,54.4,336.8,20.87,1,0,8872.58
2024-06-09 13:00:00,Empirical_Utility_Substation,120000,1,11500.0,37.93,52.1,128.9,19.55,1,0,9100.84
2024-06-09 14:00:00,Empirical_Utility_Substation,120000,1,11500.0,40.05,62.4,322.3,21.92,1,0,9565.64
2024-06-09 15:00:00,Empirical_Utility_Substation,120000,1,11500.0,38.96,44.4,446.8,27.44,1,0,8833.9
2024-06-09 16:00:00,Empirical_Utility_Substation,120000,1,11500.0,37.86,40.7,275.5,19.59,1,0,8588.99
2024-06-09 17:00:00,Empirical_Utility_Substation,120000,1,11500.0,37.48,55.5,114.5,21.34,1,0,8489.08
2024-06-09 18:00:00,Empirical_Utility_Substation,120000,1,11500.0,35.02,61.1,0.0,20.02,1,0,8161.88
2024-06-09 19:00:00,Empirical_Utility_Substation,120000,1,11500.0,33.83,57.7,0.0,24.82,1,0,8319.43
2024-06-09 20:00:00,Empirical_Utility_Substation,120000,1,11500.0,32.15,60.7,0.0,18.94,1,0,8159.47
2024-06-09 21:00:00,Empirical_Utility_Substation,120000,1,11500.0,31.66,74.9,0.0,17.59,1,0,7688.13
2024-06-09 22:00:00,Empirical_Utility_Substation,120000,1,11500.0,32.35,67.3,0.0,19.29,1,0,7553.12
2024-06-09 23:00:00,Empirical_Utility_Substation,120000,1,11500.0,32.56,60.6,0.0,17.8,1,0,7237.26
2024-06-10 00:00:00,Empirical_Utility_Substation,120000,1,11500.0,30.79,64.6,0.0,20.5,0,0,7234.5
2024-06-10 01:00:00,Empirical_Utility_Substation,120000,1,11500.0,28.57,61.8,0.0,22.81,0,0,6886.76
2024-06-10 02:00:00,Empirical_Utility_Substation,120000,1,11500.0,29.37,58.7,0.0,22.62,0,0,7084.45
2024-06-10 03:00:00,Empirical_Utility_Substation,120000,1,11500.0,28.95,52.9,0.0,19.38,0,0,7230.53
2024-06-10 04:00:00,Empirical_Utility_Substation,120000,1,11500.0,28.48,59.8,0.0,18.58,0,0,7106.43
2024-06-10 05:00:00,Empirical_Utility_Substation,120000,1,11500.0,27.92,57.4,0.0,22.6,0,0,6928.74
2024-06-10 06:00:00,Empirical_Utility_Substation,120000,1,11500.0,28.08,65.8,0.0,20.65,0,0,6988.19
2024-06-10 07:00:00,Empirical_Utility_Substation,120000,1,11500.0,29.48,63.9,58.0,18.52,0,0,7509.04
2024-06-10 08:00:00,Empirical_Utility_Substation,120000,1,11500.0,31.22,67.8,248.0,19.66,0,0,8116.36
2024-06-10 09:00:00,Empirical_Utility_Substation,120000,1,11500.0,33.31,60.6,413.7,19.88,0,0,8804.5
2024-06-10 10:00:00,Empirical_Utility_Substation,120000,1,11500.0,35.25,49.6,267.8,18.93,0,0,9552.55
2024-06-10 11:00:00,Empirical_Utility_Substation,120000,1,11500.0,37.67,45.7,486.0,21.15,0,0,10207.89
2024-06-10 12:00:00,Empirical_Utility_Substation,120000,1,11500.0,39.26,54.2,230.2,20.51,0,0,10450.82
2024-06-10 13:00:00,Empirical_Utility_Substation,120000,1,11500.0,39.52,49.5,209.0,19.5,0,0,10295.07
2024-06-10 14:00:00,Empirical_Utility_Substation,120000,1,11500.0,40.52,52.1,451.7,22.06,0,0,10196.82
2024-06-10 15:00:00,Empirical_Utility_Substation,120000,1,11500.0,41.42,54.5,327.6,21.71,0,0,10344.66
2024-06-10 16:00:00,Empirical_Utility_Substation,120000,1,11500.0,39.66,53.6,114.6,18.19,0,0,10012.89
2024-06-10 17:00:00,Empirical_Utility_Substation,120000,1,11500.0,39.79,51.4,131.3,19.11,0,0,10201.35
2024-06-10 18:00:00,Empirical_Utility_Substation,120000,1,11500.0,39.09,64.8,0.0,20.42,0,0,10153.78
2024-06-10 19:00:00,Empirical_Utility_Substation,120000,1,11500.0,37.4,44.6,0.0,19.15,0,0,9970.62
2024-06-10 20:00:00,Empirical_Utility_Substation,120000,1,11500.0,35.73,56.0,0.0,21.22,0,0,9861.61
2024-06-10 21:00:00,Empirical_Utility_Substation,120000,1,11500.0,34.28,65.2,0.0,17.44,0,0,9453.56
2024-06-10 22:00:00,Empirical_Utility_Substation,120000,1,11500.0,33.17,53.6,0.0,17.45,0,0,8766.61
2024-06-10 23:00:00,Empirical_Utility_Substation,120000,1,11500.0,32.42,64.1,0.0,16.94,0,0,8150.88
2024-06-11 00:00:00,Empirical_Utility_Substation,120000,1,11500.0,30.64,65.8,0.0,21.56,0,0,7383.05
2024-06-11 01:00:00,Empirical_Utility_Substation,120000,1,11500.0,30.79,57.5,0.0,17.52,0,0,7608.89
2024-06-11 02:00:00,Empirical_Utility_Substation,120000,1,11500.0,30.69,66.1,0.0,19.29,0,0,7560.95
2024-06-11 03:00:00,Empirical_Utility_Substation,120000,1,11500.0,30.36,52.6,0.0,19.31,0,0,7447.21
2024-06-11 04:00:00,Empirical_Utility_Substation,120000,1,11500.0,30.62,73.6,0.0,17.25,0,0,7697.61
2024-06-11 05:00:00,Empirical_Utility_Substation,120000,1,11500.0,30.06,70.0,0.0,19.86,0,0,7560.16
2024-06-11 06:00:00,Empirical_Utility_Substation,120000,1,11500.0,31.78,59.0,0.0,21.97,0,0,7922.37
2024-06-11 07:00:00,Empirical_Utility_Substation,120000,1,11500.0,33.9,57.5,122.1,19.04,0,0,8299.37
2024-06-11 08:00:00,Empirical_Utility_Substation,120000,1,11500.0,34.09,62.6,247.7,17.21,0,0,8535.75
2024-06-11 09:00:00,Empirical_Utility_Substation,120000,1,11500.0,36.0,62.6,325.2,19.21,0,0,9109.26
2024-06-11 10:00:00,Empirical_Utility_Substation,120000,1,11500.0,38.44,52.2,495.1,17.61,0,0,10048.51
2024-06-11 11:00:00,Empirical_Utility_Substation,120000,1,11500.0,38.57,43.6,614.7,19.63,0,0,9964.52
2024-06-11 12:00:00,Empirical_Utility_Substation,120000,1,11500.0,39.13,60.8,293.4,21.43,0,0,10426.69
2024-06-11 13:00:00,Empirical_Utility_Substation,120000,1,11500.0,40.34,51.9,430.7,23.79,0,0,10533.22
2024-06-11 14:00:00,Empirical_Utility_Substation,120000,1,11500.0,41.69,50.6,375.7,18.68,0,0,10564.22
2024-06-11 15:00:00,Empirical_Utility_Substation,120000,1,11500.0,39.67,47.5,199.5,22.72,0,0,9833.89
2024-06-11 16:00:00,Empirical_Utility_Substation,120000,1,11500.0,39.31,57.1,204.8,17.63,0,0,9671.84
2024-06-11 17:00:00,Empirical_Utility_Substation,120000,1,11500.0,38.38,47.7,126.0,20.34,0,0,9728.54
2024-06-11 18:00:00,Empirical_Utility_Substation,120000,1,11500.0,36.47,62.3,0.0,18.73,0,0,9727.2
2024-06-11 19:00:00,Empirical_Utility_Substation,120000,1,11500.0,36.03,55.2,0.0,20.45,0,0,10010.8
2024-06-11 20:00:00,Empirical_Utility_Substation,120000,1,11500.0,34.5,41.1,0.0,21.68,0,0,9740.55
2024-06-11 21:00:00,Empirical_Utility_Substation,120000,1,11500.0,30.61,67.8,0.0,17.3,0,0,8844.09
2024-06-11 22:00:00,Empirical_Utility_Substation,120000,1,11500.0,29.68,72.2,0.0,18.64,0,0,8255.49
2024-06-11 23:00:00,Empirical_Utility_Substation,120000,1,11500.0,29.33,65.7,0.0,23.04,0,0,7775.65
2024-06-12 00:00:00,Empirical_Utility_Substation,120000,1,11500.0,28.0,54.1,0.0,20.16,0,0,7090.16
2024-06-12 01:00:00,Empirical_Utility_Substation,120000,1,11500.0,26.75,68.1,0.0,18.48,0,0,6741.82
2024-06-12 02:00:00,Empirical_Utility_Substation,120000,1,11500.0,25.71,79.0,0.0,18.18,0,0,6438.78
2024-06-12 03:00:00,Empirical_Utility_Substation,120000,1,11500.0,25.84,72.4,0.0,16.96,0,0,6379.11
2024-06-12 04:00:00,Empirical_Utility_Substation,120000,1,11500.0,25.3,70.3,0.0,18.92,0,0,6421.97
2024-06-12 05:00:00,Empirical_Utility_Substation,120000,1,11500.0,26.82,65.5,0.0,16.78,0,0,6673.31
2024-06-12 06:00:00,Empirical_Utility_Substation,120000,1,11500.0,27.85,64.3,0.0,17.25,0,0,6957.85
2024-06-12 07:00:00,Empirical_Utility_Substation,120000,1,11500.0,28.88,65.4,61.5,18.14,0,0,7330.26
2024-06-12 08:00:00,Empirical_Utility_Substation,120000,1,11500.0,29.41,68.6,177.7,22.17,0,0,7717.79
2024-06-12 09:00:00,Empirical_Utility_Substation,120000,1,11500.0,30.58,56.4,285.0,19.13,0,0,8253.42
2024-06-12 10:00:00,Empirical_Utility_Substation,120000,1,11500.0,29.74,61.5,330.1,17.57,0,0,8209.99
2024-06-12 11:00:00,Empirical_Utility_Substation,120000,1,11500.0,31.85,67.8,429.2,21.2,0,0,8717.68
2024-06-12 12:00:00,Empirical_Utility_Substation,120000,1,11500.0,33.99,61.3,201.7,22.98,0,0,8944.09
2024-06-12 13:00:00,Empirical_Utility_Substation,120000,1,11500.0,34.62,78.3,409.6,18.37,0,0,8808.06
2024-06-12 14:00:00,Empirical_Utility_Substation,120000,1,11500.0,37.18,44.6,334.7,20.35,0,0,9325.78
2024-06-12 15:00:00,Empirical_Utility_Substation,120000,1,11500.0,37.61,63.4,221.2,19.59,0,0,9520.93
2024-06-12 16:00:00,Empirical_Utility_Substation,120000,1,11500.0,37.93,54.9,208.9,18.51,0,0,9407.4
2024-06-12 17:00:00,Empirical_Utility_Substation,120000,1,11500.0,36.56,35.4,113.5,17.61,0,0,9269.6
2024-06-12 18:00:00,Empirical_Utility_Substation,120000,1,11500.0,35.18,53.6,0.0,19.15,0,0,9382.12
2024-06-12 19:00:00,Empirical_Utility_Substation,120000,1,11500.0,34.06,63.3,0.0,19.73,0,0,9691.67
2024-06-12 20:00:00,Empirical_Utility_Substation,120000,1,11500.0,34.47,60.6,0.0,18.26,0,0,9753.87
2024-06-12 21:00:00,Empirical_Utility_Substation,120000,1,11500.0,32.82,55.2,0.0,25.63,0,0,9382.67
2024-06-12 22:00:00,Empirical_Utility_Substation,120000,1,11500.0,31.09,55.4,0.0,17.96,0,0,8603.4
2024-06-12 23:00:00,Empirical_Utility_Substation,120000,1,11500.0,30.07,65.5,0.0,17.68,0,0,8038.12
2024-06-13 00:00:00,Empirical_Utility_Substation,120000,1,11500.0,29.9,60.5,0.0,17.6,0,0,7587.55
2024-06-13 01:00:00,Empirical_Utility_Substation,120000,1,11500.0,29.02,53.9,0.0,18.4,0,0,7440.95
2024-06-13 02:00:00,Empirical_Utility_Substation,120000,1,11500.0,27.79,70.8,0.0,21.43,0,0,7331.9
2024-06-13 03:00:00,Empirical_Utility_Substation,120000,1,11500.0,27.69,64.5,0.0,17.8,0,0,7370.57
2024-06-13 04:00:00,Empirical_Utility_Substation,120000,1,11500.0,27.49,64.4,0.0,16.64,0,0,7456.58
2024-06-13 05:00:00,Empirical_Utility_Substation,120000,1,11500.0,28.09,55.8,0.0,18.66,0,0,7472.22
2024-06-13 06:00:00,Empirical_Utility_Substation,120000,1,11500.0,29.57,66.0,0.0,17.58,0,0,7782.8
2024-06-13 07:00:00,Empirical_Utility_Substation,120000,1,11500.0,30.8,59.5,136.0,18.19,0,0,8043.13
2024-06-13 08:00:00,Empirical_Utility_Substation,120000,1,11500.0,32.86,53.4,110.0,16.65,0,0,8547.86
2024-06-13 09:00:00,Empirical_Utility_Substation,120000,1,11500.0,34.7,56.3,240.0,18.39,0,0,9138.26
2024-06-13 10:00:00,Empirical_Utility_Substation,120000,1,11500.0,35.84,59.6,505.0,17.56,0,0,9684.6
2024-06-13 11:00:00,Empirical_Utility_Substation,120000,1,11500.0,36.71,75.5,332.1,18.87,0,0,10072.98
2024-06-13 12:00:00,Empirical_Utility_Substation,120000,1,11500.0,38.84,59.0,309.2,20.41,0,0,10538.14
2024-06-13 13:00:00,Empirical_Utility_Substation,120000,1,11500.0,41.06,41.5,495.2,17.02,0,0,10878.68
2024-06-13 14:00:00,Empirical_Utility_Substation,120000,1,11500.0,40.61,42.6,508.1,20.92,0,0,10448.35
2024-06-13 15:00:00,Empirical_Utility_Substation,120000,1,11500.0,40.63,57.7,131.3,21.31,0,0,10347.63
2024-06-13 16:00:00,Empirical_Utility_Substation,120000,1,11500.0,40.42,65.2,217.5,20.38,0,0,10251.0
2024-06-13 17:00:00,Empirical_Utility_Substation,120000,1,11500.0,38.13,46.9,117.7,17.69,0,0,9822.15
2024-06-13 18:00:00,Empirical_Utility_Substation,120000,1,11500.0,37.29,49.1,0.0,16.11,0,0,10232.28
2024-06-13 19:00:00,Empirical_Utility_Substation,120000,1,11500.0,36.18,69.5,0.0,16.99,0,0,10208.17
2024-06-13 20:00:00,Empirical_Utility_Substation,120000,1,11500.0,35.87,52.9,0.0,17.85,0,0,10005.12
2024-06-13 21:00:00,Empirical_Utility_Substation,120000,1,11500.0,35.1,58.6,0.0,21.17,0,0,9494.51
2024-06-13 22:00:00,Empirical_Utility_Substation,120000,1,11500.0,34.74,66.1,0.0,17.98,0,0,8966.7
2024-06-13 23:00:00,Empirical_Utility_Substation,120000,1,11500.0,33.48,46.8,0.0,16.29,0,0,8256.0
2024-06-14 00:00:00,Empirical_Utility_Substation,120000,1,11500.0,33.31,69.2,0.0,22.88,0,0,7796.98
2024-06-14 01:00:00,Empirical_Utility_Substation,120000,1,11500.0,30.94,59.5,0.0,19.89,0,0,7394.01
2024-06-14 02:00:00,Empirical_Utility_Substation,120000,1,11500.0,30.52,75.7,0.0,18.89,0,0,7391.79
2024-06-14 03:00:00,Empirical_Utility_Substation,120000,1,11500.0,29.81,67.4,0.0,18.28,0,0,7502.9
2024-06-14 04:00:00,Empirical_Utility_Substation,120000,1,11500.0,28.58,58.2,0.0,19.98,0,0,7339.77
2024-06-14 05:00:00,Empirical_Utility_Substation,120000,1,11500.0,29.6,68.5,0.0,19.25,0,0,7481.53
2024-06-14 06:00:00,Empirical_Utility_Substation,120000,1,11500.0,30.08,70.4,0.0,20.11,0,0,7519.4
2024-06-14 07:00:00,Empirical_Utility_Substation,120000,1,11500.0,31.13,60.4,81.7,20.03,0,0,7871.0
2024-06-14 08:00:00,Empirical_Utility_Substation,120000,1,11500.0,31.48,68.6,66.0,17.56,0,0,8154.67
2024-06-14 09:00:00,Empirical_Utility_Substation,120000,1,11500.0,31.81,62.2,93.3,21.69,0,0,8644.13
2024-06-14 10:00:00,Empirical_Utility_Substation,120000,1,11500.0,35.39,64.7,218.0,20.28,0,0,9878.08
2024-06-14 11:00:00,Empirical_Utility_Substation,120000,1,11500.0,36.88,45.2,221.0,17.32,0,0,9984.68
2024-06-14 12:00:00,Empirical_Utility_Substation,120000,1,11500.0,37.31,54.4,347.1,18.67,0,0,9929.51
2024-06-14 13:00:00,Empirical_Utility_Substation,120000,1,11500.0,36.72,51.9,381.6,22.56,0,0,9668.0
2024-06-14 14:00:00,Empirical_Utility_Substation,120000,1,11500.0,36.98,62.7,439.8,17.45,0,0,9128.75
2024-06-14 15:00:00,Empirical_Utility_Substation,120000,1,11500.0,37.04,67.4,150.5,19.72,0,0,9033.53
2024-06-14 16:00:00,Empirical_Utility_Substation,120000,1,11500.0,35.83,50.5,102.8,17.04,0,0,8788.38
2024-06-14 17:00:00,Empirical_Utility_Substation,120000,1,11500.0,35.58,67.1,90.6,17.51,0,0,8993.03
2024-06-14 18:00:00,Empirical_Utility_Substation,120000,1,11500.0,34.49,59.6,0.0,19.46,0,0,9306.14
2024-06-14 19:00:00,Empirical_Utility_Substation,120000,1,11500.0,34.18,50.3,0.0,18.4,0,0,9712.08
2024-06-14 20:00:00,Empirical_Utility_Substation,120000,1,11500.0,32.87,62.7,0.0,21.07,0,0,9689.76
2024-06-14 21:00:00,Empirical_Utility_Substation,120000,1,11500.0,31.92,72.7,0.0,21.04,0,0,9118.06
2024-06-14 22:00:00,Empirical_Utility_Substation,120000,1,11500.0,31.06,55.4,0.0,18.12,0,0,8608.57
2024-06-14 23:00:00,Empirical_Utility_Substation,120000,1,11500.0,29.86,71.1,0.0,20.65,0,0,7872.11
2024-06-15 00:00:00,Empirical_Utility_Substation,120000,1,11500.0,28.85,56.2,0.0,20.58,1,0,6367.68
2024-06-15 01:00:00,Empirical_Utility_Substation,120000,1,11500.0,29.65,67.8,0.0,19.6,1,0,6399.84
2024-06-15 02:00:00,Empirical_Utility_Substation,120000,1,11500.0,29.74,57.6,0.0,21.41,1,0,6591.12
2024-06-15 03:00:00,Empirical_Utility_Substation,120000,1,11500.0,31.02,64.1,0.0,19.52,1,0,6694.68
2024-06-15 04:00:00,Empirical_Utility_Substation,120000,1,11500.0,30.16,60.7,0.0,16.57,1,0,6501.51
2024-06-15 05:00:00,Empirical_Utility_Substation,120000,1,11500.0,29.5,61.5,0.0,22.28,1,0,6257.12
2024-06-15 06:00:00,Empirical_Utility_Substation,120000,1,11500.0,30.68,54.0,0.0,20.78,1,0,6470.8
2024-06-15 07:00:00,Empirical_Utility_Substation,120000,1,11500.0,31.78,58.1,78.0,16.52,1,0,7049.68
2024-06-15 08:00:00,Empirical_Utility_Substation,120000,1,11500.0,32.25,50.9,110.4,16.23,1,0,7416.98
2024-06-15 09:00:00,Empirical_Utility_Substation,120000,1,11500.0,32.72,70.0,299.5,18.56,1,0,7649.44
2024-06-15 10:00:00,Empirical_Utility_Substation,120000,1,11500.0,34.87,59.8,333.9,16.17,1,0,8343.65
2024-06-15 11:00:00,Empirical_Utility_Substation,120000,1,11500.0,36.64,51.3,441.8,19.06,1,0,8798.75
2024-06-15 12:00:00,Empirical_Utility_Substation,120000,1,11500.0,36.45,62.8,309.5,20.47,1,0,8669.86
2024-06-15 13:00:00,Empirical_Utility_Substation,120000,1,11500.0,38.81,51.2,172.3,23.48,1,0,9185.04
2024-06-15 14:00:00,Empirical_Utility_Substation,120000,1,11500.0,40.42,35.3,462.8,20.67,1,0,9313.24
2024-06-15 15:00:00,Empirical_Utility_Substation,120000,1,11500.0,40.96,41.9,224.6,19.79,1,0,9319.76
2024-06-15 16:00:00,Empirical_Utility_Substation,120000,1,11500.0,39.99,54.1,288.1,18.72,1,0,9100.31
2024-06-15 17:00:00,Empirical_Utility_Substation,120000,1,11500.0,37.54,65.5,70.2,17.14,1,0,8681.16
2024-06-15 18:00:00,Empirical_Utility_Substation,120000,1,11500.0,38.06,54.2,0.0,21.07,1,0,9213.14
2024-06-15 19:00:00,Empirical_Utility_Substation,120000,1,11500.0,38.44,55.2,0.0,17.36,1,0,9751.58
2024-06-15 20:00:00,Empirical_Utility_Substation,120000,1,11500.0,36.45,60.1,0.0,21.15,1,0,9550.39
2024-06-15 21:00:00,Empirical_Utility_Substation,120000,1,11500.0,35.79,48.7,0.0,18.75,1,0,9334.06
2024-06-15 22:00:00,Empirical_Utility_Substation,120000,1,11500.0,34.71,59.4,0.0,19.54,1,0,8654.53
2024-06-15 23:00:00,Empirical_Utility_Substation,120000,1,11500.0,34.08,63.6,0.0,21.95,1,0,8152.61
2024-06-16 00:00:00,Empirical_Utility_Substation,120000,1,11500.0,33.06,58.8,0.0,16.97,1,0,7391.44
2024-06-16 01:00:00,Empirical_Utility_Substation,120000,1,11500.0,32.2,62.8,0.0,19.45,1,0,7324.75
2024-06-16 02:00:00,Empirical_Utility_Substation,120000,1,11500.0,31.26,63.2,0.0,17.35,1,0,6876.93
2024-06-16 03:00:00,Empirical_Utility_Substation,120000,1,11500.0,30.48,62.4,0.0,18.59,1,0,6546.57
2024-06-16 04:00:00,Empirical_Utility_Substation,120000,1,11500.0,29.22,60.6,0.0,16.85,1,0,6223.83
2024-06-16 05:00:00,Empirical_Utility_Substation,120000,1,11500.0,27.75,65.9,0.0,21.98,1,0,6125.54
2024-06-16 06:00:00,Empirical_Utility_Substation,120000,1,11500.0,29.98,52.2,0.0,19.85,1,0,6538.74
2024-06-16 07:00:00,Empirical_Utility_Substation,120000,1,11500.0,32.07,60.9,55.6,18.1,1,0,7212.11
2024-06-16 08:00:00,Empirical_Utility_Substation,120000,1,11500.0,34.46,69.7,139.4,18.44,1,0,7986.79
2024-06-16 09:00:00,Empirical_Utility_Substation,120000,1,11500.0,35.0,70.7,337.6,19.86,1,0,8327.27
2024-06-16 10:00:00,Empirical_Utility_Substation,120000,1,11500.0,35.27,64.6,164.8,18.17,1,0,8821.22
2024-06-16 11:00:00,Empirical_Utility_Substation,120000,1,11500.0,36.63,55.5,398.7,19.66,1,0,9123.54
2024-06-16 12:00:00,Empirical_Utility_Substation,120000,1,11500.0,38.3,61.3,257.0,18.93,1,0,9539.66
2024-06-16 13:00:00,Empirical_Utility_Substation,120000,1,11500.0,37.59,63.8,537.7,19.59,1,0,9161.63
2024-06-16 14:00:00,Empirical_Utility_Substation,120000,1,11500.0,36.4,57.6,405.1,20.68,1,0,8385.72
2024-06-16 15:00:00,Empirical_Utility_Substation,120000,1,11500.0,36.75,46.7,290.3,16.94,1,0,8324.01
2024-06-16 16:00:00,Empirical_Utility_Substation,120000,1,11500.0,36.27,64.6,160.5,18.5,1,0,8153.81
2024-06-16 17:00:00,Empirical_Utility_Substation,120000,1,11500.0,36.87,62.6,34.2,15.64,1,0,8494.8
2024-06-16 18:00:00,Empirical_Utility_Substation,120000,1,11500.0,35.1,66.1,0.0,18.17,1,0,8671.3
2024-06-16 19:00:00,Empirical_Utility_Substation,120000,1,11500.0,35.93,56.4,0.0,20.07,1,0,9310.81
2024-06-16 20:00:00,Empirical_Utility_Substation,120000,1,11500.0,35.84,55.1,0.0,17.64,1,0,9438.65
2024-06-16 21:00:00,Empirical_Utility_Substation,120000,1,11500.0,34.87,49.1,0.0,18.26,1,0,8876.43
2024-06-16 22:00:00,Empirical_Utility_Substation,120000,1,11500.0,33.4,51.7,0.0,18.27,1,0,8153.48
2024-06-16 23:00:00,Empirical_Utility_Substation,120000,1,11500.0,32.13,52.5,0.0,20.75,1,0,7354.55
2024-06-17 00:00:00,Empirical_Utility_Substation,120000,1,11500.0,30.77,71.7,0.0,20.05,0,0,7269.67
2024-06-17 01:00:00,Empirical_Utility_Substation,120000,1,11500.0,29.98,54.9,0.0,16.92,0,0,7117.89
2024-06-17 02:00:00,Empirical_Utility_Substation,120000,1,11500.0,29.24,65.9,0.0,17.93,0,0,6994.04
2024-06-17 03:00:00,Empirical_Utility_Substation,120000,1,11500.0,28.89,66.9,0.0,21.3,0,0,6908.5
2024-06-17 04:00:00,Empirical_Utility_Substation,120000,1,11500.0,28.74,61.5,0.0,21.26,0,0,7105.82
2024-06-17 05:00:00,Empirical_Utility_Substation,120000,1,11500.0,28.6,73.4,0.0,16.51,0,0,7088.33
2024-06-17 06:00:00,Empirical_Utility_Substation,120000,1,11500.0,30.12,68.0,0.0,18.26,0,0,7469.1
2024-06-17 07:00:00,Empirical_Utility_Substation,120000,1,11500.0,31.15,55.2,85.5,19.1,0,0,7998.16
2024-06-17 08:00:00,Empirical_Utility_Substation,120000,1,11500.0,32.32,63.8,202.0,22.29,0,0,8614.24
2024-06-17 09:00:00,Empirical_Utility_Substation,120000,1,11500.0,32.12,57.9,249.2,20.08,0,0,8982.25
2024-06-17 10:00:00,Empirical_Utility_Substation,120000,1,11500.0,32.87,59.4,251.4,17.1,0,0,9214.73
2024-06-17 11:00:00,Empirical_Utility_Substation,120000,1,11500.0,36.18,47.2,504.6,22.07,0,0,9946.01
2024-06-17 12:00:00,Empirical_Utility_Substation,120000,1,11500.0,37.29,55.5,244.2,15.84,0,0,10127.6
2024-06-17 13:00:00,Empirical_Utility_Substation,120000,1,11500.0,37.36,63.5,235.5,18.62,0,0,9818.93
2024-06-17 14:00:00,Empirical_Utility_Substation,120000,1,11500.0,38.63,62.5,478.4,16.54,0,0,9826.82
2024-06-17 15:00:00,Empirical_Utility_Substation,120000,1,11500.0,36.67,47.5,93.3,18.28,0,0,9118.38
2024-06-17 16:00:00,Empirical_Utility_Substation,120000,1,11500.0,35.7,58.4,245.4,20.78,0,0,8975.34
2024-06-17 17:00:00,Empirical_Utility_Substation,120000,1,11500.0,35.91,55.7,136.5,16.58,0,0,9317.48
2024-06-17 18:00:00,Empirical_Utility_Substation,120000,1,11500.0,36.22,65.3,0.0,16.34,0,0,9920.09
2024-06-17 19:00:00,Empirical_Utility_Substation,120000,1,11500.0,34.85,53.1,0.0,20.75,0,0,9861.43
2024-06-17 20:00:00,Empirical_Utility_Substation,120000,1,11500.0,34.2,60.4,0.0,18.49,0,0,9852.42
2024-06-17 21:00:00,Empirical_Utility_Substation,120000,1,11500.0,31.31,59.9,0.0,18.08,0,0,9064.83
2024-06-17 22:00:00,Empirical_Utility_Substation,120000,1,11500.0,28.8,47.6,0.0,18.55,0,0,8131.48
2024-06-17 23:00:00,Empirical_Utility_Substation,120000,1,11500.0,29.57,70.4,0.0,17.03,0,0,7820.22
2024-06-18 00:00:00,Empirical_Utility_Substation,120000,1,11500.0,26.96,62.8,0.0,16.9,0,0,7008.49
2024-06-18 01:00:00,Empirical_Utility_Substation,120000,1,11500.0,27.9,73.3,0.0,21.19,0,0,7260.81
2024-06-18 02:00:00,Empirical_Utility_Substation,120000,1,11500.0,27.46,61.4,0.0,20.49,0,0,7025.43
2024-06-18 03:00:00,Empirical_Utility_Substation,120000,1,11500.0,27.7,59.9,0.0,16.65,0,0,6964.44
2024-06-18 04:00:00,Empirical_Utility_Substation,120000,1,11500.0,26.85,66.9,0.0,17.83,0,0,6956.36
2024-06-18 05:00:00,Empirical_Utility_Substation,120000,1,11500.0,26.47,66.4,0.0,16.38,0,0,7039.26
2024-06-18 06:00:00,Empirical_Utility_Substation,120000,1,11500.0,26.42,54.3,0.0,18.24,0,0,7150.38
2024-06-18 07:00:00,Empirical_Utility_Substation,120000,1,11500.0,28.14,71.2,97.9,17.24,0,0,7427.53
2024-06-18 08:00:00,Empirical_Utility_Substation,120000,1,11500.0,29.25,53.2,215.3,19.16,0,0,7928.61
2024-06-18 09:00:00,Empirical_Utility_Substation,120000,1,11500.0,29.6,55.0,326.4,20.59,0,0,8326.63
2024-06-18 10:00:00,Empirical_Utility_Substation,120000,1,11500.0,31.1,56.1,393.8,18.42,0,0,8812.86
2024-06-18 11:00:00,Empirical_Utility_Substation,120000,1,11500.0,33.09,61.2,359.0,16.84,0,0,9264.37
2024-06-18 12:00:00,Empirical_Utility_Substation,120000,1,11500.0,33.5,52.6,456.5,19.34,0,0,9352.51
2024-06-18 13:00:00,Empirical_Utility_Substation,120000,1,11500.0,34.68,68.6,307.1,18.56,0,0,9506.09
2024-06-18 14:00:00,Empirical_Utility_Substation,120000,1,11500.0,36.12,49.6,370.3,22.44,0,0,9385.25
2024-06-18 15:00:00,Empirical_Utility_Substation,120000,1,11500.0,34.55,64.2,349.3,16.98,0,0,8770.79
2024-06-18 16:00:00,Empirical_Utility_Substation,120000,1,11500.0,34.75,64.3,124.2,20.26,0,0,8534.66
2024-06-18 17:00:00,Empirical_Utility_Substation,120000,1,11500.0,35.92,56.5,71.8,20.53,0,0,9170.21
2024-06-18 18:00:00,Empirical_Utility_Substation,120000,1,11500.0,35.26,59.2,0.0,19.12,0,0,9459.02
2024-06-18 19:00:00,Empirical_Utility_Substation,120000,1,11500.0,34.15,67.7,0.0,16.32,0,0,9777.3
2024-06-18 20:00:00,Empirical_Utility_Substation,120000,1,11500.0,32.81,60.2,0.0,16.79,0,0,9655.2
2024-06-18 21:00:00,Empirical_Utility_Substation,120000,1,11500.0,30.56,68.2,0.0,20.78,0,0,9040.45
2024-06-18 22:00:00,Empirical_Utility_Substation,120000,1,11500.0,29.29,65.1,0.0,19.01,0,0,8328.15
2024-06-18 23:00:00,Empirical_Utility_Substation,120000,1,11500.0,29.62,51.3,0.0,20.99,0,0,7888.9
2024-06-19 00:00:00,Empirical_Utility_Substation,120000,1,11500.0,28.69,57.5,0.0,20.87,0,0,7353.55
2024-06-19 01:00:00,Empirical_Utility_Substation,120000,1,11500.0,28.46,69.6,0.0,21.54,0,0,7204.23
2024-06-19 02:00:00,Empirical_Utility_Substation,120000,1,11500.0,27.57,61.3,0.0,17.1,0,0,7069.12
2024-06-19 03:00:00,Empirical_Utility_Substation,120000,1,11500.0,26.76,58.3,0.0,20.75,0,0,6993.83
2024-06-19 04:00:00,Empirical_Utility_Substation,120000,1,11500.0,27.5,61.9,0.0,19.78,0,0,7118.02
2024-06-19 05:00:00,Empirical_Utility_Substation,120000,1,11500.0,27.27,64.9,0.0,18.31,0,0,6924.12
2024-06-19 06:00:00,Empirical_Utility_Substation,120000,1,11500.0,27.19,71.8,0.0,19.21,0,0,6904.95
2024-06-19 07:00:00,Empirical_Utility_Substation,120000,1,11500.0,28.07,65.7,105.4,19.28,0,0,7468.94
2024-06-19 08:00:00,Empirical_Utility_Substation,120000,1,11500.0,27.71,67.0,233.7,18.44,0,0,7562.56
2024-06-19 09:00:00,Empirical_Utility_Substation,120000,1,11500.0,28.93,65.7,314.3,18.16,0,0,7939.36
2024-06-19 10:00:00,Empirical_Utility_Substation,120000,1,11500.0,30.39,65.3,405.4,16.57,0,0,8333.14
2024-06-19 11:00:00,Empirical_Utility_Substation,120000,1,11500.0,32.84,61.9,270.8,17.85,0,0,8729.67
2024-06-19 12:00:00,Empirical_Utility_Substation,120000,1,11500.0,36.06,58.4,333.2,19.05,0,0,9155.87
2024-06-19 13:00:00,Empirical_Utility_Substation,120000,1,11500.0,36.95,47.6,413.4,19.32,0,0,9206.61
2024-06-19 14:00:00,Empirical_Utility_Substation,120000,1,11500.0,36.69,54.3,381.2,20.69,0,0,8936.74
2024-06-19 15:00:00,Empirical_Utility_Substation,120000,1,11500.0,37.0,59.9,291.0,17.46,0,0,8928.98
2024-06-19 16:00:00,Empirical_Utility_Substation,120000,1,11500.0,37.18,64.6,183.5,15.91,0,0,8708.72
2024-06-19 17:00:00,Empirical_Utility_Substation,120000,1,11500.0,36.93,53.0,107.5,18.2,0,0,8897.89
2024-06-19 18:00:00,Empirical_Utility_Substation,120000,1,11500.0,37.67,58.3,0.0,17.31,0,0,9460.07
2024-06-19 19:00:00,Empirical_Utility_Substation,120000,1,11500.0,37.34,51.5,0.0,17.19,0,0,9984.51
2024-06-19 20:00:00,Empirical_Utility_Substation,120000,1,11500.0,36.67,46.9,0.0,19.48,0,0,10006.62
2024-06-19 21:00:00,Empirical_Utility_Substation,120000,1,11500.0,35.2,58.9,0.0,19.76,0,0,9614.56
2024-06-19 22:00:00,Empirical_Utility_Substation,120000,1,11500.0,34.37,54.8,0.0,20.51,0,0,9082.95
2024-06-19 23:00:00,Empirical_Utility_Substation,120000,1,11500.0,32.14,57.3,0.0,21.63,0,0,8184.44
2024-06-20 00:00:00,Empirical_Utility_Substation,120000,1,11500.0,31.0,69.3,0.0,15.61,0,0,7626.81
2024-06-20 01:00:00,Empirical_Utility_Substation,120000,1,11500.0,31.21,51.2,0.0,17.85,0,0,7626.07
2024-06-20 02:00:00,Empirical_Utility_Substation,120000,1,11500.0,32.17,60.3,0.0,18.8,0,0,7843.58
2024-06-20 03:00:00,Empirical_Utility_Substation,120000,1,11500.0,31.62,58.1,0.0,20.3,0,0,7778.49
2024-06-20 04:00:00,Empirical_Utility_Substation,120000,1,11500.0,32.28,60.5,0.0,19.41,0,0,8198.65
2024-06-20 05:00:00,Empirical_Utility_Substation,120000,1,11500.0,31.12,63.8,0.0,20.44,0,0,7811.79
2024-06-20 06:00:00,Empirical_Utility_Substation,120000,1,11500.0,31.48,58.7,0.0,17.09,0,0,7938.86
2024-06-20 07:00:00,Empirical_Utility_Substation,120000,1,11500.0,33.45,58.0,53.0,17.6,0,0,8514.78
2024-06-20 08:00:00,Empirical_Utility_Substation,120000,1,11500.0,37.3,47.7,186.1,16.29,0,0,9488.74
2024-06-20 09:00:00,Empirical_Utility_Substation,120000,1,11500.0,38.17,45.6,341.5,17.49,0,0,10005.85
2024-06-20 10:00:00,Empirical_Utility_Substation,120000,1,11500.0,40.53,48.8,438.2,16.8,0,0,10955.01
2024-06-20 11:00:00,Empirical_Utility_Substation,120000,1,11500.0,41.14,49.1,592.5,18.56,0,0,11160.09
2024-06-20 12:00:00,Empirical_Utility_Substation,120000,1,11500.0,41.7,63.0,383.8,18.5,0,0,11012.59
2024-06-20 13:00:00,Empirical_Utility_Substation,120000,1,11500.0,42.68,59.7,456.3,20.8,0,0,10999.12
2024-06-20 14:00:00,Empirical_Utility_Substation,120000,1,11500.0,43.56,53.4,187.9,17.31,0,0,11177.17
2024-06-20 15:00:00,Empirical_Utility_Substation,120000,1,11500.0,42.82,50.9,95.6,17.78,0,0,10781.43
2024-06-20 16:00:00,Empirical_Utility_Substation,120000,1,11500.0,42.78,48.9,229.9,18.23,0,0,10717.21
2024-06-20 17:00:00,Empirical_Utility_Substation,120000,1,11500.0,42.6,49.1,155.3,21.21,0,0,10770.59
2024-06-20 18:00:00,Empirical_Utility_Substation,120000,1,11500.0,41.42,51.1,0.0,19.47,0,0,10650.59
2024-06-20 19:00:00,Empirical_Utility_Substation,120000,1,11500.0,37.95,57.7,0.0,18.12,0,0,10012.96
2024-06-20 20:00:00,Empirical_Utility_Substation,120000,1,11500.0,36.2,57.7,0.0,20.72,0,0,9795.63
2024-06-20 21:00:00,Empirical_Utility_Substation,120000,1,11500.0,35.07,53.0,0.0,16.94,0,0,9361.72
2024-06-20 22:00:00,Empirical_Utility_Substation,120000,1,11500.0,32.97,54.8,0.0,17.61,0,0,8585.58
2024-06-20 23:00:00,Empirical_Utility_Substation,120000,1,11500.0,33.72,58.4,0.0,17.74,0,0,8458.19
2024-06-21 00:00:00,Empirical_Utility_Substation,120000,1,11500.0,32.41,67.4,0.0,15.81,0,0,7643.36
2024-06-21 01:00:00,Empirical_Utility_Substation,120000,1,11500.0,31.88,71.8,0.0,19.72,0,0,7465.4
2024-06-21 02:00:00,Empirical_Utility_Substation,120000,1,11500.0,32.46,58.7,0.0,15.41,0,0,7579.79
2024-06-21 03:00:00,Empirical_Utility_Substation,120000,1,11500.0,30.24,67.0,0.0,20.91,0,0,7288.19
2024-06-21 04:00:00,Empirical_Utility_Substation,120000,1,11500.0,31.04,62.0,0.0,17.13,0,0,7234.76
2024-06-21 05:00:00,Empirical_Utility_Substation,120000,1,11500.0,29.02,73.0,0.0,19.3,0,0,6792.91
2024-06-21 06:00:00,Empirical_Utility_Substation,120000,1,11500.0,30.78,69.8,0.0,17.77,0,0,7140.29
2024-06-21 07:00:00,Empirical_Utility_Substation,120000,1,11500.0,32.02,54.4,139.8,19.01,0,0,7623.12
2024-06-21 08:00:00,Empirical_Utility_Substation,120000,1,11500.0,32.63,67.0,103.1,18.16,0,0,7948.69
2024-06-21 09:00:00,Empirical_Utility_Substation,120000,1,11500.0,34.46,61.9,407.9,16.69,0,0,8693.69
2024-06-21 10:00:00,Empirical_Utility_Substation,120000,1,11500.0,37.66,61.8,190.8,18.34,0,0,9747.91
2024-06-21 11:00:00,Empirical_Utility_Substation,120000,1,11500.0,39.48,57.7,393.6,22.01,0,0,10475.96
2024-06-21 12:00:00,Empirical_Utility_Substation,120000,1,11500.0,42.51,61.2,459.9,17.82,0,0,10949.75
2024-06-21 13:00:00,Empirical_Utility_Substation,120000,1,11500.0,43.91,56.1,127.5,21.6,0,0,11440.7
2024-06-21 14:00:00,Empirical_Utility_Substation,120000,1,11500.0,43.41,50.1,144.2,22.97,0,0,10920.86
2024-06-21 15:00:00,Empirical_Utility_Substation,120000,1,11500.0,43.91,46.2,293.0,19.66,0,0,10970.03
2024-06-21 16:00:00,Empirical_Utility_Substation,120000,1,11500.0,44.95,40.4,307.6,21.09,0,0,11336.64
2024-06-21 17:00:00,Empirical_Utility_Substation,120000,1,11500.0,43.2,57.9,88.0,23.47,0,0,11043.71
2024-06-21 18:00:00,Empirical_Utility_Substation,120000,1,11500.0,43.73,56.3,0.0,16.76,0,0,11817.12
2024-06-21 19:00:00,Empirical_Utility_Substation,120000,1,11500.0,41.82,42.6,0.0,20.51,0,0,11738.9
2024-06-21 20:00:00,Empirical_Utility_Substation,120000,1,11500.0,40.88,59.0,0.0,22.41,0,0,11658.42
2024-06-21 21:00:00,Empirical_Utility_Substation,120000,1,11500.0,39.42,56.6,0.0,20.91,0,0,11121.03
2024-06-21 22:00:00,Empirical_Utility_Substation,120000,1,11500.0,36.95,48.4,0.0,18.8,0,0,9928.14
2024-06-21 23:00:00,Empirical_Utility_Substation,120000,1,11500.0,34.05,56.9,0.0,20.21,0,0,8565.23
2024-06-22 00:00:00,Empirical_Utility_Substation,120000,1,11500.0,32.81,64.1,0.0,20.35,1,0,6733.64
2024-06-22 01:00:00,Empirical_Utility_Substation,120000,1,11500.0,31.21,63.3,0.0,19.36,1,0,6472.7
2024-06-22 02:00:00,Empirical_Utility_Substation,120000,1,11500.0,29.86,59.4,0.0,15.89,1,0,6160.5
2024-06-22 03:00:00,Empirical_Utility_Substation,120000,1,11500.0,29.95,60.8,0.0,19.78,1,0,6177.16
2024-06-22 04:00:00,Empirical_Utility_Substation,120000,1,11500.0,30.78,67.6,0.0,18.06,1,0,6555.45
2024-06-22 05:00:00,Empirical_Utility_Substation,120000,1,11500.0,30.22,57.2,0.0,17.11,1,0,6419.16
2024-06-22 06:00:00,Empirical_Utility_Substation,120000,1,11500.0,30.6,56.9,0.0,18.11,1,0,6556.9
2024-06-22 07:00:00,Empirical_Utility_Substation,120000,1,11500.0,31.95,74.4,82.8,15.77,1,0,7024.89
2024-06-22 08:00:00,Empirical_Utility_Substation,120000,1,11500.0,34.55,53.0,214.6,17.59,1,0,7763.02
2024-06-22 09:00:00,Empirical_Utility_Substation,120000,1,11500.0,35.1,68.2,287.4,20.61,1,0,8178.39
2024-06-22 10:00:00,Empirical_Utility_Substation,120000,1,11500.0,35.57,52.5,490.1,19.38,1,0,8488.37
2024-06-22 11:00:00,Empirical_Utility_Substation,120000,1,11500.0,37.55,44.5,574.0,23.62,1,0,9138.2
2024-06-22 12:00:00,Empirical_Utility_Substation,120000,1,11500.0,38.89,48.1,388.5,17.73,1,0,9267.49
2024-06-22 13:00:00,Empirical_Utility_Substation,120000,1,11500.0,39.37,52.1,491.0,19.4,1,0,9460.42
2024-06-22 14:00:00,Empirical_Utility_Substation,120000,1,11500.0,39.19,48.2,554.0,15.98,1,0,9107.47
2024-06-22 15:00:00,Empirical_Utility_Substation,120000,1,11500.0,41.11,58.7,252.8,19.76,1,0,9419.71
2024-06-22 16:00:00,Empirical_Utility_Substation,120000,1,11500.0,40.86,45.4,186.5,16.99,1,0,9212.84
2024-06-22 17:00:00,Empirical_Utility_Substation,120000,1,11500.0,41.78,40.5,91.7,18.69,1,0,9707.81
2024-06-22 18:00:00,Empirical_Utility_Substation,120000,1,11500.0,40.74,49.7,0.0,20.19,1,0,9666.4
2024-06-22 19:00:00,Empirical_Utility_Substation,120000,1,11500.0,39.54,47.2,0.0,17.47,1,0,9635.27
2024-06-22 20:00:00,Empirical_Utility_Substation,120000,1,11500.0,40.25,66.3,0.0,17.67,1,0,9875.11
2024-06-22 21:00:00,Empirical_Utility_Substation,120000,1,11500.0,39.69,63.6,0.0,20.93,1,0,9593.81
2024-06-22 22:00:00,Empirical_Utility_Substation,120000,1,11500.0,37.57,62.4,0.0,18.16,1,0,8808.54
2024-06-22 23:00:00,Empirical_Utility_Substation,120000,1,11500.0,34.54,63.0,0.0,17.99,1,0,7542.59
2024-06-23 00:00:00,Empirical_Utility_Substation,120000,1,11500.0,33.33,64.9,0.0,17.69,1,0,6819.05
2024-06-23 01:00:00,Empirical_Utility_Substation,120000,1,11500.0,31.46,55.7,0.0,17.09,1,0,6402.05
2024-06-23 02:00:00,Empirical_Utility_Substation,120000,1,11500.0,30.62,61.2,0.0,19.17,1,0,6253.23
2024-06-23 03:00:00,Empirical_Utility_Substation,120000,1,11500.0,29.55,62.3,0.0,16.78,1,0,6065.2
2024-06-23 04:00:00,Empirical_Utility_Substation,120000,1,11500.0,30.38,77.6,0.0,18.48,1,0,6165.46
2024-06-23 05:00:00,Empirical_Utility_Substation,120000,1,11500.0,31.79,73.3,0.0,15.39,1,0,6663.09
2024-06-23 06:00:00,Empirical_Utility_Substation,120000,1,11500.0,32.97,46.4,0.0,18.35,1,0,7032.06
2024-06-23 07:00:00,Empirical_Utility_Substation,120000,1,11500.0,36.22,59.4,99.3,18.44,1,0,8026.2
2024-06-23 08:00:00,Empirical_Utility_Substation,120000,1,11500.0,37.79,59.4,88.6,16.54,1,0,8882.89
2024-06-23 09:00:00,Empirical_Utility_Substation,120000,1,11500.0,38.63,62.1,308.9,18.54,1,0,9235.27
2024-06-23 10:00:00,Empirical_Utility_Substation,120000,1,11500.0,39.26,62.6,395.5,20.28,1,0,9573.89
2024-06-23 11:00:00,Empirical_Utility_Substation,120000,1,11500.0,41.06,56.7,265.3,16.69,1,0,9970.53
2024-06-23 12:00:00,Empirical_Utility_Substation,120000,1,11500.0,41.77,53.7,558.4,20.78,1,0,10123.87
2024-06-23 13:00:00,Empirical_Utility_Substation,120000,1,11500.0,41.47,45.0,516.6,21.07,1,0,9895.69
2024-06-23 14:00:00,Empirical_Utility_Substation,120000,1,11500.0,41.18,60.9,453.8,20.36,1,0,9612.04
2024-06-23 15:00:00,Empirical_Utility_Substation,120000,1,11500.0,41.27,52.1,253.8,21.05,1,0,9313.31
2024-06-23 16:00:00,Empirical_Utility_Substation,120000,1,11500.0,40.78,52.0,66.0,20.29,1,0,9114.71
2024-06-23 17:00:00,Empirical_Utility_Substation,120000,1,11500.0,40.14,54.2,110.4,17.47,1,0,9285.85
2024-06-23 18:00:00,Empirical_Utility_Substation,120000,1,11500.0,39.81,47.9,0.0,19.57,1,0,9608.64
2024-06-23 19:00:00,Empirical_Utility_Substation,120000,1,11500.0,37.89,57.7,0.0,16.2,1,0,9598.42
2024-06-23 20:00:00,Empirical_Utility_Substation,120000,1,11500.0,36.9,61.0,0.0,22.52,1,0,9421.01
2024-06-23 21:00:00,Empirical_Utility_Substation,120000,1,11500.0,36.15,54.1,0.0,16.72,1,0,9031.68
2024-06-23 22:00:00,Empirical_Utility_Substation,120000,1,11500.0,35.61,60.0,0.0,16.01,1,0,8715.24
2024-06-23 23:00:00,Empirical_Utility_Substation,120000,1,11500.0,32.34,55.4,0.0,19.96,1,0,7567.13
2024-06-24 00:00:00,Empirical_Utility_Substation,120000,1,11500.0,30.12,70.0,0.0,15.71,0,0,7540.47
2024-06-24 01:00:00,Empirical_Utility_Substation,120000,1,11500.0,29.59,68.6,0.0,19.17,0,0,7292.59
2024-06-24 02:00:00,Empirical_Utility_Substation,120000,1,11500.0,30.68,59.4,0.0,19.32,0,0,7622.71
2024-06-24 03:00:00,Empirical_Utility_Substation,120000,1,11500.0,29.59,57.1,0.0,17.81,0,0,7579.2
2024-06-24 04:00:00,Empirical_Utility_Substation,120000,1,11500.0,30.77,57.1,0.0,22.54,0,0,7650.5
2024-06-24 05:00:00,Empirical_Utility_Substation,120000,1,11500.0,30.7,58.4,0.0,19.75,0,0,7952.85
2024-06-24 06:00:00,Empirical_Utility_Substation,120000,1,11500.0,29.43,74.5,0.0,18.2,0,0,7562.26
2024-06-24 07:00:00,Empirical_Utility_Substation,120000,1,11500.0,30.58,55.7,136.1,18.22,0,0,7762.91
2024-06-24 08:00:00,Empirical_Utility_Substation,120000,1,11500.0,32.25,55.0,236.3,16.53,0,0,8570.11
2024-06-24 09:00:00,Empirical_Utility_Substation,120000,1,11500.0,34.08,54.0,284.0,17.4,0,0,9151.0
2024-06-24 10:00:00,Empirical_Utility_Substation,120000,1,11500.0,35.6,57.1,406.0,18.81,0,0,9609.54
2024-06-24 11:00:00,Empirical_Utility_Substation,120000,1,11500.0,36.64,58.3,284.5,16.36,0,0,9866.78
2024-06-24 12:00:00,Empirical_Utility_Substation,120000,1,11500.0,37.53,65.5,204.8,17.49,0,0,10038.94
2024-06-24 13:00:00,Empirical_Utility_Substation,120000,1,11500.0,39.43,47.4,387.9,17.64,0,0,10278.29
2024-06-24 14:00:00,Empirical_Utility_Substation,120000,1,11500.0,38.77,58.6,418.0,17.35,0,0,9844.3
2024-06-24 15:00:00,Empirical_Utility_Substation,120000,1,11500.0,36.88,58.0,403.7,20.46,0,0,9310.27
2024-06-24 16:00:00,Empirical_Utility_Substation,120000,1,11500.0,36.54,52.1,257.0,18.76,0,0,9456.62
2024-06-24 17:00:00,Empirical_Utility_Substation,120000,1,11500.0,36.0,52.3,136.6,16.19,0,0,9364.28
2024-06-24 18:00:00,Empirical_Utility_Substation,120000,1,11500.0,35.67,65.6,0.0,18.63,0,0,9774.99
2024-06-24 19:00:00,Empirical_Utility_Substation,120000,1,11500.0,34.21,57.4,0.0,15.43,0,0,9736.19
2024-06-24 20:00:00,Empirical_Utility_Substation,120000,1,11500.0,33.79,46.9,0.0,19.21,0,0,9772.15
2024-06-24 21:00:00,Empirical_Utility_Substation,120000,1,11500.0,31.18,64.5,0.0,18.24,0,0,9027.5
2024-06-24 22:00:00,Empirical_Utility_Substation,120000,1,11500.0,30.56,71.5,0.0,16.6,0,0,8456.26
2024-06-24 23:00:00,Empirical_Utility_Substation,120000,1,11500.0,28.96,66.1,0.0,18.26,0,0,7538.26
2024-06-25 00:00:00,Empirical_Utility_Substation,120000,1,11500.0,28.84,65.9,0.0,16.56,0,0,7101.61
2024-06-25 01:00:00,Empirical_Utility_Substation,120000,1,11500.0,27.5,62.8,0.0,14.78,0,0,6801.35
2024-06-25 02:00:00,Empirical_Utility_Substation,120000,1,11500.0,26.28,62.3,0.0,15.87,0,0,6676.26
2024-06-25 03:00:00,Empirical_Utility_Substation,120000,1,11500.0,26.38,71.4,0.0,15.69,0,0,6777.97
2024-06-25 04:00:00,Empirical_Utility_Substation,120000,1,11500.0,26.03,69.3,0.0,15.51,0,0,6740.34
2024-06-25 05:00:00,Empirical_Utility_Substation,120000,1,11500.0,27.42,62.6,0.0,19.59,0,0,6894.82
2024-06-25 06:00:00,Empirical_Utility_Substation,120000,1,11500.0,29.38,66.6,0.0,18.78,0,0,7210.09
2024-06-25 07:00:00,Empirical_Utility_Substation,120000,1,11500.0,30.14,56.2,126.0,20.06,0,0,7353.45
2024-06-25 08:00:00,Empirical_Utility_Substation,120000,1,11500.0,33.12,67.6,255.0,15.38,0,0,8237.41
2024-06-25 09:00:00,Empirical_Utility_Substation,120000,1,11500.0,32.98,64.3,382.4,19.6,0,0,8495.14
2024-06-25 10:00:00,Empirical_Utility_Substation,120000,1,11500.0,33.69,53.4,114.3,19.97,0,0,8783.63
2024-06-25 11:00:00,Empirical_Utility_Substation,120000,1,11500.0,35.46,76.0,381.7,23.29,0,0,9427.25
2024-06-25 12:00:00,Empirical_Utility_Substation,120000,1,11500.0,34.39,58.8,552.8,18.09,0,0,9131.72
2024-06-25 13:00:00,Empirical_Utility_Substation,120000,1,11500.0,34.36,57.1,534.2,19.36,0,0,8873.58
2024-06-25 14:00:00,Empirical_Utility_Substation,120000,1,11500.0,34.85,57.2,319.1,21.15,0,0,8824.81
2024-06-25 15:00:00,Empirical_Utility_Substation,120000,1,11500.0,35.68,60.3,204.9,21.07,0,0,8854.05
2024-06-25 16:00:00,Empirical_Utility_Substation,120000,1,11500.0,36.68,50.3,178.5,17.72,0,0,9073.78
2024-06-25 17:00:00,Empirical_Utility_Substation,120000,1,11500.0,36.04,64.3,131.3,16.89,0,0,9080.44
2024-06-25 18:00:00,Empirical_Utility_Substation,120000,1,11500.0,35.11,57.3,0.0,17.72,0,0,9310.14
2024-06-25 19:00:00,Empirical_Utility_Substation,120000,1,11500.0,34.71,55.1,0.0,21.29,0,0,9435.06
2024-06-25 20:00:00,Empirical_Utility_Substation,120000,1,11500.0,32.33,58.0,0.0,18.54,0,0,9097.06
2024-06-25 21:00:00,Empirical_Utility_Substation,120000,1,11500.0,30.72,69.7,0.0,18.34,0,0,8738.35
2024-06-25 22:00:00,Empirical_Utility_Substation,120000,1,11500.0,30.1,65.8,0.0,17.22,0,0,8362.97
2024-06-25 23:00:00,Empirical_Utility_Substation,120000,1,11500.0,28.9,53.3,0.0,17.61,0,0,7605.79
2024-06-26 00:00:00,Empirical_Utility_Substation,120000,1,11500.0,30.0,66.9,0.0,17.84,0,0,7402.25
2024-06-26 01:00:00,Empirical_Utility_Substation,120000,1,11500.0,28.23,60.7,0.0,17.25,0,0,7006.86
2024-06-26 02:00:00,Empirical_Utility_Substation,120000,1,11500.0,26.5,72.4,0.0,16.42,0,0,6607.19
2024-06-26 03:00:00,Empirical_Utility_Substation,120000,1,11500.0,26.84,55.0,0.0,15.71,0,0,6915.57
2024-06-26 04:00:00,Empirical_Utility_Substation,120000,1,11500.0,25.95,72.8,0.0,19.75,0,0,6922.31
2024-06-26 05:00:00,Empirical_Utility_Substation,120000,1,11500.0,26.99,64.8,0.0,16.48,0,0,7141.08
2024-06-26 06:00:00,Empirical_Utility_Substation,120000,1,11500.0,27.04,73.8,0.0,18.02,0,0,7277.43
2024-06-26 07:00:00,Empirical_Utility_Substation,120000,1,11500.0,28.52,63.5,93.6,16.98,0,0,7424.03
2024-06-26 08:00:00,Empirical_Utility_Substation,120000,1,11500.0,30.66,56.3,200.2,18.17,0,0,7937.76
2024-06-26 09:00:00,Empirical_Utility_Substation,120000,1,11500.0,32.1,48.4,305.2,18.83,0,0,8479.81
2024-06-26 10:00:00,Empirical_Utility_Substation,120000,1,11500.0,33.96,59.2,311.8,15.47,0,0,8909.32
2024-06-26 11:00:00,Empirical_Utility_Substation,120000,1,11500.0,34.12,60.1,395.0,18.2,0,0,8976.07
2024-06-26 12:00:00,Empirical_Utility_Substation,120000,1,11500.0,36.44,55.5,252.5,24.2,0,0,9223.09
2024-06-26 13:00:00,Empirical_Utility_Substation,120000,1,11500.0,39.42,68.2,517.4,16.95,0,0,9744.69
2024-06-26 14:00:00,Empirical_Utility_Substation,120000,1,11500.0,40.74,56.1,209.2,17.33,0,0,9780.31
2024-06-26 15:00:00,Empirical_Utility_Substation,120000,1,11500.0,42.47,33.4,453.1,19.71,0,0,10046.83
2024-06-26 16:00:00,Empirical_Utility_Substation,120000,1,11500.0,41.97,55.2,106.1,16.3,0,0,10105.13
2024-06-26 17:00:00,Empirical_Utility_Substation,120000,1,11500.0,41.64,58.9,110.4,18.01,0,0,10364.17
2024-06-26 18:00:00,Empirical_Utility_Substation,120000,1,11500.0,41.71,48.0,0.0,18.7,0,0,10936.05
2024-06-26 19:00:00,Empirical_Utility_Substation,120000,1,11500.0,39.3,61.0,0.0,18.02,0,0,10636.93
2024-06-26 20:00:00,Empirical_Utility_Substation,120000,1,11500.0,37.44,58.5,0.0,16.17,0,0,10497.78
2024-06-26 21:00:00,Empirical_Utility_Substation,120000,1,11500.0,35.34,68.8,0.0,18.36,0,0,9909.25
2024-06-26 22:00:00,Empirical_Utility_Substation,120000,1,11500.0,34.28,52.8,0.0,18.64,0,0,9234.56
2024-06-26 23:00:00,Empirical_Utility_Substation,120000,1,11500.0,33.02,64.0,0.0,19.4,0,0,8599.79
2024-06-27 00:00:00,Empirical_Utility_Substation,120000,1,11500.0,30.85,64.8,0.0,19.17,0,0,7301.03
2024-06-27 01:00:00,Empirical_Utility_Substation,120000,1,11500.0,29.64,68.7,0.0,18.46,0,0,7202.62
2024-06-27 02:00:00,Empirical_Utility_Substation,120000,1,11500.0,28.77,70.8,0.0,14.98,0,0,7028.29
2024-06-27 03:00:00,Empirical_Utility_Substation,120000,1,11500.0,29.23,72.3,0.0,16.84,0,0,7199.24
2024-06-27 04:00:00,Empirical_Utility_Substation,120000,1,11500.0,30.07,72.3,0.0,18.43,0,0,7316.18
2024-06-27 05:00:00,Empirical_Utility_Substation,120000,1,11500.0,29.38,67.9,0.0,16.22,0,0,7293.02
2024-06-27 06:00:00,Empirical_Utility_Substation,120000,1,11500.0,29.78,62.1,0.0,15.89,0,0,7472.24
2024-06-27 07:00:00,Empirical_Utility_Substation,120000,1,11500.0,29.93,57.5,113.2,19.5,0,0,7882.02
2024-06-27 08:00:00,Empirical_Utility_Substation,120000,1,11500.0,32.14,56.9,98.3,18.31,0,0,8404.62
2024-06-27 09:00:00,Empirical_Utility_Substation,120000,1,11500.0,35.42,50.9,224.1,16.02,0,0,9448.23
2024-06-27 10:00:00,Empirical_Utility_Substation,120000,1,11500.0,35.85,60.1,372.1,15.46,0,0,9842.23
2024-06-27 11:00:00,Empirical_Utility_Substation,120000,1,11500.0,36.87,50.9,242.3,19.23,0,0,10090.24
2024-06-27 12:00:00,Empirical_Utility_Substation,120000,1,11500.0,38.05,54.4,385.5,16.67,0,0,10164.29
2024-06-27 13:00:00,Empirical_Utility_Substation,120000,1,11500.0,37.72,58.6,476.4,15.87,0,0,9921.07
2024-06-27 14:00:00,Empirical_Utility_Substation,120000,1,11500.0,39.62,47.0,254.1,21.49,0,0,10044.17
2024-06-27 15:00:00,Empirical_Utility_Substation,120000,1,11500.0,39.28,58.2,402.0,18.22,0,0,9704.86
2024-06-27 16:00:00,Empirical_Utility_Substation,120000,1,11500.0,39.81,53.2,203.2,19.77,0,0,9729.89
2024-06-27 17:00:00,Empirical_Utility_Substation,120000,1,11500.0,39.88,60.1,88.9,15.79,0,0,10125.75
2024-06-27 18:00:00,Empirical_Utility_Substation,120000,1,11500.0,38.22,58.2,0.0,17.09,0,0,10142.67
2024-06-27 19:00:00,Empirical_Utility_Substation,120000,1,11500.0,38.54,42.9,0.0,20.03,0,0,10383.5
2024-06-27 20:00:00,Empirical_Utility_Substation,120000,1,11500.0,37.58,54.4,0.0,19.29,0,0,10353.24
2024-06-27 21:00:00,Empirical_Utility_Substation,120000,1,11500.0,36.89,58.7,0.0,17.22,0,0,10221.65
2024-06-27 22:00:00,Empirical_Utility_Substation,120000,1,11500.0,33.98,65.0,0.0,18.0,0,0,9009.97
2024-06-27 23:00:00,Empirical_Utility_Substation,120000,1,11500.0,32.62,61.4,0.0,15.26,0,0,8038.97
2024-06-28 00:00:00,Empirical_Utility_Substation,120000,1,11500.0,30.19,61.2,0.0,19.06,0,0,7212.49
2024-06-28 01:00:00,Empirical_Utility_Substation,120000,1,11500.0,31.6,63.4,0.0,19.28,0,0,7622.24
2024-06-28 02:00:00,Empirical_Utility_Substation,120000,1,11500.0,30.98,68.6,0.0,21.28,0,0,7504.94
2024-06-28 03:00:00,Empirical_Utility_Substation,120000,1,11500.0,29.97,57.0,0.0,18.88,0,0,7229.78
2024-06-28 04:00:00,Empirical_Utility_Substation,120000,1,11500.0,28.44,71.8,0.0,15.53,0,0,6987.79
2024-06-28 05:00:00,Empirical_Utility_Substation,120000,1,11500.0,30.88,64.4,0.0,16.59,0,0,7243.71
2024-06-28 06:00:00,Empirical_Utility_Substation,120000,1,11500.0,32.74,61.5,0.0,22.74,0,0,7552.72
2024-06-28 07:00:00,Empirical_Utility_Substation,120000,1,11500.0,32.5,51.6,86.3,18.56,0,0,7541.94
2024-06-28 08:00:00,Empirical_Utility_Substation,120000,1,11500.0,33.89,54.2,86.4,19.78,0,0,8371.15
2024-06-28 09:00:00,Empirical_Utility_Substation,120000,1,11500.0,34.65,66.6,386.4,15.49,0,0,8998.3
2024-06-28 10:00:00,Empirical_Utility_Substation,120000,1,11500.0,37.17,62.1,428.1,22.07,0,0,9916.33
2024-06-28 11:00:00,Empirical_Utility_Substation,120000,1,11500.0,38.55,58.8,453.0,18.18,0,0,10460.69
2024-06-28 12:00:00,Empirical_Utility_Substation,120000,1,11500.0,37.88,47.8,536.6,20.97,0,0,10071.61
2024-06-28 13:00:00,Empirical_Utility_Substation,120000,1,11500.0,39.27,54.4,401.0,22.13,0,0,10347.49
2024-06-28 14:00:00,Empirical_Utility_Substation,120000,1,11500.0,40.92,46.5,449.4,15.87,0,0,10472.68
2024-06-28 15:00:00,Empirical_Utility_Substation,120000,1,11500.0,41.27,59.2,104.7,14.89,0,0,10116.92
2024-06-28 16:00:00,Empirical_Utility_Substation,120000,1,11500.0,42.12,61.9,84.3,19.78,0,0,10511.83
2024-06-28 17:00:00,Empirical_Utility_Substation,120000,1,11500.0,39.81,66.7,50.2,18.74,0,0,10080.8
2024-06-28 18:00:00,Empirical_Utility_Substation,120000,1,11500.0,39.71,59.5,0.0,15.08,0,0,10436.81
2024-06-28 19:00:00,Empirical_Utility_Substation,120000,1,11500.0,36.8,56.9,0.0,22.48,0,0,10032.99
2024-06-28 20:00:00,Empirical_Utility_Substation,120000,1,11500.0,36.14,57.4,0.0,14.92,0,0,9879.63
2024-06-28 21:00:00,Empirical_Utility_Substation,120000,1,11500.0,33.69,70.4,0.0,18.25,0,0,9229.49
2024-06-28 22:00:00,Empirical_Utility_Substation,120000,1,11500.0,31.7,61.8,0.0,15.65,0,0,8140.99
2024-06-28 23:00:00,Empirical_Utility_Substation,120000,1,11500.0,30.28,56.6,0.0,19.11,0,0,7514.26
2024-06-29 00:00:00,Empirical_Utility_Substation,120000,1,11500.0,31.05,69.6,0.0,15.61,1,0,6544.91
2024-06-29 01:00:00,Empirical_Utility_Substation,120000,1,11500.0,30.76,62.0,0.0,16.12,1,0,6373.98
2024-06-29 02:00:00,Empirical_Utility_Substation,120000,1,11500.0,31.23,63.8,0.0,17.44,1,0,6573.27
2024-06-29 03:00:00,Empirical_Utility_Substation,120000,1,11500.0,30.69,62.5,0.0,18.06,1,0,6503.17
2024-06-29 04:00:00,Empirical_Utility_Substation,120000,1,11500.0,29.51,66.4,0.0,17.46,1,0,6328.46
2024-06-29 05:00:00,Empirical_Utility_Substation,120000,1,11500.0,29.01,72.5,0.0,18.26,1,0,6172.07
2024-06-29 06:00:00,Empirical_Utility_Substation,120000,1,11500.0,28.29,66.2,0.0,15.7,1,0,6169.88
2024-06-29 07:00:00,Empirical_Utility_Substation,120000,1,11500.0,30.85,66.0,34.2,16.62,1,0,6609.92
2024-06-29 08:00:00,Empirical_Utility_Substation,120000,1,11500.0,31.87,59.4,208.5,20.43,1,0,6956.09
2024-06-29 09:00:00,Empirical_Utility_Substation,120000,1,11500.0,34.39,48.5,96.6,15.78,1,0,8036.06
2024-06-29 10:00:00,Empirical_Utility_Substation,120000,1,11500.0,34.7,57.4,374.0,19.7,1,0,8432.91
2024-06-29 11:00:00,Empirical_Utility_Substation,120000,1,11500.0,36.29,59.5,188.8,16.56,1,0,8988.1
2024-06-29 12:00:00,Empirical_Utility_Substation,120000,1,11500.0,36.22,56.2,383.4,18.31,1,0,8884.19
2024-06-29 13:00:00,Empirical_Utility_Substation,120000,1,11500.0,37.52,48.4,512.5,17.23,1,0,8967.74
2024-06-29 14:00:00,Empirical_Utility_Substation,120000,1,11500.0,38.38,63.1,380.1,17.75,1,0,8884.23
2024-06-29 15:00:00,Empirical_Utility_Substation,120000,1,11500.0,37.86,47.9,296.8,17.36,1,0,8453.84
2024-06-29 16:00:00,Empirical_Utility_Substation,120000,1,11500.0,39.64,51.0,182.6,16.81,1,0,8994.85
2024-06-29 17:00:00,Empirical_Utility_Substation,120000,1,11500.0,39.56,55.1,98.9,15.8,1,0,9135.7
2024-06-29 18:00:00,Empirical_Utility_Substation,120000,1,11500.0,39.22,50.8,0.0,19.54,1,0,9448.34
2024-06-29 19:00:00,Empirical_Utility_Substation,120000,1,11500.0,37.9,61.9,0.0,18.38,1,0,9500.09
2024-06-29 20:00:00,Empirical_Utility_Substation,120000,1,11500.0,36.59,48.9,0.0,15.35,1,0,9335.42
2024-06-29 21:00:00,Empirical_Utility_Substation,120000,1,11500.0,36.18,53.4,0.0,20.61,1,0,9058.33
2024-06-29 22:00:00,Empirical_Utility_Substation,120000,1,11500.0,35.53,53.7,0.0,22.32,1,0,8206.11
2024-06-29 23:00:00,Empirical_Utility_Substation,120000,1,11500.0,33.83,54.4,0.0,17.72,1,0,7317.94
2024-06-30 00:00:00,Empirical_Utility_Substation,120000,1,11500.0,32.9,62.7,0.0,15.04,1,0,6444.48
2024-06-30 01:00:00,Empirical_Utility_Substation,120000,1,11500.0,32.35,64.3,0.0,19.05,1,0,6504.01
2024-06-30 02:00:00,Empirical_Utility_Substation,120000,1,11500.0,31.05,57.9,0.0,21.22,1,0,6273.32
2024-06-30 03:00:00,Empirical_Utility_Substation,120000,1,11500.0,30.69,59.0,0.0,16.06,1,0,5952.25
2024-06-30 04:00:00,Empirical_Utility_Substation,120000,1,11500.0,31.4,57.8,0.0,19.3,1,0,6171.98
2024-06-30 05:00:00,Empirical_Utility_Substation,120000,1,11500.0,31.62,62.4,0.0,16.19,1,0,6213.28
2024-06-30 06:00:00,Empirical_Utility_Substation,120000,1,11500.0,30.85,64.7,0.0,15.67,1,0,6078.6
2024-06-30 07:00:00,Empirical_Utility_Substation,120000,1,11500.0,31.6,60.2,109.7,20.73,1,0,6369.2
2024-06-30 08:00:00,Empirical_Utility_Substation,120000,1,11500.0,33.61,75.0,66.0,17.84,1,0,7098.87
2024-06-30 09:00:00,Empirical_Utility_Substation,120000,1,11500.0,35.06,61.3,121.5,22.35,1,0,7791.86
2024-06-30 10:00:00,Empirical_Utility_Substation,120000,1,11500.0,35.42,62.3,196.5,16.93,1,0,8072.4
2024-06-30 11:00:00,Empirical_Utility_Substation,120000,1,11500.0,37.15,61.7,541.9,15.73,1,0,8548.12
2024-06-30 12:00:00,Empirical_Utility_Substation,120000,1,11500.0,36.11,59.6,548.2,18.51,1,0,8216.67
2024-06-30 13:00:00,Empirical_Utility_Substation,120000,1,11500.0,37.88,56.9,471.9,14.62,1,0,8353.14
2024-06-30 14:00:00,Empirical_Utility_Substation,120000,1,11500.0,37.48,63.5,282.2,20.61,1,0,8167.43
2024-06-30 15:00:00,Empirical_Utility_Substation,120000,1,11500.0,38.3,61.0,96.8,17.91,1,0,8201.03
2024-06-30 16:00:00,Empirical_Utility_Substation,120000,1,11500.0,38.34,62.2,133.4,17.04,1,0,8204.36
2024-06-30 17:00:00,Empirical_Utility_Substation,120000,1,11500.0,39.11,53.7,43.6,16.08,1,0,8723.1
2024-06-30 18:00:00,Empirical_Utility_Substation,120000,1,11500.0,38.07,58.2,0.0,16.97,1,0,8928.27
2024-06-30 19:00:00,Empirical_Utility_Substation,120000,1,11500.0,36.84,59.9,0.0,17.18,1,0,9168.57
2024-06-30 20:00:00,Empirical_Utility_Substation,120000,1,11500.0,36.14,51.8,0.0,15.28,1,0,8972.5
2024-06-30 21:00:00,Empirical_Utility_Substation,120000,1,11500.0,35.0,48.4,0.0,19.45,1,0,8659.24
2024-06-30 22:00:00,Empirical_Utility_Substation,120000,1,11500.0,32.58,69.8,0.0,19.9,1,0,7861.81
2024-06-30 23:00:00,Empirical_Utility_Substation,120000,1,11500.0,30.42,61.4,0.0,15.56,1,0,7077.99
2024-07-01 00:00:00,Empirical_Utility_Substation,120000,1,11500.0,29.32,82.4,0.0,15.73,0,0,6983.48
2024-07-01 01:00:00,Empirical_Utility_Substation,120000,1,11500.0,28.39,77.0,0.0,14.87,0,0,6867.25
2024-07-01 02:00:00,Empirical_Utility_Substation,120000,1,11500.0,29.48,67.1,0.0,20.24,0,0,7137.09
2024-07-01 03:00:00,Empirical_Utility_Substation,120000,1,11500.0,29.96,61.9,0.0,17.8,0,0,7195.7
2024-07-01 04:00:00,Empirical_Utility_Substation,120000,1,11500.0,30.22,66.5,0.0,18.23,0,0,7145.97
2024-07-01 05:00:00,Empirical_Utility_Substation,120000,1,11500.0,30.13,71.6,0.0,15.64,0,0,7261.17
2024-07-01 06:00:00,Empirical_Utility_Substation,120000,1,11500.0,30.04,74.0,0.0,17.83,0,0,7156.41
2024-07-01 07:00:00,Empirical_Utility_Substation,120000,1,11500.0,31.26,70.9,98.4,16.49,0,0,7429.73
2024-07-01 08:00:00,Empirical_Utility_Substation,120000,1,11500.0,31.98,73.9,114.7,18.79,0,0,7879.79
2024-07-01 09:00:00,Empirical_Utility_Substation,120000,1,11500.0,33.38,71.7,269.0,19.2,0,0,8414.01
2024-07-01 10:00:00,Empirical_Utility_Substation,120000,1,11500.0,34.68,72.5,258.0,16.36,0,0,8781.81
2024-07-01 11:00:00,Empirical_Utility_Substation,120000,1,11500.0,36.15,70.1,464.1,15.36,0,0,9325.08
2024-07-01 12:00:00,Empirical_Utility_Substation,120000,1,11500.0,37.26,67.4,308.8,18.37,0,0,9564.57
2024-07-01 13:00:00,Empirical_Utility_Substation,120000,1,11500.0,38.44,57.3,427.7,16.44,0,0,9642.77
2024-07-01 14:00:00,Empirical_Utility_Substation,120000,1,11500.0,39.08,76.4,162.0,18.04,0,0,9683.31
2024-07-01 15:00:00,Empirical_Utility_Substation,120000,1,11500.0,39.34,65.9,222.1,20.9,0,0,9570.21
2024-07-01 16:00:00,Empirical_Utility_Substation,120000,1,11500.0,37.67,64.7,129.2,15.45,0,0,9228.67
2024-07-01 17:00:00,Empirical_Utility_Substation,120000,1,11500.0,37.04,68.1,97.6,17.37,0,0,9364.99
2024-07-01 18:00:00,Empirical_Utility_Substation,120000,1,11500.0,36.71,54.9,0.0,18.5,0,0,9641.84
2024-07-01 19:00:00,Empirical_Utility_Substation,120000,1,11500.0,34.84,68.6,0.0,16.12,0,0,9583.68
2024-07-01 20:00:00,Empirical_Utility_Substation,120000,1,11500.0,32.95,52.5,0.0,17.3,0,0,9495.52
2024-07-01 21:00:00,Empirical_Utility_Substation,120000,1,11500.0,31.91,70.3,0.0,16.57,0,0,9015.36
2024-07-01 22:00:00,Empirical_Utility_Substation,120000,1,11500.0,27.86,78.5,0.0,17.35,0,0,7748.31
2024-07-01 23:00:00,Empirical_Utility_Substation,120000,1,11500.0,27.85,78.9,0.0,16.93,0,0,7305.45
2024-07-02 00:00:00,Empirical_Utility_Substation,120000,1,11500.0,26.68,63.1,0.0,21.15,0,0,6573.69
2024-07-02 01:00:00,Empirical_Utility_Substation,120000,1,11500.0,24.5,79.7,0.0,18.99,0,0,6389.6
2024-07-02 02:00:00,Empirical_Utility_Substation,120000,1,11500.0,24.61,85.6,0.0,15.12,0,0,6244.84
2024-07-02 03:00:00,Empirical_Utility_Substation,120000,1,11500.0,24.63,71.2,0.0,19.19,0,0,6327.49
2024-07-02 04:00:00,Empirical_Utility_Substation,120000,1,11500.0,24.21,79.2,0.0,20.94,0,0,6592.9
2024-07-02 05:00:00,Empirical_Utility_Substation,120000,1,11500.0,25.09,71.3,0.0,15.01,0,0,6523.0
2024-07-02 06:00:00,Empirical_Utility_Substation,120000,1,11500.0,26.33,72.2,0.0,18.59,0,0,6805.24
2024-07-02 07:00:00,Empirical_Utility_Substation,120000,1,11500.0,28.3,71.5,132.4,16.93,0,0,7148.56
2024-07-02 08:00:00,Empirical_Utility_Substation,120000,1,11500.0,30.4,63.3,213.4,17.94,0,0,7823.8
2024-07-02 09:00:00,Empirical_Utility_Substation,120000,1,11500.0,31.69,72.0,253.8,16.45,0,0,8261.11
2024-07-02 10:00:00,Empirical_Utility_Substation,120000,1,11500.0,32.17,70.3,393.5,23.14,0,0,8923.63
2024-07-02 11:00:00,Empirical_Utility_Substation,120000,1,11500.0,33.83,76.0,127.5,17.49,0,0,9292.66
2024-07-02 12:00:00,Empirical_Utility_Substation,120000,1,11500.0,35.79,70.3,255.9,19.05,0,0,9876.69
2024-07-02 13:00:00,Empirical_Utility_Substation,120000,1,11500.0,37.27,67.6,315.4,19.17,0,0,10072.26
2024-07-02 14:00:00,Empirical_Utility_Substation,120000,1,11500.0,38.72,60.0,500.6,20.53,0,0,9882.4
2024-07-02 15:00:00,Empirical_Utility_Substation,120000,1,11500.0,39.75,56.5,221.0,16.77,0,0,9965.99
2024-07-02 16:00:00,Empirical_Utility_Substation,120000,1,11500.0,40.21,71.2,237.3,15.52,0,0,9830.62
2024-07-02 17:00:00,Empirical_Utility_Substation,120000,1,11500.0,38.35,66.0,113.5,15.54,0,0,9532.03
2024-07-02 18:00:00,Empirical_Utility_Substation,120000,1,11500.0,36.69,62.3,0.0,16.68,0,0,9656.74
2024-07-02 19:00:00,Empirical_Utility_Substation,120000,1,11500.0,35.7,73.4,0.0,16.54,0,0,9863.47
2024-07-02 20:00:00,Empirical_Utility_Substation,120000,1,11500.0,33.2,64.8,0.0,16.01,0,0,9339.04
2024-07-02 21:00:00,Empirical_Utility_Substation,120000,1,11500.0,33.51,74.4,0.0,14.29,0,0,9391.78
2024-07-02 22:00:00,Empirical_Utility_Substation,120000,1,11500.0,31.75,60.8,0.0,21.63,0,0,8641.54
2024-07-02 23:00:00,Empirical_Utility_Substation,120000,1,11500.0,29.81,74.9,0.0,16.71,0,0,7815.96
2024-07-03 00:00:00,Empirical_Utility_Substation,120000,1,11500.0,28.22,77.3,0.0,21.42,0,0,7009.05
2024-07-03 01:00:00,Empirical_Utility_Substation,120000,1,11500.0,26.77,69.8,0.0,16.65,0,0,6731.96
2024-07-03 02:00:00,Empirical_Utility_Substation,120000,1,11500.0,25.94,65.3,0.0,21.5,0,0,6666.96
2024-07-03 03:00:00,Empirical_Utility_Substation,120000,1,11500.0,25.29,85.6,0.0,17.9,0,0,6439.43
2024-07-03 04:00:00,Empirical_Utility_Substation,120000,1,11500.0,23.97,77.7,0.0,18.53,0,0,6302.8
2024-07-03 05:00:00,Empirical_Utility_Substation,120000,1,11500.0,24.03,77.0,0.0,19.25,0,0,6353.3
2024-07-03 06:00:00,Empirical_Utility_Substation,120000,1,11500.0,27.54,78.8,0.0,17.33,0,0,7033.84
2024-07-03 07:00:00,Empirical_Utility_Substation,120000,1,11500.0,28.9,80.1,79.7,17.82,0,0,7357.48
2024-07-03 08:00:00,Empirical_Utility_Substation,120000,1,11500.0,32.54,71.9,152.0,15.39,0,0,8096.79
2024-07-03 09:00:00,Empirical_Utility_Substation,120000,1,11500.0,33.31,71.9,352.9,18.93,0,0,8646.81
2024-07-03 10:00:00,Empirical_Utility_Substation,120000,1,11500.0,33.37,66.1,132.6,16.18,0,0,9105.52
2024-07-03 11:00:00,Empirical_Utility_Substation,120000,1,11500.0,34.24,65.2,535.5,15.77,0,0,9257.06
2024-07-03 12:00:00,Empirical_Utility_Substation,120000,1,11500.0,37.23,56.9,417.3,17.68,0,0,9823.44
2024-07-03 13:00:00,Empirical_Utility_Substation,120000,1,11500.0,39.04,67.7,152.4,17.5,0,0,10010.52
2024-07-03 14:00:00,Empirical_Utility_Substation,120000,1,11500.0,38.21,54.3,296.5,16.38,0,0,9419.75
2024-07-03 15:00:00,Empirical_Utility_Substation,120000,1,11500.0,39.08,67.1,318.5,15.53,0,0,9417.24
2024-07-03 16:00:00,Empirical_Utility_Substation,120000,1,11500.0,39.38,62.9,255.5,19.26,0,0,9699.35
2024-07-03 17:00:00,Empirical_Utility_Substation,120000,1,11500.0,39.66,65.1,78.0,15.69,0,0,10239.33
2024-07-03 18:00:00,Empirical_Utility_Substation,120000,1,11500.0,39.22,64.6,0.0,16.66,0,0,10400.54
2024-07-03 19:00:00,Empirical_Utility_Substation,120000,1,11500.0,38.44,56.7,0.0,15.7,0,0,10440.64
2024-07-03 20:00:00,Empirical_Utility_Substation,120000,1,11500.0,36.49,64.1,0.0,17.79,0,0,10120.88
2024-07-03 21:00:00,Empirical_Utility_Substation,120000,1,11500.0,34.76,78.6,0.0,18.07,0,0,9412.88
2024-07-03 22:00:00,Empirical_Utility_Substation,120000,1,11500.0,31.78,76.4,0.0,16.8,0,0,8210.85
2024-07-03 23:00:00,Empirical_Utility_Substation,120000,1,11500.0,29.98,78.2,0.0,20.51,0,0,7450.57
2024-07-04 00:00:00,Empirical_Utility_Substation,120000,1,11500.0,28.69,79.9,0.0,21.54,0,0,6726.45
2024-07-04 01:00:00,Empirical_Utility_Substation,120000,1,11500.0,28.92,66.1,0.0,21.39,0,0,6881.94
2024-07-04 02:00:00,Empirical_Utility_Substation,120000,1,11500.0,28.56,70.7,0.0,15.45,0,0,6806.28
2024-07-04 03:00:00,Empirical_Utility_Substation,120000,1,11500.0,28.93,71.2,0.0,17.68,0,0,6917.45
2024-07-04 04:00:00,Empirical_Utility_Substation,120000,1,11500.0,29.7,76.5,0.0,17.01,0,0,7108.77
2024-07-04 05:00:00,Empirical_Utility_Substation,120000,1,11500.0,29.37,76.5,0.0,17.3,0,0,7283.97
2024-07-04 06:00:00,Empirical_Utility_Substation,120000,1,11500.0,29.5,65.4,0.0,16.99,0,0,7241.06
2024-07-04 07:00:00,Empirical_Utility_Substation,120000,1,11500.0,28.9,69.6,114.7,17.18,0,0,7209.55
2024-07-04 08:00:00,Empirical_Utility_Substation,120000,1,11500.0,30.75,76.7,208.0,15.83,0,0,7746.51
2024-07-04 09:00:00,Empirical_Utility_Substation,120000,1,11500.0,32.39,54.8,412.2,21.21,0,0,8481.9
2024-07-04 10:00:00,Empirical_Utility_Substation,120000,1,11500.0,33.63,66.9,420.6,15.04,0,0,9108.74
2024-07-04 11:00:00,Empirical_Utility_Substation,120000,1,11500.0,34.8,56.7,418.5,15.7,0,0,9453.29
2024-07-04 12:00:00,Empirical_Utility_Substation,120000,1,11500.0,35.42,64.9,391.4,19.02,0,0,9550.42
2024-07-04 13:00:00,Empirical_Utility_Substation,120000,1,11500.0,36.55,61.1,317.5,17.49,0,0,9543.7
2024-07-04 14:00:00,Empirical_Utility_Substation,120000,1,11500.0,37.35,67.8,209.7,15.95,0,0,9353.63
2024-07-04 15:00:00,Empirical_Utility_Substation,120000,1,11500.0,37.36,51.2,404.4,15.97,0,0,9142.05
2024-07-04 16:00:00,Empirical_Utility_Substation,120000,1,11500.0,37.13,64.2,204.4,17.55,0,0,9182.7
2024-07-04 17:00:00,Empirical_Utility_Substation,120000,1,11500.0,36.53,51.6,72.2,14.2,0,0,9164.56
2024-07-04 18:00:00,Empirical_Utility_Substation,120000,1,11500.0,34.35,63.0,0.0,15.24,0,0,8878.24
2024-07-04 19:00:00,Empirical_Utility_Substation,120000,1,11500.0,34.82,61.5,0.0,16.64,0,0,9406.85
2024-07-04 20:00:00,Empirical_Utility_Substation,120000,1,11500.0,34.29,58.0,0.0,21.61,0,0,9618.83
2024-07-04 21:00:00,Empirical_Utility_Substation,120000,1,11500.0,34.29,66.7,0.0,19.54,0,0,9438.67
2024-07-04 22:00:00,Empirical_Utility_Substation,120000,1,11500.0,31.55,70.5,0.0,16.13,0,0,8339.64
2024-07-04 23:00:00,Empirical_Utility_Substation,120000,1,11500.0,30.51,72.6,0.0,17.56,0,0,7754.44
2024-07-05 00:00:00,Empirical_Utility_Substation,120000,1,11500.0,29.53,81.3,0.0,15.59,0,0,7136.75
2024-07-05 01:00:00,Empirical_Utility_Substation,120000,1,11500.0,27.88,76.3,0.0,17.52,0,0,6913.42
2024-07-05 02:00:00,Empirical_Utility_Substation,120000,1,11500.0,28.11,80.1,0.0,17.16,0,0,6766.4
2024-07-05 03:00:00,Empirical_Utility_Substation,120000,1,11500.0,27.59,69.0,0.0,16.82,0,0,6524.96
2024-07-05 04:00:00,Empirical_Utility_Substation,120000,1,11500.0,26.92,76.6,0.0,14.9,0,0,6599.36
2024-07-05 05:00:00,Empirical_Utility_Substation,120000,1,11500.0,27.19,83.3,0.0,21.75,0,0,6692.51
2024-07-05 06:00:00,Empirical_Utility_Substation,120000,1,11500.0,27.09,73.1,0.0,16.83,0,0,6856.0
2024-07-05 07:00:00,Empirical_Utility_Substation,120000,1,11500.0,28.19,74.1,105.3,15.72,0,0,7078.98
2024-07-05 08:00:00,Empirical_Utility_Substation,120000,1,11500.0,29.12,69.3,256.8,15.28,0,0,7503.49
2024-07-05 09:00:00,Empirical_Utility_Substation,120000,1,11500.0,30.04,74.8,187.6,15.59,0,0,7999.93
2024-07-05 10:00:00,Empirical_Utility_Substation,120000,1,11500.0,31.79,61.4,371.5,15.62,0,0,8685.11
2024-07-05 11:00:00,Empirical_Utility_Substation,120000,1,11500.0,34.47,68.7,145.3,14.41,0,0,9304.05
2024-07-05 12:00:00,Empirical_Utility_Substation,120000,1,11500.0,36.8,65.0,380.6,15.28,0,0,9713.53
2024-07-05 13:00:00,Empirical_Utility_Substation,120000,1,11500.0,38.06,61.4,414.5,18.21,0,0,9883.29
2024-07-05 14:00:00,Empirical_Utility_Substation,120000,1,11500.0,39.91,60.8,222.2,18.05,0,0,10151.5
2024-07-05 15:00:00,Empirical_Utility_Substation,120000,1,11500.0,38.89,66.8,291.2,16.79,0,0,9646.47
2024-07-05 16:00:00,Empirical_Utility_Substation,120000,1,11500.0,38.62,73.0,246.2,16.38,0,0,9645.88
2024-07-05 17:00:00,Empirical_Utility_Substation,120000,1,11500.0,38.39,49.6,72.6,18.9,0,0,9792.94
2024-07-05 18:00:00,Empirical_Utility_Substation,120000,1,11500.0,37.61,62.5,0.0,15.76,0,0,9999.36
2024-07-05 19:00:00,Empirical_Utility_Substation,120000,1,11500.0,38.25,65.9,0.0,20.01,0,0,10743.88
2024-07-05 20:00:00,Empirical_Utility_Substation,120000,1,11500.0,34.76,75.1,0.0,17.87,0,0,10028.28
2024-07-05 21:00:00,Empirical_Utility_Substation,120000,1,11500.0,32.56,74.6,0.0,16.02,0,0,9336.6
2024-07-05 22:00:00,Empirical_Utility_Substation,120000,1,11500.0,32.94,67.8,0.0,16.65,0,0,9062.93
2024-07-05 23:00:00,Empirical_Utility_Substation,120000,1,11500.0,31.56,72.8,0.0,14.66,0,0,8339.97
2024-07-06 00:00:00,Empirical_Utility_Substation,120000,1,11500.0,29.99,58.9,0.0,19.93,1,0,6739.82
2024-07-06 01:00:00,Empirical_Utility_Substation,120000,1,11500.0,28.69,66.4,0.0,14.56,1,0,6311.51
2024-07-06 02:00:00,Empirical_Utility_Substation,120000,1,11500.0,29.09,62.0,0.0,18.92,1,0,6159.61
2024-07-06 03:00:00,Empirical_Utility_Substation,120000,1,11500.0,30.01,74.7,0.0,17.56,1,0,6347.34
2024-07-06 04:00:00,Empirical_Utility_Substation,120000,1,11500.0,30.6,69.0,0.0,18.87,1,0,6667.4
2024-07-06 05:00:00,Empirical_Utility_Substation,120000,1,11500.0,30.66,67.0,0.0,18.9,1,0,6529.81
2024-07-06 06:00:00,Empirical_Utility_Substation,120000,1,11500.0,31.26,74.0,0.0,16.21,1,0,6839.01
2024-07-06 07:00:00,Empirical_Utility_Substation,120000,1,11500.0,31.75,67.3,63.2,14.99,1,0,7351.41
2024-07-06 08:00:00,Empirical_Utility_Substation,120000,1,11500.0,32.35,63.8,159.1,18.49,1,0,7632.88
2024-07-06 09:00:00,Empirical_Utility_Substation,120000,1,11500.0,33.86,63.8,223.9,17.1,1,0,8266.55
2024-07-06 10:00:00,Empirical_Utility_Substation,120000,1,11500.0,35.8,64.0,115.6,17.72,1,0,8626.69
2024-07-06 11:00:00,Empirical_Utility_Substation,120000,1,11500.0,38.09,68.8,259.7,18.32,1,0,9271.62
2024-07-06 12:00:00,Empirical_Utility_Substation,120000,1,11500.0,39.93,61.0,425.6,17.03,1,0,9592.35
2024-07-06 13:00:00,Empirical_Utility_Substation,120000,1,11500.0,40.86,54.5,500.4,16.24,1,0,9618.55
2024-07-06 14:00:00,Empirical_Utility_Substation,120000,1,11500.0,40.31,58.8,282.9,17.15,1,0,9077.2
2024-07-06 15:00:00,Empirical_Utility_Substation,120000,1,11500.0,40.13,56.3,297.0,16.41,1,0,8983.58
2024-07-06 16:00:00,Empirical_Utility_Substation,120000,1,11500.0,39.05,68.4,225.2,16.06,1,0,8704.28
2024-07-06 17:00:00,Empirical_Utility_Substation,120000,1,11500.0,38.69,63.9,99.0,14.46,1,0,8805.42
2024-07-06 18:00:00,Empirical_Utility_Substation,120000,1,11500.0,36.44,69.3,0.0,15.76,1,0,8559.35
2024-07-06 19:00:00,Empirical_Utility_Substation,120000,1,11500.0,35.85,59.1,0.0,16.11,1,0,8954.07
2024-07-06 20:00:00,Empirical_Utility_Substation,120000,1,11500.0,33.99,76.5,0.0,16.06,1,0,8765.37
2024-07-06 21:00:00,Empirical_Utility_Substation,120000,1,11500.0,31.28,63.1,0.0,16.47,1,0,8012.62
2024-07-06 22:00:00,Empirical_Utility_Substation,120000,1,11500.0,31.46,72.8,0.0,16.82,1,0,7585.65
2024-07-06 23:00:00,Empirical_Utility_Substation,120000,1,11500.0,30.99,71.0,0.0,14.03,1,0,7122.96
2024-07-07 00:00:00,Empirical_Utility_Substation,120000,1,11500.0,29.91,71.8,0.0,16.99,1,0,6520.27
2024-07-07 01:00:00,Empirical_Utility_Substation,120000,1,11500.0,29.45,62.6,0.0,17.09,1,0,6736.43
2024-07-07 02:00:00,Empirical_Utility_Substation,120000,1,11500.0,29.3,66.7,0.0,16.64,1,0,6562.12
2024-07-07 03:00:00,Empirical_Utility_Substation,120000,1,11500.0,28.22,67.1,0.0,16.99,1,0,6226.43
2024-07-07 04:00:00,Empirical_Utility_Substation,120000,1,11500.0,29.17,75.3,0.0,16.75,1,0,6456.67
2024-07-07 05:00:00,Empirical_Utility_Substation,120000,1,11500.0,28.19,69.9,0.0,17.64,1,0,6379.3
2024-07-07 06:00:00,Empirical_Utility_Substation,120000,1,11500.0,27.93,77.5,0.0,18.78,1,0,6365.34
2024-07-07 07:00:00,Empirical_Utility_Substation,120000,1,11500.0,30.15,64.3,79.1,17.26,1,0,6946.86
2024-07-07 08:00:00,Empirical_Utility_Substation,120000,1,11500.0,32.92,60.9,252.5,18.95,1,0,7692.62
2024-07-07 09:00:00,Empirical_Utility_Substation,120000,1,11500.0,33.42,60.5,224.3,18.92,1,0,8169.45
2024-07-07 10:00:00,Empirical_Utility_Substation,120000,1,11500.0,34.18,68.4,263.5,14.67,1,0,8654.89
2024-07-07 11:00:00,Empirical_Utility_Substation,120000,1,11500.0,36.24,70.2,309.6,13.5,1,0,9231.84
2024-07-07 12:00:00,Empirical_Utility_Substation,120000,1,11500.0,37.59,58.6,351.9,17.79,1,0,9465.55
2024-07-07 13:00:00,Empirical_Utility_Substation,120000,1,11500.0,37.33,67.7,255.1,16.15,1,0,9126.51
2024-07-07 14:00:00,Empirical_Utility_Substation,120000,1,11500.0,39.8,58.2,294.8,18.3,1,0,9558.35
2024-07-07 15:00:00,Empirical_Utility_Substation,120000,1,11500.0,39.87,57.6,407.1,18.35,1,0,9198.33
2024-07-07 16:00:00,Empirical_Utility_Substation,120000,1,11500.0,41.74,60.1,82.2,17.63,1,0,9803.89
2024-07-07 17:00:00,Empirical_Utility_Substation,120000,1,11500.0,41.25,67.8,42.0,16.6,1,0,9955.32
2024-07-07 18:00:00,Empirical_Utility_Substation,120000,1,11500.0,41.76,55.1,0.0,14.79,1,0,10388.58
2024-07-07 19:00:00,Empirical_Utility_Substation,120000,1,11500.0,39.75,66.8,0.0,16.69,1,0,10269.46
2024-07-07 20:00:00,Empirical_Utility_Substation,120000,1,11500.0,37.63,67.4,0.0,15.61,1,0,9764.73
2024-07-07 21:00:00,Empirical_Utility_Substation,120000,1,11500.0,34.8,57.1,0.0,15.25,1,0,9057.12
2024-07-07 22:00:00,Empirical_Utility_Substation,120000,1,11500.0,34.2,63.3,0.0,14.74,1,0,8593.87
2024-07-07 23:00:00,Empirical_Utility_Substation,120000,1,11500.0,32.35,61.7,0.0,16.27,1,0,7484.29
2024-07-08 00:00:00,Empirical_Utility_Substation,120000,1,11500.0,30.97,70.1,0.0,14.92,0,0,7421.41
2024-07-08 01:00:00,Empirical_Utility_Substation,120000,1,11500.0,29.95,65.1,0.0,15.13,0,0,7246.88
2024-07-08 02:00:00,Empirical_Utility_Substation,120000,1,11500.0,28.81,70.1,0.0,18.36,0,0,7144.28
2024-07-08 03:00:00,Empirical_Utility_Substation,120000,1,11500.0,27.9,76.5,0.0,16.82,0,0,6922.95
2024-07-08 04:00:00,Empirical_Utility_Substation,120000,1,11500.0,28.99,75.6,0.0,16.96,0,0,7175.21
2024-07-08 05:00:00,Empirical_Utility_Substation,120000,1,11500.0,28.04,65.7,0.0,18.37,0,0,7180.03
2024-07-08 06:00:00,Empirical_Utility_Substation,120000,1,11500.0,28.83,75.1,0.0,15.75,0,0,7264.94
2024-07-08 07:00:00,Empirical_Utility_Substation,120000,1,11500.0,31.45,77.6,35.6,15.16,0,0,7805.97
2024-07-08 08:00:00,Empirical_Utility_Substation,120000,1,11500.0,31.71,69.4,257.9,17.1,0,0,8179.63
2024-07-08 09:00:00,Empirical_Utility_Substation,120000,1,11500.0,31.9,67.3,93.3,17.33,0,0,8718.01
2024-07-08 10:00:00,Empirical_Utility_Substation,120000,1,11500.0,33.15,52.9,199.1,16.26,0,0,9067.0
2024-07-08 11:00:00,Empirical_Utility_Substation,120000,1,11500.0,32.3,72.8,127.5,15.03,0,0,8912.15
2024-07-08 12:00:00,Empirical_Utility_Substation,120000,1,11500.0,32.65,72.0,190.7,17.31,0,0,8836.04
2024-07-08 13:00:00,Empirical_Utility_Substation,120000,1,11500.0,33.43,59.8,491.8,17.78,0,0,8678.01
2024-07-08 14:00:00,Empirical_Utility_Substation,120000,1,11500.0,32.5,68.8,114.3,17.19,0,0,8138.45
2024-07-08 15:00:00,Empirical_Utility_Substation,120000,1,11500.0,33.69,67.5,93.3,14.37,0,0,8234.66
2024-07-08 16:00:00,Empirical_Utility_Substation,120000,1,11500.0,34.12,73.7,120.8,15.12,0,0,8238.32
2024-07-08 17:00:00,Empirical_Utility_Substation,120000,1,11500.0,33.99,63.5,56.4,16.42,0,0,8368.44
2024-07-08 18:00:00,Empirical_Utility_Substation,120000,1,11500.0,32.96,68.1,0.0,15.94,0,0,8559.87
2024-07-08 19:00:00,Empirical_Utility_Substation,120000,1,11500.0,32.86,60.1,0.0,16.23,0,0,8900.84
2024-07-08 20:00:00,Empirical_Utility_Substation,120000,1,11500.0,31.21,64.0,0.0,17.2,0,0,8874.04
2024-07-08 21:00:00,Empirical_Utility_Substation,120000,1,11500.0,28.07,75.8,0.0,15.74,0,0,8206.39
2024-07-08 22:00:00,Empirical_Utility_Substation,120000,1,11500.0,26.9,86.7,0.0,18.68,0,0,7733.98
2024-07-08 23:00:00,Empirical_Utility_Substation,120000,1,11500.0,26.16,71.1,0.0,16.21,0,0,7055.12
2024-07-09 00:00:00,Empirical_Utility_Substation,120000,1,11500.0,23.51,74.9,0.0,15.09,0,0,6456.59
2024-07-09 01:00:00,Empirical_Utility_Substation,120000,1,11500.0,22.93,80.9,0.0,14.07,0,0,6399.96
2024-07-09 02:00:00,Empirical_Utility_Substation,120000,1,11500.0,22.76,70.9,0.0,16.19,0,0,6685.41
2024-07-09 03:00:00,Empirical_Utility_Substation,120000,1,11500.0,23.07,83.3,0.0,16.12,0,0,6767.34
2024-07-09 04:00:00,Empirical_Utility_Substation,120000,1,11500.0,23.59,80.0,0.0,13.47,0,0,6597.94
2024-07-09 05:00:00,Empirical_Utility_Substation,120000,1,11500.0,24.48,82.6,0.0,14.79,0,0,6481.21
2024-07-09 06:00:00,Empirical_Utility_Substation,120000,1,11500.0,27.23,68.4,0.0,18.07,0,0,6778.85
2024-07-09 07:00:00,Empirical_Utility_Substation,120000,1,11500.0,28.0,73.1,80.2,15.47,0,0,6894.8
2024-07-09 08:00:00,Empirical_Utility_Substation,120000,1,11500.0,29.17,66.8,66.0,15.26,0,0,7287.84
2024-07-09 09:00:00,Empirical_Utility_Substation,120000,1,11500.0,31.41,67.4,93.3,17.75,0,0,8087.91
2024-07-09 10:00:00,Empirical_Utility_Substation,120000,1,11500.0,33.84,64.5,155.5,17.23,0,0,8857.8
2024-07-09 11:00:00,Empirical_Utility_Substation,120000,1,11500.0,35.28,69.7,452.6,13.72,0,0,9396.04
2024-07-09 12:00:00,Empirical_Utility_Substation,120000,1,11500.0,37.6,64.8,475.9,17.5,0,0,9927.42
2024-07-09 13:00:00,Empirical_Utility_Substation,120000,1,11500.0,38.88,53.1,127.5,15.41,0,0,10316.6
2024-07-09 14:00:00,Empirical_Utility_Substation,120000,1,11500.0,38.73,62.7,304.0,16.95,0,0,10109.19
2024-07-09 15:00:00,Empirical_Utility_Substation,120000,1,11500.0,39.72,56.2,314.8,13.41,0,0,10127.54
2024-07-09 16:00:00,Empirical_Utility_Substation,120000,1,11500.0,40.04,64.9,258.9,19.12,0,0,10094.55
2024-07-09 17:00:00,Empirical_Utility_Substation,120000,1,11500.0,40.67,50.6,120.4,15.4,0,0,10336.58
2024-07-09 18:00:00,Empirical_Utility_Substation,120000,1,11500.0,38.74,63.4,0.0,14.92,0,0,10198.24
2024-07-09 19:00:00,Empirical_Utility_Substation,120000,1,11500.0,38.28,57.2,0.0,17.45,0,0,10628.89
2024-07-09 20:00:00,Empirical_Utility_Substation,120000,1,11500.0,35.95,66.9,0.0,17.32,0,0,10181.15
2024-07-09 21:00:00,Empirical_Utility_Substation,120000,1,11500.0,33.82,57.1,0.0,15.23,0,0,9436.54
2024-07-09 22:00:00,Empirical_Utility_Substation,120000,1,11500.0,32.93,64.6,0.0,16.58,0,0,8836.94
2024-07-09 23:00:00,Empirical_Utility_Substation,120000,1,11500.0,32.02,73.6,0.0,15.05,0,0,8063.24
2024-07-10 00:00:00,Empirical_Utility_Substation,120000,1,11500.0,31.63,68.2,0.0,19.54,0,0,7687.58
2024-07-10 01:00:00,Empirical_Utility_Substation,120000,1,11500.0,30.61,73.3,0.0,16.31,0,0,7552.57
2024-07-10 02:00:00,Empirical_Utility_Substation,120000,1,11500.0,30.21,77.3,0.0,17.63,0,0,7590.61
2024-07-10 03:00:00,Empirical_Utility_Substation,120000,1,11500.0,28.56,74.9,0.0,18.42,0,0,7411.47
2024-07-10 04:00:00,Empirical_Utility_Substation,120000,1,11500.0,27.65,72.7,0.0,16.81,0,0,7517.92
2024-07-10 05:00:00,Empirical_Utility_Substation,120000,1,11500.0,28.42,85.1,0.0,16.17,0,0,7595.06
2024-07-10 06:00:00,Empirical_Utility_Substation,120000,1,11500.0,29.94,83.9,0.0,16.61,0,0,7963.2
2024-07-10 07:00:00,Empirical_Utility_Substation,120000,1,11500.0,30.75,76.5,65.6,16.6,0,0,8050.46
2024-07-10 08:00:00,Empirical_Utility_Substation,120000,1,11500.0,31.93,76.3,260.2,16.03,0,0,8652.44
2024-07-10 09:00:00,Empirical_Utility_Substation,120000,1,11500.0,32.68,60.6,267.9,15.7,0,0,8909.46
2024-07-10 10:00:00,Empirical_Utility_Substation,120000,1,11500.0,33.37,61.2,463.7,14.51,0,0,9238.06
2024-07-10 11:00:00,Empirical_Utility_Substation,120000,1,11500.0,35.28,69.1,460.5,15.18,0,0,9917.5
2024-07-10 12:00:00,Empirical_Utility_Substation,120000,1,11500.0,36.72,67.3,453.9,14.26,0,0,10333.07
2024-07-10 13:00:00,Empirical_Utility_Substation,120000,1,11500.0,37.99,69.2,467.6,14.66,0,0,10377.02
2024-07-10 14:00:00,Empirical_Utility_Substation,120000,1,11500.0,37.83,62.9,199.7,14.24,0,0,10085.95
2024-07-10 15:00:00,Empirical_Utility_Substation,120000,1,11500.0,39.25,61.1,294.8,17.9,0,0,9927.91
2024-07-10 16:00:00,Empirical_Utility_Substation,120000,1,11500.0,38.41,65.2,186.0,16.66,0,0,9711.88
2024-07-10 17:00:00,Empirical_Utility_Substation,120000,1,11500.0,37.68,71.0,73.5,15.57,0,0,9607.06
2024-07-10 18:00:00,Empirical_Utility_Substation,120000,1,11500.0,35.01,64.1,0.0,18.26,0,0,9428.81
2024-07-10 19:00:00,Empirical_Utility_Substation,120000,1,11500.0,33.7,71.4,0.0,16.89,0,0,9531.04
2024-07-10 20:00:00,Empirical_Utility_Substation,120000,1,11500.0,32.59,65.8,0.0,21.25,0,0,9461.68
2024-07-10 21:00:00,Empirical_Utility_Substation,120000,1,11500.0,31.06,67.2,0.0,15.0,0,0,8992.24
2024-07-10 22:00:00,Empirical_Utility_Substation,120000,1,11500.0,31.05,68.4,0.0,15.34,0,0,8863.54
2024-07-10 23:00:00,Empirical_Utility_Substation,120000,1,11500.0,29.65,57.5,0.0,15.87,0,0,8157.0
2024-07-11 00:00:00,Empirical_Utility_Substation,120000,1,11500.0,25.86,67.9,0.0,19.75,0,0,7274.16
2024-07-11 01:00:00,Empirical_Utility_Substation,120000,1,11500.0,24.54,75.1,0.0,15.26,0,0,7140.35
2024-07-11 02:00:00,Empirical_Utility_Substation,120000,1,11500.0,25.15,82.9,0.0,18.49,0,0,7220.81
2024-07-11 03:00:00,Empirical_Utility_Substation,120000,1,11500.0,25.32,77.5,0.0,16.76,0,0,7166.47
2024-07-11 04:00:00,Empirical_Utility_Substation,120000,1,11500.0,26.57,83.3,0.0,15.99,0,0,7153.06
2024-07-11 05:00:00,Empirical_Utility_Substation,120000,1,11500.0,27.79,73.7,0.0,19.72,0,0,7443.52
2024-07-11 06:00:00,Empirical_Utility_Substation,120000,1,11500.0,28.61,66.7,0.0,16.5,0,0,7438.55
2024-07-11 07:00:00,Empirical_Utility_Substation,120000,1,11500.0,30.35,70.6,34.2,15.45,0,0,7831.53
2024-07-11 08:00:00,Empirical_Utility_Substation,120000,1,11500.0,32.07,68.8,66.0,17.28,0,0,8567.96
2024-07-11 09:00:00,Empirical_Utility_Substation,120000,1,11500.0,33.18,69.6,93.3,15.78,0,0,9061.03
2024-07-11 10:00:00,Empirical_Utility_Substation,120000,1,11500.0,33.76,65.0,474.4,14.6,0,0,9489.25
2024-07-11 11:00:00,Empirical_Utility_Substation,120000,1,11500.0,35.0,59.9,127.5,20.4,0,0,9976.27
2024-07-11 12:00:00,Empirical_Utility_Substation,120000,1,11500.0,36.74,65.8,403.1,18.04,0,0,10363.91
2024-07-11 13:00:00,Empirical_Utility_Substation,120000,1,11500.0,38.11,76.1,342.9,15.46,0,0,10508.34
2024-07-11 14:00:00,Empirical_Utility_Substation,120000,1,11500.0,40.2,53.8,394.5,16.58,0,0,10788.83
2024-07-11 15:00:00,Empirical_Utility_Substation,120000,1,11500.0,40.3,55.7,185.0,15.54,0,0,10280.73
2024-07-11 16:00:00,Empirical_Utility_Substation,120000,1,11500.0,41.37,57.6,108.4,16.49,0,0,10418.07
2024-07-11 17:00:00,Empirical_Utility_Substation,120000,1,11500.0,42.36,67.6,34.2,15.46,0,0,10841.18
2024-07-11 18:00:00,Empirical_Utility_Substation,120000,1,11500.0,41.97,62.0,0.0,16.74,0,0,11035.77
2024-07-11 19:00:00,Empirical_Utility_Substation,120000,1,11500.0,40.26,65.4,0.0,15.9,0,0,10860.61
2024-07-11 20:00:00,Empirical_Utility_Substation,120000,1,11500.0,38.25,64.2,0.0,19.12,0,0,10551.21
2024-07-11 21:00:00,Empirical_Utility_Substation,120000,1,11500.0,36.41,66.1,0.0,16.08,0,0,9890.41
2024-07-11 22:00:00,Empirical_Utility_Substation,120000,1,11500.0,35.59,70.4,0.0,13.28,0,0,9180.01
2024-07-11 23:00:00,Empirical_Utility_Substation,120000,1,11500.0,34.18,67.3,0.0,18.91,0,0,8394.07
2024-07-12 00:00:00,Empirical_Utility_Substation,120000,1,11500.0,33.98,63.4,0.0,13.65,0,0,7598.01
2024-07-12 01:00:00,Empirical_Utility_Substation,120000,1,11500.0,32.79,68.9,0.0,19.16,0,0,7554.03
2024-07-12 02:00:00,Empirical_Utility_Substation,120000,1,11500.0,32.15,72.9,0.0,15.4,0,0,7467.98
2024-07-12 03:00:00,Empirical_Utility_Substation,120000,1,11500.0,31.61,72.1,0.0,16.81,0,0,7586.98
2024-07-12 04:00:00,Empirical_Utility_Substation,120000,1,11500.0,31.95,75.5,0.0,17.0,0,0,7563.29
2024-07-12 05:00:00,Empirical_Utility_Substation,120000,1,11500.0,33.18,66.8,0.0,16.11,0,0,7755.42
2024-07-12 06:00:00,Empirical_Utility_Substation,120000,1,11500.0,31.88,64.4,0.0,14.37,0,0,7599.55
2024-07-12 07:00:00,Empirical_Utility_Substation,120000,1,11500.0,32.96,63.6,93.7,17.6,0,0,7916.01
2024-07-12 08:00:00,Empirical_Utility_Substation,120000,1,11500.0,33.32,63.3,66.0,13.86,0,0,8250.2
2024-07-12 09:00:00,Empirical_Utility_Substation,120000,1,11500.0,33.88,66.9,316.6,15.22,0,0,8658.42
2024-07-12 10:00:00,Empirical_Utility_Substation,120000,1,11500.0,37.05,68.9,259.8,17.38,0,0,9685.37
2024-07-12 11:00:00,Empirical_Utility_Substation,120000,1,11500.0,38.53,68.3,462.3,17.71,0,0,10318.1
2024-07-12 12:00:00,Empirical_Utility_Substation,120000,1,11500.0,38.15,69.1,468.8,17.28,0,0,10072.87
2024-07-12 13:00:00,Empirical_Utility_Substation,120000,1,11500.0,38.15,62.6,498.2,15.47,0,0,9802.33
2024-07-12 14:00:00,Empirical_Utility_Substation,120000,1,11500.0,39.11,58.7,338.4,13.93,0,0,9605.9
2024-07-12 15:00:00,Empirical_Utility_Substation,120000,1,11500.0,39.21,74.4,310.1,14.14,0,0,9423.89
2024-07-12 16:00:00,Empirical_Utility_Substation,120000,1,11500.0,39.36,65.9,112.1,15.67,0,0,9636.52
2024-07-12 17:00:00,Empirical_Utility_Substation,120000,1,11500.0,38.7,59.1,136.6,17.45,0,0,9618.64
2024-07-12 18:00:00,Empirical_Utility_Substation,120000,1,11500.0,37.75,64.7,0.0,17.6,0,0,9603.1
2024-07-12 19:00:00,Empirical_Utility_Substation,120000,1,11500.0,36.17,66.6,0.0,15.74,0,0,9778.79
2024-07-12 20:00:00,Empirical_Utility_Substation,120000,1,11500.0,34.12,72.9,0.0,19.55,0,0,9708.89
2024-07-12 21:00:00,Empirical_Utility_Substation,120000,1,11500.0,32.79,76.1,0.0,19.23,0,0,9302.9
2024-07-12 22:00:00,Empirical_Utility_Substation,120000,1,11500.0,32.29,64.3,0.0,14.53,0,0,8805.72
2024-07-12 23:00:00,Empirical_Utility_Substation,120000,1,11500.0,31.11,73.8,0.0,14.13,0,0,8230.7
2024-07-13 00:00:00,Empirical_Utility_Substation,120000,1,11500.0,29.28,71.6,0.0,16.67,1,0,6475.65
2024-07-13 01:00:00,Empirical_Utility_Substation,120000,1,11500.0,29.65,80.5,0.0,14.31,1,0,6369.78
2024-07-13 02:00:00,Empirical_Utility_Substation,120000,1,11500.0,27.36,65.2,0.0,13.88,1,0,6228.14
2024-07-13 03:00:00,Empirical_Utility_Substation,120000,1,11500.0,26.46,75.0,0.0,14.96,1,0,6086.96
2024-07-13 04:00:00,Empirical_Utility_Substation,120000,1,11500.0,27.42,71.7,0.0,16.71,1,0,6149.03
2024-07-13 05:00:00,Empirical_Utility_Substation,120000,1,11500.0,29.48,71.9,0.0,14.59,1,0,6503.71
2024-07-13 06:00:00,Empirical_Utility_Substation,120000,1,11500.0,30.49,63.5,0.0,16.43,1,0,6852.26
2024-07-13 07:00:00,Empirical_Utility_Substation,120000,1,11500.0,30.42,64.1,120.3,18.14,1,0,6915.67
2024-07-13 08:00:00,Empirical_Utility_Substation,120000,1,11500.0,31.62,70.4,99.0,16.02,1,0,7394.98
2024-07-13 09:00:00,Empirical_Utility_Substation,120000,1,11500.0,31.39,63.3,227.6,14.82,1,0,7873.83
2024-07-13 10:00:00,Empirical_Utility_Substation,120000,1,11500.0,33.22,58.2,215.9,16.26,1,0,8674.49
2024-07-13 11:00:00,Empirical_Utility_Substation,120000,1,11500.0,34.39,62.1,245.9,17.33,1,0,8811.3
2024-07-13 12:00:00,Empirical_Utility_Substation,120000,1,11500.0,34.79,61.1,496.1,13.25,1,0,8711.03
2024-07-13 13:00:00,Empirical_Utility_Substation,120000,1,11500.0,36.52,72.1,186.7,17.37,1,0,9117.93
2024-07-13 14:00:00,Empirical_Utility_Substation,120000,1,11500.0,37.15,59.6,303.9,15.03,1,0,8873.15
2024-07-13 15:00:00,Empirical_Utility_Substation,120000,1,11500.0,38.13,56.0,93.3,14.04,1,0,8867.37
2024-07-13 16:00:00,Empirical_Utility_Substation,120000,1,11500.0,36.33,62.7,228.3,14.94,1,0,8345.46
2024-07-13 17:00:00,Empirical_Utility_Substation,120000,1,11500.0,36.52,54.4,134.1,14.77,1,0,8652.45
2024-07-13 18:00:00,Empirical_Utility_Substation,120000,1,11500.0,36.51,59.0,0.0,17.85,1,0,8803.02
2024-07-13 19:00:00,Empirical_Utility_Substation,120000,1,11500.0,34.19,62.6,0.0,15.86,1,0,8597.96
2024-07-13 20:00:00,Empirical_Utility_Substation,120000,1,11500.0,33.34,74.0,0.0,17.33,1,0,8513.36
2024-07-13 21:00:00,Empirical_Utility_Substation,120000,1,11500.0,32.04,70.0,0.0,15.83,1,0,8119.52
2024-07-13 22:00:00,Empirical_Utility_Substation,120000,1,11500.0,30.67,73.5,0.0,15.6,1,0,7545.31
2024-07-13 23:00:00,Empirical_Utility_Substation,120000,1,11500.0,30.34,76.2,0.0,21.52,1,0,6894.16
2024-07-14 00:00:00,Empirical_Utility_Substation,120000,1,11500.0,29.62,67.9,0.0,17.43,1,0,6329.42
2024-07-14 01:00:00,Empirical_Utility_Substation,120000,1,11500.0,28.3,74.1,0.0,16.63,1,0,6006.6
2024-07-14 02:00:00,Empirical_Utility_Substation,120000,1,11500.0,28.48,75.1,0.0,17.81,1,0,6002.01
2024-07-14 03:00:00,Empirical_Utility_Substation,120000,1,11500.0,26.23,66.1,0.0,14.46,1,0,5589.67
2024-07-14 04:00:00,Empirical_Utility_Substation,120000,1,11500.0,25.82,67.6,0.0,14.5,1,0,5833.23
2024-07-14 05:00:00,Empirical_Utility_Substation,120000,1,11500.0,26.37,75.6,0.0,13.56,1,0,5824.76
2024-07-14 06:00:00,Empirical_Utility_Substation,120000,1,11500.0,28.04,69.4,0.0,17.98,1,0,6229.42
2024-07-14 07:00:00,Empirical_Utility_Substation,120000,1,11500.0,28.55,65.9,87.4,16.2,1,0,6507.41
2024-07-14 08:00:00,Empirical_Utility_Substation,120000,1,11500.0,30.34,74.0,106.6,13.83,1,0,6878.7
2024-07-14 09:00:00,Empirical_Utility_Substation,120000,1,11500.0,32.85,71.7,198.3,16.45,1,0,7574.2
2024-07-14 10:00:00,Empirical_Utility_Substation,120000,1,11500.0,32.88,67.4,187.6,16.63,1,0,8094.46
2024-07-14 11:00:00,Empirical_Utility_Substation,120000,1,11500.0,33.5,77.1,377.7,15.13,1,0,8244.1
2024-07-14 12:00:00,Empirical_Utility_Substation,120000,1,11500.0,34.7,64.2,273.6,17.46,1,0,8492.03
2024-07-14 13:00:00,Empirical_Utility_Substation,120000,1,11500.0,36.5,67.6,334.4,15.05,1,0,8634.8
2024-07-14 14:00:00,Empirical_Utility_Substation,120000,1,11500.0,38.58,57.9,296.7,17.39,1,0,8809.6
2024-07-14 15:00:00,Empirical_Utility_Substation,120000,1,11500.0,38.07,64.9,375.2,18.11,1,0,8597.86
2024-07-14 16:00:00,Empirical_Utility_Substation,120000,1,11500.0,38.12,61.7,93.4,15.53,1,0,8567.07
2024-07-14 17:00:00,Empirical_Utility_Substation,120000,1,11500.0,36.91,75.0,103.4,15.47,1,0,8538.72
2024-07-14 18:00:00,Empirical_Utility_Substation,120000,1,11500.0,37.54,62.8,0.0,19.75,1,0,9362.82
2024-07-14 19:00:00,Empirical_Utility_Substation,120000,1,11500.0,36.27,56.1,0.0,16.79,1,0,9307.68
2024-07-14 20:00:00,Empirical_Utility_Substation,120000,1,11500.0,33.69,67.4,0.0,19.18,1,0,8900.45
2024-07-14 21:00:00,Empirical_Utility_Substation,120000,1,11500.0,32.03,58.0,0.0,15.33,1,0,8374.58
2024-07-14 22:00:00,Empirical_Utility_Substation,120000,1,11500.0,31.5,53.3,0.0,17.63,1,0,7809.68
2024-07-14 23:00:00,Empirical_Utility_Substation,120000,1,11500.0,30.71,71.2,0.0,16.53,1,0,7207.45
2024-07-15 00:00:00,Empirical_Utility_Substation,120000,1,11500.0,29.0,71.7,0.0,15.36,0,0,7121.47
2024-07-15 01:00:00,Empirical_Utility_Substation,120000,1,11500.0,26.85,82.8,0.0,15.06,0,0,7037.61
2024-07-15 02:00:00,Empirical_Utility_Substation,120000,1,11500.0,26.12,74.0,0.0,25.09,0,0,6820.35
2024-07-15 03:00:00,Empirical_Utility_Substation,120000,1,11500.0,24.88,65.9,0.0,15.41,0,0,6484.79
2024-07-15 04:00:00,Empirical_Utility_Substation,120000,1,11500.0,26.34,80.5,0.0,17.16,0,0,6665.97
2024-07-15 05:00:00,Empirical_Utility_Substation,120000,1,11500.0,28.31,83.4,0.0,13.7,0,0,7015.1
2024-07-15 06:00:00,Empirical_Utility_Substation,120000,1,11500.0,29.6,73.3,0.0,20.17,0,0,7211.48
2024-07-15 07:00:00,Empirical_Utility_Substation,120000,1,11500.0,30.34,84.0,34.2,18.03,0,0,7689.95
2024-07-15 08:00:00,Empirical_Utility_Substation,120000,1,11500.0,30.87,68.3,217.7,14.28,0,0,7997.08
2024-07-15 09:00:00,Empirical_Utility_Substation,120000,1,11500.0,33.02,65.8,269.4,19.75,0,0,8714.54
2024-07-15 10:00:00,Empirical_Utility_Substation,120000,1,11500.0,34.7,65.0,424.3,16.64,0,0,9387.49
2024-07-15 11:00:00,Empirical_Utility_Substation,120000,1,11500.0,36.83,67.1,420.7,14.48,0,0,10203.78
2024-07-15 12:00:00,Empirical_Utility_Substation,120000,1,11500.0,35.94,70.1,263.9,16.7,0,0,9819.62
2024-07-15 13:00:00,Empirical_Utility_Substation,120000,1,11500.0,37.25,66.9,287.6,15.31,0,0,10057.75
2024-07-15 14:00:00,Empirical_Utility_Substation,120000,1,11500.0,39.29,58.1,356.9,14.09,0,0,10371.93
2024-07-15 15:00:00,Empirical_Utility_Substation,120000,1,11500.0,39.85,60.5,227.7,17.63,0,0,10309.76
2024-07-15 16:00:00,Empirical_Utility_Substation,120000,1,11500.0,39.0,60.0,213.8,16.26,0,0,9946.78
2024-07-15 17:00:00,Empirical_Utility_Substation,120000,1,11500.0,39.28,61.7,146.8,18.16,0,0,10241.03
2024-07-15 18:00:00,Empirical_Utility_Substation,120000,1,11500.0,37.87,69.3,0.0,14.62,0,0,10276.05
2024-07-15 19:00:00,Empirical_Utility_Substation,120000,1,11500.0,36.44,80.5,0.0,18.61,0,0,10223.52
2024-07-15 20:00:00,Empirical_Utility_Substation,120000,1,11500.0,36.84,66.3,0.0,20.2,0,0,10543.86
2024-07-15 21:00:00,Empirical_Utility_Substation,120000,1,11500.0,35.17,64.1,0.0,14.16,0,0,9995.51
2024-07-15 22:00:00,Empirical_Utility_Substation,120000,1,11500.0,33.15,66.9,0.0,15.84,0,0,9036.64
2024-07-15 23:00:00,Empirical_Utility_Substation,120000,1,11500.0,30.57,79.1,0.0,14.31,0,0,7878.47
2024-07-16 00:00:00,Empirical_Utility_Substation,120000,1,11500.0,28.73,75.0,0.0,14.0,0,0,6987.0
2024-07-16 01:00:00,Empirical_Utility_Substation,120000,1,11500.0,27.88,62.3,0.0,16.38,0,0,6792.56
2024-07-16 02:00:00,Empirical_Utility_Substation,120000,1,11500.0,28.31,73.6,0.0,14.29,0,0,6994.91
2024-07-16 03:00:00,Empirical_Utility_Substation,120000,1,11500.0,27.12,76.5,0.0,15.27,0,0,6828.09
2024-07-16 04:00:00,Empirical_Utility_Substation,120000,1,11500.0,27.67,69.0,0.0,14.96,0,0,6874.1
2024-07-16 05:00:00,Empirical_Utility_Substation,120000,1,11500.0,28.34,63.7,0.0,14.94,0,0,7258.95
2024-07-16 06:00:00,Empirical_Utility_Substation,120000,1,11500.0,28.83,80.4,0.0,18.15,0,0,7117.97
2024-07-16 07:00:00,Empirical_Utility_Substation,120000,1,11500.0,29.62,68.7,66.5,16.6,0,0,7504.55
2024-07-16 08:00:00,Empirical_Utility_Substation,120000,1,11500.0,31.77,66.1,135.3,13.92,0,0,7812.72
2024-07-16 09:00:00,Empirical_Utility_Substation,120000,1,11500.0,32.87,61.8,215.4,14.82,0,0,8327.14
2024-07-16 10:00:00,Empirical_Utility_Substation,120000,1,11500.0,33.54,58.6,367.6,19.38,0,0,8685.27
2024-07-16 11:00:00,Empirical_Utility_Substation,120000,1,11500.0,35.06,65.9,390.1,17.94,0,0,9115.65
2024-07-16 12:00:00,Empirical_Utility_Substation,120000,1,11500.0,37.68,62.3,310.4,14.2,0,0,9883.08
2024-07-16 13:00:00,Empirical_Utility_Substation,120000,1,11500.0,37.3,66.1,127.5,15.17,0,0,9676.82
2024-07-16 14:00:00,Empirical_Utility_Substation,120000,1,11500.0,36.33,54.7,400.5,15.64,0,0,9077.83
2024-07-16 15:00:00,Empirical_Utility_Substation,120000,1,11500.0,37.37,65.4,261.5,14.16,0,0,9138.1
2024-07-16 16:00:00,Empirical_Utility_Substation,120000,1,11500.0,36.81,66.9,83.3,15.71,0,0,8824.05
2024-07-16 17:00:00,Empirical_Utility_Substation,120000,1,11500.0,36.04,72.3,73.6,14.42,0,0,8641.6
2024-07-16 18:00:00,Empirical_Utility_Substation,120000,1,11500.0,35.07,64.3,0.0,17.7,0,0,9011.13
2024-07-16 19:00:00,Empirical_Utility_Substation,120000,1,11500.0,33.95,61.1,0.0,13.7,0,0,9148.48
2024-07-16 20:00:00,Empirical_Utility_Substation,120000,1,11500.0,33.28,85.3,0.0,17.08,0,0,9129.63
2024-07-16 21:00:00,Empirical_Utility_Substation,120000,1,11500.0,32.06,72.7,0.0,15.02,0,0,8668.29
2024-07-16 22:00:00,Empirical_Utility_Substation,120000,1,11500.0,31.81,66.6,0.0,22.31,0,0,8289.12
2024-07-16 23:00:00,Empirical_Utility_Substation,120000,1,11500.0,30.03,63.6,0.0,14.47,0,0,7451.13
2024-07-17 00:00:00,Empirical_Utility_Substation,120000,1,11500.0,29.94,68.0,0.0,17.18,0,0,6972.52
2024-07-17 01:00:00,Empirical_Utility_Substation,120000,1,11500.0,28.07,67.6,0.0,16.03,0,0,6489.31
2024-07-17 02:00:00,Empirical_Utility_Substation,120000,1,11500.0,26.01,83.2,0.0,16.71,0,0,6287.58
2024-07-17 03:00:00,Empirical_Utility_Substation,120000,1,11500.0,25.16,73.4,0.0,17.47,0,0,5998.13
2024-07-17 04:00:00,Empirical_Utility_Substation,120000,1,11500.0,24.73,79.4,0.0,14.92,0,0,6178.17
2024-07-17 05:00:00,Empirical_Utility_Substation,120000,1,11500.0,24.16,71.7,0.0,14.41,0,0,6269.99
2024-07-17 06:00:00,Empirical_Utility_Substation,120000,1,11500.0,25.35,82.3,0.0,14.4,0,0,6394.05
2024-07-17 07:00:00,Empirical_Utility_Substation,120000,1,11500.0,26.7,75.1,107.0,16.42,0,0,7009.11
2024-07-17 08:00:00,Empirical_Utility_Substation,120000,1,11500.0,29.28,82.3,174.1,15.11,0,0,7777.1
2024-07-17 09:00:00,Empirical_Utility_Substation,120000,1,11500.0,30.42,76.2,93.3,16.71,0,0,8129.34
2024-07-17 10:00:00,Empirical_Utility_Substation,120000,1,11500.0,31.7,60.3,250.8,15.75,0,0,8483.93
2024-07-17 11:00:00,Empirical_Utility_Substation,120000,1,11500.0,34.56,65.2,387.8,15.49,0,0,9295.19
2024-07-17 12:00:00,Empirical_Utility_Substation,120000,1,11500.0,34.23,73.0,270.8,15.13,0,0,9294.72
2024-07-17 13:00:00,Empirical_Utility_Substation,120000,1,11500.0,36.39,53.7,346.5,15.21,0,0,9424.36
2024-07-17 14:00:00,Empirical_Utility_Substation,120000,1,11500.0,36.63,63.9,342.9,15.06,0,0,9263.33
2024-07-17 15:00:00,Empirical_Utility_Substation,120000,1,11500.0,35.96,76.8,315.7,15.11,0,0,8838.07
2024-07-17 16:00:00,Empirical_Utility_Substation,120000,1,11500.0,36.84,58.1,211.1,15.17,0,0,9288.99
2024-07-17 17:00:00,Empirical_Utility_Substation,120000,1,11500.0,36.05,63.7,34.2,16.03,0,0,9415.04
2024-07-17 18:00:00,Empirical_Utility_Substation,120000,1,11500.0,35.1,71.0,0.0,13.93,0,0,9549.94
2024-07-17 19:00:00,Empirical_Utility_Substation,120000,1,11500.0,35.35,64.8,0.0,16.88,0,0,9926.98
2024-07-17 20:00:00,Empirical_Utility_Substation,120000,1,11500.0,35.32,73.6,0.0,16.14,0,0,10083.55
2024-07-17 21:00:00,Empirical_Utility_Substation,120000,1,11500.0,34.37,62.0,0.0,15.47,0,0,10012.23
2024-07-17 22:00:00,Empirical_Utility_Substation,120000,1,11500.0,33.2,74.8,0.0,15.21,0,0,9258.36
2024-07-17 23:00:00,Empirical_Utility_Substation,120000,1,11500.0,32.17,68.3,0.0,16.12,0,0,8450.69
2024-07-18 00:00:00,Empirical_Utility_Substation,120000,1,11500.0,31.7,61.3,0.0,14.65,0,0,7845.43
2024-07-18 01:00:00,Empirical_Utility_Substation,120000,1,11500.0,30.72,68.1,0.0,14.57,0,0,7772.53
2024-07-18 02:00:00,Empirical_Utility_Substation,120000,1,11500.0,28.4,79.4,0.0,13.76,0,0,7421.59
2024-07-18 03:00:00,Empirical_Utility_Substation,120000,1,11500.0,28.64,68.5,0.0,14.32,0,0,7361.05
2024-07-18 04:00:00,Empirical_Utility_Substation,120000,1,11500.0,30.12,67.5,0.0,14.71,0,0,7544.95
2024-07-18 05:00:00,Empirical_Utility_Substation,120000,1,11500.0,30.09,72.9,0.0,17.06,0,0,7649.72
2024-07-18 06:00:00,Empirical_Utility_Substation,120000,1,11500.0,31.98,59.8,0.0,13.28,0,0,8034.06
2024-07-18 07:00:00,Empirical_Utility_Substation,120000,1,11500.0,33.75,74.4,61.7,13.97,0,0,8521.15
2024-07-18 08:00:00,Empirical_Utility_Substation,120000,1,11500.0,34.52,63.8,222.2,17.37,0,0,8771.96
2024-07-18 09:00:00,Empirical_Utility_Substation,120000,1,11500.0,35.01,65.6,245.5,14.46,0,0,9381.87
2024-07-18 10:00:00,Empirical_Utility_Substation,120000,1,11500.0,36.04,55.0,162.7,12.63,0,0,10073.21
2024-07-18 11:00:00,Empirical_Utility_Substation,120000,1,11500.0,36.08,68.0,275.0,13.28,0,0,10155.7
2024-07-18 12:00:00,Empirical_Utility_Substation,120000,1,11500.0,37.46,66.5,327.3,15.01,0,0,10312.54
2024-07-18 13:00:00,Empirical_Utility_Substation,120000,1,11500.0,38.26,74.1,386.0,18.35,0,0,10179.08
2024-07-18 14:00:00,Empirical_Utility_Substation,120000,1,11500.0,37.42,69.7,330.6,14.03,0,0,9465.3
2024-07-18 15:00:00,Empirical_Utility_Substation,120000,1,11500.0,37.87,52.5,360.5,14.69,0,0,9366.24
2024-07-18 16:00:00,Empirical_Utility_Substation,120000,1,11500.0,38.51,65.9,125.6,15.69,0,0,9243.88
2024-07-18 17:00:00,Empirical_Utility_Substation,120000,1,11500.0,37.79,65.5,131.2,13.84,0,0,9244.14
2024-07-18 18:00:00,Empirical_Utility_Substation,120000,1,11500.0,35.7,71.6,0.0,18.31,0,0,9045.31
2024-07-18 19:00:00,Empirical_Utility_Substation,120000,1,11500.0,35.61,74.5,0.0,16.85,0,0,9556.8
2024-07-18 20:00:00,Empirical_Utility_Substation,120000,1,11500.0,34.6,60.7,0.0,15.71,0,0,9684.08
2024-07-18 21:00:00,Empirical_Utility_Substation,120000,1,11500.0,33.1,59.9,0.0,15.65,0,0,9191.08
2024-07-18 22:00:00,Empirical_Utility_Substation,120000,1,11500.0,32.62,70.1,0.0,18.38,0,0,8630.02
2024-07-18 23:00:00,Empirical_Utility_Substation,120000,1,11500.0,31.88,69.8,0.0,15.74,0,0,8130.85
2024-07-19 00:00:00,Empirical_Utility_Substation,120000,1,11500.0,31.02,72.0,0.0,16.51,0,0,7364.92
2024-07-19 01:00:00,Empirical_Utility_Substation,120000,1,11500.0,31.55,74.5,0.0,19.08,0,0,7509.46
2024-07-19 02:00:00,Empirical_Utility_Substation,120000,1,11500.0,30.9,72.7,0.0,16.63,0,0,7451.0
2024-07-19 03:00:00,Empirical_Utility_Substation,120000,1,11500.0,28.43,66.9,0.0,14.86,0,0,6974.23
2024-07-19 04:00:00,Empirical_Utility_Substation,120000,1,11500.0,29.0,76.2,0.0,15.73,0,0,7076.0
2024-07-19 05:00:00,Empirical_Utility_Substation,120000,1,11500.0,29.36,64.2,0.0,17.99,0,0,7193.59
2024-07-19 06:00:00,Empirical_Utility_Substation,120000,1,11500.0,30.32,68.8,0.0,17.06,0,0,7383.69
2024-07-19 07:00:00,Empirical_Utility_Substation,120000,1,11500.0,32.46,64.4,132.2,15.39,0,0,8171.28
2024-07-19 08:00:00,Empirical_Utility_Substation,120000,1,11500.0,34.22,59.1,274.3,16.55,0,0,8701.59
2024-07-19 09:00:00,Empirical_Utility_Substation,120000,1,11500.0,35.38,67.7,232.5,16.6,0,0,9161.3
2024-07-19 10:00:00,Empirical_Utility_Substation,120000,1,11500.0,36.66,55.2,441.1,12.96,0,0,9753.0
2024-07-19 11:00:00,Empirical_Utility_Substation,120000,1,11500.0,37.9,62.6,422.3,17.11,0,0,10355.03
2024-07-19 12:00:00,Empirical_Utility_Substation,120000,1,11500.0,39.75,58.1,499.1,12.97,0,0,10498.14
2024-07-19 13:00:00,Empirical_Utility_Substation,120000,1,11500.0,41.6,58.6,470.5,15.78,0,0,10902.85
2024-07-19 14:00:00,Empirical_Utility_Substation,120000,1,11500.0,40.46,68.4,255.2,13.58,0,0,10289.61
2024-07-19 15:00:00,Empirical_Utility_Substation,120000,1,11500.0,39.52,55.7,173.0,14.53,0,0,9813.56
2024-07-19 16:00:00,Empirical_Utility_Substation,120000,1,11500.0,39.03,61.1,145.1,13.09,0,0,9582.45
2024-07-19 17:00:00,Empirical_Utility_Substation,120000,1,11500.0,37.24,57.1,74.5,16.59,0,0,9176.49
2024-07-19 18:00:00,Empirical_Utility_Substation,120000,1,11500.0,37.93,70.6,0.0,14.58,0,0,9607.76
2024-07-19 19:00:00,Empirical_Utility_Substation,120000,1,11500.0,37.63,70.4,0.0,12.3,0,0,9937.82
2024-07-19 20:00:00,Empirical_Utility_Substation,120000,1,11500.0,37.18,71.9,0.0,15.44,0,0,9976.39
2024-07-19 21:00:00,Empirical_Utility_Substation,120000,1,11500.0,35.64,75.2,0.0,16.13,0,0,9572.71
2024-07-19 22:00:00,Empirical_Utility_Substation,120000,1,11500.0,34.72,76.5,0.0,18.33,0,0,8807.66
2024-07-19 23:00:00,Empirical_Utility_Substation,120000,1,11500.0,31.31,74.8,0.0,22.76,0,0,7721.72
2024-07-20 00:00:00,Empirical_Utility_Substation,120000,1,11500.0,31.51,75.8,0.0,14.84,1,0,6553.01
2024-07-20 01:00:00,Empirical_Utility_Substation,120000,1,11500.0,28.1,67.4,0.0,14.56,1,0,6003.24
2024-07-20 02:00:00,Empirical_Utility_Substation,120000,1,11500.0,27.94,69.9,0.0,17.33,1,0,5859.81
2024-07-20 03:00:00,Empirical_Utility_Substation,120000,1,11500.0,27.58,81.9,0.0,15.04,1,0,5866.06
2024-07-20 04:00:00,Empirical_Utility_Substation,120000,1,11500.0,27.67,81.3,0.0,15.63,1,0,5929.97
2024-07-20 05:00:00,Empirical_Utility_Substation,120000,1,11500.0,28.83,74.8,0.0,14.02,1,0,6109.65
2024-07-20 06:00:00,Empirical_Utility_Substation,120000,1,11500.0,29.65,66.9,0.0,17.49,1,0,6424.13
2024-07-20 07:00:00,Empirical_Utility_Substation,120000,1,11500.0,31.79,72.6,96.0,15.55,1,0,6898.97
2024-07-20 08:00:00,Empirical_Utility_Substation,120000,1,11500.0,32.44,70.8,66.0,13.99,1,0,7483.45
2024-07-20 09:00:00,Empirical_Utility_Substation,120000,1,11500.0,33.02,88.6,264.8,13.48,1,0,7836.29
2024-07-20 10:00:00,Empirical_Utility_Substation,120000,1,11500.0,33.81,57.7,185.9,14.45,1,0,8318.65
2024-07-20 11:00:00,Empirical_Utility_Substation,120000,1,11500.0,34.48,69.3,302.0,16.72,1,0,8554.26
2024-07-20 12:00:00,Empirical_Utility_Substation,120000,1,11500.0,35.32,62.0,491.0,15.63,1,0,8563.07
2024-07-20 13:00:00,Empirical_Utility_Substation,120000,1,11500.0,35.2,67.0,413.0,14.86,1,0,8304.53
2024-07-20 14:00:00,Empirical_Utility_Substation,120000,1,11500.0,37.09,52.4,253.1,13.96,1,0,8505.94
2024-07-20 15:00:00,Empirical_Utility_Substation,120000,1,11500.0,37.84,66.2,288.2,16.09,1,0,8432.12
2024-07-20 16:00:00,Empirical_Utility_Substation,120000,1,11500.0,37.89,64.6,139.0,16.75,1,0,8279.9
2024-07-20 17:00:00,Empirical_Utility_Substation,120000,1,11500.0,36.84,64.2,147.4,17.31,1,0,8290.58
2024-07-20 18:00:00,Empirical_Utility_Substation,120000,1,11500.0,37.36,66.4,0.0,17.48,1,0,8913.38
2024-07-20 19:00:00,Empirical_Utility_Substation,120000,1,11500.0,36.07,74.3,0.0,14.94,1,0,8980.14
2024-07-20 20:00:00,Empirical_Utility_Substation,120000,1,11500.0,33.56,69.2,0.0,17.28,1,0,8405.28
2024-07-20 21:00:00,Empirical_Utility_Substation,120000,1,11500.0,31.07,74.1,0.0,15.16,1,0,7756.44
2024-07-20 22:00:00,Empirical_Utility_Substation,120000,1,11500.0,30.6,68.8,0.0,14.74,1,0,7136.3
2024-07-20 23:00:00,Empirical_Utility_Substation,120000,1,11500.0,30.62,67.6,0.0,12.53,1,0,6779.63
2024-07-21 00:00:00,Empirical_Utility_Substation,120000,1,11500.0,28.55,84.7,0.0,14.83,1,0,5945.99
2024-07-21 01:00:00,Empirical_Utility_Substation,120000,1,11500.0,28.29,74.2,0.0,18.23,1,0,5984.92
2024-07-21 02:00:00,Empirical_Utility_Substation,120000,1,11500.0,29.08,80.3,0.0,15.6,1,0,6196.23
2024-07-21 03:00:00,Empirical_Utility_Substation,120000,1,11500.0,29.18,73.7,0.0,16.22,1,0,6420.39
2024-07-21 04:00:00,Empirical_Utility_Substation,120000,1,11500.0,30.22,63.3,0.0,16.11,1,0,6586.07
2024-07-21 05:00:00,Empirical_Utility_Substation,120000,1,11500.0,29.49,66.6,0.0,14.71,1,0,6608.5
2024-07-21 06:00:00,Empirical_Utility_Substation,120000,1,11500.0,30.71,66.6,0.0,16.82,1,0,6800.87
2024-07-21 07:00:00,Empirical_Utility_Substation,120000,1,11500.0,32.22,67.9,98.1,13.51,1,0,7497.69
2024-07-21 08:00:00,Empirical_Utility_Substation,120000,1,11500.0,33.4,73.4,100.7,17.17,1,0,7854.47
2024-07-21 09:00:00,Empirical_Utility_Substation,120000,1,11500.0,33.26,68.0,256.5,12.75,1,0,8230.69
2024-07-21 10:00:00,Empirical_Utility_Substation,120000,1,11500.0,35.57,70.5,418.2,17.52,1,0,8963.03
2024-07-21 11:00:00,Empirical_Utility_Substation,120000,1,11500.0,37.15,78.4,432.6,16.36,1,0,9389.46
2024-07-21 12:00:00,Empirical_Utility_Substation,120000,1,11500.0,37.37,59.9,133.4,16.11,1,0,9288.66
2024-07-21 13:00:00,Empirical_Utility_Substation,120000,1,11500.0,38.87,66.8,195.1,16.76,1,0,9282.85
2024-07-21 14:00:00,Empirical_Utility_Substation,120000,1,11500.0,39.39,66.1,114.3,18.24,1,0,8985.57
2024-07-21 15:00:00,Empirical_Utility_Substation,120000,1,11500.0,38.26,62.2,266.4,15.61,1,0,8332.89
2024-07-21 16:00:00,Empirical_Utility_Substation,120000,1,11500.0,36.48,51.8,175.8,13.84,1,0,7894.01
2024-07-21 17:00:00,Empirical_Utility_Substation,120000,1,11500.0,37.02,71.2,103.5,13.75,1,0,8324.68
2024-07-21 18:00:00,Empirical_Utility_Substation,120000,1,11500.0,37.75,52.7,0.0,14.11,1,0,9037.1
2024-07-21 19:00:00,Empirical_Utility_Substation,120000,1,11500.0,35.64,63.5,0.0,17.6,1,0,9169.35
2024-07-21 20:00:00,Empirical_Utility_Substation,120000,1,11500.0,33.62,64.4,0.0,17.39,1,0,8872.93
2024-07-21 21:00:00,Empirical_Utility_Substation,120000,1,11500.0,31.98,66.3,0.0,12.15,1,0,8057.65
2024-07-21 22:00:00,Empirical_Utility_Substation,120000,1,11500.0,31.16,73.1,0.0,15.71,1,0,7429.99
2024-07-21 23:00:00,Empirical_Utility_Substation,120000,1,11500.0,30.5,71.6,0.0,17.79,1,0,7064.67
2024-07-22 00:00:00,Empirical_Utility_Substation,120000,1,11500.0,31.63,58.3,0.0,12.92,0,0,7590.2
2024-07-22 01:00:00,Empirical_Utility_Substation,120000,1,11500.0,30.94,60.7,0.0,16.65,0,0,7459.31
2024-07-22 02:00:00,Empirical_Utility_Substation,120000,1,11500.0,30.89,72.8,0.0,14.89,0,0,7514.34
2024-07-22 03:00:00,Empirical_Utility_Substation,120000,1,11500.0,28.97,66.7,0.0,14.6,0,0,7022.46
2024-07-22 04:00:00,Empirical_Utility_Substation,120000,1,11500.0,26.64,74.8,0.0,15.75,0,0,6575.93
2024-07-22 05:00:00,Empirical_Utility_Substation,120000,1,11500.0,26.45,79.2,0.0,14.62,0,0,6480.08
2024-07-22 06:00:00,Empirical_Utility_Substation,120000,1,11500.0,25.2,69.0,0.0,17.27,0,0,6373.53
2024-07-22 07:00:00,Empirical_Utility_Substation,120000,1,11500.0,27.26,81.1,73.5,21.84,0,0,6998.58
2024-07-22 08:00:00,Empirical_Utility_Substation,120000,1,11500.0,30.07,70.4,66.0,15.51,0,0,7553.94
2024-07-22 09:00:00,Empirical_Utility_Substation,120000,1,11500.0,31.78,56.2,353.9,16.86,0,0,8156.6
2024-07-22 10:00:00,Empirical_Utility_Substation,120000,1,11500.0,32.34,61.5,432.6,16.1,0,0,8458.03
2024-07-22 11:00:00,Empirical_Utility_Substation,120000,1,11500.0,32.95,69.0,514.0,16.5,0,0,8798.54
2024-07-22 12:00:00,Empirical_Utility_Substation,120000,1,11500.0,35.18,65.1,132.0,13.46,0,0,9058.53
2024-07-22 13:00:00,Empirical_Utility_Substation,120000,1,11500.0,37.3,61.0,318.1,16.58,0,0,9046.1
2024-07-22 14:00:00,Empirical_Utility_Substation,120000,1,11500.0,38.86,66.3,361.7,13.27,0,0,9269.95
2024-07-22 15:00:00,Empirical_Utility_Substation,120000,1,11500.0,37.63,62.4,218.4,14.49,0,0,8607.64
2024-07-22 16:00:00,Empirical_Utility_Substation,120000,1,11500.0,36.92,62.0,182.7,14.25,0,0,8389.14
2024-07-22 17:00:00,Empirical_Utility_Substation,120000,1,11500.0,35.78,62.5,70.5,13.24,0,0,8788.69
2024-07-22 18:00:00,Empirical_Utility_Substation,120000,1,11500.0,36.29,63.2,0.0,15.5,0,0,9385.94
2024-07-22 19:00:00,Empirical_Utility_Substation,120000,1,11500.0,35.8,69.2,0.0,17.15,0,0,9652.81
2024-07-22 20:00:00,Empirical_Utility_Substation,120000,1,11500.0,33.19,65.5,0.0,14.91,0,0,9015.68
2024-07-22 21:00:00,Empirical_Utility_Substation,120000,1,11500.0,33.26,66.1,0.0,15.84,0,0,8909.54
2024-07-22 22:00:00,Empirical_Utility_Substation,120000,1,11500.0,31.12,71.6,0.0,13.59,0,0,7773.07
2024-07-22 23:00:00,Empirical_Utility_Substation,120000,1,11500.0,29.23,74.8,0.0,15.59,0,0,7038.69
2024-07-23 00:00:00,Empirical_Utility_Substation,120000,1,11500.0,28.16,70.7,0.0,18.6,0,0,6644.69
2024-07-23 01:00:00,Empirical_Utility_Substation,120000,1,11500.0,26.79,78.3,0.0,13.58,0,0,6493.19
2024-07-23 02:00:00,Empirical_Utility_Substation,120000,1,11500.0,25.13,72.1,0.0,17.2,0,0,6386.69
2024-07-23 03:00:00,Empirical_Utility_Substation,120000,1,11500.0,26.45,75.4,0.0,14.6,0,0,6734.66
2024-07-23 04:00:00,Empirical_Utility_Substation,120000,1,11500.0,27.27,79.0,0.0,13.53,0,0,6679.66
2024-07-23 05:00:00,Empirical_Utility_Substation,120000,1,11500.0,27.25,68.8,0.0,12.75,0,0,6664.76
2024-07-23 06:00:00,Empirical_Utility_Substation,120000,1,11500.0,29.72,75.6,0.0,18.16,0,0,7178.31
2024-07-23 07:00:00,Empirical_Utility_Substation,120000,1,11500.0,30.97,59.0,134.3,15.58,0,0,7755.13
2024-07-23 08:00:00,Empirical_Utility_Substation,120000,1,11500.0,31.44,65.6,250.0,14.57,0,0,8027.96
2024-07-23 09:00:00,Empirical_Utility_Substation,120000,1,11500.0,31.49,76.7,109.6,16.26,0,0,8352.12
2024-07-23 10:00:00,Empirical_Utility_Substation,120000,1,11500.0,32.38,73.2,114.3,17.95,0,0,8659.03
2024-07-23 11:00:00,Empirical_Utility_Substation,120000,1,11500.0,33.1,64.5,319.8,14.48,0,0,8854.88
2024-07-23 12:00:00,Empirical_Utility_Substation,120000,1,11500.0,34.88,66.2,304.8,14.32,0,0,9023.24
2024-07-23 13:00:00,Empirical_Utility_Substation,120000,1,11500.0,35.12,57.6,495.0,13.89,0,0,8718.02
2024-07-23 14:00:00,Empirical_Utility_Substation,120000,1,11500.0,34.77,67.9,338.9,16.57,0,0,8215.63
2024-07-23 15:00:00,Empirical_Utility_Substation,120000,1,11500.0,35.74,68.6,298.9,13.79,0,0,8230.41
2024-07-23 16:00:00,Empirical_Utility_Substation,120000,1,11500.0,34.75,66.3,225.6,15.29,0,0,8192.96
2024-07-23 17:00:00,Empirical_Utility_Substation,120000,1,11500.0,33.59,66.7,114.0,14.56,0,0,8289.94
2024-07-23 18:00:00,Empirical_Utility_Substation,120000,1,11500.0,33.68,56.4,0.0,18.19,0,0,8943.43
2024-07-23 19:00:00,Empirical_Utility_Substation,120000,1,11500.0,31.82,73.4,0.0,15.79,0,0,9007.78
2024-07-23 20:00:00,Empirical_Utility_Substation,120000,1,11500.0,30.47,63.2,0.0,13.68,0,0,8884.71
2024-07-23 21:00:00,Empirical_Utility_Substation,120000,1,11500.0,30.18,71.4,0.0,14.56,0,0,8646.63
2024-07-23 22:00:00,Empirical_Utility_Substation,120000,1,11500.0,30.51,65.0,0.0,17.52,0,0,8112.94
2024-07-23 23:00:00,Empirical_Utility_Substation,120000,1,11500.0,28.58,74.0,0.0,13.97,0,0,7491.57
2024-07-24 00:00:00,Empirical_Utility_Substation,120000,1,11500.0,27.99,72.7,0.0,21.05,0,0,6723.85
2024-07-24 01:00:00,Empirical_Utility_Substation,120000,1,11500.0,26.76,67.3,0.0,14.25,0,0,6603.65
2024-07-24 02:00:00,Empirical_Utility_Substation,120000,1,11500.0,26.04,86.4,0.0,14.86,0,0,6522.62
2024-07-24 03:00:00,Empirical_Utility_Substation,120000,1,11500.0,24.4,74.3,0.0,14.93,0,0,6488.17
2024-07-24 04:00:00,Empirical_Utility_Substation,120000,1,11500.0,25.83,75.8,0.0,11.98,0,0,6796.31
2024-07-24 05:00:00,Empirical_Utility_Substation,120000,1,11500.0,26.53,68.7,0.0,14.38,0,0,6914.98
2024-07-24 06:00:00,Empirical_Utility_Substation,120000,1,11500.0,26.53,80.3,0.0,16.09,0,0,6949.3
2024-07-24 07:00:00,Empirical_Utility_Substation,120000,1,11500.0,27.5,81.5,37.2,13.32,0,0,7192.32
2024-07-24 08:00:00,Empirical_Utility_Substation,120000,1,11500.0,31.27,73.1,226.0,14.43,0,0,8150.5
2024-07-24 09:00:00,Empirical_Utility_Substation,120000,1,11500.0,33.29,76.7,214.7,15.31,0,0,8885.16
2024-07-24 10:00:00,Empirical_Utility_Substation,120000,1,11500.0,34.07,68.4,392.9,19.16,0,0,9321.65
2024-07-24 11:00:00,Empirical_Utility_Substation,120000,1,11500.0,36.28,65.3,365.7,17.08,0,0,9947.2
2024-07-24 12:00:00,Empirical_Utility_Substation,120000,1,11500.0,36.56,60.3,381.1,15.91,0,0,9815.94
2024-07-24 13:00:00,Empirical_Utility_Substation,120000,1,11500.0,38.12,66.0,548.9,15.88,0,0,9750.63
2024-07-24 14:00:00,Empirical_Utility_Substation,120000,1,11500.0,39.38,66.6,141.5,13.8,0,0,9789.04
2024-07-24 15:00:00,Empirical_Utility_Substation,120000,1,11500.0,39.52,60.5,209.8,13.81,0,0,9636.86
2024-07-24 16:00:00,Empirical_Utility_Substation,120000,1,11500.0,38.92,68.8,161.7,15.36,0,0,9409.13
2024-07-24 17:00:00,Empirical_Utility_Substation,120000,1,11500.0,40.05,68.7,86.8,16.36,0,0,9821.6
2024-07-24 18:00:00,Empirical_Utility_Substation,120000,1,11500.0,37.65,68.5,0.0,11.99,0,0,9422.02
2024-07-24 19:00:00,Empirical_Utility_Substation,120000,1,11500.0,37.78,65.6,0.0,16.21,0,0,10033.21
2024-07-24 20:00:00,Empirical_Utility_Substation,120000,1,11500.0,34.71,70.7,0.0,13.93,0,0,9501.87
2024-07-24 21:00:00,Empirical_Utility_Substation,120000,1,11500.0,33.21,62.6,0.0,16.76,0,0,9095.43
2024-07-24 22:00:00,Empirical_Utility_Substation,120000,1,11500.0,31.53,71.8,0.0,12.67,0,0,8323.42
2024-07-24 23:00:00,Empirical_Utility_Substation,120000,1,11500.0,31.25,73.5,0.0,18.95,0,0,7817.19
2024-07-25 00:00:00,Empirical_Utility_Substation,120000,1,11500.0,28.64,69.5,0.0,15.83,0,0,6927.21
2024-07-25 01:00:00,Empirical_Utility_Substation,120000,1,11500.0,27.43,72.5,0.0,19.49,0,0,6600.78
2024-07-25 02:00:00,Empirical_Utility_Substation,120000,1,11500.0,25.29,71.9,0.0,16.49,0,0,6064.36
2024-07-25 03:00:00,Empirical_Utility_Substation,120000,1,11500.0,24.65,70.8,0.0,15.99,0,0,5873.71
2024-07-25 04:00:00,Empirical_Utility_Substation,120000,1,11500.0,24.95,74.4,0.0,16.33,0,0,6207.61
2024-07-25 05:00:00,Empirical_Utility_Substation,120000,1,11500.0,25.79,79.8,0.0,14.78,0,0,6476.48
2024-07-25 06:00:00,Empirical_Utility_Substation,120000,1,11500.0,28.12,79.9,0.0,14.3,0,0,6941.67
2024-07-25 07:00:00,Empirical_Utility_Substation,120000,1,11500.0,28.12,70.2,52.6,19.84,0,0,6982.53
2024-07-25 08:00:00,Empirical_Utility_Substation,120000,1,11500.0,29.36,69.8,220.7,14.7,0,0,7330.73
2024-07-25 09:00:00,Empirical_Utility_Substation,120000,1,11500.0,32.4,73.6,373.6,12.89,0,0,8586.31
2024-07-25 10:00:00,Empirical_Utility_Substation,120000,1,11500.0,32.44,61.0,354.0,13.85,0,0,8958.62
2024-07-25 11:00:00,Empirical_Utility_Substation,120000,1,11500.0,32.74,73.6,368.5,18.43,0,0,9174.4
2024-07-25 12:00:00,Empirical_Utility_Substation,120000,1,11500.0,33.37,71.1,378.8,16.79,0,0,9165.51
2024-07-25 13:00:00,Empirical_Utility_Substation,120000,1,11500.0,34.93,65.6,393.7,14.31,0,0,9346.51
2024-07-25 14:00:00,Empirical_Utility_Substation,120000,1,11500.0,35.28,60.6,270.0,12.98,0,0,9197.8
2024-07-25 15:00:00,Empirical_Utility_Substation,120000,1,11500.0,36.59,67.4,254.8,16.09,0,0,9282.32
2024-07-25 16:00:00,Empirical_Utility_Substation,120000,1,11500.0,36.71,72.2,92.1,15.6,0,0,9179.57
2024-07-25 17:00:00,Empirical_Utility_Substation,120000,1,11500.0,35.06,70.8,86.7,13.82,0,0,8904.38
2024-07-25 18:00:00,Empirical_Utility_Substation,120000,1,11500.0,34.3,58.2,0.0,14.97,0,0,9251.64
2024-07-25 19:00:00,Empirical_Utility_Substation,120000,1,11500.0,32.39,69.4,0.0,14.69,0,0,9177.3
2024-07-25 20:00:00,Empirical_Utility_Substation,120000,1,11500.0,30.24,71.7,0.0,15.45,0,0,8862.68
2024-07-25 21:00:00,Empirical_Utility_Substation,120000,1,11500.0,29.88,81.3,0.0,14.39,0,0,8579.5
2024-07-25 22:00:00,Empirical_Utility_Substation,120000,1,11500.0,29.33,68.3,0.0,17.39,0,0,7973.93
2024-07-25 23:00:00,Empirical_Utility_Substation,120000,1,11500.0,28.26,65.3,0.0,15.83,0,0,7387.52
2024-07-26 00:00:00,Empirical_Utility_Substation,120000,1,11500.0,27.21,75.1,0.0,13.58,0,0,6743.2
2024-07-26 01:00:00,Empirical_Utility_Substation,120000,1,11500.0,27.27,68.4,0.0,15.23,0,0,6561.97
2024-07-26 02:00:00,Empirical_Utility_Substation,120000,1,11500.0,27.06,73.2,0.0,13.7,0,0,6510.57
2024-07-26 03:00:00,Empirical_Utility_Substation,120000,1,11500.0,28.47,76.3,0.0,13.5,0,0,6640.98
2024-07-26 04:00:00,Empirical_Utility_Substation,120000,1,11500.0,27.78,73.7,0.0,15.29,0,0,6714.99
2024-07-26 05:00:00,Empirical_Utility_Substation,120000,1,11500.0,28.59,66.1,0.0,12.99,0,0,6967.18
2024-07-26 06:00:00,Empirical_Utility_Substation,120000,1,11500.0,29.63,74.7,0.0,12.01,0,0,7461.77
2024-07-26 07:00:00,Empirical_Utility_Substation,120000,1,11500.0,29.78,64.2,114.0,17.11,0,0,7708.96
2024-07-26 08:00:00,Empirical_Utility_Substation,120000,1,11500.0,31.49,67.6,83.9,15.39,0,0,8129.4
2024-07-26 09:00:00,Empirical_Utility_Substation,120000,1,11500.0,32.55,66.5,350.3,19.79,0,0,8611.59
2024-07-26 10:00:00,Empirical_Utility_Substation,120000,1,11500.0,33.86,75.4,316.6,12.18,0,0,9185.25
2024-07-26 11:00:00,Empirical_Utility_Substation,120000,1,11500.0,35.44,73.1,278.1,15.85,0,0,9674.89
2024-07-26 12:00:00,Empirical_Utility_Substation,120000,1,11500.0,36.36,82.5,362.4,15.33,0,0,9767.88
2024-07-26 13:00:00,Empirical_Utility_Substation,120000,1,11500.0,37.2,61.7,196.4,11.7,0,0,9707.98
2024-07-26 14:00:00,Empirical_Utility_Substation,120000,1,11500.0,36.28,65.2,295.7,12.25,0,0,9363.52
2024-07-26 15:00:00,Empirical_Utility_Substation,120000,1,11500.0,37.01,66.8,163.5,13.42,0,0,9472.28
2024-07-26 16:00:00,Empirical_Utility_Substation,120000,1,11500.0,35.93,70.8,171.6,13.26,0,0,8919.17
2024-07-26 17:00:00,Empirical_Utility_Substation,120000,1,11500.0,35.37,61.0,105.7,15.49,0,0,8849.76
2024-07-26 18:00:00,Empirical_Utility_Substation,120000,1,11500.0,33.69,72.0,0.0,13.06,0,0,8804.08
2024-07-26 19:00:00,Empirical_Utility_Substation,120000,1,11500.0,31.27,77.2,0.0,13.99,0,0,8646.09
2024-07-26 20:00:00,Empirical_Utility_Substation,120000,1,11500.0,31.08,77.5,0.0,14.64,0,0,8777.48
2024-07-26 21:00:00,Empirical_Utility_Substation,120000,1,11500.0,32.83,70.1,0.0,16.36,0,0,8886.53
2024-07-26 22:00:00,Empirical_Utility_Substation,120000,1,11500.0,31.18,60.9,0.0,16.21,0,0,8078.4
2024-07-26 23:00:00,Empirical_Utility_Substation,120000,1,11500.0,30.76,67.6,0.0,11.87,0,0,7687.0
2024-07-27 00:00:00,Empirical_Utility_Substation,120000,1,11500.0,29.74,78.0,0.0,12.91,1,0,6058.19
2024-07-27 01:00:00,Empirical_Utility_Substation,120000,1,11500.0,28.66,65.6,0.0,16.75,1,0,5884.93
2024-07-27 02:00:00,Empirical_Utility_Substation,120000,1,11500.0,29.37,68.1,0.0,15.89,1,0,6128.16
2024-07-27 03:00:00,Empirical_Utility_Substation,120000,1,11500.0,28.94,71.4,0.0,15.86,1,0,6236.99
2024-07-27 04:00:00,Empirical_Utility_Substation,120000,1,11500.0,29.82,71.2,0.0,16.31,1,0,6393.67
2024-07-27 05:00:00,Empirical_Utility_Substation,120000,1,11500.0,31.84,69.7,0.0,13.05,1,0,6659.7
2024-07-27 06:00:00,Empirical_Utility_Substation,120000,1,11500.0,31.64,67.9,0.0,15.99,1,0,6571.14
2024-07-27 07:00:00,Empirical_Utility_Substation,120000,1,11500.0,33.81,65.9,92.8,12.7,1,0,7323.5
2024-07-27 08:00:00,Empirical_Utility_Substation,120000,1,11500.0,33.6,69.8,136.0,15.01,1,0,7459.15
2024-07-27 09:00:00,Empirical_Utility_Substation,120000,1,11500.0,33.57,55.0,430.3,13.15,1,0,7916.02
2024-07-27 10:00:00,Empirical_Utility_Substation,120000,1,11500.0,34.69,54.7,202.2,16.99,1,0,8347.68
2024-07-27 11:00:00,Empirical_Utility_Substation,120000,1,11500.0,36.39,55.7,493.0,17.33,1,0,8850.67
2024-07-27 12:00:00,Empirical_Utility_Substation,120000,1,11500.0,37.59,66.0,291.9,15.93,1,0,9125.53
2024-07-27 13:00:00,Empirical_Utility_Substation,120000,1,11500.0,37.56,60.7,332.9,15.91,1,0,8793.07
2024-07-27 14:00:00,Empirical_Utility_Substation,120000,1,11500.0,38.63,60.1,215.7,17.51,1,0,8812.08
2024-07-27 15:00:00,Empirical_Utility_Substation,120000,1,11500.0,38.09,60.4,101.5,12.49,1,0,8361.82
2024-07-27 16:00:00,Empirical_Utility_Substation,120000,1,11500.0,37.13,61.3,121.6,14.43,1,0,7960.8
2024-07-27 17:00:00,Empirical_Utility_Substation,120000,1,11500.0,36.62,60.2,96.8,14.02,1,0,8126.55
2024-07-27 18:00:00,Empirical_Utility_Substation,120000,1,11500.0,36.57,54.7,0.0,12.62,1,0,8584.75
2024-07-27 19:00:00,Empirical_Utility_Substation,120000,1,11500.0,35.63,68.5,0.0,14.25,1,0,8737.51
2024-07-27 20:00:00,Empirical_Utility_Substation,120000,1,11500.0,35.04,75.5,0.0,16.33,1,0,8698.37
2024-07-27 21:00:00,Empirical_Utility_Substation,120000,1,11500.0,33.88,67.4,0.0,14.69,1,0,8283.88
2024-07-27 22:00:00,Empirical_Utility_Substation,120000,1,11500.0,30.46,67.4,0.0,12.0,1,0,7138.44
2024-07-27 23:00:00,Empirical_Utility_Substation,120000,1,11500.0,28.81,73.7,0.0,15.51,1,0,6245.3
2024-07-28 00:00:00,Empirical_Utility_Substation,120000,1,11500.0,26.67,88.4,0.0,13.42,1,0,5599.95
2024-07-28 01:00:00,Empirical_Utility_Substation,120000,1,11500.0,25.3,76.8,0.0,16.51,1,0,5314.04
2024-07-28 02:00:00,Empirical_Utility_Substation,120000,1,11500.0,25.32,74.5,0.0,18.03,1,0,5433.13
2024-07-28 03:00:00,Empirical_Utility_Substation,120000,1,11500.0,24.83,75.6,0.0,14.5,1,0,5257.64
2024-07-28 04:00:00,Empirical_Utility_Substation,120000,1,11500.0,25.65,77.9,0.0,13.36,1,0,5355.09
2024-07-28 05:00:00,Empirical_Utility_Substation,120000,1,11500.0,25.07,82.6,0.0,16.85,1,0,5480.7
2024-07-28 06:00:00,Empirical_Utility_Substation,120000,1,11500.0,25.38,78.4,0.0,13.8,1,0,5541.15
2024-07-28 07:00:00,Empirical_Utility_Substation,120000,1,11500.0,26.73,78.2,34.2,13.54,1,0,5653.12
2024-07-28 08:00:00,Empirical_Utility_Substation,120000,1,11500.0,27.87,75.1,149.3,15.15,1,0,6367.55
2024-07-28 09:00:00,Empirical_Utility_Substation,120000,1,11500.0,29.67,60.0,345.5,14.92,1,0,6824.48
2024-07-28 10:00:00,Empirical_Utility_Substation,120000,1,11500.0,32.49,65.2,315.6,12.98,1,0,7646.04
2024-07-28 11:00:00,Empirical_Utility_Substation,120000,1,11500.0,33.34,76.5,173.9,15.63,1,0,8044.17
2024-07-28 12:00:00,Empirical_Utility_Substation,120000,1,11500.0,32.96,72.4,392.0,13.33,1,0,7956.25
2024-07-28 13:00:00,Empirical_Utility_Substation,120000,1,11500.0,33.49,72.2,307.4,16.75,1,0,7872.11
2024-07-28 14:00:00,Empirical_Utility_Substation,120000,1,11500.0,35.11,59.0,245.6,12.66,1,0,7953.78
2024-07-28 15:00:00,Empirical_Utility_Substation,120000,1,11500.0,37.39,65.6,93.3,12.46,1,0,8451.15
2024-07-28 16:00:00,Empirical_Utility_Substation,120000,1,11500.0,36.78,72.5,90.1,13.38,1,0,8311.13
2024-07-28 17:00:00,Empirical_Utility_Substation,120000,1,11500.0,37.15,64.7,109.7,13.97,1,0,8702.25
2024-07-28 18:00:00,Empirical_Utility_Substation,120000,1,11500.0,36.42,69.9,0.0,14.63,1,0,8829.79
2024-07-28 19:00:00,Empirical_Utility_Substation,120000,1,11500.0,35.6,78.2,0.0,15.45,1,0,9037.2
2024-07-28 20:00:00,Empirical_Utility_Substation,120000,1,11500.0,33.93,60.8,0.0,15.99,1,0,8768.06
2024-07-28 21:00:00,Empirical_Utility_Substation,120000,1,11500.0,32.04,71.5,0.0,13.54,1,0,8292.55
2024-07-28 22:00:00,Empirical_Utility_Substation,120000,1,11500.0,31.57,77.2,0.0,13.15,1,0,7749.24
2024-07-28 23:00:00,Empirical_Utility_Substation,120000,1,11500.0,29.93,74.1,0.0,17.41,1,0,7179.08
2024-07-29 00:00:00,Empirical_Utility_Substation,120000,1,11500.0,28.52,69.8,0.0,13.5,0,0,6965.81
2024-07-29 01:00:00,Empirical_Utility_Substation,120000,1,11500.0,27.35,84.8,0.0,14.69,0,0,6745.11
2024-07-29 02:00:00,Empirical_Utility_Substation,120000,1,11500.0,27.97,74.1,0.0,16.5,0,0,6804.1
2024-07-29 03:00:00,Empirical_Utility_Substation,120000,1,11500.0,27.09,72.5,0.0,11.73,0,0,6665.57
2024-07-29 04:00:00,Empirical_Utility_Substation,120000,1,11500.0,27.66,78.5,0.0,13.24,0,0,6797.51
2024-07-29 05:00:00,Empirical_Utility_Substation,120000,1,11500.0,28.16,68.2,0.0,17.06,0,0,6757.9
2024-07-29 06:00:00,Empirical_Utility_Substation,120000,1,11500.0,28.86,79.2,0.0,15.25,0,0,7236.57
2024-07-29 07:00:00,Empirical_Utility_Substation,120000,1,11500.0,31.24,62.6,46.8,14.44,0,0,7667.47
2024-07-29 08:00:00,Empirical_Utility_Substation,120000,1,11500.0,33.28,67.3,140.8,15.18,0,0,8263.8
2024-07-29 09:00:00,Empirical_Utility_Substation,120000,1,11500.0,33.53,68.2,138.6,14.99,0,0,8378.07
2024-07-29 10:00:00,Empirical_Utility_Substation,120000,1,11500.0,35.11,81.1,275.5,13.43,0,0,9087.83
2024-07-29 11:00:00,Empirical_Utility_Substation,120000,1,11500.0,34.84,62.0,127.5,12.45,0,0,9007.76
2024-07-29 12:00:00,Empirical_Utility_Substation,120000,1,11500.0,36.59,73.9,352.3,16.62,0,0,9386.47
2024-07-29 13:00:00,Empirical_Utility_Substation,120000,1,11500.0,36.7,59.3,237.5,11.78,0,0,9150.24
2024-07-29 14:00:00,Empirical_Utility_Substation,120000,1,11500.0,36.42,74.2,370.3,13.0,0,0,8801.46
2024-07-29 15:00:00,Empirical_Utility_Substation,120000,1,11500.0,36.59,67.9,335.2,16.92,0,0,8706.18
2024-07-29 16:00:00,Empirical_Utility_Substation,120000,1,11500.0,35.72,45.7,106.4,14.18,0,0,8452.32
2024-07-29 17:00:00,Empirical_Utility_Substation,120000,1,11500.0,34.13,68.7,112.4,17.72,0,0,8308.33
2024-07-29 18:00:00,Empirical_Utility_Substation,120000,1,11500.0,33.51,63.5,0.0,13.96,0,0,8687.25
2024-07-29 19:00:00,Empirical_Utility_Substation,120000,1,11500.0,30.92,72.7,0.0,18.25,0,0,8690.95
2024-07-29 20:00:00,Empirical_Utility_Substation,120000,1,11500.0,29.52,72.7,0.0,14.67,0,0,8649.51
2024-07-29 21:00:00,Empirical_Utility_Substation,120000,1,11500.0,27.89,82.3,0.0,14.65,0,0,8336.99
2024-07-29 22:00:00,Empirical_Utility_Substation,120000,1,11500.0,26.47,69.7,0.0,17.11,0,0,7511.12
2024-07-29 23:00:00,Empirical_Utility_Substation,120000,1,11500.0,26.46,66.6,0.0,11.68,0,0,7036.15
2024-07-30 00:00:00,Empirical_Utility_Substation,120000,1,11500.0,24.32,92.4,0.0,17.29,0,0,6431.99
2024-07-30 01:00:00,Empirical_Utility_Substation,120000,1,11500.0,24.59,77.0,0.0,12.61,0,0,6471.62
2024-07-30 02:00:00,Empirical_Utility_Substation,120000,1,11500.0,24.42,70.8,0.0,13.4,0,0,6371.98
2024-07-30 03:00:00,Empirical_Utility_Substation,120000,1,11500.0,23.99,70.6,0.0,13.37,0,0,6302.47
2024-07-30 04:00:00,Empirical_Utility_Substation,120000,1,11500.0,24.3,88.7,0.0,17.04,0,0,6174.39
2024-07-30 05:00:00,Empirical_Utility_Substation,120000,1,11500.0,26.52,85.0,0.0,14.63,0,0,6506.32
2024-07-30 06:00:00,Empirical_Utility_Substation,120000,1,11500.0,27.95,76.9,0.0,12.73,0,0,6918.27
2024-07-30 07:00:00,Empirical_Utility_Substation,120000,1,11500.0,27.81,71.3,119.4,13.67,0,0,7400.02
2024-07-30 08:00:00,Empirical_Utility_Substation,120000,1,11500.0,30.69,73.8,226.4,14.7,0,0,8181.04
2024-07-30 09:00:00,Empirical_Utility_Substation,120000,1,11500.0,30.59,66.3,280.6,13.33,0,0,8297.47
2024-07-30 10:00:00,Empirical_Utility_Substation,120000,1,11500.0,33.38,67.6,277.7,12.97,0,0,8891.1
2024-07-30 11:00:00,Empirical_Utility_Substation,120000,1,11500.0,34.79,72.5,127.5,15.65,0,0,9409.47
2024-07-30 12:00:00,Empirical_Utility_Substation,120000,1,11500.0,36.7,72.6,275.0,12.37,0,0,9966.01
2024-07-30 13:00:00,Empirical_Utility_Substation,120000,1,11500.0,37.63,72.7,373.9,14.69,0,0,9978.16
2024-07-30 14:00:00,Empirical_Utility_Substation,120000,1,11500.0,36.68,66.8,351.7,14.79,0,0,9839.66
2024-07-30 15:00:00,Empirical_Utility_Substation,120000,1,11500.0,37.53,61.1,357.0,16.0,0,0,10009.83
2024-07-30 16:00:00,Empirical_Utility_Substation,120000,1,11500.0,37.08,62.6,237.0,18.47,0,0,9820.92
2024-07-30 17:00:00,Empirical_Utility_Substation,120000,1,11500.0,36.4,71.1,100.1,14.77,0,0,9706.27
2024-07-30 18:00:00,Empirical_Utility_Substation,120000,1,11500.0,36.42,57.5,0.0,16.73,0,0,10120.34
2024-07-30 19:00:00,Empirical_Utility_Substation,120000,1,11500.0,36.71,61.4,0.0,14.73,0,0,10685.91
2024-07-30 20:00:00,Empirical_Utility_Substation,120000,1,11500.0,34.78,62.6,0.0,15.81,0,0,10317.06
2024-07-30 21:00:00,Empirical_Utility_Substation,120000,1,11500.0,31.9,65.9,0.0,15.21,0,0,9597.6
2024-07-30 22:00:00,Empirical_Utility_Substation,120000,1,11500.0,30.5,81.4,0.0,16.08,0,0,8761.58
2024-07-30 23:00:00,Empirical_Utility_Substation,120000,1,11500.0,27.25,76.7,0.0,18.19,0,0,7827.36
2024-07-31 00:00:00,Empirical_Utility_Substation,120000,1,11500.0,25.54,78.2,0.0,17.34,0,0,7060.7
2024-07-31 01:00:00,Empirical_Utility_Substation,120000,1,11500.0,25.83,64.2,0.0,16.44,0,0,6886.61
2024-07-31 02:00:00,Empirical_Utility_Substation,120000,1,11500.0,25.75,74.9,0.0,13.2,0,0,6932.31
2024-07-31 03:00:00,Empirical_Utility_Substation,120000,1,11500.0,26.25,79.9,0.0,16.5,0,0,7034.32
2024-07-31 04:00:00,Empirical_Utility_Substation,120000,1,11500.0,27.52,83.3,0.0,13.15,0,0,7367.81
2024-07-31 05:00:00,Empirical_Utility_Substation,120000,1,11500.0,29.13,71.9,0.0,15.67,0,0,7616.36
2024-07-31 06:00:00,Empirical_Utility_Substation,120000,1,11500.0,29.98,68.4,0.0,16.13,0,0,7661.71
2024-07-31 07:00:00,Empirical_Utility_Substation,120000,1,11500.0,31.67,67.4,118.5,13.5,0,0,8097.76
2024-07-31 08:00:00,Empirical_Utility_Substation,120000,1,11500.0,32.76,70.5,215.8,13.13,0,0,8490.8
2024-07-31 09:00:00,Empirical_Utility_Substation,120000,1,11500.0,33.76,70.1,213.3,16.05,0,0,9243.31
2024-07-31 10:00:00,Empirical_Utility_Substation,120000,1,11500.0,35.4,60.3,369.1,19.75,0,0,9809.69
2024-07-31 11:00:00,Empirical_Utility_Substation,120000,1,11500.0,36.02,60.7,158.8,15.6,0,0,10155.08
2024-07-31 12:00:00,Empirical_Utility_Substation,120000,1,11500.0,36.59,76.8,240.3,17.65,0,0,10263.27
2024-07-31 13:00:00,Empirical_Utility_Substation,120000,1,11500.0,38.07,68.9,262.9,17.03,0,0,10318.28
2024-07-31 14:00:00,Empirical_Utility_Substation,120000,1,11500.0,39.82,60.4,114.3,14.55,0,0,10511.88
2024-07-31 15:00:00,Empirical_Utility_Substation,120000,1,11500.0,39.42,57.3,357.7,15.37,0,0,10238.41
2024-07-31 16:00:00,Empirical_Utility_Substation,120000,1,11500.0,40.07,67.8,161.7,14.17,0,0,10271.07
2024-07-31 17:00:00,Empirical_Utility_Substation,120000,1,11500.0,40.41,63.6,139.5,17.36,0,0,10587.23
2024-07-31 18:00:00,Empirical_Utility_Substation,120000,1,11500.0,40.12,62.4,0.0,15.04,0,0,10817.61
2024-07-31 19:00:00,Empirical_Utility_Substation,120000,1,11500.0,38.89,59.9,0.0,14.57,0,0,10721.66
2024-07-31 20:00:00,Empirical_Utility_Substation,120000,1,11500.0,36.32,63.1,0.0,13.7,0,0,10177.54
2024-07-31 21:00:00,Empirical_Utility_Substation,120000,1,11500.0,36.26,61.0,0.0,13.99,0,0,9826.21
2024-07-31 22:00:00,Empirical_Utility_Substation,120000,1,11500.0,34.04,69.1,0.0,13.74,0,0,8807.08
2024-07-31 23:00:00,Empirical_Utility_Substation,120000,1,11500.0,32.74,64.0,0.0,19.35,0,0,8188.43
2024-08-01 00:00:00,Empirical_Utility_Substation,120000,1,11500.0,29.57,66.4,0.0,14.97,0,0,7185.34
2024-08-01 01:00:00,Empirical_Utility_Substation,120000,1,11500.0,28.13,79.5,0.0,14.85,0,0,7051.49
2024-08-01 02:00:00,Empirical_Utility_Substation,120000,1,11500.0,26.51,72.2,0.0,14.53,0,0,6887.22
2024-08-01 03:00:00,Empirical_Utility_Substation,120000,1,11500.0,25.41,73.0,0.0,12.39,0,0,6780.89
2024-08-01 04:00:00,Empirical_Utility_Substation,120000,1,11500.0,26.29,77.0,0.0,14.69,0,0,6736.54
2024-08-01 05:00:00,Empirical_Utility_Substation,120000,1,11500.0,26.96,75.4,0.0,16.66,0,0,6892.9
2024-08-01 06:00:00,Empirical_Utility_Substation,120000,1,11500.0,28.53,71.4,0.0,12.11,0,0,7031.14
2024-08-01 07:00:00,Empirical_Utility_Substation,120000,1,11500.0,29.52,71.1,124.9,15.26,0,0,7402.44
2024-08-01 08:00:00,Empirical_Utility_Substation,120000,1,11500.0,29.16,66.5,175.3,16.3,0,0,7176.33
2024-08-01 09:00:00,Empirical_Utility_Substation,120000,1,11500.0,29.44,83.2,259.4,15.7,0,0,7623.61
2024-08-01 10:00:00,Empirical_Utility_Substation,120000,1,11500.0,30.52,64.2,138.0,16.79,0,0,8063.21
2024-08-01 11:00:00,Empirical_Utility_Substation,120000,1,11500.0,31.21,69.1,127.5,16.3,0,0,8603.86
2024-08-01 12:00:00,Empirical_Utility_Substation,120000,1,11500.0,33.0,70.3,473.9,15.05,0,0,8856.47
2024-08-01 13:00:00,Empirical_Utility_Substation,120000,1,11500.0,32.13,65.9,446.2,13.82,0,0,8354.79
2024-08-01 14:00:00,Empirical_Utility_Substation,120000,1,11500.0,31.95,71.9,418.9,17.37,0,0,8025.71
2024-08-01 15:00:00,Empirical_Utility_Substation,120000,1,11500.0,32.88,57.5,337.6,15.82,0,0,7852.1
2024-08-01 16:00:00,Empirical_Utility_Substation,120000,1,11500.0,33.99,64.7,263.8,13.94,0,0,8098.64
2024-08-01 17:00:00,Empirical_Utility_Substation,120000,1,11500.0,34.8,73.1,55.7,15.34,0,0,8560.8
2024-08-01 18:00:00,Empirical_Utility_Substation,120000,1,11500.0,33.19,61.0,0.0,12.88,0,0,8586.68
2024-08-01 19:00:00,Empirical_Utility_Substation,120000,1,11500.0,32.44,61.0,0.0,12.17,0,0,8905.68
2024-08-01 20:00:00,Empirical_Utility_Substation,120000,1,11500.0,30.7,90.3,0.0,13.01,0,0,8692.36
2024-08-01 21:00:00,Empirical_Utility_Substation,120000,1,11500.0,29.57,83.7,0.0,13.97,0,0,8411.15
2024-08-01 22:00:00,Empirical_Utility_Substation,120000,1,11500.0,29.13,84.0,0.0,13.07,0,0,7917.77
2024-08-01 23:00:00,Empirical_Utility_Substation,120000,1,11500.0,27.55,66.2,0.0,12.31,0,0,7180.45
2024-08-02 00:00:00,Empirical_Utility_Substation,120000,1,11500.0,26.62,69.3,0.0,13.75,0,0,6642.45
2024-08-02 01:00:00,Empirical_Utility_Substation,120000,1,11500.0,27.71,69.8,0.0,12.92,0,0,6861.06
2024-08-02 02:00:00,Empirical_Utility_Substation,120000,1,11500.0,27.57,76.4,0.0,15.29,0,0,6900.46
2024-08-02 03:00:00,Empirical_Utility_Substation,120000,1,11500.0,27.23,83.7,0.0,15.11,0,0,6800.34
2024-08-02 04:00:00,Empirical_Utility_Substation,120000,1,11500.0,27.85,68.4,0.0,11.79,0,0,6833.93
2024-08-02 05:00:00,Empirical_Utility_Substation,120000,1,11500.0,28.98,80.6,0.0,14.91,0,0,7263.54
2024-08-02 06:00:00,Empirical_Utility_Substation,120000,1,11500.0,27.46,70.5,0.0,15.91,0,0,7300.71
2024-08-02 07:00:00,Empirical_Utility_Substation,120000,1,11500.0,28.2,74.9,77.3,16.36,0,0,7338.8
2024-08-02 08:00:00,Empirical_Utility_Substation,120000,1,11500.0,30.96,80.5,217.9,12.07,0,0,8050.02
2024-08-02 09:00:00,Empirical_Utility_Substation,120000,1,11500.0,31.59,63.2,93.3,14.11,0,0,8382.31
2024-08-02 10:00:00,Empirical_Utility_Substation,120000,1,11500.0,33.09,72.4,316.1,15.65,0,0,9085.89
2024-08-02 11:00:00,Empirical_Utility_Substation,120000,1,11500.0,32.93,68.4,182.2,16.6,0,0,9120.65
2024-08-02 12:00:00,Empirical_Utility_Substation,120000,1,11500.0,32.99,79.6,187.8,11.38,0,0,8924.31
2024-08-02 13:00:00,Empirical_Utility_Substation,120000,1,11500.0,33.14,68.4,358.3,14.54,0,0,8538.96
2024-08-02 14:00:00,Empirical_Utility_Substation,120000,1,11500.0,34.14,85.3,140.1,12.92,0,0,8679.33
2024-08-02 15:00:00,Empirical_Utility_Substation,120000,1,11500.0,34.27,75.7,93.3,14.27,0,0,8541.66
2024-08-02 16:00:00,Empirical_Utility_Substation,120000,1,11500.0,34.02,63.6,161.4,16.3,0,0,8412.82
2024-08-02 17:00:00,Empirical_Utility_Substation,120000,1,11500.0,33.47,74.2,34.2,17.1,0,0,8443.32
2024-08-02 18:00:00,Empirical_Utility_Substation,120000,1,11500.0,32.25,85.7,0.0,14.02,0,0,8544.37
2024-08-02 19:00:00,Empirical_Utility_Substation,120000,1,11500.0,31.25,72.6,0.0,14.54,0,0,8677.07
2024-08-02 20:00:00,Empirical_Utility_Substation,120000,1,11500.0,30.59,75.5,0.0,12.57,0,0,8881.52
2024-08-02 21:00:00,Empirical_Utility_Substation,120000,1,11500.0,30.11,70.7,0.0,15.97,0,0,8708.47
2024-08-02 22:00:00,Empirical_Utility_Substation,120000,1,11500.0,27.81,71.6,0.0,14.62,0,0,8040.48
2024-08-02 23:00:00,Empirical_Utility_Substation,120000,1,11500.0,27.73,72.1,0.0,14.15,0,0,7563.29
2024-08-03 00:00:00,Empirical_Utility_Substation,120000,1,11500.0,25.67,75.1,0.0,14.29,1,0,5832.32
2024-08-03 01:00:00,Empirical_Utility_Substation,120000,1,11500.0,24.99,77.2,0.0,13.44,1,0,5866.05
2024-08-03 02:00:00,Empirical_Utility_Substation,120000,1,11500.0,23.2,79.9,0.0,15.27,1,0,5959.95
2024-08-03 03:00:00,Empirical_Utility_Substation,120000,1,11500.0,22.69,78.4,0.0,18.89,1,0,5779.71
2024-08-03 04:00:00,Empirical_Utility_Substation,120000,1,11500.0,20.73,86.5,0.0,16.06,1,0,5659.4
2024-08-03 05:00:00,Empirical_Utility_Substation,120000,1,11500.0,20.64,72.1,0.0,15.1,1,0,5978.36
2024-08-03 06:00:00,Empirical_Utility_Substation,120000,1,11500.0,20.84,75.6,0.0,12.84,1,0,5953.52
2024-08-03 07:00:00,Empirical_Utility_Substation,120000,1,11500.0,23.15,75.3,98.1,12.02,1,0,6205.77
2024-08-03 08:00:00,Empirical_Utility_Substation,120000,1,11500.0,24.75,76.5,93.5,13.32,1,0,6517.41
2024-08-03 09:00:00,Empirical_Utility_Substation,120000,1,11500.0,27.66,72.6,279.9,15.8,1,0,6991.27
2024-08-03 10:00:00,Empirical_Utility_Substation,120000,1,11500.0,28.76,79.5,114.3,13.78,1,0,7177.43
2024-08-03 11:00:00,Empirical_Utility_Substation,120000,1,11500.0,29.5,77.3,142.1,17.25,1,0,7433.07
2024-08-03 12:00:00,Empirical_Utility_Substation,120000,1,11500.0,31.83,68.0,218.8,13.6,1,0,7746.5
2024-08-03 13:00:00,Empirical_Utility_Substation,120000,1,11500.0,33.07,69.4,330.9,16.49,1,0,7754.05
2024-08-03 14:00:00,Empirical_Utility_Substation,120000,1,11500.0,34.7,50.4,498.7,14.74,1,0,7858.09
2024-08-03 15:00:00,Empirical_Utility_Substation,120000,1,11500.0,34.6,61.6,255.1,11.58,1,0,7468.31
2024-08-03 16:00:00,Empirical_Utility_Substation,120000,1,11500.0,34.63,77.7,80.7,14.89,1,0,7637.14
2024-08-03 17:00:00,Empirical_Utility_Substation,120000,1,11500.0,34.63,70.7,121.1,15.8,1,0,7918.14
2024-08-03 18:00:00,Empirical_Utility_Substation,120000,1,11500.0,34.3,61.2,0.0,13.18,1,0,8193.99
2024-08-03 19:00:00,Empirical_Utility_Substation,120000,1,11500.0,33.72,66.8,0.0,17.02,1,0,8346.71
2024-08-03 20:00:00,Empirical_Utility_Substation,120000,1,11500.0,31.31,70.1,0.0,16.19,1,0,8133.42
2024-08-03 21:00:00,Empirical_Utility_Substation,120000,1,11500.0,30.58,61.3,0.0,12.32,1,0,8005.95
2024-08-03 22:00:00,Empirical_Utility_Substation,120000,1,11500.0,31.1,80.8,0.0,13.63,1,0,7817.44
2024-08-03 23:00:00,Empirical_Utility_Substation,120000,1,11500.0,30.1,73.6,0.0,13.36,1,0,7169.53
2024-08-04 00:00:00,Empirical_Utility_Substation,120000,1,11500.0,29.56,71.2,0.0,13.34,1,0,6461.52
2024-08-04 01:00:00,Empirical_Utility_Substation,120000,1,11500.0,28.75,73.9,0.0,15.76,1,0,6095.87
2024-08-04 02:00:00,Empirical_Utility_Substation,120000,1,11500.0,26.32,69.0,0.0,14.81,1,0,5753.02
2024-08-04 03:00:00,Empirical_Utility_Substation,120000,1,11500.0,25.86,67.8,0.0,13.47,1,0,5622.39
2024-08-04 04:00:00,Empirical_Utility_Substation,120000,1,11500.0,25.75,72.9,0.0,11.24,1,0,5606.95
2024-08-04 05:00:00,Empirical_Utility_Substation,120000,1,11500.0,26.38,70.5,0.0,12.12,1,0,5691.64
2024-08-04 06:00:00,Empirical_Utility_Substation,120000,1,11500.0,26.6,91.7,0.0,14.44,1,0,5801.91
2024-08-04 07:00:00,Empirical_Utility_Substation,120000,1,11500.0,26.37,74.8,69.4,13.51,1,0,6010.9
2024-08-04 08:00:00,Empirical_Utility_Substation,120000,1,11500.0,27.56,75.5,229.7,14.65,1,0,6554.14
2024-08-04 09:00:00,Empirical_Utility_Substation,120000,1,11500.0,28.62,64.7,241.9,12.68,1,0,6986.61
2024-08-04 10:00:00,Empirical_Utility_Substation,120000,1,11500.0,30.87,57.2,263.3,15.06,1,0,7719.34
2024-08-04 11:00:00,Empirical_Utility_Substation,120000,1,11500.0,33.09,73.1,488.6,13.4,1,0,8241.62
2024-08-04 12:00:00,Empirical_Utility_Substation,120000,1,11500.0,34.39,68.0,223.8,12.01,1,0,8493.08
2024-08-04 13:00:00,Empirical_Utility_Substation,120000,1,11500.0,37.12,71.8,482.3,15.43,1,0,8875.85
2024-08-04 14:00:00,Empirical_Utility_Substation,120000,1,11500.0,37.35,68.5,345.7,16.81,1,0,8625.43
2024-08-04 15:00:00,Empirical_Utility_Substation,120000,1,11500.0,36.93,56.7,272.2,13.16,1,0,8013.55
2024-08-04 16:00:00,Empirical_Utility_Substation,120000,1,11500.0,38.56,57.4,242.4,12.99,1,0,8548.71
2024-08-04 17:00:00,Empirical_Utility_Substation,120000,1,11500.0,38.19,67.2,43.2,12.92,1,0,8731.32
2024-08-04 18:00:00,Empirical_Utility_Substation,120000,1,11500.0,36.59,67.0,0.0,17.24,1,0,8662.05
2024-08-04 19:00:00,Empirical_Utility_Substation,120000,1,11500.0,35.18,54.7,0.0,15.22,1,0,8820.5
2024-08-04 20:00:00,Empirical_Utility_Substation,120000,1,11500.0,33.5,66.2,0.0,13.77,1,0,8436.73
2024-08-04 21:00:00,Empirical_Utility_Substation,120000,1,11500.0,31.1,69.1,0.0,12.8,1,0,7760.14
2024-08-04 22:00:00,Empirical_Utility_Substation,120000,1,11500.0,31.21,71.3,0.0,15.52,1,0,7213.24
2024-08-04 23:00:00,Empirical_Utility_Substation,120000,1,11500.0,29.53,68.7,0.0,14.15,1,0,6680.9
2024-08-05 00:00:00,Empirical_Utility_Substation,120000,1,11500.0,28.92,62.7,0.0,14.68,0,0,6957.82
2024-08-05 01:00:00,Empirical_Utility_Substation,120000,1,11500.0,27.16,65.4,0.0,13.35,0,0,6750.17
2024-08-05 02:00:00,Empirical_Utility_Substation,120000,1,11500.0,27.04,73.8,0.0,18.73,0,0,6891.26
2024-08-05 03:00:00,Empirical_Utility_Substation,120000,1,11500.0,27.92,85.1,0.0,14.14,0,0,6888.6
2024-08-05 04:00:00,Empirical_Utility_Substation,120000,1,11500.0,28.16,77.4,0.0,14.14,0,0,6819.64
2024-08-05 05:00:00,Empirical_Utility_Substation,120000,1,11500.0,29.63,74.1,0.0,12.65,0,0,7160.85
2024-08-05 06:00:00,Empirical_Utility_Substation,120000,1,11500.0,30.33,70.6,0.0,13.19,0,0,7361.87
2024-08-05 07:00:00,Empirical_Utility_Substation,120000,1,11500.0,31.72,67.7,72.6,11.21,0,0,7717.88
2024-08-05 08:00:00,Empirical_Utility_Substation,120000,1,11500.0,32.62,70.5,127.6,14.93,0,0,8312.55
2024-08-05 09:00:00,Empirical_Utility_Substation,120000,1,11500.0,33.85,62.4,305.5,15.51,0,0,8917.43
2024-08-05 10:00:00,Empirical_Utility_Substation,120000,1,11500.0,34.82,61.4,411.5,12.87,0,0,9599.59
2024-08-05 11:00:00,Empirical_Utility_Substation,120000,1,11500.0,35.69,63.0,170.1,11.45,0,0,9740.53
2024-08-05 12:00:00,Empirical_Utility_Substation,120000,1,11500.0,37.28,61.3,442.0,14.44,0,0,9774.78
2024-08-05 13:00:00,Empirical_Utility_Substation,120000,1,11500.0,38.32,53.2,390.9,11.89,0,0,9782.11
2024-08-05 14:00:00,Empirical_Utility_Substation,120000,1,11500.0,39.39,71.0,260.0,11.7,0,0,9825.61
2024-08-05 15:00:00,Empirical_Utility_Substation,120000,1,11500.0,39.64,59.2,410.9,12.54,0,0,9648.79
2024-08-05 16:00:00,Empirical_Utility_Substation,120000,1,11500.0,40.52,67.6,144.5,15.35,0,0,9833.85
2024-08-05 17:00:00,Empirical_Utility_Substation,120000,1,11500.0,39.96,55.4,36.3,11.55,0,0,9983.99
2024-08-05 18:00:00,Empirical_Utility_Substation,120000,1,11500.0,38.39,65.5,0.0,11.66,0,0,9885.58
2024-08-05 19:00:00,Empirical_Utility_Substation,120000,1,11500.0,36.77,65.4,0.0,14.62,0,0,9978.73
2024-08-05 20:00:00,Empirical_Utility_Substation,120000,1,11500.0,34.48,64.3,0.0,12.41,0,0,9694.88
2024-08-05 21:00:00,Empirical_Utility_Substation,120000,1,11500.0,32.07,72.9,0.0,15.25,0,0,9003.04
2024-08-05 22:00:00,Empirical_Utility_Substation,120000,1,11500.0,31.86,64.5,0.0,13.4,0,0,8497.93
2024-08-05 23:00:00,Empirical_Utility_Substation,120000,1,11500.0,31.41,62.4,0.0,12.08,0,0,7797.98
2024-08-06 00:00:00,Empirical_Utility_Substation,120000,1,11500.0,30.81,62.4,0.0,12.64,0,0,7261.76
2024-08-06 01:00:00,Empirical_Utility_Substation,120000,1,11500.0,27.95,60.6,0.0,16.83,0,0,6692.12
2024-08-06 02:00:00,Empirical_Utility_Substation,120000,1,11500.0,26.99,61.0,0.0,11.06,0,0,6550.73
2024-08-06 03:00:00,Empirical_Utility_Substation,120000,1,11500.0,26.51,61.1,0.0,10.72,0,0,6702.34
2024-08-06 04:00:00,Empirical_Utility_Substation,120000,1,11500.0,27.15,65.1,0.0,14.03,0,0,6907.86
2024-08-06 05:00:00,Empirical_Utility_Substation,120000,1,11500.0,26.95,72.0,0.0,13.52,0,0,7132.06
2024-08-06 06:00:00,Empirical_Utility_Substation,120000,1,11500.0,28.56,78.1,0.0,13.28,0,0,7429.29
2024-08-06 07:00:00,Empirical_Utility_Substation,120000,1,11500.0,28.89,72.3,34.2,14.77,0,0,7620.23
2024-08-06 08:00:00,Empirical_Utility_Substation,120000,1,11500.0,31.53,84.8,122.1,17.56,0,0,8286.9
2024-08-06 09:00:00,Empirical_Utility_Substation,120000,1,11500.0,35.05,58.7,323.1,14.2,0,0,9416.52
2024-08-06 10:00:00,Empirical_Utility_Substation,120000,1,11500.0,35.33,65.6,486.3,12.44,0,0,9725.22
2024-08-06 11:00:00,Empirical_Utility_Substation,120000,1,11500.0,35.95,59.0,379.6,12.67,0,0,9936.31
2024-08-06 12:00:00,Empirical_Utility_Substation,120000,1,11500.0,37.15,59.5,455.6,12.34,0,0,10097.15
2024-08-06 13:00:00,Empirical_Utility_Substation,120000,1,11500.0,38.11,59.1,222.2,14.88,0,0,10020.16
2024-08-06 14:00:00,Empirical_Utility_Substation,120000,1,11500.0,38.64,70.7,191.5,14.53,0,0,9982.9
2024-08-06 15:00:00,Empirical_Utility_Substation,120000,1,11500.0,38.91,59.5,215.0,14.2,0,0,9869.93
2024-08-06 16:00:00,Empirical_Utility_Substation,120000,1,11500.0,38.21,51.2,299.2,14.67,0,0,9512.64
2024-08-06 17:00:00,Empirical_Utility_Substation,120000,1,11500.0,37.06,61.2,108.1,12.13,0,0,9454.79
2024-08-06 18:00:00,Empirical_Utility_Substation,120000,1,11500.0,36.1,66.4,0.0,16.76,0,0,9755.13
2024-08-06 19:00:00,Empirical_Utility_Substation,120000,1,11500.0,35.58,65.3,0.0,13.46,0,0,9960.39
2024-08-06 20:00:00,Empirical_Utility_Substation,120000,1,11500.0,33.06,80.3,0.0,11.59,0,0,9449.55
2024-08-06 21:00:00,Empirical_Utility_Substation,120000,1,11500.0,30.74,64.2,0.0,12.16,0,0,8664.69
2024-08-06 22:00:00,Empirical_Utility_Substation,120000,1,11500.0,28.3,72.9,0.0,12.8,0,0,7648.82
2024-08-06 23:00:00,Empirical_Utility_Substation,120000,1,11500.0,26.52,77.8,0.0,11.39,0,0,6764.6
2024-08-07 00:00:00,Empirical_Utility_Substation,120000,1,11500.0,25.8,79.7,0.0,13.82,0,0,6449.5
2024-08-07 01:00:00,Empirical_Utility_Substation,120000,1,11500.0,25.07,75.7,0.0,17.01,0,0,6321.51
2024-08-07 02:00:00,Empirical_Utility_Substation,120000,1,11500.0,23.91,78.6,0.0,13.17,0,0,6410.02
2024-08-07 03:00:00,Empirical_Utility_Substation,120000,1,11500.0,23.94,70.8,0.0,17.52,0,0,6403.73
2024-08-07 04:00:00,Empirical_Utility_Substation,120000,1,11500.0,24.62,70.5,0.0,12.72,0,0,6418.88
2024-08-07 05:00:00,Empirical_Utility_Substation,120000,1,11500.0,24.68,88.2,0.0,15.85,0,0,6541.08
2024-08-07 06:00:00,Empirical_Utility_Substation,120000,1,11500.0,25.48,71.7,0.0,12.59,0,0,6692.89
2024-08-07 07:00:00,Empirical_Utility_Substation,120000,1,11500.0,26.49,74.3,95.7,17.7,0,0,6996.95
2024-08-07 08:00:00,Empirical_Utility_Substation,120000,1,11500.0,25.81,78.8,144.1,12.85,0,0,7238.09
2024-08-07 09:00:00,Empirical_Utility_Substation,120000,1,11500.0,28.08,74.1,364.8,11.26,0,0,7861.12
2024-08-07 10:00:00,Empirical_Utility_Substation,120000,1,11500.0,29.8,73.2,177.9,16.86,0,0,8491.54
2024-08-07 11:00:00,Empirical_Utility_Substation,120000,1,11500.0,32.14,69.2,488.3,13.27,0,0,9046.24
2024-08-07 12:00:00,Empirical_Utility_Substation,120000,1,11500.0,33.47,78.8,162.2,12.03,0,0,9098.8
2024-08-07 13:00:00,Empirical_Utility_Substation,120000,1,11500.0,35.44,59.3,129.1,13.11,0,0,9263.2
2024-08-07 14:00:00,Empirical_Utility_Substation,120000,1,11500.0,35.03,67.1,431.7,12.54,0,0,8891.34
2024-08-07 15:00:00,Empirical_Utility_Substation,120000,1,11500.0,35.84,66.0,102.8,14.96,0,0,9103.96
2024-08-07 16:00:00,Empirical_Utility_Substation,120000,1,11500.0,35.29,59.1,258.9,12.32,0,0,8756.44
2024-08-07 17:00:00,Empirical_Utility_Substation,120000,1,11500.0,34.96,64.0,115.8,12.06,0,0,8827.96
2024-08-07 18:00:00,Empirical_Utility_Substation,120000,1,11500.0,34.49,65.2,0.0,11.9,0,0,8959.31
2024-08-07 19:00:00,Empirical_Utility_Substation,120000,1,11500.0,33.05,71.5,0.0,18.01,0,0,9114.55
2024-08-07 20:00:00,Empirical_Utility_Substation,120000,1,11500.0,32.31,71.4,0.0,14.94,0,0,9194.07
2024-08-07 21:00:00,Empirical_Utility_Substation,120000,1,11500.0,30.39,75.4,0.0,12.36,0,0,8811.56
2024-08-07 22:00:00,Empirical_Utility_Substation,120000,1,11500.0,29.25,73.9,0.0,15.17,0,0,8203.98
2024-08-07 23:00:00,Empirical_Utility_Substation,120000,1,11500.0,27.62,75.3,0.0,13.27,0,0,7739.57
2024-08-08 00:00:00,Empirical_Utility_Substation,120000,1,11500.0,26.23,80.9,0.0,14.55,0,0,6952.04
2024-08-08 01:00:00,Empirical_Utility_Substation,120000,1,11500.0,26.12,63.4,0.0,12.65,0,0,6858.81
2024-08-08 02:00:00,Empirical_Utility_Substation,120000,1,11500.0,24.45,78.6,0.0,17.64,0,0,6743.93
2024-08-08 03:00:00,Empirical_Utility_Substation,120000,1,11500.0,23.52,64.5,0.0,14.76,0,0,6494.53
2024-08-08 04:00:00,Empirical_Utility_Substation,120000,1,11500.0,24.17,80.4,0.0,12.85,0,0,6460.51
2024-08-08 05:00:00,Empirical_Utility_Substation,120000,1,11500.0,25.48,71.0,0.0,13.44,0,0,6484.09
2024-08-08 06:00:00,Empirical_Utility_Substation,120000,1,11500.0,25.94,77.2,0.0,13.05,0,0,6688.29
2024-08-08 07:00:00,Empirical_Utility_Substation,120000,1,11500.0,27.79,65.8,37.7,15.52,0,0,7021.72
2024-08-08 08:00:00,Empirical_Utility_Substation,120000,1,11500.0,30.36,79.3,115.7,12.85,0,0,7878.71
2024-08-08 09:00:00,Empirical_Utility_Substation,120000,1,11500.0,33.57,65.7,285.8,12.46,0,0,8938.58
2024-08-08 10:00:00,Empirical_Utility_Substation,120000,1,11500.0,34.64,68.4,438.8,13.12,0,0,9517.55
2024-08-08 11:00:00,Empirical_Utility_Substation,120000,1,11500.0,36.65,65.7,464.7,16.44,0,0,10127.78
2024-08-08 12:00:00,Empirical_Utility_Substation,120000,1,11500.0,38.07,58.5,454.7,12.66,0,0,10173.12
2024-08-08 13:00:00,Empirical_Utility_Substation,120000,1,11500.0,39.13,67.6,306.2,14.57,0,0,10244.26
2024-08-08 14:00:00,Empirical_Utility_Substation,120000,1,11500.0,39.04,54.3,331.3,14.64,0,0,10034.11
2024-08-08 15:00:00,Empirical_Utility_Substation,120000,1,11500.0,37.7,59.8,268.2,14.66,0,0,9413.66
2024-08-08 16:00:00,Empirical_Utility_Substation,120000,1,11500.0,37.6,66.3,140.9,16.49,0,0,9177.09
2024-08-08 17:00:00,Empirical_Utility_Substation,120000,1,11500.0,36.44,62.7,102.8,16.28,0,0,9135.27
2024-08-08 18:00:00,Empirical_Utility_Substation,120000,1,11500.0,34.71,52.2,0.0,15.05,0,0,9150.6
2024-08-08 19:00:00,Empirical_Utility_Substation,120000,1,11500.0,33.21,67.2,0.0,12.29,0,0,9211.39
2024-08-08 20:00:00,Empirical_Utility_Substation,120000,1,11500.0,33.25,62.2,0.0,13.36,0,0,9544.62
2024-08-08 21:00:00,Empirical_Utility_Substation,120000,1,11500.0,32.41,86.8,0.0,16.02,0,0,9040.41
2024-08-08 22:00:00,Empirical_Utility_Substation,120000,1,11500.0,30.33,59.8,0.0,15.93,0,0,8217.21
2024-08-08 23:00:00,Empirical_Utility_Substation,120000,1,11500.0,30.63,74.3,0.0,14.2,0,0,7865.64
2024-08-09 00:00:00,Empirical_Utility_Substation,120000,1,11500.0,28.91,69.8,0.0,15.04,0,0,7241.03
2024-08-09 01:00:00,Empirical_Utility_Substation,120000,1,11500.0,27.5,69.2,0.0,16.57,0,0,6964.92
2024-08-09 02:00:00,Empirical_Utility_Substation,120000,1,11500.0,27.2,84.3,0.0,19.62,0,0,6799.75
2024-08-09 03:00:00,Empirical_Utility_Substation,120000,1,11500.0,26.83,84.3,0.0,14.39,0,0,6737.43
2024-08-09 04:00:00,Empirical_Utility_Substation,120000,1,11500.0,27.52,75.5,0.0,16.02,0,0,6989.6
2024-08-09 05:00:00,Empirical_Utility_Substation,120000,1,11500.0,26.43,85.2,0.0,11.51,0,0,6930.15
2024-08-09 06:00:00,Empirical_Utility_Substation,120000,1,11500.0,25.84,71.0,0.0,12.22,0,0,6735.11
2024-08-09 07:00:00,Empirical_Utility_Substation,120000,1,11500.0,27.95,80.8,104.0,14.8,0,0,7277.33
2024-08-09 08:00:00,Empirical_Utility_Substation,120000,1,11500.0,28.15,63.9,254.6,13.1,0,0,7607.96
2024-08-09 09:00:00,Empirical_Utility_Substation,120000,1,11500.0,28.65,73.9,294.9,13.36,0,0,7868.42
2024-08-09 10:00:00,Empirical_Utility_Substation,120000,1,11500.0,29.67,68.8,439.7,12.46,0,0,8283.35
2024-08-09 11:00:00,Empirical_Utility_Substation,120000,1,11500.0,31.3,74.0,223.9,16.5,0,0,8654.54
2024-08-09 12:00:00,Empirical_Utility_Substation,120000,1,11500.0,32.41,72.9,132.0,18.42,0,0,8809.89
2024-08-09 13:00:00,Empirical_Utility_Substation,120000,1,11500.0,34.31,71.9,355.3,13.5,0,0,8875.98
2024-08-09 14:00:00,Empirical_Utility_Substation,120000,1,11500.0,34.5,69.5,198.3,13.24,0,0,8663.47
2024-08-09 15:00:00,Empirical_Utility_Substation,120000,1,11500.0,31.94,72.3,275.9,11.8,0,0,7799.86
2024-08-09 16:00:00,Empirical_Utility_Substation,120000,1,11500.0,31.97,73.0,159.5,12.03,0,0,7691.09
2024-08-09 17:00:00,Empirical_Utility_Substation,120000,1,11500.0,31.1,69.7,95.4,17.29,0,0,7910.67
2024-08-09 18:00:00,Empirical_Utility_Substation,120000,1,11500.0,30.02,70.2,0.0,17.5,0,0,8290.32
2024-08-09 19:00:00,Empirical_Utility_Substation,120000,1,11500.0,28.33,59.5,0.0,17.72,0,0,8484.22
2024-08-09 20:00:00,Empirical_Utility_Substation,120000,1,11500.0,26.25,74.6,0.0,13.41,0,0,8368.32
2024-08-09 21:00:00,Empirical_Utility_Substation,120000,1,11500.0,25.98,77.8,0.0,14.75,0,0,8056.67
2024-08-09 22:00:00,Empirical_Utility_Substation,120000,1,11500.0,26.25,71.8,0.0,17.35,0,0,7713.96
2024-08-09 23:00:00,Empirical_Utility_Substation,120000,1,11500.0,26.51,73.7,0.0,14.82,0,0,7121.05
2024-08-10 00:00:00,Empirical_Utility_Substation,120000,1,11500.0,24.35,75.3,0.0,14.46,1,0,5632.41
2024-08-10 01:00:00,Empirical_Utility_Substation,120000,1,11500.0,23.14,74.5,0.0,12.42,1,0,5347.62
2024-08-10 02:00:00,Empirical_Utility_Substation,120000,1,11500.0,22.35,77.2,0.0,15.72,1,0,5401.49
2024-08-10 03:00:00,Empirical_Utility_Substation,120000,1,11500.0,22.91,70.1,0.0,12.61,1,0,5227.16
2024-08-10 04:00:00,Empirical_Utility_Substation,120000,1,11500.0,24.2,73.7,0.0,12.3,1,0,5409.35
2024-08-10 05:00:00,Empirical_Utility_Substation,120000,1,11500.0,25.29,78.7,0.0,12.85,1,0,5500.07
2024-08-10 06:00:00,Empirical_Utility_Substation,120000,1,11500.0,27.93,73.9,0.0,11.91,1,0,6024.61
2024-08-10 07:00:00,Empirical_Utility_Substation,120000,1,11500.0,28.89,75.9,84.7,12.42,1,0,6399.08
2024-08-10 08:00:00,Empirical_Utility_Substation,120000,1,11500.0,30.44,72.0,66.0,10.75,1,0,7025.34
2024-08-10 09:00:00,Empirical_Utility_Substation,120000,1,11500.0,31.34,80.9,219.8,15.64,1,0,7366.61
2024-08-10 10:00:00,Empirical_Utility_Substation,120000,1,11500.0,31.7,67.5,474.2,12.37,1,0,7693.74
2024-08-10 11:00:00,Empirical_Utility_Substation,120000,1,11500.0,32.53,73.8,206.1,16.98,1,0,7765.46
2024-08-10 12:00:00,Empirical_Utility_Substation,120000,1,11500.0,33.17,66.4,457.2,10.54,1,0,7931.53
2024-08-10 13:00:00,Empirical_Utility_Substation,120000,1,11500.0,35.42,58.8,127.5,15.12,1,0,8322.52
2024-08-10 14:00:00,Empirical_Utility_Substation,120000,1,11500.0,34.48,58.6,507.9,18.05,1,0,7781.95
2024-08-10 15:00:00,Empirical_Utility_Substation,120000,1,11500.0,34.72,68.5,157.3,13.1,1,0,7556.67
2024-08-10 16:00:00,Empirical_Utility_Substation,120000,1,11500.0,33.48,63.6,294.3,12.59,1,0,7191.45
2024-08-10 17:00:00,Empirical_Utility_Substation,120000,1,11500.0,33.42,70.5,39.7,10.76,1,0,7529.37
2024-08-10 18:00:00,Empirical_Utility_Substation,120000,1,11500.0,32.93,79.1,0.0,14.59,1,0,7815.55
2024-08-10 19:00:00,Empirical_Utility_Substation,120000,1,11500.0,31.07,59.5,0.0,14.79,1,0,7961.52
2024-08-10 20:00:00,Empirical_Utility_Substation,120000,1,11500.0,30.73,70.1,0.0,11.98,1,0,7999.39
2024-08-10 21:00:00,Empirical_Utility_Substation,120000,1,11500.0,29.39,69.6,0.0,13.4,1,0,7826.95
2024-08-10 22:00:00,Empirical_Utility_Substation,120000,1,11500.0,27.77,64.3,0.0,14.43,1,0,7012.4
2024-08-10 23:00:00,Empirical_Utility_Substation,120000,1,11500.0,25.86,72.6,0.0,19.27,1,0,6263.01
2024-08-11 00:00:00,Empirical_Utility_Substation,120000,1,11500.0,24.85,72.3,0.0,14.37,1,0,5762.24
2024-08-11 01:00:00,Empirical_Utility_Substation,120000,1,11500.0,23.37,71.4,0.0,13.61,1,0,5827.77
2024-08-11 02:00:00,Empirical_Utility_Substation,120000,1,11500.0,23.44,77.7,0.0,10.81,1,0,5824.13
2024-08-11 03:00:00,Empirical_Utility_Substation,120000,1,11500.0,23.31,72.4,0.0,13.49,1,0,5583.29
2024-08-11 04:00:00,Empirical_Utility_Substation,120000,1,11500.0,22.9,67.3,0.0,13.32,1,0,5603.19
2024-08-11 05:00:00,Empirical_Utility_Substation,120000,1,11500.0,24.03,75.3,0.0,12.18,1,0,5488.11
2024-08-11 06:00:00,Empirical_Utility_Substation,120000,1,11500.0,24.97,69.7,0.0,11.81,1,0,5716.39
2024-08-11 07:00:00,Empirical_Utility_Substation,120000,1,11500.0,28.17,74.9,78.3,15.98,1,0,6409.79
2024-08-11 08:00:00,Empirical_Utility_Substation,120000,1,11500.0,28.73,62.8,186.7,14.0,1,0,6781.98
2024-08-11 09:00:00,Empirical_Utility_Substation,120000,1,11500.0,30.09,71.9,262.7,11.66,1,0,7594.99
2024-08-11 10:00:00,Empirical_Utility_Substation,120000,1,11500.0,31.88,67.8,167.6,14.67,1,0,8119.65
2024-08-11 11:00:00,Empirical_Utility_Substation,120000,1,11500.0,32.62,68.4,337.0,12.61,1,0,8152.88
2024-08-11 12:00:00,Empirical_Utility_Substation,120000,1,11500.0,34.53,57.2,270.9,14.04,1,0,8324.26
2024-08-11 13:00:00,Empirical_Utility_Substation,120000,1,11500.0,35.1,70.3,339.8,13.59,1,0,8124.69
2024-08-11 14:00:00,Empirical_Utility_Substation,120000,1,11500.0,36.64,63.2,287.8,12.21,1,0,8247.25
2024-08-11 15:00:00,Empirical_Utility_Substation,120000,1,11500.0,36.28,75.1,228.6,12.53,1,0,7827.96
2024-08-11 16:00:00,Empirical_Utility_Substation,120000,1,11500.0,36.31,63.8,291.9,15.63,1,0,7865.22
2024-08-11 17:00:00,Empirical_Utility_Substation,120000,1,11500.0,36.99,73.2,95.1,15.89,1,0,8394.94
2024-08-11 18:00:00,Empirical_Utility_Substation,120000,1,11500.0,35.25,63.4,0.0,11.68,1,0,8229.98
2024-08-11 19:00:00,Empirical_Utility_Substation,120000,1,11500.0,35.18,79.6,0.0,12.03,1,0,8627.38
2024-08-11 20:00:00,Empirical_Utility_Substation,120000,1,11500.0,33.21,57.5,0.0,12.67,1,0,8546.22
2024-08-11 21:00:00,Empirical_Utility_Substation,120000,1,11500.0,31.05,77.2,0.0,18.56,1,0,8119.48
2024-08-11 22:00:00,Empirical_Utility_Substation,120000,1,11500.0,29.11,57.3,0.0,12.09,1,0,7417.84
2024-08-11 23:00:00,Empirical_Utility_Substation,120000,1,11500.0,26.53,77.6,0.0,13.51,1,0,6643.37
2024-08-12 00:00:00,Empirical_Utility_Substation,120000,1,11500.0,26.77,81.3,0.0,18.36,0,0,6852.05
2024-08-12 01:00:00,Empirical_Utility_Substation,120000,1,11500.0,25.58,68.6,0.0,13.99,0,0,6642.74
2024-08-12 02:00:00,Empirical_Utility_Substation,120000,1,11500.0,24.04,78.4,0.0,14.32,0,0,6563.84
2024-08-12 03:00:00,Empirical_Utility_Substation,120000,1,11500.0,23.43,82.3,0.0,12.31,0,0,6593.01
2024-08-12 04:00:00,Empirical_Utility_Substation,120000,1,11500.0,24.07,84.6,0.0,14.59,0,0,6569.03
2024-08-12 05:00:00,Empirical_Utility_Substation,120000,1,11500.0,25.0,76.9,0.0,12.52,0,0,6631.45
2024-08-12 06:00:00,Empirical_Utility_Substation,120000,1,11500.0,24.5,78.9,0.0,14.76,0,0,6557.83
2024-08-12 07:00:00,Empirical_Utility_Substation,120000,1,11500.0,27.31,69.8,86.5,13.69,0,0,6834.37
2024-08-12 08:00:00,Empirical_Utility_Substation,120000,1,11500.0,29.07,74.0,239.1,14.48,0,0,7104.41
2024-08-12 09:00:00,Empirical_Utility_Substation,120000,1,11500.0,29.66,77.8,93.3,17.12,0,0,7439.49
2024-08-12 10:00:00,Empirical_Utility_Substation,120000,1,11500.0,30.97,65.0,252.1,10.58,0,0,8043.11
2024-08-12 11:00:00,Empirical_Utility_Substation,120000,1,11500.0,32.11,71.6,145.5,13.96,0,0,8582.31
2024-08-12 12:00:00,Empirical_Utility_Substation,120000,1,11500.0,32.61,65.7,454.8,11.94,0,0,8548.68
2024-08-12 13:00:00,Empirical_Utility_Substation,120000,1,11500.0,32.8,73.7,341.2,17.36,0,0,8481.85
2024-08-12 14:00:00,Empirical_Utility_Substation,120000,1,11500.0,35.03,69.3,406.6,12.93,0,0,8508.66
2024-08-12 15:00:00,Empirical_Utility_Substation,120000,1,11500.0,34.34,70.0,203.0,10.56,0,0,8301.09
2024-08-12 16:00:00,Empirical_Utility_Substation,120000,1,11500.0,34.51,74.6,264.4,14.05,0,0,8609.53
2024-08-12 17:00:00,Empirical_Utility_Substation,120000,1,11500.0,33.49,72.0,107.1,14.8,0,0,8683.4
2024-08-12 18:00:00,Empirical_Utility_Substation,120000,1,11500.0,31.83,70.9,0.0,18.3,0,0,8863.64
2024-08-12 19:00:00,Empirical_Utility_Substation,120000,1,11500.0,31.02,64.9,0.0,12.6,0,0,8900.72
2024-08-12 20:00:00,Empirical_Utility_Substation,120000,1,11500.0,29.95,65.3,0.0,14.29,0,0,8877.51
2024-08-12 21:00:00,Empirical_Utility_Substation,120000,1,11500.0,27.79,73.7,0.0,12.31,0,0,8274.27
2024-08-12 22:00:00,Empirical_Utility_Substation,120000,1,11500.0,26.99,75.6,0.0,10.87,0,0,7516.86
2024-08-12 23:00:00,Empirical_Utility_Substation,120000,1,11500.0,25.79,77.0,0.0,10.84,0,0,7080.45
2024-08-13 00:00:00,Empirical_Utility_Substation,120000,1,11500.0,24.32,85.4,0.0,16.19,0,0,6480.82
2024-08-13 01:00:00,Empirical_Utility_Substation,120000,1,11500.0,22.56,74.8,0.0,11.39,0,0,6415.04
2024-08-13 02:00:00,Empirical_Utility_Substation,120000,1,11500.0,21.87,82.5,0.0,15.03,0,0,6380.72
2024-08-13 03:00:00,Empirical_Utility_Substation,120000,1,11500.0,19.69,89.9,0.0,12.06,0,0,6352.71
2024-08-13 04:00:00,Empirical_Utility_Substation,120000,1,11500.0,19.79,80.8,0.0,11.18,0,0,6442.25
2024-08-13 05:00:00,Empirical_Utility_Substation,120000,1,11500.0,21.58,81.5,0.0,12.6,0,0,6546.61
2024-08-13 06:00:00,Empirical_Utility_Substation,120000,1,11500.0,22.34,70.5,0.0,12.81,0,0,6616.24
2024-08-13 07:00:00,Empirical_Utility_Substation,120000,1,11500.0,23.75,73.4,81.2,19.48,0,0,6634.51
2024-08-13 08:00:00,Empirical_Utility_Substation,120000,1,11500.0,25.76,69.4,228.7,12.65,0,0,6890.54
2024-08-13 09:00:00,Empirical_Utility_Substation,120000,1,11500.0,27.88,71.6,215.0,12.39,0,0,7403.41
2024-08-13 10:00:00,Empirical_Utility_Substation,120000,1,11500.0,29.47,73.3,114.3,14.51,0,0,7812.07
2024-08-13 11:00:00,Empirical_Utility_Substation,120000,1,11500.0,30.54,72.8,127.5,13.41,0,0,8024.25
2024-08-13 12:00:00,Empirical_Utility_Substation,120000,1,11500.0,31.1,72.9,453.8,14.89,0,0,8141.71
2024-08-13 13:00:00,Empirical_Utility_Substation,120000,1,11500.0,31.66,71.9,314.8,15.09,0,0,8165.81
2024-08-13 14:00:00,Empirical_Utility_Substation,120000,1,11500.0,31.81,75.5,295.8,13.11,0,0,7872.72
2024-08-13 15:00:00,Empirical_Utility_Substation,120000,1,11500.0,31.15,71.7,336.0,14.28,0,0,7610.05
2024-08-13 16:00:00,Empirical_Utility_Substation,120000,1,11500.0,32.76,69.1,232.4,11.66,0,0,8030.04
2024-08-13 17:00:00,Empirical_Utility_Substation,120000,1,11500.0,32.81,74.7,62.1,10.94,0,0,8326.21
2024-08-13 18:00:00,Empirical_Utility_Substation,120000,1,11500.0,31.89,66.6,0.0,15.99,0,0,8479.16
2024-08-13 19:00:00,Empirical_Utility_Substation,120000,1,11500.0,31.99,67.9,0.0,11.05,0,0,9091.47
2024-08-13 20:00:00,Empirical_Utility_Substation,120000,1,11500.0,30.25,68.9,0.0,13.0,0,0,8921.5
2024-08-13 21:00:00,Empirical_Utility_Substation,120000,1,11500.0,28.34,70.4,0.0,12.13,0,0,8204.11
2024-08-13 22:00:00,Empirical_Utility_Substation,120000,1,11500.0,28.46,76.4,0.0,11.01,0,0,7922.78
2024-08-13 23:00:00,Empirical_Utility_Substation,120000,1,11500.0,27.17,72.4,0.0,12.89,0,0,7239.92
2024-08-14 00:00:00,Empirical_Utility_Substation,120000,1,11500.0,26.18,85.8,0.0,16.54,0,0,6609.59
2024-08-14 01:00:00,Empirical_Utility_Substation,120000,1,11500.0,25.31,77.5,0.0,11.28,0,0,6356.93
2024-08-14 02:00:00,Empirical_Utility_Substation,120000,1,11500.0,25.09,69.1,0.0,14.18,0,0,6366.17
2024-08-14 03:00:00,Empirical_Utility_Substation,120000,1,11500.0,24.99,71.2,0.0,11.24,0,0,6318.55
2024-08-14 04:00:00,Empirical_Utility_Substation,120000,1,11500.0,24.54,80.7,0.0,13.53,0,0,6457.6
2024-08-14 05:00:00,Empirical_Utility_Substation,120000,1,11500.0,24.32,90.4,0.0,13.57,0,0,6708.67
2024-08-14 06:00:00,Empirical_Utility_Substation,120000,1,11500.0,26.49,73.5,0.0,14.27,0,0,6771.46
2024-08-14 07:00:00,Empirical_Utility_Substation,120000,1,11500.0,27.85,76.3,74.4,16.05,0,0,7121.17
2024-08-14 08:00:00,Empirical_Utility_Substation,120000,1,11500.0,29.58,81.6,119.0,13.83,0,0,7748.07
2024-08-14 09:00:00,Empirical_Utility_Substation,120000,1,11500.0,31.08,73.1,298.2,12.27,0,0,8329.85
2024-08-14 10:00:00,Empirical_Utility_Substation,120000,1,11500.0,33.21,63.3,509.9,14.39,0,0,8831.46
2024-08-14 11:00:00,Empirical_Utility_Substation,120000,1,11500.0,35.08,67.6,493.1,12.72,0,0,9433.8
2024-08-14 12:00:00,Empirical_Utility_Substation,120000,1,11500.0,34.48,71.4,190.0,13.84,0,0,9084.91
2024-08-14 13:00:00,Empirical_Utility_Substation,120000,1,11500.0,35.24,67.7,127.5,13.67,0,0,8833.69
2024-08-14 14:00:00,Empirical_Utility_Substation,120000,1,11500.0,36.17,69.5,255.0,14.1,0,0,8922.0
2024-08-14 15:00:00,Empirical_Utility_Substation,120000,1,11500.0,35.69,72.3,213.6,15.88,0,0,8716.72
2024-08-14 16:00:00,Empirical_Utility_Substation,120000,1,11500.0,35.96,57.0,263.6,12.82,0,0,8623.14
2024-08-14 17:00:00,Empirical_Utility_Substation,120000,1,11500.0,34.25,66.0,101.2,14.78,0,0,8604.61
2024-08-14 18:00:00,Empirical_Utility_Substation,120000,1,11500.0,33.71,74.0,0.0,12.6,0,0,8962.94
2024-08-14 19:00:00,Empirical_Utility_Substation,120000,1,11500.0,32.46,70.3,0.0,12.51,0,0,9212.38
2024-08-14 20:00:00,Empirical_Utility_Substation,120000,1,11500.0,30.76,80.9,0.0,12.25,0,0,9090.57
2024-08-14 21:00:00,Empirical_Utility_Substation,120000,1,11500.0,30.39,80.4,0.0,11.96,0,0,8766.57
2024-08-14 22:00:00,Empirical_Utility_Substation,120000,1,11500.0,27.33,76.8,0.0,11.06,0,0,7796.43
2024-08-14 23:00:00,Empirical_Utility_Substation,120000,1,11500.0,26.48,69.9,0.0,11.61,0,0,7376.98
2024-08-15 00:00:00,Empirical_Utility_Substation,120000,1,11500.0,24.56,89.9,0.0,14.34,0,1,5493.83
2024-08-15 01:00:00,Empirical_Utility_Substation,120000,1,11500.0,23.27,79.0,0.0,13.3,0,1,5360.45
2024-08-15 02:00:00,Empirical_Utility_Substation,120000,1,11500.0,23.04,80.9,0.0,11.67,0,1,5343.63
2024-08-15 03:00:00,Empirical_Utility_Substation,120000,1,11500.0,22.82,76.7,0.0,13.7,0,1,5215.67
2024-08-15 04:00:00,Empirical_Utility_Substation,120000,1,11500.0,24.72,74.4,0.0,13.58,0,1,5355.37
2024-08-15 05:00:00,Empirical_Utility_Substation,120000,1,11500.0,25.71,75.4,0.0,12.4,0,1,5438.69
2024-08-15 06:00:00,Empirical_Utility_Substation,120000,1,11500.0,26.76,71.3,0.0,12.81,0,1,5621.51
2024-08-15 07:00:00,Empirical_Utility_Substation,120000,1,11500.0,28.01,84.4,50.5,11.96,0,1,6152.3
2024-08-15 08:00:00,Empirical_Utility_Substation,120000,1,11500.0,28.74,58.5,232.0,11.35,0,1,6572.87
2024-08-15 09:00:00,Empirical_Utility_Substation,120000,1,11500.0,32.09,59.9,393.5,16.64,0,1,7393.54
2024-08-15 10:00:00,Empirical_Utility_Substation,120000,1,11500.0,34.5,65.1,373.9,11.47,0,1,8164.38
2024-08-15 11:00:00,Empirical_Utility_Substation,120000,1,11500.0,34.81,53.5,450.5,15.12,0,1,8269.45
2024-08-15 12:00:00,Empirical_Utility_Substation,120000,1,11500.0,35.9,58.4,303.5,14.4,0,1,8488.2
2024-08-15 13:00:00,Empirical_Utility_Substation,120000,1,11500.0,36.02,67.5,544.4,12.68,0,1,8412.24
2024-08-15 14:00:00,Empirical_Utility_Substation,120000,1,11500.0,35.16,64.2,309.5,10.1,0,1,7786.89
2024-08-15 15:00:00,Empirical_Utility_Substation,120000,1,11500.0,36.8,68.0,305.8,17.62,0,1,7780.73
2024-08-15 16:00:00,Empirical_Utility_Substation,120000,1,11500.0,34.66,60.6,188.1,11.75,0,1,7270.18
2024-08-15 17:00:00,Empirical_Utility_Substation,120000,1,11500.0,34.94,65.9,137.8,12.93,0,1,7598.66
2024-08-15 18:00:00,Empirical_Utility_Substation,120000,1,11500.0,34.27,71.4,0.0,11.55,0,1,7820.46
2024-08-15 19:00:00,Empirical_Utility_Substation,120000,1,11500.0,31.08,66.4,0.0,10.87,0,1,7363.93
2024-08-15 20:00:00,Empirical_Utility_Substation,120000,1,11500.0,29.96,65.6,0.0,11.61,0,1,7160.76
2024-08-15 21:00:00,Empirical_Utility_Substation,120000,1,11500.0,27.89,80.6,0.0,11.04,0,1,6598.15
2024-08-15 22:00:00,Empirical_Utility_Substation,120000,1,11500.0,26.17,78.1,0.0,11.71,0,1,6042.37
2024-08-15 23:00:00,Empirical_Utility_Substation,120000,1,11500.0,24.2,78.3,0.0,12.23,0,1,5290.15
2024-08-16 00:00:00,Empirical_Utility_Substation,120000,1,11500.0,23.08,85.6,0.0,17.56,0,0,5850.54
2024-08-16 01:00:00,Empirical_Utility_Substation,120000,1,11500.0,22.51,80.0,0.0,13.56,0,0,5859.24
2024-08-16 02:00:00,Empirical_Utility_Substation,120000,1,11500.0,22.64,84.0,0.0,10.66,0,0,6153.4
2024-08-16 03:00:00,Empirical_Utility_Substation,120000,1,11500.0,23.04,80.3,0.0,13.96,0,0,6307.23
2024-08-16 04:00:00,Empirical_Utility_Substation,120000,1,11500.0,24.21,73.3,0.0,13.28,0,0,6311.54
2024-08-16 05:00:00,Empirical_Utility_Substation,120000,1,11500.0,25.56,68.7,0.0,12.56,0,0,6600.87
2024-08-16 06:00:00,Empirical_Utility_Substation,120000,1,11500.0,26.11,77.2,0.0,11.53,0,0,6708.58
2024-08-16 07:00:00,Empirical_Utility_Substation,120000,1,11500.0,27.75,77.1,34.2,11.78,0,0,7090.86
2024-08-16 08:00:00,Empirical_Utility_Substation,120000,1,11500.0,28.5,66.3,77.4,11.1,0,0,7192.29
2024-08-16 09:00:00,Empirical_Utility_Substation,120000,1,11500.0,30.34,60.7,331.1,13.04,0,0,7593.02
2024-08-16 10:00:00,Empirical_Utility_Substation,120000,1,11500.0,32.65,67.7,206.4,12.39,0,0,8307.94
2024-08-16 11:00:00,Empirical_Utility_Substation,120000,1,11500.0,32.96,68.9,499.9,14.61,0,0,8463.84
2024-08-16 12:00:00,Empirical_Utility_Substation,120000,1,11500.0,34.55,67.2,379.7,10.03,0,0,8858.45
2024-08-16 13:00:00,Empirical_Utility_Substation,120000,1,11500.0,35.06,63.5,495.6,13.07,0,0,8891.01
2024-08-16 14:00:00,Empirical_Utility_Substation,120000,1,11500.0,35.72,68.1,448.4,13.47,0,0,8573.09
2024-08-16 15:00:00,Empirical_Utility_Substation,120000,1,11500.0,36.81,71.4,275.9,11.88,0,0,8832.31
2024-08-16 16:00:00,Empirical_Utility_Substation,120000,1,11500.0,36.09,65.8,66.0,13.39,0,0,8569.8
2024-08-16 17:00:00,Empirical_Utility_Substation,120000,1,11500.0,35.14,64.5,132.3,14.12,0,0,8608.38
2024-08-16 18:00:00,Empirical_Utility_Substation,120000,1,11500.0,36.07,60.0,0.0,15.83,0,0,9197.15
2024-08-16 19:00:00,Empirical_Utility_Substation,120000,1,11500.0,32.83,68.8,0.0,13.87,0,0,8856.76
2024-08-16 20:00:00,Empirical_Utility_Substation,120000,1,11500.0,33.28,64.2,0.0,12.12,0,0,9116.75
2024-08-16 21:00:00,Empirical_Utility_Substation,120000,1,11500.0,33.56,74.1,0.0,14.82,0,0,8947.76
2024-08-16 22:00:00,Empirical_Utility_Substation,120000,1,11500.0,30.51,71.5,0.0,16.15,0,0,8147.57
2024-08-16 23:00:00,Empirical_Utility_Substation,120000,1,11500.0,30.59,71.9,0.0,15.99,0,0,7933.93
2024-08-17 00:00:00,Empirical_Utility_Substation,120000,1,11500.0,28.8,76.7,0.0,10.92,1,0,6272.97
2024-08-17 01:00:00,Empirical_Utility_Substation,120000,1,11500.0,26.91,71.9,0.0,11.07,1,0,5939.08
2024-08-17 02:00:00,Empirical_Utility_Substation,120000,1,11500.0,26.42,86.4,0.0,14.45,1,0,5842.41
2024-08-17 03:00:00,Empirical_Utility_Substation,120000,1,11500.0,24.87,84.5,0.0,11.64,1,0,5790.63
2024-08-17 04:00:00,Empirical_Utility_Substation,120000,1,11500.0,25.15,77.6,0.0,14.59,1,0,5631.63
2024-08-17 05:00:00,Empirical_Utility_Substation,120000,1,11500.0,26.57,81.8,0.0,13.05,1,0,5899.4
2024-08-17 06:00:00,Empirical_Utility_Substation,120000,1,11500.0,27.51,73.3,0.0,12.9,1,0,6061.9
2024-08-17 07:00:00,Empirical_Utility_Substation,120000,1,11500.0,30.15,75.5,106.7,13.15,1,0,6468.89
2024-08-17 08:00:00,Empirical_Utility_Substation,120000,1,11500.0,31.31,67.4,90.7,16.19,1,0,7007.25
2024-08-17 09:00:00,Empirical_Utility_Substation,120000,1,11500.0,31.67,80.4,312.6,13.81,1,0,7434.93
2024-08-17 10:00:00,Empirical_Utility_Substation,120000,1,11500.0,33.81,60.5,288.6,13.93,1,0,8082.72
2024-08-17 11:00:00,Empirical_Utility_Substation,120000,1,11500.0,34.37,70.3,386.4,15.71,1,0,8238.64
2024-08-17 12:00:00,Empirical_Utility_Substation,120000,1,11500.0,35.26,69.9,529.6,15.46,1,0,8265.08
2024-08-17 13:00:00,Empirical_Utility_Substation,120000,1,11500.0,36.19,68.1,415.3,15.25,1,0,8442.33
2024-08-17 14:00:00,Empirical_Utility_Substation,120000,1,11500.0,37.35,62.0,283.6,15.29,1,0,8524.58
2024-08-17 15:00:00,Empirical_Utility_Substation,120000,1,11500.0,36.08,74.2,308.3,11.04,1,0,8088.48
2024-08-17 16:00:00,Empirical_Utility_Substation,120000,1,11500.0,36.79,71.2,81.4,12.77,1,0,7958.71
2024-08-17 17:00:00,Empirical_Utility_Substation,120000,1,11500.0,35.26,66.4,120.3,15.89,1,0,7838.45
2024-08-17 18:00:00,Empirical_Utility_Substation,120000,1,11500.0,35.57,61.6,0.0,11.01,1,0,8509.28
2024-08-17 19:00:00,Empirical_Utility_Substation,120000,1,11500.0,33.44,69.2,0.0,13.29,1,0,8382.4
2024-08-17 20:00:00,Empirical_Utility_Substation,120000,1,11500.0,33.84,87.6,0.0,12.65,1,0,8800.83
2024-08-17 21:00:00,Empirical_Utility_Substation,120000,1,11500.0,31.22,62.9,0.0,16.55,1,0,7903.33
2024-08-17 22:00:00,Empirical_Utility_Substation,120000,1,11500.0,29.25,79.6,0.0,13.55,1,0,6965.55
2024-08-17 23:00:00,Empirical_Utility_Substation,120000,1,11500.0,28.56,74.2,0.0,10.83,1,0,6607.87
2024-08-18 00:00:00,Empirical_Utility_Substation,120000,1,11500.0,28.04,78.4,0.0,10.61,1,0,6318.25
2024-08-18 01:00:00,Empirical_Utility_Substation,120000,1,11500.0,26.8,73.3,0.0,13.49,1,0,6177.94
2024-08-18 02:00:00,Empirical_Utility_Substation,120000,1,11500.0,27.21,69.9,0.0,11.7,1,0,6321.3
2024-08-18 03:00:00,Empirical_Utility_Substation,120000,1,11500.0,26.83,68.1,0.0,10.49,1,0,6240.12
2024-08-18 04:00:00,Empirical_Utility_Substation,120000,1,11500.0,27.5,69.1,0.0,12.85,1,0,6340.14
2024-08-18 05:00:00,Empirical_Utility_Substation,120000,1,11500.0,27.69,74.0,0.0,11.74,1,0,6340.05
2024-08-18 06:00:00,Empirical_Utility_Substation,120000,1,11500.0,28.53,72.5,0.0,12.21,1,0,6504.84
2024-08-18 07:00:00,Empirical_Utility_Substation,120000,1,11500.0,29.41,67.9,107.9,14.83,1,0,6791.55
2024-08-18 08:00:00,Empirical_Utility_Substation,120000,1,11500.0,28.74,69.1,213.9,9.74,1,0,6818.79
2024-08-18 09:00:00,Empirical_Utility_Substation,120000,1,11500.0,29.97,67.4,112.3,13.92,1,0,7345.78
2024-08-18 10:00:00,Empirical_Utility_Substation,120000,1,11500.0,30.66,68.0,114.3,13.23,1,0,7597.08
2024-08-18 11:00:00,Empirical_Utility_Substation,120000,1,11500.0,33.23,59.3,265.6,11.15,1,0,8317.86
2024-08-18 12:00:00,Empirical_Utility_Substation,120000,1,11500.0,33.34,68.4,315.7,11.05,1,0,8265.57
2024-08-18 13:00:00,Empirical_Utility_Substation,120000,1,11500.0,33.15,61.4,509.8,15.15,1,0,8022.54
2024-08-18 14:00:00,Empirical_Utility_Substation,120000,1,11500.0,34.34,66.6,209.9,13.44,1,0,8008.2
2024-08-18 15:00:00,Empirical_Utility_Substation,120000,1,11500.0,33.97,73.3,340.0,14.3,1,0,7720.67
2024-08-18 16:00:00,Empirical_Utility_Substation,120000,1,11500.0,33.41,71.4,135.9,22.15,1,0,7339.08
2024-08-18 17:00:00,Empirical_Utility_Substation,120000,1,11500.0,32.01,75.3,78.1,11.97,1,0,7020.07
2024-08-18 18:00:00,Empirical_Utility_Substation,120000,1,11500.0,31.38,65.9,0.0,19.4,1,0,7302.84
2024-08-18 19:00:00,Empirical_Utility_Substation,120000,1,11500.0,30.35,68.9,0.0,14.54,1,0,7486.36
2024-08-18 20:00:00,Empirical_Utility_Substation,120000,1,11500.0,28.72,74.0,0.0,11.37,1,0,7371.33
2024-08-18 21:00:00,Empirical_Utility_Substation,120000,1,11500.0,27.57,76.2,0.0,12.61,1,0,7055.41
2024-08-18 22:00:00,Empirical_Utility_Substation,120000,1,11500.0,25.34,68.4,0.0,16.41,1,0,6215.29
2024-08-18 23:00:00,Empirical_Utility_Substation,120000,1,11500.0,22.6,79.6,0.0,11.08,1,0,5756.06
2024-08-19 00:00:00,Empirical_Utility_Substation,120000,1,11500.0,19.73,83.7,0.0,11.9,0,0,6231.95
2024-08-19 01:00:00,Empirical_Utility_Substation,120000,1,11500.0,19.09,82.6,0.0,12.5,0,0,6391.55
2024-08-19 02:00:00,Empirical_Utility_Substation,120000,1,11500.0,18.4,88.0,0.0,10.04,0,0,6299.78
2024-08-19 03:00:00,Empirical_Utility_Substation,120000,1,11500.0,18.15,81.1,0.0,14.81,0,0,6419.57
2024-08-19 04:00:00,Empirical_Utility_Substation,120000,1,11500.0,19.46,83.2,0.0,11.26,0,0,6151.01
2024-08-19 05:00:00,Empirical_Utility_Substation,120000,1,11500.0,19.79,88.2,0.0,14.5,0,0,6117.24
2024-08-19 06:00:00,Empirical_Utility_Substation,120000,1,11500.0,21.97,75.7,0.0,13.42,0,0,6241.17
2024-08-19 07:00:00,Empirical_Utility_Substation,120000,1,11500.0,23.31,91.5,59.2,13.76,0,0,6498.84
2024-08-19 08:00:00,Empirical_Utility_Substation,120000,1,11500.0,25.24,73.6,66.0,9.79,0,0,6771.42
2024-08-19 09:00:00,Empirical_Utility_Substation,120000,1,11500.0,27.32,77.3,215.4,14.23,0,0,7440.62
2024-08-19 10:00:00,Empirical_Utility_Substation,120000,1,11500.0,28.44,75.4,403.2,13.41,0,0,7910.72
2024-08-19 11:00:00,Empirical_Utility_Substation,120000,1,11500.0,28.86,71.6,529.8,10.58,0,0,8075.36
2024-08-19 12:00:00,Empirical_Utility_Substation,120000,1,11500.0,27.19,78.6,372.4,14.89,0,0,7782.1
2024-08-19 13:00:00,Empirical_Utility_Substation,120000,1,11500.0,26.67,73.1,417.1,10.77,0,0,7554.41
2024-08-19 14:00:00,Empirical_Utility_Substation,120000,1,11500.0,27.99,65.5,429.0,12.94,0,0,7737.36
2024-08-19 15:00:00,Empirical_Utility_Substation,120000,1,11500.0,29.48,74.3,164.7,11.34,0,0,7937.9
2024-08-19 16:00:00,Empirical_Utility_Substation,120000,1,11500.0,28.18,80.5,209.5,18.11,0,0,7679.82
2024-08-19 17:00:00,Empirical_Utility_Substation,120000,1,11500.0,28.19,71.0,131.6,12.48,0,0,7714.02
2024-08-19 18:00:00,Empirical_Utility_Substation,120000,1,11500.0,27.32,77.6,0.0,12.0,0,0,8025.62
2024-08-19 19:00:00,Empirical_Utility_Substation,120000,1,11500.0,27.1,64.7,0.0,12.56,0,0,8412.58
2024-08-19 20:00:00,Empirical_Utility_Substation,120000,1,11500.0,26.63,69.8,0.0,9.76,0,0,8706.65
2024-08-19 21:00:00,Empirical_Utility_Substation,120000,1,11500.0,25.07,83.3,0.0,15.26,0,0,8324.53
2024-08-19 22:00:00,Empirical_Utility_Substation,120000,1,11500.0,24.01,78.8,0.0,10.71,0,0,8047.24
2024-08-19 23:00:00,Empirical_Utility_Substation,120000,1,11500.0,23.2,79.3,0.0,14.75,0,0,7506.15
2024-08-20 00:00:00,Empirical_Utility_Substation,120000,1,11500.0,21.86,69.1,0.0,13.26,0,0,7064.74
2024-08-20 01:00:00,Empirical_Utility_Substation,120000,1,11500.0,18.92,87.1,0.0,14.83,0,0,6896.29
2024-08-20 02:00:00,Empirical_Utility_Substation,120000,1,11500.0,18.71,69.5,0.0,12.2,0,0,6880.72
2024-08-20 03:00:00,Empirical_Utility_Substation,120000,1,11500.0,18.07,73.7,0.0,11.22,0,0,6810.21
2024-08-20 04:00:00,Empirical_Utility_Substation,120000,1,11500.0,17.82,73.6,0.0,15.63,0,0,6952.78
2024-08-20 05:00:00,Empirical_Utility_Substation,120000,1,11500.0,18.62,80.5,0.0,10.55,0,0,6962.71
2024-08-20 06:00:00,Empirical_Utility_Substation,120000,1,11500.0,20.21,79.3,0.0,12.97,0,0,7023.42
2024-08-20 07:00:00,Empirical_Utility_Substation,120000,1,11500.0,20.36,81.3,63.3,16.29,0,0,7248.93
2024-08-20 08:00:00,Empirical_Utility_Substation,120000,1,11500.0,22.39,75.5,146.1,14.84,0,0,7440.04
2024-08-20 09:00:00,Empirical_Utility_Substation,120000,1,11500.0,24.15,84.1,93.3,11.34,0,0,7454.07
2024-08-20 10:00:00,Empirical_Utility_Substation,120000,1,11500.0,26.54,77.1,114.3,11.75,0,0,7776.88
2024-08-20 11:00:00,Empirical_Utility_Substation,120000,1,11500.0,27.51,65.1,236.5,12.29,0,0,7900.58
2024-08-20 12:00:00,Empirical_Utility_Substation,120000,1,11500.0,28.7,67.5,485.2,13.12,0,0,7840.6
2024-08-20 13:00:00,Empirical_Utility_Substation,120000,1,11500.0,29.82,81.6,389.1,9.98,0,0,7827.61
2024-08-20 14:00:00,Empirical_Utility_Substation,120000,1,11500.0,29.68,62.5,383.1,13.87,0,0,7646.46
2024-08-20 15:00:00,Empirical_Utility_Substation,120000,1,11500.0,30.16,62.4,340.5,13.22,0,0,7384.88
2024-08-20 16:00:00,Empirical_Utility_Substation,120000,1,11500.0,29.53,74.8,66.0,13.78,0,0,7268.47
2024-08-20 17:00:00,Empirical_Utility_Substation,120000,1,11500.0,28.55,62.5,140.7,12.23,0,0,7322.91
2024-08-20 18:00:00,Empirical_Utility_Substation,120000,1,11500.0,27.24,73.7,0.0,14.89,0,0,7806.85
2024-08-20 19:00:00,Empirical_Utility_Substation,120000,1,11500.0,26.24,75.7,0.0,16.32,0,0,7923.67
2024-08-20 20:00:00,Empirical_Utility_Substation,120000,1,11500.0,25.21,71.6,0.0,14.93,0,0,8129.02
2024-08-20 21:00:00,Empirical_Utility_Substation,120000,1,11500.0,25.48,79.9,0.0,11.75,0,0,7773.15
2024-08-20 22:00:00,Empirical_Utility_Substation,120000,1,11500.0,24.72,65.8,0.0,10.57,0,0,7467.23
2024-08-20 23:00:00,Empirical_Utility_Substation,120000,1,11500.0,23.41,75.9,0.0,14.65,0,0,6823.64
2024-08-21 00:00:00,Empirical_Utility_Substation,120000,1,11500.0,21.42,79.8,0.0,12.44,0,0,6466.59
2024-08-21 01:00:00,Empirical_Utility_Substation,120000,1,11500.0,19.84,81.4,0.0,10.17,0,0,6629.66
2024-08-21 02:00:00,Empirical_Utility_Substation,120000,1,11500.0,20.26,82.3,0.0,11.84,0,0,6655.81
2024-08-21 03:00:00,Empirical_Utility_Substation,120000,1,11500.0,20.67,83.7,0.0,14.75,0,0,6584.38
2024-08-21 04:00:00,Empirical_Utility_Substation,120000,1,11500.0,21.51,83.6,0.0,13.37,0,0,6688.48
2024-08-21 05:00:00,Empirical_Utility_Substation,120000,1,11500.0,22.77,74.7,0.0,12.27,0,0,6643.11
2024-08-21 06:00:00,Empirical_Utility_Substation,120000,1,11500.0,25.36,72.2,0.0,13.92,0,0,6947.73
2024-08-21 07:00:00,Empirical_Utility_Substation,120000,1,11500.0,27.51,73.5,63.8,10.96,0,0,7335.29
2024-08-21 08:00:00,Empirical_Utility_Substation,120000,1,11500.0,29.43,72.0,198.5,9.96,0,0,7723.2
2024-08-21 09:00:00,Empirical_Utility_Substation,120000,1,11500.0,29.73,78.3,121.2,10.23,0,0,8209.7
2024-08-21 10:00:00,Empirical_Utility_Substation,120000,1,11500.0,29.97,65.4,346.8,12.13,0,0,8322.08
2024-08-21 11:00:00,Empirical_Utility_Substation,120000,1,11500.0,32.15,67.9,465.6,9.89,0,0,8983.89
2024-08-21 12:00:00,Empirical_Utility_Substation,120000,1,11500.0,33.07,66.8,428.6,13.65,0,0,9008.65
2024-08-21 13:00:00,Empirical_Utility_Substation,120000,1,11500.0,35.94,66.2,355.7,11.99,0,0,9542.74
2024-08-21 14:00:00,Empirical_Utility_Substation,120000,1,11500.0,35.56,75.6,348.4,10.94,0,0,9150.8
2024-08-21 15:00:00,Empirical_Utility_Substation,120000,1,11500.0,36.01,59.7,401.1,13.3,0,0,9072.29
2024-08-21 16:00:00,Empirical_Utility_Substation,120000,1,11500.0,37.34,66.8,77.7,12.59,0,0,9476.74
2024-08-21 17:00:00,Empirical_Utility_Substation,120000,1,11500.0,36.04,71.3,133.1,9.81,0,0,9323.14
2024-08-21 18:00:00,Empirical_Utility_Substation,120000,1,11500.0,35.06,72.1,0.0,12.49,0,0,9619.75
2024-08-21 19:00:00,Empirical_Utility_Substation,120000,1,11500.0,33.04,68.7,0.0,12.85,0,0,9587.82
2024-08-21 20:00:00,Empirical_Utility_Substation,120000,1,11500.0,31.82,65.5,0.0,17.12,0,0,9572.09
2024-08-21 21:00:00,Empirical_Utility_Substation,120000,1,11500.0,29.99,61.4,0.0,12.15,0,0,8911.26
2024-08-21 22:00:00,Empirical_Utility_Substation,120000,1,11500.0,28.52,72.6,0.0,17.11,0,0,8354.5
2024-08-21 23:00:00,Empirical_Utility_Substation,120000,1,11500.0,26.11,77.2,0.0,13.13,0,0,7397.14
2024-08-22 00:00:00,Empirical_Utility_Substation,120000,1,11500.0,25.46,69.6,0.0,13.39,0,0,6809.99
2024-08-22 01:00:00,Empirical_Utility_Substation,120000,1,11500.0,24.44,78.0,0.0,12.33,0,0,6488.38
2024-08-22 02:00:00,Empirical_Utility_Substation,120000,1,11500.0,23.43,79.7,0.0,14.9,0,0,6526.27
2024-08-22 03:00:00,Empirical_Utility_Substation,120000,1,11500.0,22.55,78.9,0.0,13.17,0,0,6453.94
2024-08-22 04:00:00,Empirical_Utility_Substation,120000,1,11500.0,23.48,73.3,0.0,15.53,0,0,6317.24
2024-08-22 05:00:00,Empirical_Utility_Substation,120000,1,11500.0,24.17,84.2,0.0,14.12,0,0,6310.56
2024-08-22 06:00:00,Empirical_Utility_Substation,120000,1,11500.0,25.0,65.2,0.0,13.47,0,0,6422.74
2024-08-22 07:00:00,Empirical_Utility_Substation,120000,1,11500.0,26.84,78.9,118.3,11.7,0,0,6757.61
2024-08-22 08:00:00,Empirical_Utility_Substation,120000,1,11500.0,28.25,72.8,66.8,9.77,0,0,7396.17
2024-08-22 09:00:00,Empirical_Utility_Substation,120000,1,11500.0,28.56,66.8,93.3,12.32,0,0,7604.4
2024-08-22 10:00:00,Empirical_Utility_Substation,120000,1,11500.0,28.93,73.8,373.0,11.05,0,0,8077.78
2024-08-22 11:00:00,Empirical_Utility_Substation,120000,1,11500.0,30.31,63.7,362.1,15.28,0,0,8399.84
2024-08-22 12:00:00,Empirical_Utility_Substation,120000,1,11500.0,31.28,70.0,240.0,13.31,0,0,8515.01
2024-08-22 13:00:00,Empirical_Utility_Substation,120000,1,11500.0,31.56,60.7,261.8,12.94,0,0,8108.93
2024-08-22 14:00:00,Empirical_Utility_Substation,120000,1,11500.0,33.36,73.3,289.2,17.07,0,0,8394.83
2024-08-22 15:00:00,Empirical_Utility_Substation,120000,1,11500.0,34.34,53.4,432.9,13.33,0,0,8573.07
2024-08-22 16:00:00,Empirical_Utility_Substation,120000,1,11500.0,34.88,60.8,186.6,13.6,0,0,8486.58
2024-08-22 17:00:00,Empirical_Utility_Substation,120000,1,11500.0,34.87,69.0,34.2,12.11,0,0,8680.67
2024-08-22 18:00:00,Empirical_Utility_Substation,120000,1,11500.0,34.23,66.0,0.0,14.19,0,0,8919.9
2024-08-22 19:00:00,Empirical_Utility_Substation,120000,1,11500.0,33.36,70.1,0.0,12.76,0,0,9094.26
2024-08-22 20:00:00,Empirical_Utility_Substation,120000,1,11500.0,32.7,64.8,0.0,15.97,0,0,8966.19
2024-08-22 21:00:00,Empirical_Utility_Substation,120000,1,11500.0,29.84,61.8,0.0,12.34,0,0,8200.43
2024-08-22 22:00:00,Empirical_Utility_Substation,120000,1,11500.0,27.3,75.1,0.0,13.94,0,0,7549.18
2024-08-22 23:00:00,Empirical_Utility_Substation,120000,1,11500.0,24.83,82.3,0.0,12.33,0,0,6638.49
2024-08-23 00:00:00,Empirical_Utility_Substation,120000,1,11500.0,22.04,81.2,0.0,12.43,0,0,6086.49
2024-08-23 01:00:00,Empirical_Utility_Substation,120000,1,11500.0,20.76,82.1,0.0,12.98,0,0,6037.22
2024-08-23 02:00:00,Empirical_Utility_Substation,120000,1,11500.0,21.86,82.1,0.0,10.91,0,0,6025.49
2024-08-23 03:00:00,Empirical_Utility_Substation,120000,1,11500.0,19.57,76.2,0.0,12.35,0,0,5983.06
2024-08-23 04:00:00,Empirical_Utility_Substation,120000,1,11500.0,18.97,77.7,0.0,11.48,0,0,5986.85
2024-08-23 05:00:00,Empirical_Utility_Substation,120000,1,11500.0,20.21,94.3,0.0,10.76,0,0,6119.52
2024-08-23 06:00:00,Empirical_Utility_Substation,120000,1,11500.0,20.86,79.9,0.0,13.01,0,0,6174.76
2024-08-23 07:00:00,Empirical_Utility_Substation,120000,1,11500.0,22.19,74.3,61.9,13.62,0,0,6366.47
2024-08-23 08:00:00,Empirical_Utility_Substation,120000,1,11500.0,23.65,81.3,155.7,9.73,0,0,6838.74
2024-08-23 09:00:00,Empirical_Utility_Substation,120000,1,11500.0,25.51,78.4,252.4,14.74,0,0,7277.06
2024-08-23 10:00:00,Empirical_Utility_Substation,120000,1,11500.0,26.72,78.1,335.6,11.65,0,0,7768.79
2024-08-23 11:00:00,Empirical_Utility_Substation,120000,1,11500.0,27.52,80.1,282.3,13.36,0,0,7992.4
2024-08-23 12:00:00,Empirical_Utility_Substation,120000,1,11500.0,28.1,67.5,297.6,12.5,0,0,8125.56
2024-08-23 13:00:00,Empirical_Utility_Substation,120000,1,11500.0,27.54,68.1,456.3,12.45,0,0,7594.08
2024-08-23 14:00:00,Empirical_Utility_Substation,120000,1,11500.0,26.99,77.0,435.1,9.67,0,0,7464.27
2024-08-23 15:00:00,Empirical_Utility_Substation,120000,1,11500.0,30.09,68.0,258.7,15.76,0,0,7832.84
2024-08-23 16:00:00,Empirical_Utility_Substation,120000,1,11500.0,30.03,68.1,66.0,13.06,0,0,8040.58
2024-08-23 17:00:00,Empirical_Utility_Substation,120000,1,11500.0,31.89,71.8,102.2,13.05,0,0,8627.96
2024-08-23 18:00:00,Empirical_Utility_Substation,120000,1,11500.0,30.24,62.8,0.0,11.08,0,0,8669.59
2024-08-23 19:00:00,Empirical_Utility_Substation,120000,1,11500.0,29.16,66.6,0.0,10.15,0,0,8755.82
2024-08-23 20:00:00,Empirical_Utility_Substation,120000,1,11500.0,29.9,59.6,0.0,15.82,0,0,8941.6
2024-08-23 21:00:00,Empirical_Utility_Substation,120000,1,11500.0,28.56,71.4,0.0,13.16,0,0,8434.32
2024-08-23 22:00:00,Empirical_Utility_Substation,120000,1,11500.0,27.89,71.5,0.0,12.0,0,0,7755.81
2024-08-23 23:00:00,Empirical_Utility_Substation,120000,1,11500.0,25.64,75.2,0.0,14.87,0,0,6956.58
2024-08-24 00:00:00,Empirical_Utility_Substation,120000,1,11500.0,25.61,77.6,0.0,16.47,1,0,5665.4
2024-08-24 01:00:00,Empirical_Utility_Substation,120000,1,11500.0,24.29,77.9,0.0,13.62,1,0,5576.86
2024-08-24 02:00:00,Empirical_Utility_Substation,120000,1,11500.0,23.94,75.2,0.0,12.64,1,0,5505.01
2024-08-24 03:00:00,Empirical_Utility_Substation,120000,1,11500.0,23.65,72.7,0.0,13.69,1,0,5644.75
2024-08-24 04:00:00,Empirical_Utility_Substation,120000,1,11500.0,22.98,83.9,0.0,15.32,1,0,5821.15
2024-08-24 05:00:00,Empirical_Utility_Substation,120000,1,11500.0,23.98,81.8,0.0,14.3,1,0,5943.27
2024-08-24 06:00:00,Empirical_Utility_Substation,120000,1,11500.0,26.17,71.1,0.0,11.08,1,0,6150.87
2024-08-24 07:00:00,Empirical_Utility_Substation,120000,1,11500.0,27.1,81.2,103.8,12.57,1,0,6434.5
2024-08-24 08:00:00,Empirical_Utility_Substation,120000,1,11500.0,27.57,56.9,268.1,15.11,1,0,6789.14
2024-08-24 09:00:00,Empirical_Utility_Substation,120000,1,11500.0,27.92,65.2,265.4,16.59,1,0,7128.24
2024-08-24 10:00:00,Empirical_Utility_Substation,120000,1,11500.0,30.7,63.0,393.2,11.92,1,0,7921.91
2024-08-24 11:00:00,Empirical_Utility_Substation,120000,1,11500.0,33.51,65.7,127.5,14.27,1,0,8503.21
2024-08-24 12:00:00,Empirical_Utility_Substation,120000,1,11500.0,34.53,74.2,221.3,15.88,1,0,8558.03
2024-08-24 13:00:00,Empirical_Utility_Substation,120000,1,11500.0,34.34,63.5,127.5,14.12,1,0,8479.4
2024-08-24 14:00:00,Empirical_Utility_Substation,120000,1,11500.0,34.87,55.5,373.1,15.62,1,0,8361.06
2024-08-24 15:00:00,Empirical_Utility_Substation,120000,1,11500.0,32.99,68.8,338.1,14.56,1,0,7634.3
2024-08-24 16:00:00,Empirical_Utility_Substation,120000,1,11500.0,33.54,66.9,126.8,10.48,1,0,7800.01
2024-08-24 17:00:00,Empirical_Utility_Substation,120000,1,11500.0,33.88,61.1,119.3,10.59,1,0,8143.36
2024-08-24 18:00:00,Empirical_Utility_Substation,120000,1,11500.0,31.28,63.8,0.0,13.03,1,0,8089.38
2024-08-24 19:00:00,Empirical_Utility_Substation,120000,1,11500.0,29.22,73.0,0.0,11.09,1,0,8140.46
2024-08-24 20:00:00,Empirical_Utility_Substation,120000,1,11500.0,27.48,76.2,0.0,13.55,1,0,8158.5
2024-08-24 21:00:00,Empirical_Utility_Substation,120000,1,11500.0,26.24,71.8,0.0,13.53,1,0,7723.92
2024-08-24 22:00:00,Empirical_Utility_Substation,120000,1,11500.0,24.41,82.4,0.0,10.82,1,0,7042.02
2024-08-24 23:00:00,Empirical_Utility_Substation,120000,1,11500.0,23.75,75.9,0.0,11.99,1,0,6519.9
2024-08-25 00:00:00,Empirical_Utility_Substation,120000,1,11500.0,21.35,89.3,0.0,11.28,1,0,5771.84
2024-08-25 01:00:00,Empirical_Utility_Substation,120000,1,11500.0,21.27,72.2,0.0,10.79,1,0,5908.66
2024-08-25 02:00:00,Empirical_Utility_Substation,120000,1,11500.0,20.09,75.0,0.0,14.15,1,0,5646.08
2024-08-25 03:00:00,Empirical_Utility_Substation,120000,1,11500.0,18.79,81.6,0.0,13.51,1,0,5730.74
2024-08-25 04:00:00,Empirical_Utility_Substation,120000,1,11500.0,18.57,78.9,0.0,14.72,1,0,5888.45
2024-08-25 05:00:00,Empirical_Utility_Substation,120000,1,11500.0,19.9,80.2,0.0,16.54,1,0,5882.13
2024-08-25 06:00:00,Empirical_Utility_Substation,120000,1,11500.0,20.14,82.5,0.0,12.27,1,0,6134.15
2024-08-25 07:00:00,Empirical_Utility_Substation,120000,1,11500.0,23.3,75.8,93.4,12.6,1,0,6316.8
2024-08-25 08:00:00,Empirical_Utility_Substation,120000,1,11500.0,24.48,77.1,202.8,13.55,1,0,6626.83
2024-08-25 09:00:00,Empirical_Utility_Substation,120000,1,11500.0,25.45,84.7,207.0,12.65,1,0,6880.28
2024-08-25 10:00:00,Empirical_Utility_Substation,120000,1,11500.0,27.06,64.1,165.6,14.63,1,0,7281.12
2024-08-25 11:00:00,Empirical_Utility_Substation,120000,1,11500.0,27.8,78.3,196.5,11.36,1,0,7519.24
2024-08-25 12:00:00,Empirical_Utility_Substation,120000,1,11500.0,29.55,69.9,411.8,11.32,1,0,7931.96
2024-08-25 13:00:00,Empirical_Utility_Substation,120000,1,11500.0,31.15,77.8,212.1,11.41,1,0,7837.2
2024-08-25 14:00:00,Empirical_Utility_Substation,120000,1,11500.0,31.9,69.0,265.7,13.5,1,0,7666.26
2024-08-25 15:00:00,Empirical_Utility_Substation,120000,1,11500.0,31.36,70.5,107.8,14.35,1,0,7462.34
2024-08-25 16:00:00,Empirical_Utility_Substation,120000,1,11500.0,30.29,78.9,171.6,10.87,1,0,7225.15
2024-08-25 17:00:00,Empirical_Utility_Substation,120000,1,11500.0,28.44,79.5,109.1,13.5,1,0,6864.81
2024-08-25 18:00:00,Empirical_Utility_Substation,120000,1,11500.0,26.6,86.8,0.0,11.4,1,0,7204.72
2024-08-25 19:00:00,Empirical_Utility_Substation,120000,1,11500.0,26.45,75.3,0.0,12.44,1,0,7755.35
2024-08-25 20:00:00,Empirical_Utility_Substation,120000,1,11500.0,25.33,82.8,0.0,14.12,1,0,7647.84
2024-08-25 21:00:00,Empirical_Utility_Substation,120000,1,11500.0,23.23,85.0,0.0,14.76,1,0,7100.84
2024-08-25 22:00:00,Empirical_Utility_Substation,120000,1,11500.0,22.34,85.9,0.0,13.61,1,0,6908.72
2024-08-25 23:00:00,Empirical_Utility_Substation,120000,1,11500.0,23.22,76.9,0.0,14.57,1,0,6743.28
2024-08-26 00:00:00,Empirical_Utility_Substation,120000,1,11500.0,22.84,79.1,0.0,11.74,0,0,7047.21
2024-08-26 01:00:00,Empirical_Utility_Substation,120000,1,11500.0,22.01,83.8,0.0,16.75,0,0,6927.88
2024-08-26 02:00:00,Empirical_Utility_Substation,120000,1,11500.0,20.36,80.5,0.0,15.04,0,0,6880.43
2024-08-26 03:00:00,Empirical_Utility_Substation,120000,1,11500.0,20.09,76.5,0.0,12.83,0,0,6898.48
2024-08-26 04:00:00,Empirical_Utility_Substation,120000,1,11500.0,22.68,76.2,0.0,11.57,0,0,6951.35
2024-08-26 05:00:00,Empirical_Utility_Substation,120000,1,11500.0,25.09,77.4,0.0,15.69,0,0,6896.78
2024-08-26 06:00:00,Empirical_Utility_Substation,120000,1,11500.0,26.94,71.5,0.0,10.31,0,0,7376.9
2024-08-26 07:00:00,Empirical_Utility_Substation,120000,1,11500.0,28.06,71.3,35.3,12.86,0,0,7791.95
2024-08-26 08:00:00,Empirical_Utility_Substation,120000,1,11500.0,28.69,81.0,66.0,14.83,0,0,8033.72
2024-08-26 09:00:00,Empirical_Utility_Substation,120000,1,11500.0,30.27,64.1,161.1,11.25,0,0,8432.05
2024-08-26 10:00:00,Empirical_Utility_Substation,120000,1,11500.0,30.39,75.1,284.5,15.86,0,0,8591.28
2024-08-26 11:00:00,Empirical_Utility_Substation,120000,1,11500.0,32.29,72.4,127.5,10.99,0,0,9200.58
2024-08-26 12:00:00,Empirical_Utility_Substation,120000,1,11500.0,32.59,61.9,518.1,14.07,0,0,9072.94
2024-08-26 13:00:00,Empirical_Utility_Substation,120000,1,11500.0,34.08,73.3,372.1,13.32,0,0,9325.3
2024-08-26 14:00:00,Empirical_Utility_Substation,120000,1,11500.0,33.35,62.5,399.6,15.17,0,0,8816.6
2024-08-26 15:00:00,Empirical_Utility_Substation,120000,1,11500.0,32.67,74.4,306.4,14.84,0,0,8470.92
2024-08-26 16:00:00,Empirical_Utility_Substation,120000,1,11500.0,32.48,65.3,226.1,12.02,0,0,8531.07
2024-08-26 17:00:00,Empirical_Utility_Substation,120000,1,11500.0,32.64,69.7,108.7,12.2,0,0,8861.75
2024-08-26 18:00:00,Empirical_Utility_Substation,120000,1,11500.0,31.38,73.4,0.0,12.29,0,0,8792.64
2024-08-26 19:00:00,Empirical_Utility_Substation,120000,1,11500.0,28.06,73.4,0.0,9.44,0,0,8611.24
2024-08-26 20:00:00,Empirical_Utility_Substation,120000,1,11500.0,24.93,74.9,0.0,11.42,0,0,8422.04
2024-08-26 21:00:00,Empirical_Utility_Substation,120000,1,11500.0,20.74,78.7,0.0,10.44,0,0,8210.46
2024-08-26 22:00:00,Empirical_Utility_Substation,120000,1,11500.0,20.65,91.7,0.0,14.16,0,0,7774.61
2024-08-26 23:00:00,Empirical_Utility_Substation,120000,1,11500.0,21.33,79.2,0.0,10.87,0,0,7334.28
2024-08-27 00:00:00,Empirical_Utility_Substation,120000,1,11500.0,21.17,86.2,0.0,13.67,0,0,6866.3
2024-08-27 01:00:00,Empirical_Utility_Substation,120000,1,11500.0,21.06,83.0,0.0,11.25,0,0,6736.0
2024-08-27 02:00:00,Empirical_Utility_Substation,120000,1,11500.0,21.78,76.4,0.0,11.25,0,0,6789.43
2024-08-27 03:00:00,Empirical_Utility_Substation,120000,1,11500.0,22.8,78.0,0.0,12.64,0,0,6751.69
2024-08-27 04:00:00,Empirical_Utility_Substation,120000,1,11500.0,23.21,77.2,0.0,15.82,0,0,6831.76
2024-08-27 05:00:00,Empirical_Utility_Substation,120000,1,11500.0,24.67,76.5,0.0,12.88,0,0,6920.85
2024-08-27 06:00:00,Empirical_Utility_Substation,120000,1,11500.0,25.9,74.9,0.0,9.45,0,0,7051.32
2024-08-27 07:00:00,Empirical_Utility_Substation,120000,1,11500.0,27.74,78.2,35.6,13.04,0,0,7558.46
2024-08-27 08:00:00,Empirical_Utility_Substation,120000,1,11500.0,27.23,72.6,196.7,11.77,0,0,8011.45
2024-08-27 09:00:00,Empirical_Utility_Substation,120000,1,11500.0,28.58,73.1,93.3,10.66,0,0,8391.77
2024-08-27 10:00:00,Empirical_Utility_Substation,120000,1,11500.0,30.38,62.0,322.3,11.07,0,0,9047.21
2024-08-27 11:00:00,Empirical_Utility_Substation,120000,1,11500.0,29.62,75.6,474.4,10.13,0,0,8794.46
2024-08-27 12:00:00,Empirical_Utility_Substation,120000,1,11500.0,29.55,73.1,392.0,9.98,0,0,8542.67
2024-08-27 13:00:00,Empirical_Utility_Substation,120000,1,11500.0,30.37,67.6,268.7,11.24,0,0,8505.97
2024-08-27 14:00:00,Empirical_Utility_Substation,120000,1,11500.0,30.95,67.9,255.1,13.19,0,0,8147.06
2024-08-27 15:00:00,Empirical_Utility_Substation,120000,1,11500.0,30.15,88.0,236.7,10.49,0,0,7716.17
2024-08-27 16:00:00,Empirical_Utility_Substation,120000,1,11500.0,29.68,73.1,100.9,14.38,0,0,7640.69
2024-08-27 17:00:00,Empirical_Utility_Substation,120000,1,11500.0,29.54,69.7,103.4,15.19,0,0,7695.6
2024-08-27 18:00:00,Empirical_Utility_Substation,120000,1,11500.0,29.28,67.7,0.0,12.54,0,0,7997.76
2024-08-27 19:00:00,Empirical_Utility_Substation,120000,1,11500.0,29.43,68.0,0.0,10.98,0,0,8300.8
2024-08-27 20:00:00,Empirical_Utility_Substation,120000,1,11500.0,26.79,78.6,0.0,10.09,0,0,7981.72
2024-08-27 21:00:00,Empirical_Utility_Substation,120000,1,11500.0,26.57,70.5,0.0,12.46,0,0,7793.56
2024-08-27 22:00:00,Empirical_Utility_Substation,120000,1,11500.0,24.63,71.6,0.0,12.9,0,0,7291.13
2024-08-27 23:00:00,Empirical_Utility_Substation,120000,1,11500.0,21.44,86.4,0.0,13.68,0,0,6698.18
2024-08-28 00:00:00,Empirical_Utility_Substation,120000,1,11500.0,21.01,86.1,0.0,12.7,0,0,6204.27
2024-08-28 01:00:00,Empirical_Utility_Substation,120000,1,11500.0,20.43,62.2,0.0,16.73,0,0,6373.12
2024-08-28 02:00:00,Empirical_Utility_Substation,120000,1,11500.0,20.69,64.3,0.0,9.48,0,0,6453.42
2024-08-28 03:00:00,Empirical_Utility_Substation,120000,1,11500.0,19.43,73.9,0.0,10.44,0,0,6401.86
2024-08-28 04:00:00,Empirical_Utility_Substation,120000,1,11500.0,18.99,86.5,0.0,13.05,0,0,6318.14
2024-08-28 05:00:00,Empirical_Utility_Substation,120000,1,11500.0,19.24,85.1,0.0,12.14,0,0,6497.99
2024-08-28 06:00:00,Empirical_Utility_Substation,120000,1,11500.0,21.02,84.1,0.0,10.18,0,0,6486.78
2024-08-28 07:00:00,Empirical_Utility_Substation,120000,1,11500.0,20.85,79.0,41.7,10.72,0,0,6786.81
2024-08-28 08:00:00,Empirical_Utility_Substation,120000,1,11500.0,22.92,75.6,149.5,11.04,0,0,7195.53
2024-08-28 09:00:00,Empirical_Utility_Substation,120000,1,11500.0,24.19,74.6,178.0,10.1,0,0,7409.51
2024-08-28 10:00:00,Empirical_Utility_Substation,120000,1,11500.0,25.95,69.8,397.8,16.52,0,0,7828.58
2024-08-28 11:00:00,Empirical_Utility_Substation,120000,1,11500.0,27.92,74.3,279.4,11.05,0,0,8054.72
2024-08-28 12:00:00,Empirical_Utility_Substation,120000,1,11500.0,28.29,65.0,554.8,10.76,0,0,8063.55
2024-08-28 13:00:00,Empirical_Utility_Substation,120000,1,11500.0,29.99,69.9,420.9,12.66,0,0,8070.03
2024-08-28 14:00:00,Empirical_Utility_Substation,120000,1,11500.0,31.95,87.1,331.2,10.35,0,0,8043.08
2024-08-28 15:00:00,Empirical_Utility_Substation,120000,1,11500.0,32.42,61.6,131.1,10.75,0,0,7743.93
2024-08-28 16:00:00,Empirical_Utility_Substation,120000,1,11500.0,32.97,72.6,132.5,9.92,0,0,7791.49
2024-08-28 17:00:00,Empirical_Utility_Substation,120000,1,11500.0,31.84,67.9,133.6,14.89,0,0,7849.78
2024-08-28 18:00:00,Empirical_Utility_Substation,120000,1,11500.0,29.27,66.1,0.0,12.29,0,0,7790.55
2024-08-28 19:00:00,Empirical_Utility_Substation,120000,1,11500.0,28.97,70.5,0.0,10.48,0,0,8261.08
2024-08-28 20:00:00,Empirical_Utility_Substation,120000,1,11500.0,26.77,78.0,0.0,15.13,0,0,8236.86
2024-08-28 21:00:00,Empirical_Utility_Substation,120000,1,11500.0,25.15,70.1,0.0,10.25,0,0,7837.15
2024-08-28 22:00:00,Empirical_Utility_Substation,120000,1,11500.0,24.98,80.4,0.0,12.72,0,0,7589.53
2024-08-28 23:00:00,Empirical_Utility_Substation,120000,1,11500.0,23.73,68.7,0.0,11.43,0,0,7023.96
2024-08-29 00:00:00,Empirical_Utility_Substation,120000,1,11500.0,23.43,69.3,0.0,14.48,0,0,6577.8
2024-08-29 01:00:00,Empirical_Utility_Substation,120000,1,11500.0,24.08,76.5,0.0,11.27,0,0,6552.33
2024-08-29 02:00:00,Empirical_Utility_Substation,120000,1,11500.0,23.87,74.7,0.0,10.87,0,0,6539.77
2024-08-29 03:00:00,Empirical_Utility_Substation,120000,1,11500.0,23.54,72.8,0.0,14.46,0,0,6592.29
2024-08-29 04:00:00,Empirical_Utility_Substation,120000,1,11500.0,25.45,75.7,0.0,14.57,0,0,6702.24
2024-08-29 05:00:00,Empirical_Utility_Substation,120000,1,11500.0,24.08,76.5,0.0,11.83,0,0,6416.52
2024-08-29 06:00:00,Empirical_Utility_Substation,120000,1,11500.0,25.08,86.7,0.0,15.75,0,0,6674.18
2024-08-29 07:00:00,Empirical_Utility_Substation,120000,1,11500.0,25.53,75.8,65.6,10.61,0,0,7090.93
2024-08-29 08:00:00,Empirical_Utility_Substation,120000,1,11500.0,28.27,77.1,225.3,13.33,0,0,7851.12
2024-08-29 09:00:00,Empirical_Utility_Substation,120000,1,11500.0,29.11,67.0,103.4,16.62,0,0,8215.98
2024-08-29 10:00:00,Empirical_Utility_Substation,120000,1,11500.0,30.56,67.3,118.5,11.24,0,0,8497.97
2024-08-29 11:00:00,Empirical_Utility_Substation,120000,1,11500.0,33.08,59.7,356.5,10.92,0,0,9017.75
2024-08-29 12:00:00,Empirical_Utility_Substation,120000,1,11500.0,34.01,65.5,364.3,13.19,0,0,9121.65
2024-08-29 13:00:00,Empirical_Utility_Substation,120000,1,11500.0,34.52,66.2,312.4,12.03,0,0,9156.46
2024-08-29 14:00:00,Empirical_Utility_Substation,120000,1,11500.0,34.23,65.3,332.5,14.81,0,0,8823.84
2024-08-29 15:00:00,Empirical_Utility_Substation,120000,1,11500.0,33.16,59.4,225.5,11.84,0,0,8335.85
2024-08-29 16:00:00,Empirical_Utility_Substation,120000,1,11500.0,31.39,73.0,186.7,13.85,0,0,7712.26
2024-08-29 17:00:00,Empirical_Utility_Substation,120000,1,11500.0,31.24,72.1,134.8,13.5,0,0,7975.82
2024-08-29 18:00:00,Empirical_Utility_Substation,120000,1,11500.0,28.68,72.4,0.0,12.67,0,0,7944.58
2024-08-29 19:00:00,Empirical_Utility_Substation,120000,1,11500.0,26.46,78.1,0.0,11.3,0,0,8116.69
2024-08-29 20:00:00,Empirical_Utility_Substation,120000,1,11500.0,25.3,73.0,0.0,15.53,0,0,8120.8
2024-08-29 21:00:00,Empirical_Utility_Substation,120000,1,11500.0,23.86,90.1,0.0,10.67,0,0,7770.52
2024-08-29 22:00:00,Empirical_Utility_Substation,120000,1,11500.0,23.19,72.8,0.0,13.38,0,0,7218.33
2024-08-29 23:00:00,Empirical_Utility_Substation,120000,1,11500.0,21.28,79.9,0.0,10.22,0,0,6865.75
2024-08-30 00:00:00,Empirical_Utility_Substation,120000,1,11500.0,22.13,73.4,0.0,10.3,0,0,6204.63
2024-08-30 01:00:00,Empirical_Utility_Substation,120000,1,11500.0,21.24,72.8,0.0,10.66,0,0,6222.46
2024-08-30 02:00:00,Empirical_Utility_Substation,120000,1,11500.0,20.84,67.5,0.0,12.33,0,0,6293.59
2024-08-30 03:00:00,Empirical_Utility_Substation,120000,1,11500.0,21.68,83.3,0.0,13.43,0,0,6447.5
2024-08-30 04:00:00,Empirical_Utility_Substation,120000,1,11500.0,21.53,79.6,0.0,14.22,0,0,6455.94
2024-08-30 05:00:00,Empirical_Utility_Substation,120000,1,11500.0,22.07,85.0,0.0,10.21,0,0,6573.08
2024-08-30 06:00:00,Empirical_Utility_Substation,120000,1,11500.0,23.11,76.1,0.0,11.58,0,0,6574.65
2024-08-30 07:00:00,Empirical_Utility_Substation,120000,1,11500.0,23.49,78.3,112.2,13.17,0,0,6634.27
2024-08-30 08:00:00,Empirical_Utility_Substation,120000,1,11500.0,24.28,79.8,253.9,11.6,0,0,6929.12
2024-08-30 09:00:00,Empirical_Utility_Substation,120000,1,11500.0,25.73,68.1,373.9,10.2,0,0,7425.49
2024-08-30 10:00:00,Empirical_Utility_Substation,120000,1,11500.0,26.92,78.7,358.5,12.8,0,0,7833.08
2024-08-30 11:00:00,Empirical_Utility_Substation,120000,1,11500.0,28.0,68.8,273.6,11.71,0,0,7939.55
2024-08-30 12:00:00,Empirical_Utility_Substation,120000,1,11500.0,27.49,70.7,308.1,9.78,0,0,7780.41
2024-08-30 13:00:00,Empirical_Utility_Substation,120000,1,11500.0,28.6,75.2,352.4,14.03,0,0,7553.59
2024-08-30 14:00:00,Empirical_Utility_Substation,120000,1,11500.0,27.36,66.6,324.0,12.15,0,0,7363.61
2024-08-30 15:00:00,Empirical_Utility_Substation,120000,1,11500.0,28.07,76.8,202.1,12.11,0,0,6974.79
2024-08-30 16:00:00,Empirical_Utility_Substation,120000,1,11500.0,28.16,76.9,113.2,13.03,0,0,6986.36
2024-08-30 17:00:00,Empirical_Utility_Substation,120000,1,11500.0,27.73,67.8,34.2,11.13,0,0,7093.0
2024-08-30 18:00:00,Empirical_Utility_Substation,120000,1,11500.0,27.17,78.5,0.0,12.53,0,0,7422.7
2024-08-30 19:00:00,Empirical_Utility_Substation,120000,1,11500.0,26.66,76.4,0.0,13.33,0,0,7852.73
2024-08-30 20:00:00,Empirical_Utility_Substation,120000,1,11500.0,24.73,78.0,0.0,15.22,0,0,7675.01
2024-08-30 21:00:00,Empirical_Utility_Substation,120000,1,11500.0,22.98,81.6,0.0,14.08,0,0,7730.37
2024-08-30 22:00:00,Empirical_Utility_Substation,120000,1,11500.0,23.06,72.0,0.0,11.37,0,0,7181.0
2024-08-30 23:00:00,Empirical_Utility_Substation,120000,1,11500.0,20.95,74.6,0.0,12.35,0,0,6778.35
2024-08-31 00:00:00,Empirical_Utility_Substation,120000,1,11500.0,19.31,76.3,0.0,9.8,1,0,5300.18
2024-08-31 01:00:00,Empirical_Utility_Substation,120000,1,11500.0,18.76,87.4,0.0,12.3,1,0,5118.42
2024-08-31 02:00:00,Empirical_Utility_Substation,120000,1,11500.0,18.28,75.9,0.0,12.88,1,0,4968.91
2024-08-31 03:00:00,Empirical_Utility_Substation,120000,1,11500.0,18.4,81.0,0.0,12.56,1,0,5076.97
2024-08-31 04:00:00,Empirical_Utility_Substation,120000,1,11500.0,18.9,81.5,0.0,15.41,1,0,5204.21
2024-08-31 05:00:00,Empirical_Utility_Substation,120000,1,11500.0,19.08,76.6,0.0,11.27,1,0,5382.14
2024-08-31 06:00:00,Empirical_Utility_Substation,120000,1,11500.0,20.29,79.2,0.0,10.43,1,0,5374.31
2024-08-31 07:00:00,Empirical_Utility_Substation,120000,1,11500.0,23.43,79.5,34.2,14.19,1,0,5679.34
2024-08-31 08:00:00,Empirical_Utility_Substation,120000,1,11500.0,25.07,69.0,135.2,15.55,1,0,6194.9
2024-08-31 09:00:00,Empirical_Utility_Substation,120000,1,11500.0,26.55,83.4,133.4,12.87,1,0,6553.01
2024-08-31 10:00:00,Empirical_Utility_Substation,120000,1,11500.0,27.89,72.5,181.8,9.69,1,0,6940.84
2024-08-31 11:00:00,Empirical_Utility_Substation,120000,1,11500.0,28.49,66.6,367.0,13.86,1,0,7116.41
2024-08-31 12:00:00,Empirical_Utility_Substation,120000,1,11500.0,30.64,79.6,370.7,11.58,1,0,7504.39
2024-08-31 13:00:00,Empirical_Utility_Substation,120000,1,11500.0,31.62,68.7,294.4,13.65,1,0,7686.48
2024-08-31 14:00:00,Empirical_Utility_Substation,120000,1,11500.0,30.8,59.6,388.9,9.25,1,0,7348.65
2024-08-31 15:00:00,Empirical_Utility_Substation,120000,1,11500.0,31.09,66.5,239.2,9.25,1,0,7428.63
2024-08-31 16:00:00,Empirical_Utility_Substation,120000,1,11500.0,31.39,68.9,154.2,12.36,1,0,7421.87
2024-08-31 17:00:00,Empirical_Utility_Substation,120000,1,11500.0,30.35,74.5,47.1,15.5,1,0,7518.0
2024-08-31 18:00:00,Empirical_Utility_Substation,120000,1,11500.0,29.53,70.4,0.0,13.22,1,0,7863.49
2024-08-31 19:00:00,Empirical_Utility_Substation,120000,1,11500.0,27.27,84.9,0.0,9.6,1,0,7711.91
2024-08-31 20:00:00,Empirical_Utility_Substation,120000,1,11500.0,26.0,75.6,0.0,11.43,1,0,7889.65
2024-08-31 21:00:00,Empirical_Utility_Substation,120000,1,11500.0,24.95,83.5,0.0,12.65,1,0,7400.63
2024-08-31 22:00:00,Empirical_Utility_Substation,120000,1,11500.0,24.64,82.7,0.0,12.25,1,0,6910.43
2024-08-31 23:00:00,Empirical_Utility_Substation,120000,1,11500.0,23.47,77.7,0.0,12.4,1,0,6525.85
2024-09-01 00:00:00,Empirical_Utility_Substation,120000,1,11500.0,21.42,80.2,0.0,11.76,1,0,6156.28
2024-09-01 01:00:00,Empirical_Utility_Substation,120000,1,11500.0,19.87,78.6,0.0,15.77,1,0,5982.69
2024-09-01 02:00:00,Empirical_Utility_Substation,120000,1,11500.0,21.04,80.9,0.0,13.49,1,0,5815.46
2024-09-01 03:00:00,Empirical_Utility_Substation,120000,1,11500.0,20.82,71.6,0.0,11.59,1,0,5879.73
2024-09-01 04:00:00,Empirical_Utility_Substation,120000,1,11500.0,20.73,71.1,0.0,11.64,1,0,5852.97
2024-09-01 05:00:00,Empirical_Utility_Substation,120000,1,11500.0,22.61,78.4,0.0,11.96,1,0,5990.56
2024-09-01 06:00:00,Empirical_Utility_Substation,120000,1,11500.0,24.68,71.3,0.0,13.57,1,0,6131.61
2024-09-01 07:00:00,Empirical_Utility_Substation,120000,1,11500.0,26.63,64.2,34.2,12.65,1,0,6549.29
2024-09-01 08:00:00,Empirical_Utility_Substation,120000,1,11500.0,27.66,70.4,215.3,12.9,1,0,6895.72
2024-09-01 09:00:00,Empirical_Utility_Substation,120000,1,11500.0,28.4,56.5,93.3,10.51,1,0,7520.72
2024-09-01 10:00:00,Empirical_Utility_Substation,120000,1,11500.0,29.76,51.2,215.1,11.03,1,0,7905.76
2024-09-01 11:00:00,Empirical_Utility_Substation,120000,1,11500.0,29.01,49.4,233.0,11.19,1,0,7632.52
2024-09-01 12:00:00,Empirical_Utility_Substation,120000,1,11500.0,29.7,62.0,320.2,10.86,1,0,7620.62
2024-09-01 13:00:00,Empirical_Utility_Substation,120000,1,11500.0,32.07,57.4,545.9,10.41,1,0,7564.32
2024-09-01 14:00:00,Empirical_Utility_Substation,120000,1,11500.0,32.2,62.1,350.2,12.1,1,0,7322.27
2024-09-01 15:00:00,Empirical_Utility_Substation,120000,1,11500.0,32.77,59.4,379.1,10.56,1,0,7286.63
2024-09-01 16:00:00,Empirical_Utility_Substation,120000,1,11500.0,33.12,59.9,97.4,14.82,1,0,7339.07
2024-09-01 17:00:00,Empirical_Utility_Substation,120000,1,11500.0,30.37,54.3,83.5,12.18,1,0,7026.19
2024-09-01 18:00:00,Empirical_Utility_Substation,120000,1,11500.0,30.91,62.9,0.0,13.26,1,0,7517.23
2024-09-01 19:00:00,Empirical_Utility_Substation,120000,1,11500.0,28.24,59.5,0.0,11.92,1,0,7594.51
2024-09-01 20:00:00,Empirical_Utility_Substation,120000,1,11500.0,25.83,75.5,0.0,11.21,1,0,7296.16
2024-09-01 21:00:00,Empirical_Utility_Substation,120000,1,11500.0,23.71,60.7,0.0,9.59,1,0,6906.2
2024-09-01 22:00:00,Empirical_Utility_Substation,120000,1,11500.0,23.36,68.2,0.0,9.86,1,0,6605.02
2024-09-01 23:00:00,Empirical_Utility_Substation,120000,1,11500.0,23.24,75.9,0.0,13.61,1,0,5985.94
2024-09-02 00:00:00,Empirical_Utility_Substation,120000,1,11500.0,20.1,64.8,0.0,9.79,0,0,6368.98
2024-09-02 01:00:00,Empirical_Utility_Substation,120000,1,11500.0,20.55,67.3,0.0,9.08,0,0,6518.16
2024-09-02 02:00:00,Empirical_Utility_Substation,120000,1,11500.0,20.5,69.8,0.0,9.31,0,0,6691.87
2024-09-02 03:00:00,Empirical_Utility_Substation,120000,1,11500.0,20.12,75.8,0.0,14.86,0,0,6795.21
2024-09-02 04:00:00,Empirical_Utility_Substation,120000,1,11500.0,20.9,60.8,0.0,10.87,0,0,6821.43
2024-09-02 05:00:00,Empirical_Utility_Substation,120000,1,11500.0,20.42,64.0,0.0,14.66,0,0,6856.96
2024-09-02 06:00:00,Empirical_Utility_Substation,120000,1,11500.0,22.22,77.2,0.0,15.62,0,0,6837.87
2024-09-02 07:00:00,Empirical_Utility_Substation,120000,1,11500.0,25.02,67.2,34.2,15.45,0,0,7085.47
2024-09-02 08:00:00,Empirical_Utility_Substation,120000,1,11500.0,24.58,67.5,175.1,9.93,0,0,7449.14
2024-09-02 09:00:00,Empirical_Utility_Substation,120000,1,11500.0,25.91,81.5,358.0,13.94,0,0,7704.48
2024-09-02 10:00:00,Empirical_Utility_Substation,120000,1,11500.0,26.72,65.1,377.1,12.43,0,0,7987.89
2024-09-02 11:00:00,Empirical_Utility_Substation,120000,1,11500.0,27.67,70.9,334.9,12.06,0,0,8003.89
2024-09-02 12:00:00,Empirical_Utility_Substation,120000,1,11500.0,29.05,76.1,267.0,12.92,0,0,8131.72
2024-09-02 13:00:00,Empirical_Utility_Substation,120000,1,11500.0,30.62,61.7,194.0,12.85,0,0,8012.05
2024-09-02 14:00:00,Empirical_Utility_Substation,120000,1,11500.0,32.08,51.2,415.7,11.29,0,0,8111.12
2024-09-02 15:00:00,Empirical_Utility_Substation,120000,1,11500.0,33.44,55.9,127.5,12.67,0,0,8279.26
2024-09-02 16:00:00,Empirical_Utility_Substation,120000,1,11500.0,32.22,65.1,131.0,11.2,0,0,8166.04
2024-09-02 17:00:00,Empirical_Utility_Substation,120000,1,11500.0,31.84,57.9,35.1,12.49,0,0,8105.69
2024-09-02 18:00:00,Empirical_Utility_Substation,120000,1,11500.0,31.38,67.1,0.0,13.06,0,0,8626.33
2024-09-02 19:00:00,Empirical_Utility_Substation,120000,1,11500.0,29.53,74.4,0.0,14.04,0,0,8727.55
2024-09-02 20:00:00,Empirical_Utility_Substation,120000,1,11500.0,29.17,67.7,0.0,11.24,0,0,8899.74
2024-09-02 21:00:00,Empirical_Utility_Substation,120000,1,11500.0,28.43,63.7,0.0,11.31,0,0,8494.96
2024-09-02 22:00:00,Empirical_Utility_Substation,120000,1,11500.0,26.57,60.9,0.0,13.47,0,0,7880.11
2024-09-02 23:00:00,Empirical_Utility_Substation,120000,1,11500.0,23.55,65.1,0.0,14.42,0,0,7355.24
2024-09-03 00:00:00,Empirical_Utility_Substation,120000,1,11500.0,24.3,70.9,0.0,13.7,0,0,6945.55
2024-09-03 01:00:00,Empirical_Utility_Substation,120000,1,11500.0,21.85,58.4,0.0,15.84,0,0,6752.47
2024-09-03 02:00:00,Empirical_Utility_Substation,120000,1,11500.0,22.75,72.0,0.0,14.47,0,0,6721.65
2024-09-03 03:00:00,Empirical_Utility_Substation,120000,1,11500.0,21.55,78.1,0.0,14.83,0,0,6547.28
2024-09-03 04:00:00,Empirical_Utility_Substation,120000,1,11500.0,21.84,72.8,0.0,12.4,0,0,6338.56
2024-09-03 05:00:00,Empirical_Utility_Substation,120000,1,11500.0,22.67,62.1,0.0,10.66,0,0,6375.9
2024-09-03 06:00:00,Empirical_Utility_Substation,120000,1,11500.0,22.62,67.3,0.0,11.57,0,0,6478.67
2024-09-03 07:00:00,Empirical_Utility_Substation,120000,1,11500.0,22.69,70.5,69.1,13.31,0,0,6575.39
2024-09-03 08:00:00,Empirical_Utility_Substation,120000,1,11500.0,24.32,71.8,139.8,11.78,0,0,6958.58
2024-09-03 09:00:00,Empirical_Utility_Substation,120000,1,11500.0,25.82,66.8,314.3,14.68,0,0,7487.71
2024-09-03 10:00:00,Empirical_Utility_Substation,120000,1,11500.0,26.69,74.6,257.9,9.83,0,0,7820.94
2024-09-03 11:00:00,Empirical_Utility_Substation,120000,1,11500.0,27.9,63.1,160.0,12.51,0,0,8258.42
2024-09-03 12:00:00,Empirical_Utility_Substation,120000,1,11500.0,27.96,55.9,204.5,9.59,0,0,8012.16
2024-09-03 13:00:00,Empirical_Utility_Substation,120000,1,11500.0,28.34,59.1,450.8,11.58,0,0,7883.55
2024-09-03 14:00:00,Empirical_Utility_Substation,120000,1,11500.0,27.89,68.0,224.8,10.81,0,0,7510.53
2024-09-03 15:00:00,Empirical_Utility_Substation,120000,1,11500.0,28.5,71.9,199.6,13.47,0,0,7200.63
2024-09-03 16:00:00,Empirical_Utility_Substation,120000,1,11500.0,27.43,68.8,268.1,9.16,0,0,7012.66
2024-09-03 17:00:00,Empirical_Utility_Substation,120000,1,11500.0,26.94,58.7,98.4,16.17,0,0,7255.84
2024-09-03 18:00:00,Empirical_Utility_Substation,120000,1,11500.0,27.62,68.4,0.0,14.49,0,0,7849.88
2024-09-03 19:00:00,Empirical_Utility_Substation,120000,1,11500.0,27.5,72.0,0.0,10.66,0,0,8205.05
2024-09-03 20:00:00,Empirical_Utility_Substation,120000,1,11500.0,26.43,74.1,0.0,11.65,0,0,8204.09
2024-09-03 21:00:00,Empirical_Utility_Substation,120000,1,11500.0,26.0,63.8,0.0,12.54,0,0,8262.73
2024-09-03 22:00:00,Empirical_Utility_Substation,120000,1,11500.0,23.21,57.3,0.0,11.64,0,0,7854.8
2024-09-03 23:00:00,Empirical_Utility_Substation,120000,1,11500.0,20.61,69.6,0.0,10.91,0,0,7406.32
2024-09-04 00:00:00,Empirical_Utility_Substation,120000,1,11500.0,18.25,75.4,0.0,10.06,0,0,7010.05
2024-09-04 01:00:00,Empirical_Utility_Substation,120000,1,11500.0,17.75,75.2,0.0,9.28,0,0,7035.75
2024-09-04 02:00:00,Empirical_Utility_Substation,120000,1,11500.0,16.82,78.9,0.0,10.83,0,0,6922.32
2024-09-04 03:00:00,Empirical_Utility_Substation,120000,1,11500.0,15.26,81.6,0.0,12.99,0,0,6656.36
2024-09-04 04:00:00,Empirical_Utility_Substation,120000,1,11500.0,16.61,71.4,0.0,15.07,0,0,6708.0
2024-09-04 05:00:00,Empirical_Utility_Substation,120000,1,11500.0,18.09,71.8,0.0,14.37,0,0,6781.21
2024-09-04 06:00:00,Empirical_Utility_Substation,120000,1,11500.0,19.07,76.3,0.0,10.25,0,0,6911.88
2024-09-04 07:00:00,Empirical_Utility_Substation,120000,1,11500.0,21.9,68.4,105.3,13.55,0,0,7151.54
2024-09-04 08:00:00,Empirical_Utility_Substation,120000,1,11500.0,23.76,57.4,135.2,17.27,0,0,7382.24
2024-09-04 09:00:00,Empirical_Utility_Substation,120000,1,11500.0,24.93,67.6,264.6,10.52,0,0,7740.23
2024-09-04 10:00:00,Empirical_Utility_Substation,120000,1,11500.0,24.96,76.6,174.7,16.23,0,0,7953.25
2024-09-04 11:00:00,Empirical_Utility_Substation,120000,1,11500.0,26.6,66.0,469.3,11.19,0,0,8392.95
2024-09-04 12:00:00,Empirical_Utility_Substation,120000,1,11500.0,27.92,72.0,441.8,11.19,0,0,8455.03
2024-09-04 13:00:00,Empirical_Utility_Substation,120000,1,11500.0,27.44,66.0,321.9,12.75,0,0,8099.11
2024-09-04 14:00:00,Empirical_Utility_Substation,120000,1,11500.0,28.74,72.5,436.4,10.99,0,0,8232.4
2024-09-04 15:00:00,Empirical_Utility_Substation,120000,1,11500.0,28.48,63.5,329.8,12.09,0,0,7902.62
2024-09-04 16:00:00,Empirical_Utility_Substation,120000,1,11500.0,28.15,61.8,75.9,13.11,0,0,7928.87
2024-09-04 17:00:00,Empirical_Utility_Substation,120000,1,11500.0,27.39,71.4,118.5,11.41,0,0,7810.05
2024-09-04 18:00:00,Empirical_Utility_Substation,120000,1,11500.0,26.31,66.0,0.0,10.87,0,0,7911.17
2024-09-04 19:00:00,Empirical_Utility_Substation,120000,1,11500.0,25.63,71.8,0.0,12.12,0,0,8438.12
2024-09-04 20:00:00,Empirical_Utility_Substation,120000,1,11500.0,24.58,61.8,0.0,12.69,0,0,8303.12
2024-09-04 21:00:00,Empirical_Utility_Substation,120000,1,11500.0,24.27,69.6,0.0,12.53,0,0,8076.13
2024-09-04 22:00:00,Empirical_Utility_Substation,120000,1,11500.0,22.14,63.7,0.0,16.83,0,0,7723.1
2024-09-04 23:00:00,Empirical_Utility_Substation,120000,1,11500.0,21.1,65.8,0.0,9.91,0,0,6996.92
2024-09-05 00:00:00,Empirical_Utility_Substation,120000,1,11500.0,19.88,65.8,0.0,14.15,0,0,6435.78
2024-09-05 01:00:00,Empirical_Utility_Substation,120000,1,11500.0,18.1,78.4,0.0,12.79,0,0,6312.56
2024-09-05 02:00:00,Empirical_Utility_Substation,120000,1,11500.0,17.58,77.2,0.0,12.81,0,0,6437.18
2024-09-05 03:00:00,Empirical_Utility_Substation,120000,1,11500.0,16.69,81.5,0.0,13.35,0,0,6601.54
2024-09-05 04:00:00,Empirical_Utility_Substation,120000,1,11500.0,16.52,72.5,0.0,11.04,0,0,6564.65
2024-09-05 05:00:00,Empirical_Utility_Substation,120000,1,11500.0,17.75,66.5,0.0,10.48,0,0,6698.61
2024-09-05 06:00:00,Empirical_Utility_Substation,120000,1,11500.0,18.93,70.9,0.0,12.44,0,0,6869.49
2024-09-05 07:00:00,Empirical_Utility_Substation,120000,1,11500.0,21.6,69.0,87.2,12.9,0,0,6871.14
2024-09-05 08:00:00,Empirical_Utility_Substation,120000,1,11500.0,22.55,65.8,271.6,8.6,0,0,7132.11
2024-09-05 09:00:00,Empirical_Utility_Substation,120000,1,11500.0,24.31,69.9,177.1,13.27,0,0,7346.71
2024-09-05 10:00:00,Empirical_Utility_Substation,120000,1,11500.0,25.6,75.2,332.3,9.87,0,0,7775.31
2024-09-05 11:00:00,Empirical_Utility_Substation,120000,1,11500.0,26.45,72.5,164.6,12.1,0,0,8087.38
2024-09-05 12:00:00,Empirical_Utility_Substation,120000,1,11500.0,26.79,61.3,199.3,13.03,0,0,8006.58
2024-09-05 13:00:00,Empirical_Utility_Substation,120000,1,11500.0,28.91,60.7,498.5,11.88,0,0,8162.32
2024-09-05 14:00:00,Empirical_Utility_Substation,120000,1,11500.0,28.18,78.0,114.3,9.23,0,0,7822.66
2024-09-05 15:00:00,Empirical_Utility_Substation,120000,1,11500.0,30.41,61.3,307.5,10.9,0,0,8034.68
2024-09-05 16:00:00,Empirical_Utility_Substation,120000,1,11500.0,30.27,63.1,178.5,10.47,0,0,8030.2
2024-09-05 17:00:00,Empirical_Utility_Substation,120000,1,11500.0,27.68,65.6,84.4,12.0,0,0,7841.03
2024-09-05 18:00:00,Empirical_Utility_Substation,120000,1,11500.0,27.12,71.6,0.0,10.24,0,0,8239.71
2024-09-05 19:00:00,Empirical_Utility_Substation,120000,1,11500.0,26.87,65.0,0.0,9.17,0,0,8616.33
2024-09-05 20:00:00,Empirical_Utility_Substation,120000,1,11500.0,25.47,63.8,0.0,12.73,0,0,8653.5
2024-09-05 21:00:00,Empirical_Utility_Substation,120000,1,11500.0,27.2,65.5,0.0,11.6,0,0,8588.4
2024-09-05 22:00:00,Empirical_Utility_Substation,120000,1,11500.0,25.66,66.4,0.0,11.21,0,0,7906.53
2024-09-05 23:00:00,Empirical_Utility_Substation,120000,1,11500.0,23.5,63.2,0.0,12.9,0,0,7241.37
2024-09-06 00:00:00,Empirical_Utility_Substation,120000,1,11500.0,20.6,82.0,0.0,13.71,0,0,6526.65
2024-09-06 01:00:00,Empirical_Utility_Substation,120000,1,11500.0,19.14,66.2,0.0,10.82,0,0,6602.21
2024-09-06 02:00:00,Empirical_Utility_Substation,120000,1,11500.0,19.28,73.7,0.0,14.24,0,0,6614.93
2024-09-06 03:00:00,Empirical_Utility_Substation,120000,1,11500.0,18.76,83.5,0.0,12.33,0,0,6570.81
2024-09-06 04:00:00,Empirical_Utility_Substation,120000,1,11500.0,18.02,68.3,0.0,10.61,0,0,6467.09
2024-09-06 05:00:00,Empirical_Utility_Substation,120000,1,11500.0,18.34,73.4,0.0,13.92,0,0,6445.3
2024-09-06 06:00:00,Empirical_Utility_Substation,120000,1,11500.0,19.04,79.8,0.0,18.85,0,0,6689.19
2024-09-06 07:00:00,Empirical_Utility_Substation,120000,1,11500.0,19.84,74.0,106.4,11.95,0,0,7023.54
2024-09-06 08:00:00,Empirical_Utility_Substation,120000,1,11500.0,23.6,58.4,221.4,11.77,0,0,7395.55
2024-09-06 09:00:00,Empirical_Utility_Substation,120000,1,11500.0,25.21,71.1,336.4,10.08,0,0,7919.53
2024-09-06 10:00:00,Empirical_Utility_Substation,120000,1,11500.0,28.53,77.6,334.1,10.45,0,0,8301.39
2024-09-06 11:00:00,Empirical_Utility_Substation,120000,1,11500.0,28.11,65.5,459.6,11.05,0,0,8405.09
2024-09-06 12:00:00,Empirical_Utility_Substation,120000,1,11500.0,29.05,69.8,447.4,10.53,0,0,8391.52
2024-09-06 13:00:00,Empirical_Utility_Substation,120000,1,11500.0,30.3,50.6,266.7,16.91,0,0,8465.74
2024-09-06 14:00:00,Empirical_Utility_Substation,120000,1,11500.0,30.92,70.3,114.3,12.71,0,0,8206.17
2024-09-06 15:00:00,Empirical_Utility_Substation,120000,1,11500.0,30.62,49.4,232.1,10.97,0,0,7943.09
2024-09-06 16:00:00,Empirical_Utility_Substation,120000,1,11500.0,29.56,60.9,240.8,14.75,0,0,7874.87
2024-09-06 17:00:00,Empirical_Utility_Substation,120000,1,11500.0,29.4,58.8,78.3,16.01,0,0,7961.79
2024-09-06 18:00:00,Empirical_Utility_Substation,120000,1,11500.0,28.82,61.8,0.0,12.6,0,0,8351.21
2024-09-06 19:00:00,Empirical_Utility_Substation,120000,1,11500.0,29.06,59.9,0.0,12.64,0,0,8932.37
2024-09-06 20:00:00,Empirical_Utility_Substation,120000,1,11500.0,28.41,65.2,0.0,12.45,0,0,8836.11
2024-09-06 21:00:00,Empirical_Utility_Substation,120000,1,11500.0,26.73,68.4,0.0,15.1,0,0,8238.96
2024-09-06 22:00:00,Empirical_Utility_Substation,120000,1,11500.0,25.56,75.4,0.0,15.9,0,0,7516.34
2024-09-06 23:00:00,Empirical_Utility_Substation,120000,1,11500.0,23.81,71.0,0.0,9.31,0,0,6949.78
2024-09-07 00:00:00,Empirical_Utility_Substation,120000,1,11500.0,22.37,65.7,0.0,11.98,1,0,5494.92
2024-09-07 01:00:00,Empirical_Utility_Substation,120000,1,11500.0,23.61,71.9,0.0,9.59,1,0,5413.12
2024-09-07 02:00:00,Empirical_Utility_Substation,120000,1,11500.0,21.69,68.8,0.0,12.72,1,0,5426.49
2024-09-07 03:00:00,Empirical_Utility_Substation,120000,1,11500.0,20.05,62.5,0.0,9.85,1,0,5402.94
2024-09-07 04:00:00,Empirical_Utility_Substation,120000,1,11500.0,21.57,71.1,0.0,9.74,1,0,5403.33
2024-09-07 05:00:00,Empirical_Utility_Substation,120000,1,11500.0,21.6,80.4,0.0,12.55,1,0,5540.59
2024-09-07 06:00:00,Empirical_Utility_Substation,120000,1,11500.0,21.67,73.9,0.0,11.65,1,0,5801.76
2024-09-07 07:00:00,Empirical_Utility_Substation,120000,1,11500.0,23.36,71.2,79.5,16.3,1,0,5766.15
2024-09-07 08:00:00,Empirical_Utility_Substation,120000,1,11500.0,23.99,61.0,236.1,12.84,1,0,6004.33
2024-09-07 09:00:00,Empirical_Utility_Substation,120000,1,11500.0,24.45,70.0,314.3,11.23,1,0,6143.02
2024-09-07 10:00:00,Empirical_Utility_Substation,120000,1,11500.0,26.06,60.2,335.1,10.92,1,0,6578.43
2024-09-07 11:00:00,Empirical_Utility_Substation,120000,1,11500.0,28.72,60.5,403.3,12.97,1,0,7035.07
2024-09-07 12:00:00,Empirical_Utility_Substation,120000,1,11500.0,30.59,61.2,332.4,14.41,1,0,7457.01
2024-09-07 13:00:00,Empirical_Utility_Substation,120000,1,11500.0,30.94,62.8,127.5,10.62,1,0,7325.39
2024-09-07 14:00:00,Empirical_Utility_Substation,120000,1,11500.0,31.7,59.4,304.6,12.73,1,0,7105.54
2024-09-07 15:00:00,Empirical_Utility_Substation,120000,1,11500.0,31.81,63.5,341.5,13.18,1,0,7110.25
2024-09-07 16:00:00,Empirical_Utility_Substation,120000,1,11500.0,30.39,81.7,116.7,10.58,1,0,6726.54
2024-09-07 17:00:00,Empirical_Utility_Substation,120000,1,11500.0,29.17,60.6,113.9,12.19,1,0,6819.81
2024-09-07 18:00:00,Empirical_Utility_Substation,120000,1,11500.0,28.99,54.7,0.0,13.0,1,0,7402.64
2024-09-07 19:00:00,Empirical_Utility_Substation,120000,1,11500.0,29.23,59.8,0.0,9.81,1,0,7644.75
2024-09-07 20:00:00,Empirical_Utility_Substation,120000,1,11500.0,28.97,53.4,0.0,13.95,1,0,7853.0
2024-09-07 21:00:00,Empirical_Utility_Substation,120000,1,11500.0,27.8,70.0,0.0,10.74,1,0,7513.17
2024-09-07 22:00:00,Empirical_Utility_Substation,120000,1,11500.0,26.52,64.2,0.0,12.09,1,0,6605.69
2024-09-07 23:00:00,Empirical_Utility_Substation,120000,1,11500.0,24.04,70.6,0.0,13.32,1,0,5992.52
2024-09-08 00:00:00,Empirical_Utility_Substation,120000,1,11500.0,23.41,68.7,0.0,10.47,1,0,5314.73
2024-09-08 01:00:00,Empirical_Utility_Substation,120000,1,11500.0,22.57,70.1,0.0,13.21,1,0,5337.05
2024-09-08 02:00:00,Empirical_Utility_Substation,120000,1,11500.0,21.4,66.7,0.0,15.14,1,0,5354.82
2024-09-08 03:00:00,Empirical_Utility_Substation,120000,1,11500.0,20.48,68.5,0.0,13.89,1,0,5160.31
2024-09-08 04:00:00,Empirical_Utility_Substation,120000,1,11500.0,19.94,66.7,0.0,12.48,1,0,5277.89
2024-09-08 05:00:00,Empirical_Utility_Substation,120000,1,11500.0,20.15,70.6,0.0,13.11,1,0,5418.77
2024-09-08 06:00:00,Empirical_Utility_Substation,120000,1,11500.0,21.68,60.6,0.0,11.62,1,0,5505.34
2024-09-08 07:00:00,Empirical_Utility_Substation,120000,1,11500.0,24.0,70.2,91.3,10.89,1,0,5945.89
2024-09-08 08:00:00,Empirical_Utility_Substation,120000,1,11500.0,25.19,67.3,121.8,10.61,1,0,6197.59
2024-09-08 09:00:00,Empirical_Utility_Substation,120000,1,11500.0,26.21,70.0,93.3,10.99,1,0,6604.05
2024-09-08 10:00:00,Empirical_Utility_Substation,120000,1,11500.0,28.57,70.7,231.5,11.71,1,0,7073.5
2024-09-08 11:00:00,Empirical_Utility_Substation,120000,1,11500.0,30.14,64.5,507.0,11.38,1,0,7361.79
2024-09-08 12:00:00,Empirical_Utility_Substation,120000,1,11500.0,29.68,63.5,509.2,12.18,1,0,7184.11
2024-09-08 13:00:00,Empirical_Utility_Substation,120000,1,11500.0,30.48,74.1,127.5,13.39,1,0,7264.85
2024-09-08 14:00:00,Empirical_Utility_Substation,120000,1,11500.0,33.03,60.3,251.2,9.36,1,0,7300.98
2024-09-08 15:00:00,Empirical_Utility_Substation,120000,1,11500.0,32.67,59.9,357.8,9.76,1,0,7108.34
2024-09-08 16:00:00,Empirical_Utility_Substation,120000,1,11500.0,31.54,70.1,66.0,14.34,1,0,6815.31
2024-09-08 17:00:00,Empirical_Utility_Substation,120000,1,11500.0,31.44,60.2,134.2,9.95,1,0,7188.0
2024-09-08 18:00:00,Empirical_Utility_Substation,120000,1,11500.0,30.99,65.5,0.0,9.16,1,0,7543.45
2024-09-08 19:00:00,Empirical_Utility_Substation,120000,1,11500.0,27.82,64.2,0.0,8.99,1,0,7520.4
2024-09-08 20:00:00,Empirical_Utility_Substation,120000,1,11500.0,25.79,64.7,0.0,11.7,1,0,7501.78
2024-09-08 21:00:00,Empirical_Utility_Substation,120000,1,11500.0,22.79,67.4,0.0,9.55,1,0,7098.62
2024-09-08 22:00:00,Empirical_Utility_Substation,120000,1,11500.0,22.41,79.1,0.0,12.4,1,0,6779.04
2024-09-08 23:00:00,Empirical_Utility_Substation,120000,1,11500.0,19.67,83.9,0.0,11.51,1,0,6442.73
2024-09-09 00:00:00,Empirical_Utility_Substation,120000,1,11500.0,17.89,65.9,0.0,16.65,0,0,6830.53
2024-09-09 01:00:00,Empirical_Utility_Substation,120000,1,11500.0,17.84,65.2,0.0,9.45,0,0,6755.45
2024-09-09 02:00:00,Empirical_Utility_Substation,120000,1,11500.0,17.24,83.9,0.0,11.36,0,0,6836.63
2024-09-09 03:00:00,Empirical_Utility_Substation,120000,1,11500.0,17.61,67.7,0.0,13.66,0,0,6830.97
2024-09-09 04:00:00,Empirical_Utility_Substation,120000,1,11500.0,17.84,80.8,0.0,9.42,0,0,6890.61
2024-09-09 05:00:00,Empirical_Utility_Substation,120000,1,11500.0,18.26,68.1,0.0,11.39,0,0,6836.37
2024-09-09 06:00:00,Empirical_Utility_Substation,120000,1,11500.0,18.19,65.2,0.0,10.01,0,0,7007.1
2024-09-09 07:00:00,Empirical_Utility_Substation,120000,1,11500.0,19.16,72.6,74.2,14.13,0,0,7292.76
2024-09-09 08:00:00,Empirical_Utility_Substation,120000,1,11500.0,20.67,73.2,222.4,13.5,0,0,7672.0
2024-09-09 09:00:00,Empirical_Utility_Substation,120000,1,11500.0,23.0,70.8,344.4,14.16,0,0,7962.35
2024-09-09 10:00:00,Empirical_Utility_Substation,120000,1,11500.0,22.72,73.8,301.8,10.82,0,0,8252.53
2024-09-09 11:00:00,Empirical_Utility_Substation,120000,1,11500.0,25.5,71.9,304.8,13.98,0,0,8340.62
2024-09-09 12:00:00,Empirical_Utility_Substation,120000,1,11500.0,27.32,66.5,557.9,9.5,0,0,8402.02
2024-09-09 13:00:00,Empirical_Utility_Substation,120000,1,11500.0,27.37,62.7,423.2,11.16,0,0,8309.55
2024-09-09 14:00:00,Empirical_Utility_Substation,120000,1,11500.0,29.46,67.5,121.0,12.65,0,0,8520.77
2024-09-09 15:00:00,Empirical_Utility_Substation,120000,1,11500.0,29.55,63.6,347.8,12.42,0,0,8306.62
2024-09-09 16:00:00,Empirical_Utility_Substation,120000,1,11500.0,28.18,65.3,177.3,12.67,0,0,7959.99
2024-09-09 17:00:00,Empirical_Utility_Substation,120000,1,11500.0,26.71,60.0,122.1,13.23,0,0,7831.8
2024-09-09 18:00:00,Empirical_Utility_Substation,120000,1,11500.0,26.44,58.5,0.0,14.53,0,0,8108.88
2024-09-09 19:00:00,Empirical_Utility_Substation,120000,1,11500.0,25.46,72.8,0.0,12.0,0,0,8257.43
2024-09-09 20:00:00,Empirical_Utility_Substation,120000,1,11500.0,24.3,58.2,0.0,11.48,0,0,8391.54
2024-09-09 21:00:00,Empirical_Utility_Substation,120000,1,11500.0,21.96,73.9,0.0,10.88,0,0,8078.31
2024-09-09 22:00:00,Empirical_Utility_Substation,120000,1,11500.0,19.82,73.7,0.0,10.45,0,0,7598.79
2024-09-09 23:00:00,Empirical_Utility_Substation,120000,1,11500.0,18.34,69.2,0.0,11.91,0,0,7015.32
2024-09-10 00:00:00,Empirical_Utility_Substation,120000,1,11500.0,17.02,72.3,0.0,9.04,0,0,6525.98
2024-09-10 01:00:00,Empirical_Utility_Substation,120000,1,11500.0,17.33,62.0,0.0,13.54,0,0,6628.29
2024-09-10 02:00:00,Empirical_Utility_Substation,120000,1,11500.0,17.14,75.7,0.0,9.54,0,0,6577.28
2024-09-10 03:00:00,Empirical_Utility_Substation,120000,1,11500.0,17.54,71.3,0.0,10.79,0,0,6553.09
2024-09-10 04:00:00,Empirical_Utility_Substation,120000,1,11500.0,16.36,85.6,0.0,14.66,0,0,6800.32
2024-09-10 05:00:00,Empirical_Utility_Substation,120000,1,11500.0,17.14,71.2,0.0,9.48,0,0,6600.36
2024-09-10 06:00:00,Empirical_Utility_Substation,120000,1,11500.0,18.07,65.5,0.0,11.27,0,0,6596.87
2024-09-10 07:00:00,Empirical_Utility_Substation,120000,1,11500.0,20.63,64.3,93.4,10.64,0,0,6715.45
2024-09-10 08:00:00,Empirical_Utility_Substation,120000,1,11500.0,21.25,61.5,195.9,11.43,0,0,7095.37
2024-09-10 09:00:00,Empirical_Utility_Substation,120000,1,11500.0,22.89,64.3,115.2,13.8,0,0,7315.25
2024-09-10 10:00:00,Empirical_Utility_Substation,120000,1,11500.0,24.44,68.7,273.7,14.79,0,0,7660.25
2024-09-10 11:00:00,Empirical_Utility_Substation,120000,1,11500.0,26.76,58.9,512.3,12.12,0,0,7983.42
2024-09-10 12:00:00,Empirical_Utility_Substation,120000,1,11500.0,29.43,56.5,575.9,12.3,0,0,8345.74
2024-09-10 13:00:00,Empirical_Utility_Substation,120000,1,11500.0,30.28,63.6,429.0,11.53,0,0,8121.12
2024-09-10 14:00:00,Empirical_Utility_Substation,120000,1,11500.0,30.97,61.8,444.1,11.62,0,0,8057.95
2024-09-10 15:00:00,Empirical_Utility_Substation,120000,1,11500.0,30.58,61.4,409.8,10.77,0,0,7819.4
2024-09-10 16:00:00,Empirical_Utility_Substation,120000,1,11500.0,28.49,65.8,132.0,8.47,0,0,7514.33
2024-09-10 17:00:00,Empirical_Utility_Substation,120000,1,11500.0,27.44,62.2,34.2,13.4,0,0,7650.6
2024-09-10 18:00:00,Empirical_Utility_Substation,120000,1,11500.0,26.55,63.8,0.0,9.6,0,0,8030.72
2024-09-10 19:00:00,Empirical_Utility_Substation,120000,1,11500.0,25.95,55.6,0.0,9.97,0,0,8453.72
2024-09-10 20:00:00,Empirical_Utility_Substation,120000,1,11500.0,22.78,69.5,0.0,10.21,0,0,8373.8
2024-09-10 21:00:00,Empirical_Utility_Substation,120000,1,11500.0,21.37,73.5,0.0,11.15,0,0,8231.69
2024-09-10 22:00:00,Empirical_Utility_Substation,120000,1,11500.0,21.0,81.7,0.0,10.16,0,0,7522.72
2024-09-10 23:00:00,Empirical_Utility_Substation,120000,1,11500.0,19.76,58.2,0.0,9.51,0,0,7091.93
2024-09-11 00:00:00,Empirical_Utility_Substation,120000,1,11500.0,17.97,85.3,0.0,11.25,0,0,6546.33
2024-09-11 01:00:00,Empirical_Utility_Substation,120000,1,11500.0,18.13,66.2,0.0,12.48,0,0,6589.82
2024-09-11 02:00:00,Empirical_Utility_Substation,120000,1,11500.0,18.27,65.7,0.0,14.11,0,0,6702.47
2024-09-11 03:00:00,Empirical_Utility_Substation,120000,1,11500.0,16.8,78.7,0.0,12.23,0,0,6832.4
2024-09-11 04:00:00,Empirical_Utility_Substation,120000,1,11500.0,15.43,78.2,0.0,11.33,0,0,6831.42
2024-09-11 05:00:00,Empirical_Utility_Substation,120000,1,11500.0,16.01,62.2,0.0,11.8,0,0,6810.73
2024-09-11 06:00:00,Empirical_Utility_Substation,120000,1,11500.0,17.85,80.3,0.0,13.49,0,0,6960.4
2024-09-11 07:00:00,Empirical_Utility_Substation,120000,1,11500.0,18.42,75.1,53.3,10.27,0,0,7318.88
2024-09-11 08:00:00,Empirical_Utility_Substation,120000,1,11500.0,20.52,55.7,215.7,11.37,0,0,7520.5
2024-09-11 09:00:00,Empirical_Utility_Substation,120000,1,11500.0,22.52,73.1,229.3,10.75,0,0,7916.09
2024-09-11 10:00:00,Empirical_Utility_Substation,120000,1,11500.0,22.75,62.3,300.1,10.85,0,0,7956.5
2024-09-11 11:00:00,Empirical_Utility_Substation,120000,1,11500.0,24.31,76.2,259.8,11.28,0,0,7992.36
2024-09-11 12:00:00,Empirical_Utility_Substation,120000,1,11500.0,24.53,76.2,382.9,12.23,0,0,7759.69
2024-09-11 13:00:00,Empirical_Utility_Substation,120000,1,11500.0,25.15,69.1,267.0,13.07,0,0,7592.46
2024-09-11 14:00:00,Empirical_Utility_Substation,120000,1,11500.0,26.59,60.3,367.9,8.94,0,0,7255.55
2024-09-11 15:00:00,Empirical_Utility_Substation,120000,1,11500.0,29.56,59.5,285.5,14.31,0,0,7393.15
2024-09-11 16:00:00,Empirical_Utility_Substation,120000,1,11500.0,29.72,58.0,66.0,8.92,0,0,7447.54
2024-09-11 17:00:00,Empirical_Utility_Substation,120000,1,11500.0,26.51,66.1,114.9,10.46,0,0,7297.94
2024-09-11 18:00:00,Empirical_Utility_Substation,120000,1,11500.0,26.0,71.2,0.0,11.2,0,0,7723.77
2024-09-11 19:00:00,Empirical_Utility_Substation,120000,1,11500.0,25.25,64.4,0.0,11.81,0,0,8077.25
2024-09-11 20:00:00,Empirical_Utility_Substation,120000,1,11500.0,24.17,62.4,0.0,15.01,0,0,8232.51
2024-09-11 21:00:00,Empirical_Utility_Substation,120000,1,11500.0,21.98,64.9,0.0,13.03,0,0,8140.17
2024-09-11 22:00:00,Empirical_Utility_Substation,120000,1,11500.0,21.09,67.4,0.0,11.35,0,0,7652.89
2024-09-11 23:00:00,Empirical_Utility_Substation,120000,1,11500.0,18.82,68.0,0.0,10.71,0,0,7305.18
2024-09-12 00:00:00,Empirical_Utility_Substation,120000,1,11500.0,16.07,77.0,0.0,12.39,0,0,6544.36
2024-09-12 01:00:00,Empirical_Utility_Substation,120000,1,11500.0,14.82,76.6,0.0,11.17,0,0,6431.97
2024-09-12 02:00:00,Empirical_Utility_Substation,120000,1,11500.0,14.44,71.2,0.0,11.57,0,0,6495.36
2024-09-12 03:00:00,Empirical_Utility_Substation,120000,1,11500.0,14.36,74.0,0.0,9.88,0,0,6240.15
2024-09-12 04:00:00,Empirical_Utility_Substation,120000,1,11500.0,16.08,85.6,0.0,11.58,0,0,6256.29
2024-09-12 05:00:00,Empirical_Utility_Substation,120000,1,11500.0,17.7,68.2,0.0,10.76,0,0,6211.48
2024-09-12 06:00:00,Empirical_Utility_Substation,120000,1,11500.0,18.04,78.2,0.0,11.54,0,0,6425.87
2024-09-12 07:00:00,Empirical_Utility_Substation,120000,1,11500.0,19.92,70.7,106.1,9.27,0,0,6736.89
2024-09-12 08:00:00,Empirical_Utility_Substation,120000,1,11500.0,20.66,64.3,83.5,12.53,0,0,7166.77
2024-09-12 09:00:00,Empirical_Utility_Substation,120000,1,11500.0,23.34,67.2,374.4,13.14,0,0,7569.09
2024-09-12 10:00:00,Empirical_Utility_Substation,120000,1,11500.0,23.94,69.1,408.2,8.83,0,0,7855.64
2024-09-12 11:00:00,Empirical_Utility_Substation,120000,1,11500.0,27.14,56.7,127.5,13.38,0,0,8266.51
2024-09-12 12:00:00,Empirical_Utility_Substation,120000,1,11500.0,29.08,61.5,132.0,9.68,0,0,8402.41
2024-09-12 13:00:00,Empirical_Utility_Substation,120000,1,11500.0,30.1,50.0,152.6,11.26,0,0,8297.83
2024-09-12 14:00:00,Empirical_Utility_Substation,120000,1,11500.0,30.31,63.5,314.5,9.49,0,0,8189.18
2024-09-12 15:00:00,Empirical_Utility_Substation,120000,1,11500.0,30.17,57.9,218.5,10.86,0,0,8105.36
2024-09-12 16:00:00,Empirical_Utility_Substation,120000,1,11500.0,29.75,56.2,280.2,9.46,0,0,8032.93
2024-09-12 17:00:00,Empirical_Utility_Substation,120000,1,11500.0,29.5,56.3,132.3,8.41,0,0,7902.8
2024-09-12 18:00:00,Empirical_Utility_Substation,120000,1,11500.0,28.1,67.3,0.0,12.5,0,0,7979.1
2024-09-12 19:00:00,Empirical_Utility_Substation,120000,1,11500.0,26.21,63.3,0.0,10.33,0,0,8266.96
2024-09-12 20:00:00,Empirical_Utility_Substation,120000,1,11500.0,26.1,71.1,0.0,10.55,0,0,8335.9
2024-09-12 21:00:00,Empirical_Utility_Substation,120000,1,11500.0,24.48,57.7,0.0,12.45,0,0,8098.5
2024-09-12 22:00:00,Empirical_Utility_Substation,120000,1,11500.0,21.14,73.8,0.0,9.35,0,0,7525.26
2024-09-12 23:00:00,Empirical_Utility_Substation,120000,1,11500.0,18.43,65.0,0.0,11.13,0,0,7232.06
2024-09-13 00:00:00,Empirical_Utility_Substation,120000,1,11500.0,18.0,73.2,0.0,9.82,0,0,6749.23
2024-09-13 01:00:00,Empirical_Utility_Substation,120000,1,11500.0,16.91,76.9,0.0,10.32,0,0,6908.45
2024-09-13 02:00:00,Empirical_Utility_Substation,120000,1,11500.0,16.84,82.3,0.0,11.87,0,0,6801.19
2024-09-13 03:00:00,Empirical_Utility_Substation,120000,1,11500.0,16.72,72.9,0.0,12.86,0,0,6580.71
2024-09-13 04:00:00,Empirical_Utility_Substation,120000,1,11500.0,17.8,81.9,0.0,11.76,0,0,6500.21
2024-09-13 05:00:00,Empirical_Utility_Substation,120000,1,11500.0,18.4,68.1,0.0,10.6,0,0,6588.39
2024-09-13 06:00:00,Empirical_Utility_Substation,120000,1,11500.0,19.88,78.6,0.0,11.23,0,0,6692.99
2024-09-13 07:00:00,Empirical_Utility_Substation,120000,1,11500.0,19.59,78.4,106.8,9.21,0,0,6877.3
2024-09-13 08:00:00,Empirical_Utility_Substation,120000,1,11500.0,21.0,73.4,66.0,11.37,0,0,7050.52
2024-09-13 09:00:00,Empirical_Utility_Substation,120000,1,11500.0,21.84,66.7,380.0,11.65,0,0,7152.95
2024-09-13 10:00:00,Empirical_Utility_Substation,120000,1,11500.0,21.99,67.0,346.6,10.48,0,0,7361.07
2024-09-13 11:00:00,Empirical_Utility_Substation,120000,1,11500.0,23.28,66.9,398.7,12.53,0,0,7381.76
2024-09-13 12:00:00,Empirical_Utility_Substation,120000,1,11500.0,25.63,64.5,231.1,10.21,0,0,7471.22
2024-09-13 13:00:00,Empirical_Utility_Substation,120000,1,11500.0,27.44,65.4,187.2,13.52,0,0,7722.4
2024-09-13 14:00:00,Empirical_Utility_Substation,120000,1,11500.0,28.58,59.6,223.8,9.97,0,0,7593.41
2024-09-13 15:00:00,Empirical_Utility_Substation,120000,1,11500.0,28.01,59.9,342.6,8.75,0,0,7124.89
2024-09-13 16:00:00,Empirical_Utility_Substation,120000,1,11500.0,28.04,59.0,139.1,12.14,0,0,7151.18
2024-09-13 17:00:00,Empirical_Utility_Substation,120000,1,11500.0,26.59,63.4,44.0,9.73,0,0,7339.83
2024-09-13 18:00:00,Empirical_Utility_Substation,120000,1,11500.0,25.3,70.9,0.0,10.92,0,0,7720.74
2024-09-13 19:00:00,Empirical_Utility_Substation,120000,1,11500.0,26.1,70.7,0.0,11.5,0,0,8101.83
2024-09-13 20:00:00,Empirical_Utility_Substation,120000,1,11500.0,23.72,60.5,0.0,10.36,0,0,7992.68
2024-09-13 21:00:00,Empirical_Utility_Substation,120000,1,11500.0,22.59,71.2,0.0,11.26,0,0,7866.68
2024-09-13 22:00:00,Empirical_Utility_Substation,120000,1,11500.0,19.49,73.9,0.0,11.65,0,0,7476.79
2024-09-13 23:00:00,Empirical_Utility_Substation,120000,1,11500.0,17.29,67.5,0.0,11.16,0,0,7066.27
2024-09-14 00:00:00,Empirical_Utility_Substation,120000,1,11500.0,15.74,77.5,0.0,10.29,1,0,5660.41
2024-09-14 01:00:00,Empirical_Utility_Substation,120000,1,11500.0,14.78,75.8,0.0,13.48,1,0,5479.54
2024-09-14 02:00:00,Empirical_Utility_Substation,120000,1,11500.0,14.77,73.5,0.0,12.51,1,0,5403.28
2024-09-14 03:00:00,Empirical_Utility_Substation,120000,1,11500.0,13.92,75.5,0.0,11.81,1,0,5558.08
2024-09-14 04:00:00,Empirical_Utility_Substation,120000,1,11500.0,14.79,83.0,0.0,11.62,1,0,5582.54
2024-09-14 05:00:00,Empirical_Utility_Substation,120000,1,11500.0,14.91,75.2,0.0,13.4,1,0,5782.32
2024-09-14 06:00:00,Empirical_Utility_Substation,120000,1,11500.0,16.55,69.0,0.0,9.73,1,0,5718.7
2024-09-14 07:00:00,Empirical_Utility_Substation,120000,1,11500.0,16.24,75.9,43.9,12.34,1,0,5925.1
2024-09-14 08:00:00,Empirical_Utility_Substation,120000,1,11500.0,17.49,68.1,143.2,10.93,1,0,6039.37
2024-09-14 09:00:00,Empirical_Utility_Substation,120000,1,11500.0,19.86,69.5,293.3,8.73,1,0,6185.17
2024-09-14 10:00:00,Empirical_Utility_Substation,120000,1,11500.0,21.39,75.6,243.8,13.78,1,0,6610.94
2024-09-14 11:00:00,Empirical_Utility_Substation,120000,1,11500.0,21.72,63.5,538.6,11.17,1,0,6752.91
2024-09-14 12:00:00,Empirical_Utility_Substation,120000,1,11500.0,24.39,81.3,287.0,13.68,1,0,6838.85
2024-09-14 13:00:00,Empirical_Utility_Substation,120000,1,11500.0,24.95,71.3,385.3,10.41,1,0,6690.46
2024-09-14 14:00:00,Empirical_Utility_Substation,120000,1,11500.0,26.68,62.0,114.3,11.33,1,0,6493.32
2024-09-14 15:00:00,Empirical_Utility_Substation,120000,1,11500.0,28.08,65.1,222.2,9.14,1,0,6468.21
2024-09-14 16:00:00,Empirical_Utility_Substation,120000,1,11500.0,28.34,59.2,186.1,8.93,1,0,6509.31
2024-09-14 17:00:00,Empirical_Utility_Substation,120000,1,11500.0,28.04,60.1,107.4,10.66,1,0,6674.6
2024-09-14 18:00:00,Empirical_Utility_Substation,120000,1,11500.0,26.67,56.4,0.0,15.34,1,0,6896.66
2024-09-14 19:00:00,Empirical_Utility_Substation,120000,1,11500.0,26.17,65.3,0.0,12.75,1,0,7403.83
2024-09-14 20:00:00,Empirical_Utility_Substation,120000,1,11500.0,23.5,60.4,0.0,9.1,1,0,7445.76
2024-09-14 21:00:00,Empirical_Utility_Substation,120000,1,11500.0,21.19,77.2,0.0,10.52,1,0,7213.39
2024-09-14 22:00:00,Empirical_Utility_Substation,120000,1,11500.0,18.75,72.3,0.0,11.38,1,0,6759.24
2024-09-14 23:00:00,Empirical_Utility_Substation,120000,1,11500.0,16.97,71.2,0.0,11.91,1,0,6238.14
2024-09-15 00:00:00,Empirical_Utility_Substation,120000,1,11500.0,17.19,69.7,0.0,13.46,1,0,5866.48
2024-09-15 01:00:00,Empirical_Utility_Substation,120000,1,11500.0,15.11,75.8,0.0,12.06,1,0,5784.02
2024-09-15 02:00:00,Empirical_Utility_Substation,120000,1,11500.0,13.44,79.7,0.0,11.33,1,0,5795.45
2024-09-15 03:00:00,Empirical_Utility_Substation,120000,1,11500.0,14.02,77.8,0.0,10.13,1,0,5810.1
2024-09-15 04:00:00,Empirical_Utility_Substation,120000,1,11500.0,14.53,68.8,0.0,10.58,1,0,5666.23
2024-09-15 05:00:00,Empirical_Utility_Substation,120000,1,11500.0,14.22,75.5,0.0,10.28,1,0,5821.87
2024-09-15 06:00:00,Empirical_Utility_Substation,120000,1,11500.0,14.7,82.0,0.0,14.02,1,0,5689.54
2024-09-15 07:00:00,Empirical_Utility_Substation,120000,1,11500.0,15.76,83.0,34.2,9.17,1,0,5770.52
2024-09-15 08:00:00,Empirical_Utility_Substation,120000,1,11500.0,17.8,69.0,95.7,13.08,1,0,5977.31
2024-09-15 09:00:00,Empirical_Utility_Substation,120000,1,11500.0,19.26,74.5,99.2,9.64,1,0,6174.02
2024-09-15 10:00:00,Empirical_Utility_Substation,120000,1,11500.0,22.18,64.9,383.1,9.27,1,0,6662.02
2024-09-15 11:00:00,Empirical_Utility_Substation,120000,1,11500.0,24.07,79.4,318.6,8.9,1,0,6691.7
2024-09-15 12:00:00,Empirical_Utility_Substation,120000,1,11500.0,25.47,69.3,463.0,12.84,1,0,6665.08
2024-09-15 13:00:00,Empirical_Utility_Substation,120000,1,11500.0,25.75,67.5,415.2,11.55,1,0,6561.48
2024-09-15 14:00:00,Empirical_Utility_Substation,120000,1,11500.0,25.0,68.6,114.3,11.33,1,0,6161.7
2024-09-15 15:00:00,Empirical_Utility_Substation,120000,1,11500.0,24.99,73.4,127.6,13.54,1,0,5740.87
2024-09-15 16:00:00,Empirical_Utility_Substation,120000,1,11500.0,22.79,65.9,237.0,10.11,1,0,5805.44
2024-09-15 17:00:00,Empirical_Utility_Substation,120000,1,11500.0,22.1,78.2,75.0,15.13,1,0,6056.05
2024-09-15 18:00:00,Empirical_Utility_Substation,120000,1,11500.0,23.11,69.3,0.0,11.56,1,0,6636.98
2024-09-15 19:00:00,Empirical_Utility_Substation,120000,1,11500.0,23.22,69.2,0.0,9.24,1,0,7206.94
2024-09-15 20:00:00,Empirical_Utility_Substation,120000,1,11500.0,22.52,71.7,0.0,14.62,1,0,7589.25
2024-09-15 21:00:00,Empirical_Utility_Substation,120000,1,11500.0,21.02,67.4,0.0,10.86,1,0,6987.78
2024-09-15 22:00:00,Empirical_Utility_Substation,120000,1,11500.0,20.66,81.6,0.0,10.19,1,0,6335.13
2024-09-15 23:00:00,Empirical_Utility_Substation,120000,1,11500.0,19.82,84.9,0.0,13.08,1,0,5874.8
2024-09-16 00:00:00,Empirical_Utility_Substation,120000,1,11500.0,17.61,71.8,0.0,13.12,0,0,6311.58
2024-09-16 01:00:00,Empirical_Utility_Substation,120000,1,11500.0,17.56,73.0,0.0,9.88,0,0,6221.27
2024-09-16 02:00:00,Empirical_Utility_Substation,120000,1,11500.0,17.11,79.3,0.0,13.11,0,0,6558.63
2024-09-16 03:00:00,Empirical_Utility_Substation,120000,1,11500.0,16.47,73.2,0.0,10.47,0,0,6327.53
2024-09-16 04:00:00,Empirical_Utility_Substation,120000,1,11500.0,16.54,68.3,0.0,12.94,0,0,6471.67
2024-09-16 05:00:00,Empirical_Utility_Substation,120000,1,11500.0,17.13,73.8,0.0,11.0,0,0,6605.51
2024-09-16 06:00:00,Empirical_Utility_Substation,120000,1,11500.0,17.63,72.3,0.0,11.82,0,0,6668.46
2024-09-16 07:00:00,Empirical_Utility_Substation,120000,1,11500.0,18.55,81.2,117.3,14.49,0,0,6961.89
2024-09-16 08:00:00,Empirical_Utility_Substation,120000,1,11500.0,19.44,76.2,117.7,10.5,0,0,7106.88
2024-09-16 09:00:00,Empirical_Utility_Substation,120000,1,11500.0,20.31,74.1,93.3,10.59,0,0,7353.68
2024-09-16 10:00:00,Empirical_Utility_Substation,120000,1,11500.0,22.28,63.6,442.0,12.09,0,0,7735.15
2024-09-16 11:00:00,Empirical_Utility_Substation,120000,1,11500.0,23.99,75.9,450.8,12.21,0,0,7620.17
2024-09-16 12:00:00,Empirical_Utility_Substation,120000,1,11500.0,25.73,85.1,132.0,12.63,0,0,7765.93
2024-09-16 13:00:00,Empirical_Utility_Substation,120000,1,11500.0,24.81,68.5,385.7,11.12,0,0,7248.97
2024-09-16 14:00:00,Empirical_Utility_Substation,120000,1,11500.0,25.06,75.2,237.7,9.1,0,0,7033.08
2024-09-16 15:00:00,Empirical_Utility_Substation,120000,1,11500.0,27.38,71.2,196.3,11.55,0,0,7144.46
2024-09-16 16:00:00,Empirical_Utility_Substation,120000,1,11500.0,26.49,68.5,144.6,11.55,0,0,6978.46
2024-09-16 17:00:00,Empirical_Utility_Substation,120000,1,11500.0,26.09,74.1,71.9,9.87,0,0,7196.87
2024-09-16 18:00:00,Empirical_Utility_Substation,120000,1,11500.0,25.08,65.9,0.0,9.63,0,0,7612.92
2024-09-16 19:00:00,Empirical_Utility_Substation,120000,1,11500.0,24.48,73.5,0.0,9.99,0,0,8081.06
2024-09-16 20:00:00,Empirical_Utility_Substation,120000,1,11500.0,23.41,78.3,0.0,10.67,0,0,8266.04
2024-09-16 21:00:00,Empirical_Utility_Substation,120000,1,11500.0,20.58,69.8,0.0,14.15,0,0,7975.41
2024-09-16 22:00:00,Empirical_Utility_Substation,120000,1,11500.0,19.87,80.4,0.0,14.0,0,0,7553.44
2024-09-16 23:00:00,Empirical_Utility_Substation,120000,1,11500.0,19.92,77.7,0.0,11.09,0,0,6913.28
2024-09-17 00:00:00,Empirical_Utility_Substation,120000,1,11500.0,17.95,81.2,0.0,13.98,0,0,6360.37
2024-09-17 01:00:00,Empirical_Utility_Substation,120000,1,11500.0,17.42,62.5,0.0,11.37,0,0,6349.54
2024-09-17 02:00:00,Empirical_Utility_Substation,120000,1,11500.0,17.98,78.4,0.0,11.43,0,0,6361.38
2024-09-17 03:00:00,Empirical_Utility_Substation,120000,1,11500.0,18.99,66.4,0.0,11.79,0,0,6464.3
2024-09-17 04:00:00,Empirical_Utility_Substation,120000,1,11500.0,19.97,74.9,0.0,11.77,0,0,6568.99
2024-09-17 05:00:00,Empirical_Utility_Substation,120000,1,11500.0,19.87,84.6,0.0,13.48,0,0,6473.35
2024-09-17 06:00:00,Empirical_Utility_Substation,120000,1,11500.0,21.63,77.5,0.0,10.9,0,0,6560.77
2024-09-17 07:00:00,Empirical_Utility_Substation,120000,1,11500.0,22.11,64.9,114.3,16.17,0,0,6696.04
2024-09-17 08:00:00,Empirical_Utility_Substation,120000,1,11500.0,22.95,73.4,165.9,10.97,0,0,6961.2
2024-09-17 09:00:00,Empirical_Utility_Substation,120000,1,11500.0,24.13,74.4,252.0,13.7,0,0,7128.74
2024-09-17 10:00:00,Empirical_Utility_Substation,120000,1,11500.0,26.17,61.3,387.3,13.11,0,0,7604.29
2024-09-17 11:00:00,Empirical_Utility_Substation,120000,1,11500.0,27.18,72.9,348.6,10.66,0,0,7705.62
2024-09-17 12:00:00,Empirical_Utility_Substation,120000,1,11500.0,27.59,66.9,566.0,13.77,0,0,7520.59
2024-09-17 13:00:00,Empirical_Utility_Substation,120000,1,11500.0,28.03,59.1,289.5,8.75,0,0,7560.78
2024-09-17 14:00:00,Empirical_Utility_Substation,120000,1,11500.0,27.74,65.5,282.0,10.66,0,0,7271.76
2024-09-17 15:00:00,Empirical_Utility_Substation,120000,1,11500.0,26.84,72.5,191.2,9.78,0,0,6990.18
2024-09-17 16:00:00,Empirical_Utility_Substation,120000,1,11500.0,27.01,66.7,225.6,12.26,0,0,6860.79
2024-09-17 17:00:00,Empirical_Utility_Substation,120000,1,11500.0,26.66,67.6,139.0,11.49,0,0,7123.99
2024-09-17 18:00:00,Empirical_Utility_Substation,120000,1,11500.0,24.63,70.7,0.0,10.07,0,0,7625.59
2024-09-17 19:00:00,Empirical_Utility_Substation,120000,1,11500.0,23.55,69.9,0.0,11.98,0,0,8002.3
2024-09-17 20:00:00,Empirical_Utility_Substation,120000,1,11500.0,21.65,76.6,0.0,9.25,0,0,8273.38
2024-09-17 21:00:00,Empirical_Utility_Substation,120000,1,11500.0,19.22,68.9,0.0,16.8,0,0,7924.97
2024-09-17 22:00:00,Empirical_Utility_Substation,120000,1,11500.0,17.69,76.0,0.0,10.14,0,0,7462.24
2024-09-17 23:00:00,Empirical_Utility_Substation,120000,1,11500.0,17.24,77.5,0.0,14.97,0,0,6895.1
2024-09-18 00:00:00,Empirical_Utility_Substation,120000,1,11500.0,16.23,74.0,0.0,11.54,0,0,6217.86
2024-09-18 01:00:00,Empirical_Utility_Substation,120000,1,11500.0,18.18,74.9,0.0,14.0,0,0,6321.54
2024-09-18 02:00:00,Empirical_Utility_Substation,120000,1,11500.0,17.22,74.2,0.0,10.24,0,0,6447.58
2024-09-18 03:00:00,Empirical_Utility_Substation,120000,1,11500.0,17.52,80.0,0.0,10.87,0,0,6340.75
2024-09-18 04:00:00,Empirical_Utility_Substation,120000,1,11500.0,18.0,73.5,0.0,9.46,0,0,6304.68
2024-09-18 05:00:00,Empirical_Utility_Substation,120000,1,11500.0,16.3,74.9,0.0,12.43,0,0,6351.43
2024-09-18 06:00:00,Empirical_Utility_Substation,120000,1,11500.0,19.03,67.0,0.0,9.1,0,0,6551.48
2024-09-18 07:00:00,Empirical_Utility_Substation,120000,1,11500.0,21.11,66.3,103.4,10.58,0,0,6769.03
2024-09-18 08:00:00,Empirical_Utility_Substation,120000,1,11500.0,21.17,73.3,66.0,10.72,0,0,7197.97
2024-09-18 09:00:00,Empirical_Utility_Substation,120000,1,11500.0,21.39,61.9,143.1,10.65,0,0,7568.85
2024-09-18 10:00:00,Empirical_Utility_Substation,120000,1,11500.0,22.44,72.3,363.3,12.12,0,0,7786.62
2024-09-18 11:00:00,Empirical_Utility_Substation,120000,1,11500.0,23.24,58.7,380.4,13.22,0,0,7959.78
2024-09-18 12:00:00,Empirical_Utility_Substation,120000,1,11500.0,24.63,60.0,479.1,11.32,0,0,7801.99
2024-09-18 13:00:00,Empirical_Utility_Substation,120000,1,11500.0,26.5,65.5,418.1,10.5,0,0,7804.67
2024-09-18 14:00:00,Empirical_Utility_Substation,120000,1,11500.0,27.35,68.5,193.5,10.66,0,0,7629.39
2024-09-18 15:00:00,Empirical_Utility_Substation,120000,1,11500.0,27.1,74.5,348.3,10.3,0,0,7347.51
2024-09-18 16:00:00,Empirical_Utility_Substation,120000,1,11500.0,26.5,65.5,206.6,13.31,0,0,7471.78
2024-09-18 17:00:00,Empirical_Utility_Substation,120000,1,11500.0,25.74,76.7,130.5,11.23,0,0,7463.7
2024-09-18 18:00:00,Empirical_Utility_Substation,120000,1,11500.0,25.39,65.2,0.0,11.81,0,0,7833.98
2024-09-18 19:00:00,Empirical_Utility_Substation,120000,1,11500.0,23.67,67.7,0.0,14.51,0,0,7992.88
2024-09-18 20:00:00,Empirical_Utility_Substation,120000,1,11500.0,21.67,73.7,0.0,11.94,0,0,8027.33
2024-09-18 21:00:00,Empirical_Utility_Substation,120000,1,11500.0,20.0,75.2,0.0,13.5,0,0,7906.0
2024-09-18 22:00:00,Empirical_Utility_Substation,120000,1,11500.0,19.61,74.1,0.0,11.11,0,0,7353.69
2024-09-18 23:00:00,Empirical_Utility_Substation,120000,1,11500.0,17.66,73.9,0.0,12.19,0,0,6830.77
2024-09-19 00:00:00,Empirical_Utility_Substation,120000,1,11500.0,14.18,73.2,0.0,12.35,0,0,6482.57
2024-09-19 01:00:00,Empirical_Utility_Substation,120000,1,11500.0,11.94,79.2,0.0,11.88,0,0,6429.06
2024-09-19 02:00:00,Empirical_Utility_Substation,120000,1,11500.0,12.02,92.9,0.0,11.41,0,0,6434.73
2024-09-19 03:00:00,Empirical_Utility_Substation,120000,1,11500.0,11.8,81.2,0.0,12.52,0,0,6525.39
2024-09-19 04:00:00,Empirical_Utility_Substation,120000,1,11500.0,13.41,88.6,0.0,11.78,0,0,6448.07
2024-09-19 05:00:00,Empirical_Utility_Substation,120000,1,11500.0,12.39,84.4,0.0,12.1,0,0,6612.87
2024-09-19 06:00:00,Empirical_Utility_Substation,120000,1,11500.0,14.05,90.1,0.0,10.85,0,0,6560.42
2024-09-19 07:00:00,Empirical_Utility_Substation,120000,1,11500.0,15.22,71.3,132.4,12.7,0,0,6571.9
2024-09-19 08:00:00,Empirical_Utility_Substation,120000,1,11500.0,17.45,81.7,66.0,13.59,0,0,7020.18
2024-09-19 09:00:00,Empirical_Utility_Substation,120000,1,11500.0,18.86,77.9,357.1,10.3,0,0,7421.14
2024-09-19 10:00:00,Empirical_Utility_Substation,120000,1,11500.0,21.95,55.4,130.9,9.82,0,0,7679.91
2024-09-19 11:00:00,Empirical_Utility_Substation,120000,1,11500.0,23.32,73.5,183.7,10.73,0,0,7838.94
2024-09-19 12:00:00,Empirical_Utility_Substation,120000,1,11500.0,26.13,62.7,298.2,12.06,0,0,8111.73
2024-09-19 13:00:00,Empirical_Utility_Substation,120000,1,11500.0,27.94,61.7,127.5,9.62,0,0,8118.7
2024-09-19 14:00:00,Empirical_Utility_Substation,120000,1,11500.0,27.66,63.6,347.9,9.52,0,0,7613.11
2024-09-19 15:00:00,Empirical_Utility_Substation,120000,1,11500.0,27.83,56.9,138.6,11.18,0,0,7285.81
2024-09-19 16:00:00,Empirical_Utility_Substation,120000,1,11500.0,26.73,67.4,280.0,12.3,0,0,7087.17
2024-09-19 17:00:00,Empirical_Utility_Substation,120000,1,11500.0,27.49,67.0,62.2,13.07,0,0,7523.26
2024-09-19 18:00:00,Empirical_Utility_Substation,120000,1,11500.0,26.04,70.9,0.0,12.91,0,0,7688.71
2024-09-19 19:00:00,Empirical_Utility_Substation,120000,1,11500.0,24.7,56.3,0.0,11.3,0,0,8142.75
2024-09-19 20:00:00,Empirical_Utility_Substation,120000,1,11500.0,24.67,51.4,0.0,10.89,0,0,8406.32
2024-09-19 21:00:00,Empirical_Utility_Substation,120000,1,11500.0,21.95,71.8,0.0,9.35,0,0,8092.59
2024-09-19 22:00:00,Empirical_Utility_Substation,120000,1,11500.0,18.61,69.1,0.0,10.33,0,0,7456.67
2024-09-19 23:00:00,Empirical_Utility_Substation,120000,1,11500.0,15.73,77.6,0.0,12.79,0,0,7008.13
2024-09-20 00:00:00,Empirical_Utility_Substation,120000,1,11500.0,16.18,66.4,0.0,9.54,0,0,6350.15
2024-09-20 01:00:00,Empirical_Utility_Substation,120000,1,11500.0,16.52,76.1,0.0,8.81,0,0,6384.46
2024-09-20 02:00:00,Empirical_Utility_Substation,120000,1,11500.0,15.76,73.1,0.0,10.81,0,0,6335.15
2024-09-20 03:00:00,Empirical_Utility_Substation,120000,1,11500.0,13.94,74.7,0.0,14.79,0,0,6298.86
2024-09-20 04:00:00,Empirical_Utility_Substation,120000,1,11500.0,15.26,86.5,0.0,14.55,0,0,6354.55
2024-09-20 05:00:00,Empirical_Utility_Substation,120000,1,11500.0,14.95,79.5,0.0,10.68,0,0,6389.43
2024-09-20 06:00:00,Empirical_Utility_Substation,120000,1,11500.0,16.44,63.2,0.0,13.73,0,0,6471.3
2024-09-20 07:00:00,Empirical_Utility_Substation,120000,1,11500.0,16.4,68.6,136.7,14.06,0,0,6519.08
2024-09-20 08:00:00,Empirical_Utility_Substation,120000,1,11500.0,19.46,65.8,86.5,13.38,0,0,6924.34
2024-09-20 09:00:00,Empirical_Utility_Substation,120000,1,11500.0,21.11,70.8,93.3,12.99,0,0,7276.11
2024-09-20 10:00:00,Empirical_Utility_Substation,120000,1,11500.0,24.05,67.8,266.2,10.13,0,0,7577.4
2024-09-20 11:00:00,Empirical_Utility_Substation,120000,1,11500.0,25.14,65.5,517.2,14.48,0,0,7682.48
2024-09-20 12:00:00,Empirical_Utility_Substation,120000,1,11500.0,25.31,55.5,487.2,12.74,0,0,7723.71
2024-09-20 13:00:00,Empirical_Utility_Substation,120000,1,11500.0,26.82,65.6,127.5,9.22,0,0,7665.91
2024-09-20 14:00:00,Empirical_Utility_Substation,120000,1,11500.0,27.79,68.2,247.5,9.42,0,0,7262.41
2024-09-20 15:00:00,Empirical_Utility_Substation,120000,1,11500.0,29.08,67.1,296.7,14.99,0,0,7363.84
2024-09-20 16:00:00,Empirical_Utility_Substation,120000,1,11500.0,28.04,74.3,101.2,14.91,0,0,7260.89
2024-09-20 17:00:00,Empirical_Utility_Substation,120000,1,11500.0,27.72,67.1,65.2,9.55,0,0,7472.07
2024-09-20 18:00:00,Empirical_Utility_Substation,120000,1,11500.0,25.73,67.3,0.0,11.4,0,0,7583.85
2024-09-20 19:00:00,Empirical_Utility_Substation,120000,1,11500.0,21.95,66.3,0.0,10.8,0,0,7725.19
2024-09-20 20:00:00,Empirical_Utility_Substation,120000,1,11500.0,18.59,75.6,0.0,11.64,0,0,7971.06
2024-09-20 21:00:00,Empirical_Utility_Substation,120000,1,11500.0,18.94,72.0,0.0,13.99,0,0,7833.77
2024-09-20 22:00:00,Empirical_Utility_Substation,120000,1,11500.0,15.5,76.3,0.0,11.15,0,0,7407.82
2024-09-20 23:00:00,Empirical_Utility_Substation,120000,1,11500.0,14.71,87.8,0.0,10.74,0,0,7035.2
2024-09-21 00:00:00,Empirical_Utility_Substation,120000,1,11500.0,13.55,80.4,0.0,11.78,1,0,5708.43
2024-09-21 01:00:00,Empirical_Utility_Substation,120000,1,11500.0,12.74,84.8,0.0,13.94,1,0,5686.24
2024-09-21 02:00:00,Empirical_Utility_Substation,120000,1,11500.0,12.71,69.6,0.0,9.45,1,0,5643.69
2024-09-21 03:00:00,Empirical_Utility_Substation,120000,1,11500.0,12.9,71.4,0.0,10.18,1,0,5637.85
2024-09-21 04:00:00,Empirical_Utility_Substation,120000,1,11500.0,12.62,75.0,0.0,11.86,1,0,5731.5
2024-09-21 05:00:00,Empirical_Utility_Substation,120000,1,11500.0,13.63,71.8,0.0,14.58,1,0,5970.49
2024-09-21 06:00:00,Empirical_Utility_Substation,120000,1,11500.0,15.27,72.0,0.0,16.36,1,0,5909.1
2024-09-21 07:00:00,Empirical_Utility_Substation,120000,1,11500.0,16.03,63.1,104.8,14.5,1,0,6304.21
2024-09-21 08:00:00,Empirical_Utility_Substation,120000,1,11500.0,16.91,67.6,140.4,11.48,1,0,6605.36
2024-09-21 09:00:00,Empirical_Utility_Substation,120000,1,11500.0,18.36,79.6,93.3,12.56,1,0,6911.22
2024-09-21 10:00:00,Empirical_Utility_Substation,120000,1,11500.0,19.45,68.7,405.3,14.08,1,0,7283.03
2024-09-21 11:00:00,Empirical_Utility_Substation,120000,1,11500.0,19.88,65.0,170.6,10.32,1,0,7136.61
2024-09-21 12:00:00,Empirical_Utility_Substation,120000,1,11500.0,19.73,84.7,284.4,10.69,1,0,6823.14
2024-09-21 13:00:00,Empirical_Utility_Substation,120000,1,11500.0,20.79,67.0,432.6,10.91,1,0,6648.24
2024-09-21 14:00:00,Empirical_Utility_Substation,120000,1,11500.0,21.22,71.4,296.4,15.36,1,0,6428.3
2024-09-21 15:00:00,Empirical_Utility_Substation,120000,1,11500.0,23.13,67.2,364.4,9.97,1,0,6282.78
2024-09-21 16:00:00,Empirical_Utility_Substation,120000,1,11500.0,22.68,65.5,265.9,11.48,1,0,6288.56
2024-09-21 17:00:00,Empirical_Utility_Substation,120000,1,11500.0,21.5,75.3,105.3,10.64,1,0,6753.58
2024-09-21 18:00:00,Empirical_Utility_Substation,120000,1,11500.0,20.84,66.0,0.0,12.09,1,0,7142.5
2024-09-21 19:00:00,Empirical_Utility_Substation,120000,1,11500.0,21.26,71.8,0.0,12.77,1,0,7411.22
2024-09-21 20:00:00,Empirical_Utility_Substation,120000,1,11500.0,18.97,60.8,0.0,10.88,1,0,7341.07
2024-09-21 21:00:00,Empirical_Utility_Substation,120000,1,11500.0,18.81,80.4,0.0,14.35,1,0,7242.29
2024-09-21 22:00:00,Empirical_Utility_Substation,120000,1,11500.0,18.29,68.9,0.0,12.14,1,0,6742.29
2024-09-21 23:00:00,Empirical_Utility_Substation,120000,1,11500.0,17.94,72.2,0.0,10.96,1,0,6206.01
2024-09-22 00:00:00,Empirical_Utility_Substation,120000,1,11500.0,16.18,77.3,0.0,11.5,1,0,5611.88
2024-09-22 01:00:00,Empirical_Utility_Substation,120000,1,11500.0,14.92,68.1,0.0,12.27,1,0,5679.71
2024-09-22 02:00:00,Empirical_Utility_Substation,120000,1,11500.0,13.42,86.4,0.0,13.65,1,0,5678.9
2024-09-22 03:00:00,Empirical_Utility_Substation,120000,1,11500.0,13.97,69.9,0.0,13.43,1,0,5734.19
2024-09-22 04:00:00,Empirical_Utility_Substation,120000,1,11500.0,13.56,76.9,0.0,10.88,1,0,5686.32
2024-09-22 05:00:00,Empirical_Utility_Substation,120000,1,11500.0,14.04,69.5,0.0,11.89,1,0,5801.06
2024-09-22 06:00:00,Empirical_Utility_Substation,120000,1,11500.0,14.32,77.2,0.0,11.94,1,0,5777.59
2024-09-22 07:00:00,Empirical_Utility_Substation,120000,1,11500.0,15.78,70.5,99.9,11.99,1,0,6015.67
2024-09-22 08:00:00,Empirical_Utility_Substation,120000,1,11500.0,17.57,70.5,185.7,11.74,1,0,6333.14
2024-09-22 09:00:00,Empirical_Utility_Substation,120000,1,11500.0,19.83,56.2,278.2,16.27,1,0,6674.34
2024-09-22 10:00:00,Empirical_Utility_Substation,120000,1,11500.0,21.94,67.0,340.4,13.37,1,0,6916.28
2024-09-22 11:00:00,Empirical_Utility_Substation,120000,1,11500.0,24.15,67.2,245.8,13.67,1,0,6933.75
2024-09-22 12:00:00,Empirical_Utility_Substation,120000,1,11500.0,24.68,65.4,275.7,10.67,1,0,6880.48
2024-09-22 13:00:00,Empirical_Utility_Substation,120000,1,11500.0,26.47,77.9,127.5,12.76,1,0,6950.45
2024-09-22 14:00:00,Empirical_Utility_Substation,120000,1,11500.0,26.47,66.3,126.2,10.87,1,0,6816.21
2024-09-22 15:00:00,Empirical_Utility_Substation,120000,1,11500.0,27.28,70.8,146.9,10.22,1,0,6697.07
2024-09-22 16:00:00,Empirical_Utility_Substation,120000,1,11500.0,28.25,69.1,103.5,8.79,1,0,6988.97
2024-09-22 17:00:00,Empirical_Utility_Substation,120000,1,11500.0,28.61,58.4,34.2,9.9,1,0,7187.08
2024-09-22 18:00:00,Empirical_Utility_Substation,120000,1,11500.0,27.18,60.4,0.0,13.51,1,0,7392.04
2024-09-22 19:00:00,Empirical_Utility_Substation,120000,1,11500.0,24.89,69.9,0.0,10.98,1,0,7574.91
2024-09-22 20:00:00,Empirical_Utility_Substation,120000,1,11500.0,23.49,59.3,0.0,15.65,1,0,7685.38
2024-09-22 21:00:00,Empirical_Utility_Substation,120000,1,11500.0,23.5,73.1,0.0,15.92,1,0,7628.8
2024-09-22 22:00:00,Empirical_Utility_Substation,120000,1,11500.0,21.35,76.2,0.0,9.79,1,0,7084.09
2024-09-22 23:00:00,Empirical_Utility_Substation,120000,1,11500.0,19.73,74.1,0.0,9.02,1,0,6391.9
2024-09-23 00:00:00,Empirical_Utility_Substation,120000,1,11500.0,18.73,78.6,0.0,8.8,0,0,6661.24
2024-09-23 01:00:00,Empirical_Utility_Substation,120000,1,11500.0,18.57,78.4,0.0,13.1,0,0,6409.63
2024-09-23 02:00:00,Empirical_Utility_Substation,120000,1,11500.0,17.53,77.2,0.0,13.38,0,0,6341.86
2024-09-23 03:00:00,Empirical_Utility_Substation,120000,1,11500.0,17.9,78.4,0.0,14.42,0,0,6385.54
2024-09-23 04:00:00,Empirical_Utility_Substation,120000,1,11500.0,17.72,76.7,0.0,11.57,0,0,6437.87
2024-09-23 05:00:00,Empirical_Utility_Substation,120000,1,11500.0,19.29,73.4,0.0,9.38,0,0,6482.22
2024-09-23 06:00:00,Empirical_Utility_Substation,120000,1,11500.0,21.09,73.9,0.0,12.7,0,0,6625.5
2024-09-23 07:00:00,Empirical_Utility_Substation,120000,1,11500.0,22.41,72.4,114.5,15.49,0,0,6921.08
2024-09-23 08:00:00,Empirical_Utility_Substation,120000,1,11500.0,23.06,70.0,236.0,13.27,0,0,7182.87
2024-09-23 09:00:00,Empirical_Utility_Substation,120000,1,11500.0,24.05,61.2,155.6,10.14,0,0,7379.7
2024-09-23 10:00:00,Empirical_Utility_Substation,120000,1,11500.0,26.22,88.6,114.3,12.88,0,0,8033.04
2024-09-23 11:00:00,Empirical_Utility_Substation,120000,1,11500.0,26.9,71.0,235.7,9.97,0,0,8238.21
2024-09-23 12:00:00,Empirical_Utility_Substation,120000,1,11500.0,28.38,66.5,132.0,13.45,0,0,8287.27
2024-09-23 13:00:00,Empirical_Utility_Substation,120000,1,11500.0,28.25,63.8,393.7,10.75,0,0,8066.59
2024-09-23 14:00:00,Empirical_Utility_Substation,120000,1,11500.0,27.44,60.4,114.3,9.35,0,0,7591.54
2024-09-23 15:00:00,Empirical_Utility_Substation,120000,1,11500.0,26.5,58.3,165.9,15.51,0,0,7198.05
2024-09-23 16:00:00,Empirical_Utility_Substation,120000,1,11500.0,27.13,76.6,201.9,12.03,0,0,7223.05
2024-09-23 17:00:00,Empirical_Utility_Substation,120000,1,11500.0,25.76,60.2,48.1,9.97,0,0,7370.07
2024-09-23 18:00:00,Empirical_Utility_Substation,120000,1,11500.0,25.03,66.3,0.0,13.08,0,0,7596.0
2024-09-23 19:00:00,Empirical_Utility_Substation,120000,1,11500.0,23.44,71.8,0.0,10.21,0,0,8087.57
2024-09-23 20:00:00,Empirical_Utility_Substation,120000,1,11500.0,22.46,76.5,0.0,19.69,0,0,8113.24
2024-09-23 21:00:00,Empirical_Utility_Substation,120000,1,11500.0,21.86,69.3,0.0,12.66,0,0,8128.01
2024-09-23 22:00:00,Empirical_Utility_Substation,120000,1,11500.0,19.86,75.9,0.0,10.25,0,0,7708.15
2024-09-23 23:00:00,Empirical_Utility_Substation,120000,1,11500.0,18.48,86.8,0.0,9.18,0,0,7183.66
2024-09-24 00:00:00,Empirical_Utility_Substation,120000,1,11500.0,16.59,78.6,0.0,12.58,0,0,7008.43
2024-09-24 01:00:00,Empirical_Utility_Substation,120000,1,11500.0,16.08,72.4,0.0,9.96,0,0,6813.5
2024-09-24 02:00:00,Empirical_Utility_Substation,120000,1,11500.0,15.04,89.8,0.0,10.38,0,0,6873.05
2024-09-24 03:00:00,Empirical_Utility_Substation,120000,1,11500.0,13.57,80.4,0.0,10.25,0,0,7112.11
2024-09-24 04:00:00,Empirical_Utility_Substation,120000,1,11500.0,15.29,77.3,0.0,10.44,0,0,7077.94
2024-09-24 05:00:00,Empirical_Utility_Substation,120000,1,11500.0,16.3,69.6,0.0,12.7,0,0,7083.35
2024-09-24 06:00:00,Empirical_Utility_Substation,120000,1,11500.0,17.47,71.7,0.0,11.29,0,0,7143.47
2024-09-24 07:00:00,Empirical_Utility_Substation,120000,1,11500.0,17.94,73.7,46.4,9.17,0,0,7272.26
2024-09-24 08:00:00,Empirical_Utility_Substation,120000,1,11500.0,19.08,70.4,263.8,12.19,0,0,7411.28
2024-09-24 09:00:00,Empirical_Utility_Substation,120000,1,11500.0,20.4,69.3,243.5,10.08,0,0,7686.97
2024-09-24 10:00:00,Empirical_Utility_Substation,120000,1,11500.0,20.92,69.9,407.7,13.96,0,0,7933.37
2024-09-24 11:00:00,Empirical_Utility_Substation,120000,1,11500.0,23.01,74.4,347.3,9.04,0,0,7949.74
2024-09-24 12:00:00,Empirical_Utility_Substation,120000,1,11500.0,24.37,76.8,423.0,12.6,0,0,7867.49
2024-09-24 13:00:00,Empirical_Utility_Substation,120000,1,11500.0,26.21,65.4,162.5,9.48,0,0,7731.73
2024-09-24 14:00:00,Empirical_Utility_Substation,120000,1,11500.0,27.24,67.4,453.8,10.91,0,0,7449.91
2024-09-24 15:00:00,Empirical_Utility_Substation,120000,1,11500.0,27.57,55.4,189.6,11.85,0,0,7326.47
2024-09-24 16:00:00,Empirical_Utility_Substation,120000,1,11500.0,25.84,49.9,226.9,10.57,0,0,7105.18
2024-09-24 17:00:00,Empirical_Utility_Substation,120000,1,11500.0,23.9,67.8,82.8,11.17,0,0,7151.11
2024-09-24 18:00:00,Empirical_Utility_Substation,120000,1,11500.0,22.49,65.1,0.0,10.99,0,0,7339.86
2024-09-24 19:00:00,Empirical_Utility_Substation,120000,1,11500.0,23.25,70.8,0.0,9.11,0,0,7774.19
2024-09-24 20:00:00,Empirical_Utility_Substation,120000,1,11500.0,21.62,70.5,0.0,13.91,0,0,8214.95
2024-09-24 21:00:00,Empirical_Utility_Substation,120000,1,11500.0,20.19,75.0,0.0,11.78,0,0,7984.29
2024-09-24 22:00:00,Empirical_Utility_Substation,120000,1,11500.0,20.5,74.2,0.0,11.06,0,0,7719.93
2024-09-24 23:00:00,Empirical_Utility_Substation,120000,1,11500.0,18.84,80.5,0.0,13.75,0,0,7187.71
2024-09-25 00:00:00,Empirical_Utility_Substation,120000,1,11500.0,17.53,80.9,0.0,10.14,0,0,6555.27
2024-09-25 01:00:00,Empirical_Utility_Substation,120000,1,11500.0,16.93,70.9,0.0,8.45,0,0,6583.79
2024-09-25 02:00:00,Empirical_Utility_Substation,120000,1,11500.0,16.15,76.5,0.0,10.87,0,0,6643.78
2024-09-25 03:00:00,Empirical_Utility_Substation,120000,1,11500.0,16.53,76.0,0.0,12.73,0,0,6664.8
2024-09-25 04:00:00,Empirical_Utility_Substation,120000,1,11500.0,16.07,59.2,0.0,12.31,0,0,6694.83
2024-09-25 05:00:00,Empirical_Utility_Substation,120000,1,11500.0,18.94,72.1,0.0,8.82,0,0,6758.5
2024-09-25 06:00:00,Empirical_Utility_Substation,120000,1,11500.0,18.99,71.5,0.0,10.6,0,0,6688.78
2024-09-25 07:00:00,Empirical_Utility_Substation,120000,1,11500.0,19.51,78.1,70.2,12.33,0,0,6754.62
2024-09-25 08:00:00,Empirical_Utility_Substation,120000,1,11500.0,21.25,62.4,140.9,14.01,0,0,6841.84
2024-09-25 09:00:00,Empirical_Utility_Substation,120000,1,11500.0,23.16,70.5,328.3,12.96,0,0,7267.7
2024-09-25 10:00:00,Empirical_Utility_Substation,120000,1,11500.0,23.52,75.6,132.1,9.24,0,0,7737.47
2024-09-25 11:00:00,Empirical_Utility_Substation,120000,1,11500.0,25.16,61.6,419.2,12.32,0,0,8053.23
2024-09-25 12:00:00,Empirical_Utility_Substation,120000,1,11500.0,25.84,67.7,132.0,12.54,0,0,7834.84
2024-09-25 13:00:00,Empirical_Utility_Substation,120000,1,11500.0,26.78,74.5,163.6,11.58,0,0,7636.18
2024-09-25 14:00:00,Empirical_Utility_Substation,120000,1,11500.0,27.06,66.0,224.9,13.41,0,0,7374.01
2024-09-25 15:00:00,Empirical_Utility_Substation,120000,1,11500.0,26.54,61.8,252.7,9.38,0,0,6996.05
2024-09-25 16:00:00,Empirical_Utility_Substation,120000,1,11500.0,26.6,63.3,179.9,13.3,0,0,7101.51
2024-09-25 17:00:00,Empirical_Utility_Substation,120000,1,11500.0,25.78,64.5,99.8,10.36,0,0,7138.48
2024-09-25 18:00:00,Empirical_Utility_Substation,120000,1,11500.0,24.37,69.2,0.0,10.41,0,0,7341.25
2024-09-25 19:00:00,Empirical_Utility_Substation,120000,1,11500.0,22.22,66.2,0.0,15.03,0,0,7822.38
2024-09-25 20:00:00,Empirical_Utility_Substation,120000,1,11500.0,21.57,71.8,0.0,11.08,0,0,8281.6
2024-09-25 21:00:00,Empirical_Utility_Substation,120000,1,11500.0,20.31,74.0,0.0,12.23,0,0,8010.93
2024-09-25 22:00:00,Empirical_Utility_Substation,120000,1,11500.0,18.06,76.8,0.0,9.94,0,0,7429.61
2024-09-25 23:00:00,Empirical_Utility_Substation,120000,1,11500.0,17.12,68.1,0.0,14.02,0,0,6992.42
2024-09-26 00:00:00,Empirical_Utility_Substation,120000,1,11500.0,15.21,77.5,0.0,13.19,0,0,6541.19
2024-09-26 01:00:00,Empirical_Utility_Substation,120000,1,11500.0,15.5,66.9,0.0,13.48,0,0,6392.4
2024-09-26 02:00:00,Empirical_Utility_Substation,120000,1,11500.0,15.68,77.6,0.0,13.54,0,0,6434.99
2024-09-26 03:00:00,Empirical_Utility_Substation,120000,1,11500.0,15.0,90.1,0.0,10.2,0,0,6561.63
2024-09-26 04:00:00,Empirical_Utility_Substation,120000,1,11500.0,15.14,72.7,0.0,13.76,0,0,6530.32
2024-09-26 05:00:00,Empirical_Utility_Substation,120000,1,11500.0,16.16,74.5,0.0,11.86,0,0,6658.42
2024-09-26 06:00:00,Empirical_Utility_Substation,120000,1,11500.0,16.3,73.5,0.0,9.38,0,0,6958.97
2024-09-26 07:00:00,Empirical_Utility_Substation,120000,1,11500.0,17.39,79.4,121.9,11.3,0,0,6878.75
2024-09-26 08:00:00,Empirical_Utility_Substation,120000,1,11500.0,19.07,65.9,222.7,11.76,0,0,7014.64
2024-09-26 09:00:00,Empirical_Utility_Substation,120000,1,11500.0,21.2,67.3,325.5,8.34,0,0,7249.15
2024-09-26 10:00:00,Empirical_Utility_Substation,120000,1,11500.0,23.84,59.7,297.3,10.58,0,0,7412.75
2024-09-26 11:00:00,Empirical_Utility_Substation,120000,1,11500.0,25.65,74.7,326.6,9.8,0,0,7812.68
2024-09-26 12:00:00,Empirical_Utility_Substation,120000,1,11500.0,27.05,78.4,305.0,12.01,0,0,7706.58
2024-09-26 13:00:00,Empirical_Utility_Substation,120000,1,11500.0,29.46,60.1,231.6,12.29,0,0,7787.93
2024-09-26 14:00:00,Empirical_Utility_Substation,120000,1,11500.0,28.7,56.7,285.9,10.2,0,0,7319.27
2024-09-26 15:00:00,Empirical_Utility_Substation,120000,1,11500.0,26.1,60.8,325.2,17.61,0,0,6827.68
2024-09-26 16:00:00,Empirical_Utility_Substation,120000,1,11500.0,25.68,59.7,267.0,12.21,0,0,6695.88
2024-09-26 17:00:00,Empirical_Utility_Substation,120000,1,11500.0,25.35,60.3,101.4,11.97,0,0,6883.52
2024-09-26 18:00:00,Empirical_Utility_Substation,120000,1,11500.0,23.15,73.6,0.0,9.32,0,0,7277.47
2024-09-26 19:00:00,Empirical_Utility_Substation,120000,1,11500.0,22.26,67.3,0.0,10.59,0,0,7768.71
2024-09-26 20:00:00,Empirical_Utility_Substation,120000,1,11500.0,20.32,69.4,0.0,12.61,0,0,7707.65
2024-09-26 21:00:00,Empirical_Utility_Substation,120000,1,11500.0,19.37,74.8,0.0,9.36,0,0,7568.45
2024-09-26 22:00:00,Empirical_Utility_Substation,120000,1,11500.0,16.92,75.2,0.0,11.22,0,0,7149.85
2024-09-26 23:00:00,Empirical_Utility_Substation,120000,1,11500.0,15.55,71.2,0.0,11.06,0,0,6509.61
2024-09-27 00:00:00,Empirical_Utility_Substation,120000,1,11500.0,14.37,81.0,0.0,12.1,0,0,6286.61
2024-09-27 01:00:00,Empirical_Utility_Substation,120000,1,11500.0,14.66,74.3,0.0,14.58,0,0,6238.61
2024-09-27 02:00:00,Empirical_Utility_Substation,120000,1,11500.0,14.82,80.0,0.0,15.0,0,0,6216.25
2024-09-27 03:00:00,Empirical_Utility_Substation,120000,1,11500.0,13.77,82.5,0.0,9.43,0,0,6230.04
2024-09-27 04:00:00,Empirical_Utility_Substation,120000,1,11500.0,12.57,86.8,0.0,10.02,0,0,6174.8
2024-09-27 05:00:00,Empirical_Utility_Substation,120000,1,11500.0,12.67,88.4,0.0,8.47,0,0,6275.49
2024-09-27 06:00:00,Empirical_Utility_Substation,120000,1,11500.0,12.65,78.8,0.0,11.54,0,0,6448.1
2024-09-27 07:00:00,Empirical_Utility_Substation,120000,1,11500.0,14.64,81.7,38.9,10.0,0,0,6790.01
2024-09-27 08:00:00,Empirical_Utility_Substation,120000,1,11500.0,15.74,71.8,148.5,10.54,0,0,7177.61
2024-09-27 09:00:00,Empirical_Utility_Substation,120000,1,11500.0,17.52,77.3,93.3,11.85,0,0,7275.19
2024-09-27 10:00:00,Empirical_Utility_Substation,120000,1,11500.0,19.64,65.9,274.5,14.96,0,0,7468.22
2024-09-27 11:00:00,Empirical_Utility_Substation,120000,1,11500.0,19.78,60.0,375.5,13.4,0,0,7664.67
2024-09-27 12:00:00,Empirical_Utility_Substation,120000,1,11500.0,20.17,74.5,132.9,11.92,0,0,7725.19
2024-09-27 13:00:00,Empirical_Utility_Substation,120000,1,11500.0,21.37,73.3,426.7,9.74,0,0,7418.57
2024-09-27 14:00:00,Empirical_Utility_Substation,120000,1,11500.0,21.18,74.3,244.8,10.45,0,0,7166.96
2024-09-27 15:00:00,Empirical_Utility_Substation,120000,1,11500.0,21.46,68.6,206.0,12.27,0,0,6809.44
2024-09-27 16:00:00,Empirical_Utility_Substation,120000,1,11500.0,21.99,78.8,100.2,10.71,0,0,6556.36
2024-09-27 17:00:00,Empirical_Utility_Substation,120000,1,11500.0,22.78,71.0,93.5,11.22,0,0,6870.62
2024-09-27 18:00:00,Empirical_Utility_Substation,120000,1,11500.0,21.65,72.1,0.0,10.79,0,0,7306.71
2024-09-27 19:00:00,Empirical_Utility_Substation,120000,1,11500.0,21.02,71.4,0.0,10.4,0,0,7853.37
2024-09-27 20:00:00,Empirical_Utility_Substation,120000,1,11500.0,21.52,80.9,0.0,10.11,0,0,7874.16
2024-09-27 21:00:00,Empirical_Utility_Substation,120000,1,11500.0,19.49,71.5,0.0,8.62,0,0,7675.44
2024-09-27 22:00:00,Empirical_Utility_Substation,120000,1,11500.0,17.71,65.5,0.0,11.49,0,0,7431.28
2024-09-27 23:00:00,Empirical_Utility_Substation,120000,1,11500.0,16.5,59.2,0.0,10.63,0,0,6833.19
2024-09-28 00:00:00,Empirical_Utility_Substation,120000,1,11500.0,15.17,80.9,0.0,11.56,1,0,5343.56
2024-09-28 01:00:00,Empirical_Utility_Substation,120000,1,11500.0,14.55,64.5,0.0,12.98,1,0,5560.62
2024-09-28 02:00:00,Empirical_Utility_Substation,120000,1,11500.0,13.64,78.0,0.0,10.44,1,0,5649.95
2024-09-28 03:00:00,Empirical_Utility_Substation,120000,1,11500.0,14.73,80.0,0.0,10.7,1,0,5836.13
2024-09-28 04:00:00,Empirical_Utility_Substation,120000,1,11500.0,14.8,82.9,0.0,12.48,1,0,6072.07
2024-09-28 05:00:00,Empirical_Utility_Substation,120000,1,11500.0,14.74,76.5,0.0,12.95,1,0,6143.17
2024-09-28 06:00:00,Empirical_Utility_Substation,120000,1,11500.0,15.75,71.3,0.0,14.72,1,0,5922.29
2024-09-28 07:00:00,Empirical_Utility_Substation,120000,1,11500.0,17.07,74.0,46.0,11.83,1,0,5670.17
2024-09-28 08:00:00,Empirical_Utility_Substation,120000,1,11500.0,17.47,75.1,66.0,10.63,1,0,5747.84
2024-09-28 09:00:00,Empirical_Utility_Substation,120000,1,11500.0,19.24,66.8,266.3,11.68,1,0,5988.28
2024-09-28 10:00:00,Empirical_Utility_Substation,120000,1,11500.0,19.74,65.6,114.3,11.88,1,0,6235.12
2024-09-28 11:00:00,Empirical_Utility_Substation,120000,1,11500.0,20.74,66.0,498.1,11.25,1,0,6288.59
2024-09-28 12:00:00,Empirical_Utility_Substation,120000,1,11500.0,20.78,65.0,331.2,12.07,1,0,6314.95
2024-09-28 13:00:00,Empirical_Utility_Substation,120000,1,11500.0,21.13,69.8,489.0,14.06,1,0,6243.14
2024-09-28 14:00:00,Empirical_Utility_Substation,120000,1,11500.0,21.57,79.2,419.8,12.9,1,0,6071.96
2024-09-28 15:00:00,Empirical_Utility_Substation,120000,1,11500.0,20.39,71.2,143.9,10.27,1,0,6051.66
2024-09-28 16:00:00,Empirical_Utility_Substation,120000,1,11500.0,21.03,61.4,165.1,11.57,1,0,5800.79
2024-09-28 17:00:00,Empirical_Utility_Substation,120000,1,11500.0,21.4,81.6,77.8,13.25,1,0,6013.35
2024-09-28 18:00:00,Empirical_Utility_Substation,120000,1,11500.0,22.22,66.9,0.0,9.71,1,0,6531.92
2024-09-28 19:00:00,Empirical_Utility_Substation,120000,1,11500.0,21.79,71.2,0.0,10.5,1,0,7063.41
2024-09-28 20:00:00,Empirical_Utility_Substation,120000,1,11500.0,20.9,76.3,0.0,12.29,1,0,7231.53
2024-09-28 21:00:00,Empirical_Utility_Substation,120000,1,11500.0,18.06,80.5,0.0,14.27,1,0,6976.27
2024-09-28 22:00:00,Empirical_Utility_Substation,120000,1,11500.0,17.17,85.0,0.0,11.06,1,0,6540.95
2024-09-28 23:00:00,Empirical_Utility_Substation,120000,1,11500.0,15.28,72.2,0.0,9.71,1,0,6117.07
2024-09-29 00:00:00,Empirical_Utility_Substation,120000,1,11500.0,13.28,79.2,0.0,8.59,1,0,5580.45
2024-09-29 01:00:00,Empirical_Utility_Substation,120000,1,11500.0,11.9,81.2,0.0,12.6,1,0,5655.68
2024-09-29 02:00:00,Empirical_Utility_Substation,120000,1,11500.0,12.86,82.4,0.0,10.49,1,0,5651.0
2024-09-29 03:00:00,Empirical_Utility_Substation,120000,1,11500.0,12.85,74.7,0.0,13.85,1,0,5841.17
2024-09-29 04:00:00,Empirical_Utility_Substation,120000,1,11500.0,13.67,74.1,0.0,8.95,1,0,5924.8
2024-09-29 05:00:00,Empirical_Utility_Substation,120000,1,11500.0,14.53,71.6,0.0,10.73,1,0,5864.81
2024-09-29 06:00:00,Empirical_Utility_Substation,120000,1,11500.0,15.98,77.4,0.0,12.78,1,0,5871.2
2024-09-29 07:00:00,Empirical_Utility_Substation,120000,1,11500.0,17.43,71.6,85.6,12.52,1,0,5865.2
2024-09-29 08:00:00,Empirical_Utility_Substation,120000,1,11500.0,19.12,72.3,204.7,9.37,1,0,6087.8
2024-09-29 09:00:00,Empirical_Utility_Substation,120000,1,11500.0,21.19,78.1,188.2,10.24,1,0,6332.03
2024-09-29 10:00:00,Empirical_Utility_Substation,120000,1,11500.0,23.73,61.3,379.4,16.19,1,0,6593.12
2024-09-29 11:00:00,Empirical_Utility_Substation,120000,1,11500.0,25.07,66.2,345.1,12.65,1,0,6903.22
2024-09-29 12:00:00,Empirical_Utility_Substation,120000,1,11500.0,26.45,69.7,374.1,9.33,1,0,6827.52
2024-09-29 13:00:00,Empirical_Utility_Substation,120000,1,11500.0,27.03,65.6,424.5,11.62,1,0,6908.0
2024-09-29 14:00:00,Empirical_Utility_Substation,120000,1,11500.0,27.9,68.3,212.8,12.88,1,0,6611.71
2024-09-29 15:00:00,Empirical_Utility_Substation,120000,1,11500.0,28.23,62.8,353.7,9.59,1,0,6405.58
2024-09-29 16:00:00,Empirical_Utility_Substation,120000,1,11500.0,26.44,63.7,154.1,11.58,1,0,6390.98
2024-09-29 17:00:00,Empirical_Utility_Substation,120000,1,11500.0,25.79,76.5,37.9,14.45,1,0,6381.79
2024-09-29 18:00:00,Empirical_Utility_Substation,120000,1,11500.0,24.2,65.6,0.0,10.02,1,0,6525.73
2024-09-29 19:00:00,Empirical_Utility_Substation,120000,1,11500.0,21.64,75.0,0.0,8.84,1,0,7137.81
2024-09-29 20:00:00,Empirical_Utility_Substation,120000,1,11500.0,20.27,67.4,0.0,10.97,1,0,7404.23
2024-09-29 21:00:00,Empirical_Utility_Substation,120000,1,11500.0,18.75,77.1,0.0,12.74,1,0,7340.99
2024-09-29 22:00:00,Empirical_Utility_Substation,120000,1,11500.0,19.29,73.2,0.0,11.72,1,0,6854.5
2024-09-29 23:00:00,Empirical_Utility_Substation,120000,1,11500.0,17.34,76.6,0.0,12.19,1,0,6299.89
2024-09-30 00:00:00,Empirical_Utility_Substation,120000,1,11500.0,15.72,76.8,0.0,9.18,0,0,6660.77
2024-09-30 01:00:00,Empirical_Utility_Substation,120000,1,11500.0,14.68,84.4,0.0,11.23,0,0,6654.07
2024-09-30 02:00:00,Empirical_Utility_Substation,120000,1,11500.0,13.7,84.2,0.0,11.8,0,0,6669.2
2024-09-30 03:00:00,Empirical_Utility_Substation,120000,1,11500.0,13.5,85.2,0.0,11.64,0,0,6690.19
2024-09-30 04:00:00,Empirical_Utility_Substation,120000,1,11500.0,12.56,76.8,0.0,9.49,0,0,6586.71
2024-09-30 05:00:00,Empirical_Utility_Substation,120000,1,11500.0,14.27,83.9,0.0,10.49,0,0,6816.81
2024-09-30 06:00:00,Empirical_Utility_Substation,120000,1,11500.0,15.65,76.5,0.0,13.05,0,0,6925.07
2024-09-30 07:00:00,Empirical_Utility_Substation,120000,1,11500.0,17.49,76.6,34.2,12.84,0,0,6903.57
2024-09-30 08:00:00,Empirical_Utility_Substation,120000,1,11500.0,18.08,74.3,206.3,13.19,0,0,7303.37
2024-09-30 09:00:00,Empirical_Utility_Substation,120000,1,11500.0,19.7,60.9,287.8,12.52,0,0,7406.61
2024-09-30 10:00:00,Empirical_Utility_Substation,120000,1,11500.0,20.29,74.3,151.4,11.67,0,0,7687.8
2024-09-30 11:00:00,Empirical_Utility_Substation,120000,1,11500.0,21.64,60.8,297.0,9.61,0,0,7699.55
2024-09-30 12:00:00,Empirical_Utility_Substation,120000,1,11500.0,22.9,72.9,176.7,13.26,0,0,7706.59
2024-09-30 13:00:00,Empirical_Utility_Substation,120000,1,11500.0,22.77,79.3,297.8,10.03,0,0,7662.63
2024-09-30 14:00:00,Empirical_Utility_Substation,120000,1,11500.0,21.6,67.9,354.1,10.01,0,0,7322.11
2024-09-30 15:00:00,Empirical_Utility_Substation,120000,1,11500.0,21.96,75.3,118.4,12.56,0,0,7060.05
2024-09-30 16:00:00,Empirical_Utility_Substation,120000,1,11500.0,22.79,69.5,100.8,12.98,0,0,6833.23
2024-09-30 17:00:00,Empirical_Utility_Substation,120000,1,11500.0,22.33,57.8,87.8,13.05,0,0,7101.85
2024-09-30 18:00:00,Empirical_Utility_Substation,120000,1,11500.0,22.8,74.6,0.0,10.54,0,0,7338.05
2024-09-30 19:00:00,Empirical_Utility_Substation,120000,1,11500.0,23.36,67.8,0.0,11.02,0,0,7904.45
2024-09-30 20:00:00,Empirical_Utility_Substation,120000,1,11500.0,21.65,70.3,0.0,10.14,0,0,8217.51
2024-09-30 21:00:00,Empirical_Utility_Substation,120000,1,11500.0,18.94,82.9,0.0,8.59,0,0,8332.38
2024-09-30 22:00:00,Empirical_Utility_Substation,120000,1,11500.0,18.02,73.0,0.0,13.77,0,0,7866.87
2024-09-30 23:00:00,Empirical_Utility_Substation,120000,1,11500.0,16.08,78.1,0.0,10.74,0,0,7253.83
2024-10-01 00:00:00,Empirical_Utility_Substation,120000,1,11500.0,13.77,86.2,0.0,12.95,0,0,6851.46
2024-10-01 01:00:00,Empirical_Utility_Substation,120000,1,11500.0,13.22,62.5,0.0,11.19,0,0,6653.47
2024-10-01 02:00:00,Empirical_Utility_Substation,120000,1,11500.0,13.92,78.5,0.0,10.02,0,0,6715.4
2024-10-01 03:00:00,Empirical_Utility_Substation,120000,1,11500.0,13.45,68.9,0.0,11.52,0,0,6748.57
2024-10-01 04:00:00,Empirical_Utility_Substation,120000,1,11500.0,12.91,83.9,0.0,14.21,0,0,6637.18
2024-10-01 05:00:00,Empirical_Utility_Substation,120000,1,11500.0,13.18,71.3,0.0,8.57,0,0,6592.58
2024-10-01 06:00:00,Empirical_Utility_Substation,120000,1,11500.0,14.53,76.4,0.0,10.9,0,0,6515.86
2024-10-01 07:00:00,Empirical_Utility_Substation,120000,1,11500.0,16.8,78.4,34.2,12.09,0,0,6899.69
2024-10-01 08:00:00,Empirical_Utility_Substation,120000,1,11500.0,18.48,67.6,202.3,10.7,0,0,7138.79
2024-10-01 09:00:00,Empirical_Utility_Substation,120000,1,11500.0,19.15,71.9,93.3,15.92,0,0,7234.39
2024-10-01 10:00:00,Empirical_Utility_Substation,120000,1,11500.0,20.97,71.9,133.4,14.09,0,0,7580.29
2024-10-01 11:00:00,Empirical_Utility_Substation,120000,1,11500.0,23.91,66.5,339.8,11.63,0,0,7439.84
2024-10-01 12:00:00,Empirical_Utility_Substation,120000,1,11500.0,26.49,68.5,147.3,12.23,0,0,7512.47
2024-10-01 13:00:00,Empirical_Utility_Substation,120000,1,11500.0,26.75,62.8,399.2,10.57,0,0,7289.6
2024-10-01 14:00:00,Empirical_Utility_Substation,120000,1,11500.0,27.71,53.8,158.9,8.71,0,0,7120.66
2024-10-01 15:00:00,Empirical_Utility_Substation,120000,1,11500.0,27.49,52.9,93.3,10.85,0,0,7092.69
2024-10-01 16:00:00,Empirical_Utility_Substation,120000,1,11500.0,26.45,53.1,172.5,11.91,0,0,7023.76
2024-10-01 17:00:00,Empirical_Utility_Substation,120000,1,11500.0,24.87,54.0,66.7,11.92,0,0,7033.57
2024-10-01 18:00:00,Empirical_Utility_Substation,120000,1,11500.0,25.25,67.9,0.0,13.54,0,0,7119.39
2024-10-01 19:00:00,Empirical_Utility_Substation,120000,1,11500.0,23.23,72.0,0.0,11.02,0,0,7549.18
2024-10-01 20:00:00,Empirical_Utility_Substation,120000,1,11500.0,21.6,69.8,0.0,13.89,0,0,7911.74
2024-10-01 21:00:00,Empirical_Utility_Substation,120000,1,11500.0,21.31,66.7,0.0,12.99,0,0,7947.61
2024-10-01 22:00:00,Empirical_Utility_Substation,120000,1,11500.0,18.73,69.0,0.0,8.63,0,0,7458.73
2024-10-01 23:00:00,Empirical_Utility_Substation,120000,1,11500.0,17.61,79.7,0.0,9.66,0,0,6856.6
2024-10-02 00:00:00,Empirical_Utility_Substation,120000,1,11500.0,15.24,70.8,0.0,10.88,0,1,5546.44
2024-10-02 01:00:00,Empirical_Utility_Substation,120000,1,11500.0,15.68,64.1,0.0,12.08,0,1,5168.5
2024-10-02 02:00:00,Empirical_Utility_Substation,120000,1,11500.0,15.39,71.5,0.0,12.8,0,1,5321.05
2024-10-02 03:00:00,Empirical_Utility_Substation,120000,1,11500.0,14.93,75.1,0.0,10.56,0,1,5110.59
2024-10-02 04:00:00,Empirical_Utility_Substation,120000,1,11500.0,15.35,75.8,0.0,13.3,0,1,5235.95
2024-10-02 05:00:00,Empirical_Utility_Substation,120000,1,11500.0,14.75,68.6,0.0,10.47,0,1,5270.31
2024-10-02 06:00:00,Empirical_Utility_Substation,120000,1,11500.0,15.05,72.7,0.0,9.21,0,1,5313.74
2024-10-02 07:00:00,Empirical_Utility_Substation,120000,1,11500.0,16.14,67.1,126.7,11.24,0,1,5560.67
2024-10-02 08:00:00,Empirical_Utility_Substation,120000,1,11500.0,18.38,69.8,265.4,11.75,0,1,5819.5
2024-10-02 09:00:00,Empirical_Utility_Substation,120000,1,11500.0,19.95,76.1,311.0,14.95,0,1,6138.94
2024-10-02 10:00:00,Empirical_Utility_Substation,120000,1,11500.0,21.74,80.1,166.6,10.21,0,1,6409.9
2024-10-02 11:00:00,Empirical_Utility_Substation,120000,1,11500.0,22.54,61.9,136.8,15.14,0,1,6427.08
2024-10-02 12:00:00,Empirical_Utility_Substation,120000,1,11500.0,23.56,62.7,416.1,10.6,0,1,6383.12
2024-10-02 13:00:00,Empirical_Utility_Substation,120000,1,11500.0,23.55,64.3,226.3,12.35,0,1,6221.23
2024-10-02 14:00:00,Empirical_Utility_Substation,120000,1,11500.0,24.74,58.8,395.6,10.12,0,1,5953.02
2024-10-02 15:00:00,Empirical_Utility_Substation,120000,1,11500.0,25.34,55.8,385.5,11.05,0,1,5382.06
2024-10-02 16:00:00,Empirical_Utility_Substation,120000,1,11500.0,25.79,66.8,247.1,10.95,0,1,5485.35
2024-10-02 17:00:00,Empirical_Utility_Substation,120000,1,11500.0,26.48,67.8,34.2,13.8,0,1,5732.91
2024-10-02 18:00:00,Empirical_Utility_Substation,120000,1,11500.0,24.88,63.6,0.0,12.76,0,1,6081.08
2024-10-02 19:00:00,Empirical_Utility_Substation,120000,1,11500.0,22.46,60.4,0.0,13.96,0,1,6657.5
2024-10-02 20:00:00,Empirical_Utility_Substation,120000,1,11500.0,21.49,58.9,0.0,9.68,0,1,6685.56
2024-10-02 21:00:00,Empirical_Utility_Substation,120000,1,11500.0,19.92,70.2,0.0,12.35,0,1,6543.83
2024-10-02 22:00:00,Empirical_Utility_Substation,120000,1,11500.0,17.81,66.9,0.0,10.47,0,1,6172.96
2024-10-02 23:00:00,Empirical_Utility_Substation,120000,1,11500.0,16.27,65.2,0.0,9.45,0,1,5842.71
2024-10-03 00:00:00,Empirical_Utility_Substation,120000,1,11500.0,14.44,70.8,0.0,12.65,0,0,6391.4
2024-10-03 01:00:00,Empirical_Utility_Substation,120000,1,11500.0,14.29,66.2,0.0,9.08,0,0,6559.84
2024-10-03 02:00:00,Empirical_Utility_Substation,120000,1,11500.0,12.48,82.6,0.0,12.26,0,0,6601.13
2024-10-03 03:00:00,Empirical_Utility_Substation,120000,1,11500.0,12.15,86.7,0.0,8.76,0,0,6462.19
2024-10-03 04:00:00,Empirical_Utility_Substation,120000,1,11500.0,12.79,76.2,0.0,8.71,0,0,6217.27
2024-10-03 05:00:00,Empirical_Utility_Substation,120000,1,11500.0,13.79,79.2,0.0,9.2,0,0,6266.44
2024-10-03 06:00:00,Empirical_Utility_Substation,120000,1,11500.0,15.38,74.1,0.0,11.4,0,0,6448.24
2024-10-03 07:00:00,Empirical_Utility_Substation,120000,1,11500.0,16.2,70.1,50.3,9.37,0,0,6672.26
2024-10-03 08:00:00,Empirical_Utility_Substation,120000,1,11500.0,16.62,68.7,217.9,11.7,0,0,7003.4
2024-10-03 09:00:00,Empirical_Utility_Substation,120000,1,11500.0,17.97,64.5,327.6,14.07,0,0,7297.6
2024-10-03 10:00:00,Empirical_Utility_Substation,120000,1,11500.0,19.4,77.8,204.1,8.72,0,0,7583.89
2024-10-03 11:00:00,Empirical_Utility_Substation,120000,1,11500.0,21.0,57.8,510.4,9.89,0,0,7555.2
2024-10-03 12:00:00,Empirical_Utility_Substation,120000,1,11500.0,21.16,63.8,508.4,12.13,0,0,7390.55
2024-10-03 13:00:00,Empirical_Utility_Substation,120000,1,11500.0,22.3,66.3,220.2,15.34,0,0,7170.36
2024-10-03 14:00:00,Empirical_Utility_Substation,120000,1,11500.0,22.42,63.5,430.6,11.26,0,0,6916.36
2024-10-03 15:00:00,Empirical_Utility_Substation,120000,1,11500.0,23.26,69.0,140.9,10.26,0,0,6658.55
2024-10-03 16:00:00,Empirical_Utility_Substation,120000,1,11500.0,21.98,69.3,66.0,8.42,0,0,6836.24
2024-10-03 17:00:00,Empirical_Utility_Substation,120000,1,11500.0,21.01,72.7,97.3,13.87,0,0,6902.53
2024-10-03 18:00:00,Empirical_Utility_Substation,120000,1,11500.0,20.07,75.7,0.0,11.85,0,0,7241.81
2024-10-03 19:00:00,Empirical_Utility_Substation,120000,1,11500.0,20.86,67.1,0.0,11.75,0,0,7561.99
2024-10-03 20:00:00,Empirical_Utility_Substation,120000,1,11500.0,19.9,64.6,0.0,10.64,0,0,7898.83
2024-10-03 21:00:00,Empirical_Utility_Substation,120000,1,11500.0,18.65,76.8,0.0,11.65,0,0,7726.37
2024-10-03 22:00:00,Empirical_Utility_Substation,120000,1,11500.0,16.21,76.4,0.0,11.38,0,0,7315.79
2024-10-03 23:00:00,Empirical_Utility_Substation,120000,1,11500.0,15.69,72.9,0.0,12.25,0,0,6987.73
2024-10-04 00:00:00,Empirical_Utility_Substation,120000,1,11500.0,14.05,72.6,0.0,15.27,0,0,6368.92
2024-10-04 01:00:00,Empirical_Utility_Substation,120000,1,11500.0,14.0,67.1,0.0,15.96,0,0,6272.55
2024-10-04 02:00:00,Empirical_Utility_Substation,120000,1,11500.0,13.24,81.1,0.0,13.17,0,0,6272.98
2024-10-04 03:00:00,Empirical_Utility_Substation,120000,1,11500.0,13.63,78.1,0.0,11.94,0,0,6295.84
2024-10-04 04:00:00,Empirical_Utility_Substation,120000,1,11500.0,13.47,71.8,0.0,8.84,0,0,6372.84
2024-10-04 05:00:00,Empirical_Utility_Substation,120000,1,11500.0,14.11,65.8,0.0,15.69,0,0,6466.23
2024-10-04 06:00:00,Empirical_Utility_Substation,120000,1,11500.0,15.03,68.4,0.0,11.66,0,0,6729.8
2024-10-04 07:00:00,Empirical_Utility_Substation,120000,1,11500.0,14.31,69.2,57.2,10.19,0,0,6921.38
2024-10-04 08:00:00,Empirical_Utility_Substation,120000,1,11500.0,15.76,57.5,266.5,9.32,0,0,7031.01
2024-10-04 09:00:00,Empirical_Utility_Substation,120000,1,11500.0,16.12,75.5,324.4,10.29,0,0,7432.85
2024-10-04 10:00:00,Empirical_Utility_Substation,120000,1,11500.0,18.11,69.5,400.1,11.42,0,0,7795.7
2024-10-04 11:00:00,Empirical_Utility_Substation,120000,1,11500.0,19.76,51.6,433.8,12.64,0,0,7794.8
2024-10-04 12:00:00,Empirical_Utility_Substation,120000,1,11500.0,18.81,59.5,363.4,12.07,0,0,7602.85
2024-10-04 13:00:00,Empirical_Utility_Substation,120000,1,11500.0,21.01,56.3,495.5,10.55,0,0,7374.33
2024-10-04 14:00:00,Empirical_Utility_Substation,120000,1,11500.0,23.03,67.2,360.7,12.09,0,0,6908.16
2024-10-04 15:00:00,Empirical_Utility_Substation,120000,1,11500.0,23.65,69.5,93.3,12.62,0,0,6767.84
2024-10-04 16:00:00,Empirical_Utility_Substation,120000,1,11500.0,22.42,61.3,66.0,10.82,0,0,7008.07
2024-10-04 17:00:00,Empirical_Utility_Substation,120000,1,11500.0,22.46,73.3,91.9,10.86,0,0,7189.25
2024-10-04 18:00:00,Empirical_Utility_Substation,120000,1,11500.0,21.3,61.7,0.0,10.4,0,0,7437.08
2024-10-04 19:00:00,Empirical_Utility_Substation,120000,1,11500.0,19.61,78.8,0.0,15.15,0,0,7839.57
2024-10-04 20:00:00,Empirical_Utility_Substation,120000,1,11500.0,18.89,67.6,0.0,11.88,0,0,7960.05
2024-10-04 21:00:00,Empirical_Utility_Substation,120000,1,11500.0,20.05,57.8,0.0,9.42,0,0,7692.68
2024-10-04 22:00:00,Empirical_Utility_Substation,120000,1,11500.0,16.91,67.4,0.0,8.66,0,0,7229.79
2024-10-04 23:00:00,Empirical_Utility_Substation,120000,1,11500.0,14.15,81.0,0.0,12.0,0,0,6936.67
2024-10-05 00:00:00,Empirical_Utility_Substation,120000,1,11500.0,12.29,71.3,0.0,10.08,1,0,5651.99
2024-10-05 01:00:00,Empirical_Utility_Substation,120000,1,11500.0,10.35,81.7,0.0,11.8,1,0,5951.79
2024-10-05 02:00:00,Empirical_Utility_Substation,120000,1,11500.0,10.97,74.2,0.0,13.79,1,0,5927.4
2024-10-05 03:00:00,Empirical_Utility_Substation,120000,1,11500.0,9.4,66.1,0.0,9.37,1,0,5942.66
2024-10-05 04:00:00,Empirical_Utility_Substation,120000,1,11500.0,9.43,84.5,0.0,8.28,1,0,5960.29
2024-10-05 05:00:00,Empirical_Utility_Substation,120000,1,11500.0,10.62,74.6,0.0,11.96,1,0,5950.68
2024-10-05 06:00:00,Empirical_Utility_Substation,120000,1,11500.0,11.94,69.2,0.0,11.84,1,0,6072.47
2024-10-05 07:00:00,Empirical_Utility_Substation,120000,1,11500.0,12.48,68.9,58.4,10.84,1,0,6058.55
2024-10-05 08:00:00,Empirical_Utility_Substation,120000,1,11500.0,14.75,81.6,71.0,11.27,1,0,6281.91
2024-10-05 09:00:00,Empirical_Utility_Substation,120000,1,11500.0,14.49,72.6,351.5,9.03,1,0,6502.13
2024-10-05 10:00:00,Empirical_Utility_Substation,120000,1,11500.0,17.79,62.2,371.4,12.43,1,0,6658.18
2024-10-05 11:00:00,Empirical_Utility_Substation,120000,1,11500.0,19.5,67.9,194.5,9.84,1,0,6735.38
2024-10-05 12:00:00,Empirical_Utility_Substation,120000,1,11500.0,20.93,62.2,468.4,10.26,1,0,6656.83
2024-10-05 13:00:00,Empirical_Utility_Substation,120000,1,11500.0,22.63,51.4,500.2,13.68,1,0,6446.5
2024-10-05 14:00:00,Empirical_Utility_Substation,120000,1,11500.0,22.72,69.8,122.9,10.7,1,0,6287.45
2024-10-05 15:00:00,Empirical_Utility_Substation,120000,1,11500.0,22.71,64.2,257.7,12.76,1,0,6104.17
2024-10-05 16:00:00,Empirical_Utility_Substation,120000,1,11500.0,22.78,59.9,94.0,9.16,1,0,6265.97
2024-10-05 17:00:00,Empirical_Utility_Substation,120000,1,11500.0,21.24,67.6,116.5,13.68,1,0,6577.79
2024-10-05 18:00:00,Empirical_Utility_Substation,120000,1,11500.0,20.97,60.5,0.0,11.02,1,0,6997.86
2024-10-05 19:00:00,Empirical_Utility_Substation,120000,1,11500.0,20.65,69.6,0.0,10.89,1,0,7302.07
2024-10-05 20:00:00,Empirical_Utility_Substation,120000,1,11500.0,18.94,68.4,0.0,10.33,1,0,7349.03
2024-10-05 21:00:00,Empirical_Utility_Substation,120000,1,11500.0,16.64,74.0,0.0,14.05,1,0,7227.31
2024-10-05 22:00:00,Empirical_Utility_Substation,120000,1,11500.0,14.64,68.5,0.0,12.83,1,0,6764.23
2024-10-05 23:00:00,Empirical_Utility_Substation,120000,1,11500.0,14.99,69.2,0.0,10.12,1,0,6245.72
2024-10-06 00:00:00,Empirical_Utility_Substation,120000,1,11500.0,11.12,71.0,0.0,15.03,1,0,5669.43
2024-10-06 01:00:00,Empirical_Utility_Substation,120000,1,11500.0,9.88,74.7,0.0,11.57,1,0,5828.75
2024-10-06 02:00:00,Empirical_Utility_Substation,120000,1,11500.0,9.6,77.6,0.0,11.3,1,0,5842.01
2024-10-06 03:00:00,Empirical_Utility_Substation,120000,1,11500.0,9.39,85.4,0.0,10.07,1,0,5776.68
2024-10-06 04:00:00,Empirical_Utility_Substation,120000,1,11500.0,11.44,70.1,0.0,10.91,1,0,5687.83
2024-10-06 05:00:00,Empirical_Utility_Substation,120000,1,11500.0,12.52,73.7,0.0,11.87,1,0,5759.44
2024-10-06 06:00:00,Empirical_Utility_Substation,120000,1,11500.0,14.03,74.0,0.0,10.46,1,0,5895.42
2024-10-06 07:00:00,Empirical_Utility_Substation,120000,1,11500.0,15.63,69.7,89.4,9.31,1,0,6238.85
2024-10-06 08:00:00,Empirical_Utility_Substation,120000,1,11500.0,17.1,66.6,66.0,13.94,1,0,6726.32
2024-10-06 09:00:00,Empirical_Utility_Substation,120000,1,11500.0,20.79,70.3,202.9,14.89,1,0,6931.97
2024-10-06 10:00:00,Empirical_Utility_Substation,120000,1,11500.0,21.8,64.7,421.8,9.21,1,0,7056.25
2024-10-06 11:00:00,Empirical_Utility_Substation,120000,1,11500.0,23.66,58.7,247.0,12.1,1,0,6994.62
2024-10-06 12:00:00,Empirical_Utility_Substation,120000,1,11500.0,24.69,58.9,132.0,10.86,1,0,6875.08
2024-10-06 13:00:00,Empirical_Utility_Substation,120000,1,11500.0,25.17,60.4,282.2,8.76,1,0,6770.72
2024-10-06 14:00:00,Empirical_Utility_Substation,120000,1,11500.0,24.43,63.1,294.4,10.47,1,0,6292.04
2024-10-06 15:00:00,Empirical_Utility_Substation,120000,1,11500.0,24.71,64.6,128.7,14.66,1,0,6134.03
2024-10-06 16:00:00,Empirical_Utility_Substation,120000,1,11500.0,25.11,62.1,236.6,10.5,1,0,6292.22
2024-10-06 17:00:00,Empirical_Utility_Substation,120000,1,11500.0,23.97,70.0,45.1,9.49,1,0,6499.43
2024-10-06 18:00:00,Empirical_Utility_Substation,120000,1,11500.0,23.74,61.1,0.0,14.98,1,0,6641.37
2024-10-06 19:00:00,Empirical_Utility_Substation,120000,1,11500.0,22.24,67.0,0.0,12.78,1,0,7294.74
2024-10-06 20:00:00,Empirical_Utility_Substation,120000,1,11500.0,19.66,64.3,0.0,14.53,1,0,7354.99
2024-10-06 21:00:00,Empirical_Utility_Substation,120000,1,11500.0,18.91,70.4,0.0,9.85,1,0,7034.58
2024-10-06 22:00:00,Empirical_Utility_Substation,120000,1,11500.0,17.08,65.5,0.0,14.09,1,0,6768.75
2024-10-06 23:00:00,Empirical_Utility_Substation,120000,1,11500.0,17.74,78.6,0.0,9.85,1,0,6065.16
2024-10-07 00:00:00,Empirical_Utility_Substation,120000,1,11500.0,16.23,71.3,0.0,12.84,0,0,6295.47
2024-10-07 01:00:00,Empirical_Utility_Substation,120000,1,11500.0,16.7,64.3,0.0,11.72,0,0,6278.8
2024-10-07 02:00:00,Empirical_Utility_Substation,120000,1,11500.0,17.3,73.7,0.0,12.23,0,0,6180.75
2024-10-07 03:00:00,Empirical_Utility_Substation,120000,1,11500.0,15.71,78.7,0.0,9.92,0,0,6132.52
2024-10-07 04:00:00,Empirical_Utility_Substation,120000,1,11500.0,15.27,75.9,0.0,14.06,0,0,6294.13
2024-10-07 05:00:00,Empirical_Utility_Substation,120000,1,11500.0,16.01,81.7,0.0,12.58,0,0,6332.16
2024-10-07 06:00:00,Empirical_Utility_Substation,120000,1,11500.0,16.31,63.5,0.0,12.33,0,0,6324.35
2024-10-07 07:00:00,Empirical_Utility_Substation,120000,1,11500.0,17.44,67.2,68.7,14.8,0,0,6746.96
2024-10-07 08:00:00,Empirical_Utility_Substation,120000,1,11500.0,18.22,61.3,268.5,11.27,0,0,7036.25
2024-10-07 09:00:00,Empirical_Utility_Substation,120000,1,11500.0,19.83,68.9,351.4,10.76,0,0,7314.32
2024-10-07 10:00:00,Empirical_Utility_Substation,120000,1,11500.0,21.5,57.9,210.2,13.66,0,0,7390.07
2024-10-07 11:00:00,Empirical_Utility_Substation,120000,1,11500.0,21.64,65.1,212.9,8.25,0,0,7614.12
2024-10-07 12:00:00,Empirical_Utility_Substation,120000,1,11500.0,23.56,59.0,450.9,10.2,0,0,7467.48
2024-10-07 13:00:00,Empirical_Utility_Substation,120000,1,11500.0,24.84,65.9,127.5,12.55,0,0,7448.61
2024-10-07 14:00:00,Empirical_Utility_Substation,120000,1,11500.0,26.6,64.8,260.5,11.17,0,0,7316.42
2024-10-07 15:00:00,Empirical_Utility_Substation,120000,1,11500.0,25.46,59.2,253.5,8.8,0,0,7113.0
2024-10-07 16:00:00,Empirical_Utility_Substation,120000,1,11500.0,26.42,59.8,243.7,10.34,0,0,7349.1
2024-10-07 17:00:00,Empirical_Utility_Substation,120000,1,11500.0,25.26,67.5,91.5,10.96,0,0,7321.37
2024-10-07 18:00:00,Empirical_Utility_Substation,120000,1,11500.0,25.12,63.7,0.0,10.86,0,0,7612.02
2024-10-07 19:00:00,Empirical_Utility_Substation,120000,1,11500.0,23.04,62.9,0.0,11.27,0,0,7806.19
2024-10-07 20:00:00,Empirical_Utility_Substation,120000,1,11500.0,22.41,65.9,0.0,12.79,0,0,7910.23
2024-10-07 21:00:00,Empirical_Utility_Substation,120000,1,11500.0,22.62,75.4,0.0,11.63,0,0,7903.19
2024-10-07 22:00:00,Empirical_Utility_Substation,120000,1,11500.0,20.22,70.0,0.0,12.22,0,0,7339.06
2024-10-07 23:00:00,Empirical_Utility_Substation,120000,1,11500.0,17.49,73.1,0.0,13.03,0,0,6771.58
2024-10-08 00:00:00,Empirical_Utility_Substation,120000,1,11500.0,16.74,69.6,0.0,13.36,0,0,6172.98
2024-10-08 01:00:00,Empirical_Utility_Substation,120000,1,11500.0,15.37,65.8,0.0,11.25,0,0,6323.5
2024-10-08 02:00:00,Empirical_Utility_Substation,120000,1,11500.0,13.49,65.0,0.0,10.32,0,0,6225.51
2024-10-08 03:00:00,Empirical_Utility_Substation,120000,1,11500.0,13.41,74.0,0.0,13.28,0,0,6139.72
2024-10-08 04:00:00,Empirical_Utility_Substation,120000,1,11500.0,13.51,77.6,0.0,13.68,0,0,6063.78
2024-10-08 05:00:00,Empirical_Utility_Substation,120000,1,11500.0,13.9,83.4,0.0,11.22,0,0,6212.57
2024-10-08 06:00:00,Empirical_Utility_Substation,120000,1,11500.0,15.57,65.5,0.0,12.85,0,0,6422.6
2024-10-08 07:00:00,Empirical_Utility_Substation,120000,1,11500.0,16.43,75.7,67.0,9.73,0,0,6573.57
2024-10-08 08:00:00,Empirical_Utility_Substation,120000,1,11500.0,19.17,66.4,170.8,10.46,0,0,6833.06
2024-10-08 09:00:00,Empirical_Utility_Substation,120000,1,11500.0,20.12,57.5,343.2,10.32,0,0,7010.41
2024-10-08 10:00:00,Empirical_Utility_Substation,120000,1,11500.0,22.51,67.3,138.8,14.67,0,0,7225.8
2024-10-08 11:00:00,Empirical_Utility_Substation,120000,1,11500.0,23.94,67.2,172.3,10.49,0,0,7279.82
2024-10-08 12:00:00,Empirical_Utility_Substation,120000,1,11500.0,23.69,59.9,328.6,11.5,0,0,7091.15
2024-10-08 13:00:00,Empirical_Utility_Substation,120000,1,11500.0,23.42,65.3,376.8,11.98,0,0,6887.28
2024-10-08 14:00:00,Empirical_Utility_Substation,120000,1,11500.0,24.39,75.6,293.1,11.07,0,0,6602.48
2024-10-08 15:00:00,Empirical_Utility_Substation,120000,1,11500.0,25.04,64.4,245.5,10.76,0,0,6525.47
2024-10-08 16:00:00,Empirical_Utility_Substation,120000,1,11500.0,24.22,73.0,180.9,11.41,0,0,6563.73
2024-10-08 17:00:00,Empirical_Utility_Substation,120000,1,11500.0,24.1,59.4,60.2,10.38,0,0,6877.63
2024-10-08 18:00:00,Empirical_Utility_Substation,120000,1,11500.0,23.35,59.9,0.0,12.31,0,0,7439.39
2024-10-08 19:00:00,Empirical_Utility_Substation,120000,1,11500.0,22.69,53.8,0.0,9.67,0,0,7633.83
2024-10-08 20:00:00,Empirical_Utility_Substation,120000,1,11500.0,21.42,59.5,0.0,12.16,0,0,7948.1
2024-10-08 21:00:00,Empirical_Utility_Substation,120000,1,11500.0,19.31,71.0,0.0,11.79,0,0,7899.05
2024-10-08 22:00:00,Empirical_Utility_Substation,120000,1,11500.0,18.36,65.1,0.0,9.76,0,0,7491.69
2024-10-08 23:00:00,Empirical_Utility_Substation,120000,1,11500.0,18.63,67.9,0.0,14.88,0,0,7019.8
2024-10-09 00:00:00,Empirical_Utility_Substation,120000,1,11500.0,17.38,60.7,0.0,12.6,0,0,6383.16
2024-10-09 01:00:00,Empirical_Utility_Substation,120000,1,11500.0,16.64,69.5,0.0,9.09,0,0,6465.16
2024-10-09 02:00:00,Empirical_Utility_Substation,120000,1,11500.0,14.85,71.3,0.0,11.38,0,0,6499.23
2024-10-09 03:00:00,Empirical_Utility_Substation,120000,1,11500.0,13.81,72.3,0.0,13.53,0,0,6473.15
2024-10-09 04:00:00,Empirical_Utility_Substation,120000,1,11500.0,13.49,65.7,0.0,12.01,0,0,6393.05
2024-10-09 05:00:00,Empirical_Utility_Substation,120000,1,11500.0,14.53,72.2,0.0,11.17,0,0,6530.55
2024-10-09 06:00:00,Empirical_Utility_Substation,120000,1,11500.0,16.95,76.2,0.0,9.66,0,0,6426.45
2024-10-09 07:00:00,Empirical_Utility_Substation,120000,1,11500.0,19.27,71.8,109.8,12.14,0,0,6565.06
2024-10-09 08:00:00,Empirical_Utility_Substation,120000,1,11500.0,21.21,71.6,199.0,10.58,0,0,6841.77
2024-10-09 09:00:00,Empirical_Utility_Substation,120000,1,11500.0,22.51,64.6,105.2,12.91,0,0,7138.41
2024-10-09 10:00:00,Empirical_Utility_Substation,120000,1,11500.0,22.28,65.7,114.3,11.87,0,0,7417.94
2024-10-09 11:00:00,Empirical_Utility_Substation,120000,1,11500.0,23.03,66.3,485.1,13.05,0,0,7632.74
2024-10-09 12:00:00,Empirical_Utility_Substation,120000,1,11500.0,22.81,62.5,271.2,11.36,0,0,7355.33
2024-10-09 13:00:00,Empirical_Utility_Substation,120000,1,11500.0,24.87,64.5,296.5,11.54,0,0,6937.0
2024-10-09 14:00:00,Empirical_Utility_Substation,120000,1,11500.0,23.76,72.8,157.0,13.84,0,0,6674.49
2024-10-09 15:00:00,Empirical_Utility_Substation,120000,1,11500.0,23.78,45.6,373.5,12.65,0,0,6946.21
2024-10-09 16:00:00,Empirical_Utility_Substation,120000,1,11500.0,24.97,62.6,167.4,10.29,0,0,6767.42
2024-10-09 17:00:00,Empirical_Utility_Substation,120000,1,11500.0,25.04,58.9,92.9,10.2,0,0,7021.17
2024-10-09 18:00:00,Empirical_Utility_Substation,120000,1,11500.0,23.05,67.8,0.0,10.53,0,0,7363.9
2024-10-09 19:00:00,Empirical_Utility_Substation,120000,1,11500.0,21.67,74.4,0.0,12.03,0,0,7741.68
2024-10-09 20:00:00,Empirical_Utility_Substation,120000,1,11500.0,22.1,72.4,0.0,14.35,0,0,7930.41
2024-10-09 21:00:00,Empirical_Utility_Substation,120000,1,11500.0,21.01,73.5,0.0,11.23,0,0,7717.8
2024-10-09 22:00:00,Empirical_Utility_Substation,120000,1,11500.0,19.52,76.6,0.0,15.04,0,0,7394.63
2024-10-09 23:00:00,Empirical_Utility_Substation,120000,1,11500.0,19.3,64.9,0.0,13.36,0,0,7033.77
2024-10-10 00:00:00,Empirical_Utility_Substation,120000,1,11500.0,18.3,70.0,0.0,11.45,0,0,6476.81
2024-10-10 01:00:00,Empirical_Utility_Substation,120000,1,11500.0,17.51,58.8,0.0,11.63,0,0,6643.97
2024-10-10 02:00:00,Empirical_Utility_Substation,120000,1,11500.0,15.3,65.0,0.0,11.09,0,0,6722.83
2024-10-10 03:00:00,Empirical_Utility_Substation,120000,1,11500.0,15.02,66.5,0.0,11.24,0,0,6923.29
2024-10-10 04:00:00,Empirical_Utility_Substation,120000,1,11500.0,15.41,73.8,0.0,12.12,0,0,6895.3
2024-10-10 05:00:00,Empirical_Utility_Substation,120000,1,11500.0,15.95,71.9,0.0,12.56,0,0,7031.85
2024-10-10 06:00:00,Empirical_Utility_Substation,120000,1,11500.0,16.96,57.2,0.0,12.14,0,0,7050.14
2024-10-10 07:00:00,Empirical_Utility_Substation,120000,1,11500.0,18.65,68.2,66.5,10.52,0,0,7176.01
2024-10-10 08:00:00,Empirical_Utility_Substation,120000,1,11500.0,18.68,75.2,66.0,14.13,0,0,7303.28
2024-10-10 09:00:00,Empirical_Utility_Substation,120000,1,11500.0,20.07,57.5,366.2,11.87,0,0,7596.93
2024-10-10 10:00:00,Empirical_Utility_Substation,120000,1,11500.0,20.9,76.2,241.4,10.3,0,0,7788.68
2024-10-10 11:00:00,Empirical_Utility_Substation,120000,1,11500.0,23.2,59.6,333.3,10.72,0,0,7977.18
2024-10-10 12:00:00,Empirical_Utility_Substation,120000,1,11500.0,24.15,68.6,132.0,9.7,0,0,7713.08
2024-10-10 13:00:00,Empirical_Utility_Substation,120000,1,11500.0,26.06,52.8,227.5,16.18,0,0,7457.48
2024-10-10 14:00:00,Empirical_Utility_Substation,120000,1,11500.0,24.37,52.8,114.3,9.28,0,0,7160.86
2024-10-10 15:00:00,Empirical_Utility_Substation,120000,1,11500.0,25.36,58.5,93.3,9.62,0,0,7071.05
2024-10-10 16:00:00,Empirical_Utility_Substation,120000,1,11500.0,26.92,58.2,257.0,10.31,0,0,7073.0
2024-10-10 17:00:00,Empirical_Utility_Substation,120000,1,11500.0,26.05,67.1,130.5,12.25,0,0,6996.01
2024-10-10 18:00:00,Empirical_Utility_Substation,120000,1,11500.0,25.88,58.5,0.0,12.89,0,0,7529.72
2024-10-10 19:00:00,Empirical_Utility_Substation,120000,1,11500.0,25.3,68.7,0.0,10.96,0,0,8033.01
2024-10-10 20:00:00,Empirical_Utility_Substation,120000,1,11500.0,23.97,55.7,0.0,10.4,0,0,8099.35
2024-10-10 21:00:00,Empirical_Utility_Substation,120000,1,11500.0,20.95,65.5,0.0,9.67,0,0,8040.17
2024-10-10 22:00:00,Empirical_Utility_Substation,120000,1,11500.0,18.32,71.8,0.0,15.84,0,0,7652.32
2024-10-10 23:00:00,Empirical_Utility_Substation,120000,1,11500.0,17.48,60.2,0.0,10.33,0,0,7336.07
2024-10-11 00:00:00,Empirical_Utility_Substation,120000,1,11500.0,15.93,76.0,0.0,14.81,0,0,6809.33
2024-10-11 01:00:00,Empirical_Utility_Substation,120000,1,11500.0,14.2,64.6,0.0,14.3,0,0,6589.49
2024-10-11 02:00:00,Empirical_Utility_Substation,120000,1,11500.0,13.08,75.0,0.0,10.25,0,0,6289.84
2024-10-11 03:00:00,Empirical_Utility_Substation,120000,1,11500.0,12.21,74.6,0.0,15.69,0,0,6278.75
2024-10-11 04:00:00,Empirical_Utility_Substation,120000,1,11500.0,12.09,78.9,0.0,11.2,0,0,6444.17
2024-10-11 05:00:00,Empirical_Utility_Substation,120000,1,11500.0,14.17,71.8,0.0,10.56,0,0,6424.54
2024-10-11 06:00:00,Empirical_Utility_Substation,120000,1,11500.0,15.7,66.9,0.0,11.74,0,0,6460.84
2024-10-11 07:00:00,Empirical_Utility_Substation,120000,1,11500.0,16.02,75.5,34.2,15.57,0,0,6687.43
2024-10-11 08:00:00,Empirical_Utility_Substation,120000,1,11500.0,16.44,72.6,168.4,13.21,0,0,7118.28
2024-10-11 09:00:00,Empirical_Utility_Substation,120000,1,11500.0,18.1,63.2,266.7,11.41,0,0,7379.24
2024-10-11 10:00:00,Empirical_Utility_Substation,120000,1,11500.0,20.01,71.6,192.5,8.97,0,0,7749.5
2024-10-11 11:00:00,Empirical_Utility_Substation,120000,1,11500.0,20.86,70.4,387.8,9.86,0,0,7816.3
2024-10-11 12:00:00,Empirical_Utility_Substation,120000,1,11500.0,21.98,57.9,187.4,10.42,0,0,7651.36
2024-10-11 13:00:00,Empirical_Utility_Substation,120000,1,11500.0,23.96,64.0,354.1,13.12,0,0,7446.61
2024-10-11 14:00:00,Empirical_Utility_Substation,120000,1,11500.0,25.2,60.7,261.6,10.3,0,0,7394.93
2024-10-11 15:00:00,Empirical_Utility_Substation,120000,1,11500.0,23.78,68.2,271.6,11.47,0,0,7245.56
2024-10-11 16:00:00,Empirical_Utility_Substation,120000,1,11500.0,23.37,49.7,247.7,9.61,0,0,7051.28
2024-10-11 17:00:00,Empirical_Utility_Substation,120000,1,11500.0,22.14,70.6,105.0,13.26,0,0,7325.0
2024-10-11 18:00:00,Empirical_Utility_Substation,120000,1,11500.0,22.0,61.1,0.0,10.11,0,0,7648.06
2024-10-11 19:00:00,Empirical_Utility_Substation,120000,1,11500.0,20.55,67.8,0.0,13.09,0,0,8064.89
2024-10-11 20:00:00,Empirical_Utility_Substation,120000,1,11500.0,18.48,59.9,0.0,10.38,0,0,8023.41
2024-10-11 21:00:00,Empirical_Utility_Substation,120000,1,11500.0,17.89,75.5,0.0,10.56,0,0,7784.21
2024-10-11 22:00:00,Empirical_Utility_Substation,120000,1,11500.0,17.03,75.5,0.0,11.78,0,0,7201.09
2024-10-11 23:00:00,Empirical_Utility_Substation,120000,1,11500.0,15.81,82.6,0.0,11.79,0,0,6556.42
2024-10-12 00:00:00,Empirical_Utility_Substation,120000,1,11500.0,16.29,63.3,0.0,11.98,1,0,5288.86
2024-10-12 01:00:00,Empirical_Utility_Substation,120000,1,11500.0,16.15,74.9,0.0,12.05,1,0,5079.24
2024-10-12 02:00:00,Empirical_Utility_Substation,120000,1,11500.0,15.56,64.8,0.0,12.08,1,0,5449.48
2024-10-12 03:00:00,Empirical_Utility_Substation,120000,1,11500.0,15.32,79.0,0.0,10.41,1,0,5529.44
2024-10-12 04:00:00,Empirical_Utility_Substation,120000,1,11500.0,13.97,63.7,0.0,12.72,1,0,5480.39
2024-10-12 05:00:00,Empirical_Utility_Substation,120000,1,11500.0,13.37,73.7,0.0,10.56,1,0,5491.3
2024-10-12 06:00:00,Empirical_Utility_Substation,120000,1,11500.0,14.69,78.9,0.0,9.65,1,0,5567.87
2024-10-12 07:00:00,Empirical_Utility_Substation,120000,1,11500.0,15.53,59.4,86.9,9.52,1,0,5832.58
2024-10-12 08:00:00,Empirical_Utility_Substation,120000,1,11500.0,17.51,69.3,130.6,12.72,1,0,6090.81
2024-10-12 09:00:00,Empirical_Utility_Substation,120000,1,11500.0,17.37,70.2,347.1,10.08,1,0,6267.22
2024-10-12 10:00:00,Empirical_Utility_Substation,120000,1,11500.0,18.79,65.7,435.5,12.21,1,0,6740.85
2024-10-12 11:00:00,Empirical_Utility_Substation,120000,1,11500.0,20.5,69.2,384.5,11.04,1,0,6886.56
2024-10-12 12:00:00,Empirical_Utility_Substation,120000,1,11500.0,21.51,70.9,503.2,10.86,1,0,6591.07
2024-10-12 13:00:00,Empirical_Utility_Substation,120000,1,11500.0,23.98,69.8,127.5,9.15,1,0,5999.97
2024-10-12 14:00:00,Empirical_Utility_Substation,120000,1,11500.0,23.55,70.5,114.3,12.86,1,0,5655.44
2024-10-12 15:00:00,Empirical_Utility_Substation,120000,1,11500.0,24.18,63.2,366.9,16.59,1,0,5516.82
2024-10-12 16:00:00,Empirical_Utility_Substation,120000,1,11500.0,24.22,55.3,197.1,9.59,1,0,5408.02
2024-10-12 17:00:00,Empirical_Utility_Substation,120000,1,11500.0,22.73,73.0,113.0,13.22,1,0,5498.78
2024-10-12 18:00:00,Empirical_Utility_Substation,120000,1,11500.0,21.77,66.7,0.0,9.73,1,0,6212.56
2024-10-12 19:00:00,Empirical_Utility_Substation,120000,1,11500.0,19.41,75.0,0.0,15.41,1,0,6714.7
2024-10-12 20:00:00,Empirical_Utility_Substation,120000,1,11500.0,18.04,72.4,0.0,11.53,1,0,6817.0
2024-10-12 21:00:00,Empirical_Utility_Substation,120000,1,11500.0,15.27,79.8,0.0,12.36,1,0,6747.29
2024-10-12 22:00:00,Empirical_Utility_Substation,120000,1,11500.0,15.06,68.7,0.0,9.96,1,0,6282.22
2024-10-12 23:00:00,Empirical_Utility_Substation,120000,1,11500.0,13.89,88.6,0.0,14.23,1,0,6052.79
2024-10-13 00:00:00,Empirical_Utility_Substation,120000,1,11500.0,11.3,74.2,0.0,12.76,1,0,5493.65
2024-10-13 01:00:00,Empirical_Utility_Substation,120000,1,11500.0,10.58,75.2,0.0,12.2,1,0,5406.97
2024-10-13 02:00:00,Empirical_Utility_Substation,120000,1,11500.0,9.62,88.3,0.0,11.75,1,0,5513.89
2024-10-13 03:00:00,Empirical_Utility_Substation,120000,1,11500.0,9.55,86.7,0.0,10.82,1,0,5364.68
2024-10-13 04:00:00,Empirical_Utility_Substation,120000,1,11500.0,9.03,87.3,0.0,11.13,1,0,5541.12
2024-10-13 05:00:00,Empirical_Utility_Substation,120000,1,11500.0,10.52,69.3,0.0,11.12,1,0,5572.34
2024-10-13 06:00:00,Empirical_Utility_Substation,120000,1,11500.0,12.17,77.4,0.0,9.83,1,0,5603.17
2024-10-13 07:00:00,Empirical_Utility_Substation,120000,1,11500.0,13.38,78.9,34.2,10.54,1,0,5481.51
2024-10-13 08:00:00,Empirical_Utility_Substation,120000,1,11500.0,15.38,69.9,66.0,10.36,1,0,5772.02
2024-10-13 09:00:00,Empirical_Utility_Substation,120000,1,11500.0,16.76,73.4,292.1,10.01,1,0,5916.95
2024-10-13 10:00:00,Empirical_Utility_Substation,120000,1,11500.0,17.5,64.9,180.0,9.98,1,0,6129.65
2024-10-13 11:00:00,Empirical_Utility_Substation,120000,1,11500.0,19.5,68.4,273.0,13.78,1,0,6255.79
2024-10-13 12:00:00,Empirical_Utility_Substation,120000,1,11500.0,21.41,62.3,292.5,11.33,1,0,6201.28
2024-10-13 13:00:00,Empirical_Utility_Substation,120000,1,11500.0,23.43,66.5,505.7,10.93,1,0,5913.26
2024-10-13 14:00:00,Empirical_Utility_Substation,120000,1,11500.0,24.16,58.7,304.2,11.91,1,0,5902.0
2024-10-13 15:00:00,Empirical_Utility_Substation,120000,1,11500.0,24.47,62.1,327.7,14.31,1,0,5628.39
2024-10-13 16:00:00,Empirical_Utility_Substation,120000,1,11500.0,23.8,65.4,249.1,9.87,1,0,5640.83
2024-10-13 17:00:00,Empirical_Utility_Substation,120000,1,11500.0,22.92,56.9,129.8,10.9,1,0,5951.44
2024-10-13 18:00:00,Empirical_Utility_Substation,120000,1,11500.0,21.07,63.5,0.0,8.79,1,0,6469.94
2024-10-13 19:00:00,Empirical_Utility_Substation,120000,1,11500.0,19.81,62.5,0.0,13.67,1,0,6804.12
2024-10-13 20:00:00,Empirical_Utility_Substation,120000,1,11500.0,19.99,77.9,0.0,8.7,1,0,6973.99
2024-10-13 21:00:00,Empirical_Utility_Substation,120000,1,11500.0,17.3,70.6,0.0,13.58,1,0,7005.83
2024-10-13 22:00:00,Empirical_Utility_Substation,120000,1,11500.0,15.29,68.8,0.0,13.87,1,0,6393.36
2024-10-13 23:00:00,Empirical_Utility_Substation,120000,1,11500.0,14.81,72.4,0.0,9.1,1,0,5948.99
2024-10-14 00:00:00,Empirical_Utility_Substation,120000,1,11500.0,13.76,71.4,0.0,11.71,0,0,6251.22
2024-10-14 01:00:00,Empirical_Utility_Substation,120000,1,11500.0,12.53,72.1,0.0,11.41,0,0,6179.46
2024-10-14 02:00:00,Empirical_Utility_Substation,120000,1,11500.0,11.93,64.9,0.0,12.43,0,0,6256.95
2024-10-14 03:00:00,Empirical_Utility_Substation,120000,1,11500.0,12.51,76.9,0.0,10.36,0,0,6380.24
2024-10-14 04:00:00,Empirical_Utility_Substation,120000,1,11500.0,12.72,56.8,0.0,11.24,0,0,6583.27
2024-10-14 05:00:00,Empirical_Utility_Substation,120000,1,11500.0,14.36,80.1,0.0,12.89,0,0,6715.34
2024-10-14 06:00:00,Empirical_Utility_Substation,120000,1,11500.0,16.38,76.8,0.0,11.73,0,0,6715.27
2024-10-14 07:00:00,Empirical_Utility_Substation,120000,1,11500.0,18.4,74.6,76.5,10.94,0,0,6774.56
2024-10-14 08:00:00,Empirical_Utility_Substation,120000,1,11500.0,18.97,74.5,66.0,10.61,0,0,6989.9
2024-10-14 09:00:00,Empirical_Utility_Substation,120000,1,11500.0,21.97,57.5,334.3,10.96,0,0,7137.48
2024-10-14 10:00:00,Empirical_Utility_Substation,120000,1,11500.0,23.22,62.3,308.6,8.37,0,0,7332.68
2024-10-14 11:00:00,Empirical_Utility_Substation,120000,1,11500.0,25.36,59.9,428.9,10.36,0,0,7687.49
2024-10-14 12:00:00,Empirical_Utility_Substation,120000,1,11500.0,27.22,69.5,223.7,11.89,0,0,7837.04
2024-10-14 13:00:00,Empirical_Utility_Substation,120000,1,11500.0,27.96,61.1,228.8,13.41,0,0,7571.17
2024-10-14 14:00:00,Empirical_Utility_Substation,120000,1,11500.0,27.72,61.1,277.6,9.86,0,0,7111.88
2024-10-14 15:00:00,Empirical_Utility_Substation,120000,1,11500.0,27.19,60.9,289.0,14.64,0,0,6879.02
2024-10-14 16:00:00,Empirical_Utility_Substation,120000,1,11500.0,27.58,56.3,242.6,11.21,0,0,6984.3
2024-10-14 17:00:00,Empirical_Utility_Substation,120000,1,11500.0,26.85,60.1,34.2,10.2,0,0,7113.66
2024-10-14 18:00:00,Empirical_Utility_Substation,120000,1,11500.0,26.93,61.4,0.0,11.96,0,0,7677.81
2024-10-14 19:00:00,Empirical_Utility_Substation,120000,1,11500.0,24.85,59.6,0.0,14.39,0,0,7706.82
2024-10-14 20:00:00,Empirical_Utility_Substation,120000,1,11500.0,24.75,67.1,0.0,13.21,0,0,7905.28
2024-10-14 21:00:00,Empirical_Utility_Substation,120000,1,11500.0,22.17,54.1,0.0,13.49,0,0,7773.48
2024-10-14 22:00:00,Empirical_Utility_Substation,120000,1,11500.0,21.57,61.7,0.0,8.79,0,0,7530.15
2024-10-14 23:00:00,Empirical_Utility_Substation,120000,1,11500.0,20.92,61.7,0.0,12.88,0,0,7005.44
2024-10-15 00:00:00,Empirical_Utility_Substation,120000,1,11500.0,17.96,55.0,0.0,8.74,0,0,6421.08
2024-10-15 01:00:00,Empirical_Utility_Substation,120000,1,11500.0,16.84,67.5,0.0,12.84,0,0,6585.46
2024-10-15 02:00:00,Empirical_Utility_Substation,120000,1,11500.0,13.85,77.0,0.0,13.65,0,0,6513.41
2024-10-15 03:00:00,Empirical_Utility_Substation,120000,1,11500.0,12.83,83.5,0.0,13.88,0,0,6584.0
2024-10-15 04:00:00,Empirical_Utility_Substation,120000,1,11500.0,13.64,74.1,0.0,12.37,0,0,6637.33
2024-10-15 05:00:00,Empirical_Utility_Substation,120000,1,11500.0,15.03,65.7,0.0,9.9,0,0,6709.52
2024-10-15 06:00:00,Empirical_Utility_Substation,120000,1,11500.0,15.4,70.9,0.0,9.49,0,0,6474.07
2024-10-15 07:00:00,Empirical_Utility_Substation,120000,1,11500.0,15.37,67.1,63.9,10.75,0,0,6528.14
2024-10-15 08:00:00,Empirical_Utility_Substation,120000,1,11500.0,16.98,78.2,157.3,10.15,0,0,6659.7
2024-10-15 09:00:00,Empirical_Utility_Substation,120000,1,11500.0,20.0,63.3,305.0,10.65,0,0,6758.9
2024-10-15 10:00:00,Empirical_Utility_Substation,120000,1,11500.0,19.77,55.4,492.4,14.47,0,0,6906.3
2024-10-15 11:00:00,Empirical_Utility_Substation,120000,1,11500.0,21.63,66.4,239.1,13.28,0,0,6968.52
2024-10-15 12:00:00,Empirical_Utility_Substation,120000,1,11500.0,23.44,53.5,387.1,10.97,0,0,6968.15
2024-10-15 13:00:00,Empirical_Utility_Substation,120000,1,11500.0,23.88,59.5,347.3,11.4,0,0,6869.02
2024-10-15 14:00:00,Empirical_Utility_Substation,120000,1,11500.0,24.85,59.2,392.2,10.76,0,0,6708.53
2024-10-15 15:00:00,Empirical_Utility_Substation,120000,1,11500.0,23.76,65.1,308.3,9.96,0,0,6420.54
2024-10-15 16:00:00,Empirical_Utility_Substation,120000,1,11500.0,23.74,67.6,150.5,13.52,0,0,6360.56
2024-10-15 17:00:00,Empirical_Utility_Substation,120000,1,11500.0,21.77,70.3,64.0,10.52,0,0,6616.89
2024-10-15 18:00:00,Empirical_Utility_Substation,120000,1,11500.0,20.47,69.8,0.0,16.73,0,0,7075.23
2024-10-15 19:00:00,Empirical_Utility_Substation,120000,1,11500.0,18.84,66.5,0.0,9.43,0,0,7319.91
2024-10-15 20:00:00,Empirical_Utility_Substation,120000,1,11500.0,17.52,69.7,0.0,13.57,0,0,7480.25
2024-10-15 21:00:00,Empirical_Utility_Substation,120000,1,11500.0,16.73,79.7,0.0,9.16,0,0,7342.8
2024-10-15 22:00:00,Empirical_Utility_Substation,120000,1,11500.0,16.02,86.0,0.0,10.67,0,0,6905.82
2024-10-15 23:00:00,Empirical_Utility_Substation,120000,1,11500.0,14.44,70.0,0.0,13.11,0,0,6552.47
2024-10-16 00:00:00,Empirical_Utility_Substation,120000,1,11500.0,12.49,78.8,0.0,10.35,0,0,6245.57
2024-10-16 01:00:00,Empirical_Utility_Substation,120000,1,11500.0,11.3,77.9,0.0,12.53,0,0,6164.58
2024-10-16 02:00:00,Empirical_Utility_Substation,120000,1,11500.0,10.97,83.2,0.0,12.05,0,0,6148.0
2024-10-16 03:00:00,Empirical_Utility_Substation,120000,1,11500.0,11.72,78.6,0.0,10.99,0,0,6335.93
2024-10-16 04:00:00,Empirical_Utility_Substation,120000,1,11500.0,13.81,76.4,0.0,12.26,0,0,6314.55
2024-10-16 05:00:00,Empirical_Utility_Substation,120000,1,11500.0,13.52,69.0,0.0,11.29,0,0,6122.95
2024-10-16 06:00:00,Empirical_Utility_Substation,120000,1,11500.0,14.83,76.2,0.0,11.86,0,0,6493.37
2024-10-16 07:00:00,Empirical_Utility_Substation,120000,1,11500.0,15.08,67.4,113.4,12.39,0,0,6741.09
2024-10-16 08:00:00,Empirical_Utility_Substation,120000,1,11500.0,18.19,74.6,220.6,9.73,0,0,6991.96
2024-10-16 09:00:00,Empirical_Utility_Substation,120000,1,11500.0,19.6,74.6,274.1,10.52,0,0,7391.71
2024-10-16 10:00:00,Empirical_Utility_Substation,120000,1,11500.0,20.66,64.8,454.7,11.69,0,0,7665.8
2024-10-16 11:00:00,Empirical_Utility_Substation,120000,1,11500.0,21.91,61.1,386.3,10.59,0,0,7591.25
2024-10-16 12:00:00,Empirical_Utility_Substation,120000,1,11500.0,21.11,83.0,391.8,14.12,0,0,7364.41
2024-10-16 13:00:00,Empirical_Utility_Substation,120000,1,11500.0,21.77,68.8,465.2,9.2,0,0,7185.89
2024-10-16 14:00:00,Empirical_Utility_Substation,120000,1,11500.0,23.65,59.4,355.6,10.9,0,0,6837.4
2024-10-16 15:00:00,Empirical_Utility_Substation,120000,1,11500.0,23.49,58.6,219.5,10.9,0,0,6551.1
2024-10-16 16:00:00,Empirical_Utility_Substation,120000,1,11500.0,24.48,55.3,207.5,10.6,0,0,6672.3
2024-10-16 17:00:00,Empirical_Utility_Substation,120000,1,11500.0,24.76,66.4,87.2,8.85,0,0,6686.17
2024-10-16 18:00:00,Empirical_Utility_Substation,120000,1,11500.0,24.28,67.9,0.0,10.99,0,0,6880.76
2024-10-16 19:00:00,Empirical_Utility_Substation,120000,1,11500.0,23.36,60.6,0.0,12.3,0,0,7230.34
2024-10-16 20:00:00,Empirical_Utility_Substation,120000,1,11500.0,20.81,62.5,0.0,12.45,0,0,7509.75
2024-10-16 21:00:00,Empirical_Utility_Substation,120000,1,11500.0,20.17,69.4,0.0,10.23,0,0,7270.11
2024-10-16 22:00:00,Empirical_Utility_Substation,120000,1,11500.0,17.78,67.8,0.0,11.29,0,0,6888.46
2024-10-16 23:00:00,Empirical_Utility_Substation,120000,1,11500.0,17.82,74.4,0.0,11.97,0,0,6595.25
2024-10-17 00:00:00,Empirical_Utility_Substation,120000,1,11500.0,16.69,67.6,0.0,9.36,0,0,6367.14
2024-10-17 01:00:00,Empirical_Utility_Substation,120000,1,11500.0,15.74,77.1,0.0,9.41,0,0,6549.44
2024-10-17 02:00:00,Empirical_Utility_Substation,120000,1,11500.0,14.69,66.1,0.0,12.56,0,0,6568.98
2024-10-17 03:00:00,Empirical_Utility_Substation,120000,1,11500.0,12.01,81.8,0.0,14.58,0,0,6612.16
2024-10-17 04:00:00,Empirical_Utility_Substation,120000,1,11500.0,12.18,76.5,0.0,12.43,0,0,6847.39
2024-10-17 05:00:00,Empirical_Utility_Substation,120000,1,11500.0,13.92,82.5,0.0,11.29,0,0,6602.96
2024-10-17 06:00:00,Empirical_Utility_Substation,120000,1,11500.0,15.67,66.5,0.0,10.71,0,0,6735.99
2024-10-17 07:00:00,Empirical_Utility_Substation,120000,1,11500.0,17.07,73.4,71.6,11.45,0,0,6882.55
2024-10-17 08:00:00,Empirical_Utility_Substation,120000,1,11500.0,20.43,71.1,154.7,12.67,0,0,7118.94
2024-10-17 09:00:00,Empirical_Utility_Substation,120000,1,11500.0,22.37,74.0,155.3,11.03,0,0,7337.15
2024-10-17 10:00:00,Empirical_Utility_Substation,120000,1,11500.0,24.44,66.7,356.2,13.88,0,0,7519.42
2024-10-17 11:00:00,Empirical_Utility_Substation,120000,1,11500.0,25.11,61.2,409.1,13.97,0,0,7680.77
2024-10-17 12:00:00,Empirical_Utility_Substation,120000,1,11500.0,26.35,62.7,271.8,11.33,0,0,7732.32
2024-10-17 13:00:00,Empirical_Utility_Substation,120000,1,11500.0,27.91,50.5,365.1,10.52,0,0,7688.98
2024-10-17 14:00:00,Empirical_Utility_Substation,120000,1,11500.0,27.83,52.1,387.3,12.36,0,0,7179.76
2024-10-17 15:00:00,Empirical_Utility_Substation,120000,1,11500.0,26.85,50.9,93.3,10.64,0,0,6812.59
2024-10-17 16:00:00,Empirical_Utility_Substation,120000,1,11500.0,25.91,57.2,153.6,17.4,0,0,6969.37
2024-10-17 17:00:00,Empirical_Utility_Substation,120000,1,11500.0,24.12,56.2,149.6,11.08,0,0,7018.61
2024-10-17 18:00:00,Empirical_Utility_Substation,120000,1,11500.0,22.85,59.1,0.0,9.44,0,0,7436.89
2024-10-17 19:00:00,Empirical_Utility_Substation,120000,1,11500.0,20.37,67.7,0.0,10.96,0,0,7772.97
2024-10-17 20:00:00,Empirical_Utility_Substation,120000,1,11500.0,18.54,59.2,0.0,12.56,0,0,8012.74
2024-10-17 21:00:00,Empirical_Utility_Substation,120000,1,11500.0,15.72,78.3,0.0,10.79,0,0,7743.03
2024-10-17 22:00:00,Empirical_Utility_Substation,120000,1,11500.0,14.22,69.9,0.0,13.0,0,0,7477.49
2024-10-17 23:00:00,Empirical_Utility_Substation,120000,1,11500.0,13.53,79.1,0.0,9.28,0,0,6894.21
2024-10-18 00:00:00,Empirical_Utility_Substation,120000,1,11500.0,10.51,79.4,0.0,13.97,0,0,6453.37
2024-10-18 01:00:00,Empirical_Utility_Substation,120000,1,11500.0,10.33,76.6,0.0,10.7,0,0,6509.77
2024-10-18 02:00:00,Empirical_Utility_Substation,120000,1,11500.0,9.51,72.1,0.0,11.77,0,0,6414.11
2024-10-18 03:00:00,Empirical_Utility_Substation,120000,1,11500.0,9.13,81.1,0.0,11.56,0,0,6309.64
2024-10-18 04:00:00,Empirical_Utility_Substation,120000,1,11500.0,7.91,79.7,0.0,11.06,0,0,6512.18
2024-10-18 05:00:00,Empirical_Utility_Substation,120000,1,11500.0,9.56,81.5,0.0,12.81,0,0,6587.95
2024-10-18 06:00:00,Empirical_Utility_Substation,120000,1,11500.0,10.8,78.7,0.0,10.11,0,0,6440.5
2024-10-18 07:00:00,Empirical_Utility_Substation,120000,1,11500.0,11.22,78.3,101.6,10.21,0,0,6726.02
2024-10-18 08:00:00,Empirical_Utility_Substation,120000,1,11500.0,13.7,76.2,175.4,13.61,0,0,6972.86
2024-10-18 09:00:00,Empirical_Utility_Substation,120000,1,11500.0,12.6,78.5,93.3,9.76,0,0,7246.14
2024-10-18 10:00:00,Empirical_Utility_Substation,120000,1,11500.0,16.12,73.8,459.1,13.32,0,0,7556.68
2024-10-18 11:00:00,Empirical_Utility_Substation,120000,1,11500.0,18.1,72.8,197.8,13.73,0,0,7713.85
2024-10-18 12:00:00,Empirical_Utility_Substation,120000,1,11500.0,16.24,71.3,434.7,12.33,0,0,7621.01
2024-10-18 13:00:00,Empirical_Utility_Substation,120000,1,11500.0,17.67,72.9,510.5,9.7,0,0,7325.89
2024-10-18 14:00:00,Empirical_Utility_Substation,120000,1,11500.0,19.35,66.5,219.4,9.61,0,0,7025.09
2024-10-18 15:00:00,Empirical_Utility_Substation,120000,1,11500.0,20.91,63.4,287.8,11.89,0,0,6900.1
2024-10-18 16:00:00,Empirical_Utility_Substation,120000,1,11500.0,20.41,59.5,221.2,11.57,0,0,6774.18
2024-10-18 17:00:00,Empirical_Utility_Substation,120000,1,11500.0,21.98,62.7,125.2,11.49,0,0,6866.52
2024-10-18 18:00:00,Empirical_Utility_Substation,120000,1,11500.0,21.79,61.0,0.0,11.98,0,0,7356.19
2024-10-18 19:00:00,Empirical_Utility_Substation,120000,1,11500.0,21.25,65.5,0.0,11.27,0,0,7864.33
2024-10-18 20:00:00,Empirical_Utility_Substation,120000,1,11500.0,19.32,69.6,0.0,11.01,0,0,8260.97
2024-10-18 21:00:00,Empirical_Utility_Substation,120000,1,11500.0,16.74,71.3,0.0,11.49,0,0,8088.99
2024-10-18 22:00:00,Empirical_Utility_Substation,120000,1,11500.0,15.27,64.6,0.0,9.4,0,0,7623.29
2024-10-18 23:00:00,Empirical_Utility_Substation,120000,1,11500.0,13.65,70.4,0.0,11.11,0,0,7184.22
2024-10-19 00:00:00,Empirical_Utility_Substation,120000,1,11500.0,11.84,70.7,0.0,9.53,1,0,5710.56
2024-10-19 01:00:00,Empirical_Utility_Substation,120000,1,11500.0,11.37,74.7,0.0,12.4,1,0,5651.03
2024-10-19 02:00:00,Empirical_Utility_Substation,120000,1,11500.0,9.26,77.1,0.0,12.24,1,0,5734.72
2024-10-19 03:00:00,Empirical_Utility_Substation,120000,1,11500.0,9.74,82.3,0.0,12.88,1,0,5758.38
2024-10-19 04:00:00,Empirical_Utility_Substation,120000,1,11500.0,9.86,79.0,0.0,13.82,1,0,5653.2
2024-10-19 05:00:00,Empirical_Utility_Substation,120000,1,11500.0,11.32,65.1,0.0,12.36,1,0,5660.79
2024-10-19 06:00:00,Empirical_Utility_Substation,120000,1,11500.0,13.49,74.7,0.0,11.0,1,0,5640.47
2024-10-19 07:00:00,Empirical_Utility_Substation,120000,1,11500.0,13.64,75.5,59.4,14.19,1,0,5879.56
2024-10-19 08:00:00,Empirical_Utility_Substation,120000,1,11500.0,14.13,73.3,145.2,12.85,1,0,6280.74
2024-10-19 09:00:00,Empirical_Utility_Substation,120000,1,11500.0,15.95,76.8,176.5,9.36,1,0,6610.88
2024-10-19 10:00:00,Empirical_Utility_Substation,120000,1,11500.0,16.42,77.0,333.1,9.12,1,0,6828.98
2024-10-19 11:00:00,Empirical_Utility_Substation,120000,1,11500.0,17.57,74.0,180.5,12.29,1,0,6906.32
2024-10-19 12:00:00,Empirical_Utility_Substation,120000,1,11500.0,19.14,65.5,360.9,10.53,1,0,6899.16
2024-10-19 13:00:00,Empirical_Utility_Substation,120000,1,11500.0,21.91,62.9,127.5,12.29,1,0,6810.04
2024-10-19 14:00:00,Empirical_Utility_Substation,120000,1,11500.0,22.13,62.2,388.9,10.69,1,0,6583.33
2024-10-19 15:00:00,Empirical_Utility_Substation,120000,1,11500.0,22.5,67.7,320.2,11.77,1,0,6181.88
2024-10-19 16:00:00,Empirical_Utility_Substation,120000,1,11500.0,22.58,75.4,154.7,11.59,1,0,5877.8
2024-10-19 17:00:00,Empirical_Utility_Substation,120000,1,11500.0,22.24,69.3,86.0,8.73,1,0,6135.44
2024-10-19 18:00:00,Empirical_Utility_Substation,120000,1,11500.0,20.03,75.8,0.0,12.28,1,0,6374.84
2024-10-19 19:00:00,Empirical_Utility_Substation,120000,1,11500.0,18.67,66.4,0.0,11.78,1,0,6830.05
2024-10-19 20:00:00,Empirical_Utility_Substation,120000,1,11500.0,17.85,68.4,0.0,12.5,1,0,6968.61
2024-10-19 21:00:00,Empirical_Utility_Substation,120000,1,11500.0,15.88,73.5,0.0,11.59,1,0,6941.26
2024-10-19 22:00:00,Empirical_Utility_Substation,120000,1,11500.0,13.32,79.8,0.0,11.22,1,0,6401.72
2024-10-19 23:00:00,Empirical_Utility_Substation,120000,1,11500.0,12.76,75.1,0.0,12.02,1,0,5894.02
2024-10-20 00:00:00,Empirical_Utility_Substation,120000,1,11500.0,10.5,78.2,0.0,11.2,1,0,5513.46
2024-10-20 01:00:00,Empirical_Utility_Substation,120000,1,11500.0,8.89,84.5,0.0,11.3,1,0,5622.03
2024-10-20 02:00:00,Empirical_Utility_Substation,120000,1,11500.0,9.73,69.8,0.0,11.55,1,0,5517.29
2024-10-20 03:00:00,Empirical_Utility_Substation,120000,1,11500.0,8.65,87.0,0.0,11.86,1,0,5480.95
2024-10-20 04:00:00,Empirical_Utility_Substation,120000,1,11500.0,8.47,74.2,0.0,10.61,1,0,5816.83
2024-10-20 05:00:00,Empirical_Utility_Substation,120000,1,11500.0,8.8,66.6,0.0,13.55,1,0,5819.93
2024-10-20 06:00:00,Empirical_Utility_Substation,120000,1,11500.0,7.54,78.0,0.0,11.46,1,0,6122.54
2024-10-20 07:00:00,Empirical_Utility_Substation,120000,1,11500.0,8.73,85.1,78.4,9.3,1,0,6331.71
2024-10-20 08:00:00,Empirical_Utility_Substation,120000,1,11500.0,10.57,82.6,81.9,9.96,1,0,6479.64
2024-10-20 09:00:00,Empirical_Utility_Substation,120000,1,11500.0,13.16,62.7,268.0,15.23,1,0,6756.66
2024-10-20 10:00:00,Empirical_Utility_Substation,120000,1,11500.0,14.36,76.7,363.7,12.23,1,0,6921.94
2024-10-20 11:00:00,Empirical_Utility_Substation,120000,1,11500.0,16.16,78.7,281.1,10.24,1,0,7011.22
2024-10-20 12:00:00,Empirical_Utility_Substation,120000,1,11500.0,17.48,68.2,373.5,15.06,1,0,6941.87
2024-10-20 13:00:00,Empirical_Utility_Substation,120000,1,11500.0,17.0,66.8,405.7,11.04,1,0,6595.23
2024-10-20 14:00:00,Empirical_Utility_Substation,120000,1,11500.0,17.59,67.7,225.8,11.86,1,0,6344.0
2024-10-20 15:00:00,Empirical_Utility_Substation,120000,1,11500.0,19.09,66.9,108.6,12.31,1,0,6119.08
2024-10-20 16:00:00,Empirical_Utility_Substation,120000,1,11500.0,20.83,63.4,66.0,11.04,1,0,6156.65
2024-10-20 17:00:00,Empirical_Utility_Substation,120000,1,11500.0,20.28,70.6,88.9,9.86,1,0,6272.65
2024-10-20 18:00:00,Empirical_Utility_Substation,120000,1,11500.0,19.15,69.3,0.0,12.33,1,0,6708.41
2024-10-20 19:00:00,Empirical_Utility_Substation,120000,1,11500.0,18.12,61.2,0.0,13.38,1,0,7181.75
2024-10-20 20:00:00,Empirical_Utility_Substation,120000,1,11500.0,17.42,71.5,0.0,11.83,1,0,7352.57
2024-10-20 21:00:00,Empirical_Utility_Substation,120000,1,11500.0,15.97,82.9,0.0,9.92,1,0,6972.59
2024-10-20 22:00:00,Empirical_Utility_Substation,120000,1,11500.0,14.68,67.0,0.0,12.89,1,0,6557.79
2024-10-20 23:00:00,Empirical_Utility_Substation,120000,1,11500.0,13.99,63.9,0.0,9.07,1,0,5951.1
2024-10-21 00:00:00,Empirical_Utility_Substation,120000,1,11500.0,15.52,63.7,0.0,11.74,0,0,6483.56
2024-10-21 01:00:00,Empirical_Utility_Substation,120000,1,11500.0,12.89,77.3,0.0,10.19,0,0,6426.4
2024-10-21 02:00:00,Empirical_Utility_Substation,120000,1,11500.0,11.81,69.6,0.0,13.0,0,0,6446.74
2024-10-21 03:00:00,Empirical_Utility_Substation,120000,1,11500.0,9.5,86.4,0.0,10.28,0,0,6680.94
2024-10-21 04:00:00,Empirical_Utility_Substation,120000,1,11500.0,10.73,71.6,0.0,11.07,0,0,6584.26
2024-10-21 05:00:00,Empirical_Utility_Substation,120000,1,11500.0,11.82,73.4,0.0,8.77,0,0,6460.23
2024-10-21 06:00:00,Empirical_Utility_Substation,120000,1,11500.0,13.16,70.0,0.0,11.86,0,0,6640.64
2024-10-21 07:00:00,Empirical_Utility_Substation,120000,1,11500.0,13.02,66.5,41.3,11.37,0,0,6650.04
2024-10-21 08:00:00,Empirical_Utility_Substation,120000,1,11500.0,13.78,58.2,198.3,10.75,0,0,6830.87
2024-10-21 09:00:00,Empirical_Utility_Substation,120000,1,11500.0,14.85,64.3,288.8,11.12,0,0,7015.66
2024-10-21 10:00:00,Empirical_Utility_Substation,120000,1,11500.0,15.6,64.7,318.9,9.33,0,0,7362.34
2024-10-21 11:00:00,Empirical_Utility_Substation,120000,1,11500.0,17.67,62.8,356.0,13.02,0,0,7369.29
2024-10-21 12:00:00,Empirical_Utility_Substation,120000,1,11500.0,19.01,69.1,384.0,14.03,0,0,7413.01
2024-10-21 13:00:00,Empirical_Utility_Substation,120000,1,11500.0,19.77,66.2,239.9,11.97,0,0,7284.53
2024-10-21 14:00:00,Empirical_Utility_Substation,120000,1,11500.0,20.45,76.4,278.6,14.85,0,0,7015.4
2024-10-21 15:00:00,Empirical_Utility_Substation,120000,1,11500.0,21.2,78.8,102.4,10.98,0,0,6936.97
2024-10-21 16:00:00,Empirical_Utility_Substation,120000,1,11500.0,20.16,66.8,142.6,13.85,0,0,6620.22
2024-10-21 17:00:00,Empirical_Utility_Substation,120000,1,11500.0,18.46,68.2,111.4,9.28,0,0,7034.09
2024-10-21 18:00:00,Empirical_Utility_Substation,120000,1,11500.0,19.51,76.9,0.0,14.28,0,0,7396.99
2024-10-21 19:00:00,Empirical_Utility_Substation,120000,1,11500.0,19.32,67.6,0.0,10.28,0,0,7914.92
2024-10-21 20:00:00,Empirical_Utility_Substation,120000,1,11500.0,16.61,68.8,0.0,8.92,0,0,8072.55
2024-10-21 21:00:00,Empirical_Utility_Substation,120000,1,11500.0,14.74,65.8,0.0,13.77,0,0,7883.04
2024-10-21 22:00:00,Empirical_Utility_Substation,120000,1,11500.0,13.07,78.6,0.0,13.45,0,0,7510.58
2024-10-21 23:00:00,Empirical_Utility_Substation,120000,1,11500.0,10.85,85.2,0.0,12.6,0,0,7097.99
2024-10-22 00:00:00,Empirical_Utility_Substation,120000,1,11500.0,9.21,78.3,0.0,13.96,0,0,6803.23
2024-10-22 01:00:00,Empirical_Utility_Substation,120000,1,11500.0,10.79,66.5,0.0,17.7,0,0,6637.09
2024-10-22 02:00:00,Empirical_Utility_Substation,120000,1,11500.0,11.07,75.6,0.0,10.63,0,0,6832.22
2024-10-22 03:00:00,Empirical_Utility_Substation,120000,1,11500.0,11.53,91.9,0.0,10.27,0,0,6836.95
2024-10-22 04:00:00,Empirical_Utility_Substation,120000,1,11500.0,11.54,81.2,0.0,14.12,0,0,6703.01
2024-10-22 05:00:00,Empirical_Utility_Substation,120000,1,11500.0,12.27,82.2,0.0,12.17,0,0,6534.76
2024-10-22 06:00:00,Empirical_Utility_Substation,120000,1,11500.0,11.68,75.9,0.0,12.89,0,0,6316.62
2024-10-22 07:00:00,Empirical_Utility_Substation,120000,1,11500.0,13.87,72.6,78.2,9.96,0,0,6519.23
2024-10-22 08:00:00,Empirical_Utility_Substation,120000,1,11500.0,14.19,79.9,162.7,10.79,0,0,6842.74
2024-10-22 09:00:00,Empirical_Utility_Substation,120000,1,11500.0,15.5,68.4,201.7,11.98,0,0,7280.87
2024-10-22 10:00:00,Empirical_Utility_Substation,120000,1,11500.0,16.58,59.9,499.0,12.37,0,0,7635.36
2024-10-22 11:00:00,Empirical_Utility_Substation,120000,1,11500.0,18.47,67.7,519.2,13.62,0,0,7842.16
2024-10-22 12:00:00,Empirical_Utility_Substation,120000,1,11500.0,18.63,71.9,349.2,10.68,0,0,7584.5
2024-10-22 13:00:00,Empirical_Utility_Substation,120000,1,11500.0,18.96,55.4,307.3,12.65,0,0,7189.28
2024-10-22 14:00:00,Empirical_Utility_Substation,120000,1,11500.0,18.85,80.2,216.7,13.56,0,0,7068.91
2024-10-22 15:00:00,Empirical_Utility_Substation,120000,1,11500.0,18.03,63.1,93.3,12.31,0,0,6817.99
2024-10-22 16:00:00,Empirical_Utility_Substation,120000,1,11500.0,18.09,73.4,179.2,9.9,0,0,6594.82
2024-10-22 17:00:00,Empirical_Utility_Substation,120000,1,11500.0,19.1,68.7,123.2,12.06,0,0,6714.56
2024-10-22 18:00:00,Empirical_Utility_Substation,120000,1,11500.0,19.86,56.6,0.0,14.94,0,0,7116.92
2024-10-22 19:00:00,Empirical_Utility_Substation,120000,1,11500.0,19.38,68.0,0.0,14.43,0,0,7574.17
2024-10-22 20:00:00,Empirical_Utility_Substation,120000,1,11500.0,18.74,75.5,0.0,9.73,0,0,7901.35
2024-10-22 21:00:00,Empirical_Utility_Substation,120000,1,11500.0,16.21,66.8,0.0,10.56,0,0,7645.8
2024-10-22 22:00:00,Empirical_Utility_Substation,120000,1,11500.0,15.34,74.5,0.0,10.42,0,0,7297.06
2024-10-22 23:00:00,Empirical_Utility_Substation,120000,1,11500.0,13.19,75.7,0.0,14.31,0,0,6884.73
2024-10-23 00:00:00,Empirical_Utility_Substation,120000,1,11500.0,11.56,68.4,0.0,9.92,0,0,6557.09
2024-10-23 01:00:00,Empirical_Utility_Substation,120000,1,11500.0,11.42,71.7,0.0,12.24,0,0,6584.76
2024-10-23 02:00:00,Empirical_Utility_Substation,120000,1,11500.0,9.13,78.5,0.0,15.05,0,0,6640.72
2024-10-23 03:00:00,Empirical_Utility_Substation,120000,1,11500.0,9.18,74.6,0.0,13.06,0,0,6575.11
2024-10-23 04:00:00,Empirical_Utility_Substation,120000,1,11500.0,9.55,71.5,0.0,11.74,0,0,6606.66
2024-10-23 05:00:00,Empirical_Utility_Substation,120000,1,11500.0,8.81,79.4,0.0,13.01,0,0,6884.51
2024-10-23 06:00:00,Empirical_Utility_Substation,120000,1,11500.0,9.96,78.1,0.0,15.5,0,0,7087.84
2024-10-23 07:00:00,Empirical_Utility_Substation,120000,1,11500.0,11.96,82.3,67.3,12.58,0,0,7028.04
2024-10-23 08:00:00,Empirical_Utility_Substation,120000,1,11500.0,12.44,80.7,125.8,9.48,0,0,7151.47
2024-10-23 09:00:00,Empirical_Utility_Substation,120000,1,11500.0,16.56,85.3,93.3,14.34,0,0,7714.25
2024-10-23 10:00:00,Empirical_Utility_Substation,120000,1,11500.0,18.91,61.4,194.3,10.36,0,0,7741.74
2024-10-23 11:00:00,Empirical_Utility_Substation,120000,1,11500.0,20.13,73.1,470.8,9.87,0,0,7651.12
2024-10-23 12:00:00,Empirical_Utility_Substation,120000,1,11500.0,20.54,62.3,424.0,13.77,0,0,7635.09
2024-10-23 13:00:00,Empirical_Utility_Substation,120000,1,11500.0,22.53,64.7,372.8,12.13,0,0,7358.06
2024-10-23 14:00:00,Empirical_Utility_Substation,120000,1,11500.0,23.39,56.7,387.3,12.23,0,0,7151.87
2024-10-23 15:00:00,Empirical_Utility_Substation,120000,1,11500.0,23.81,64.1,264.7,12.72,0,0,7040.1
2024-10-23 16:00:00,Empirical_Utility_Substation,120000,1,11500.0,23.28,70.0,192.0,11.83,0,0,6939.85
2024-10-23 17:00:00,Empirical_Utility_Substation,120000,1,11500.0,22.16,64.2,34.2,11.54,0,0,7211.99
2024-10-23 18:00:00,Empirical_Utility_Substation,120000,1,11500.0,21.33,70.7,0.0,11.84,0,0,7685.86
2024-10-23 19:00:00,Empirical_Utility_Substation,120000,1,11500.0,20.1,72.3,0.0,13.48,0,0,8105.0
2024-10-23 20:00:00,Empirical_Utility_Substation,120000,1,11500.0,18.61,69.9,0.0,9.52,0,0,8182.84
2024-10-23 21:00:00,Empirical_Utility_Substation,120000,1,11500.0,16.34,72.7,0.0,15.14,0,0,8029.45
2024-10-23 22:00:00,Empirical_Utility_Substation,120000,1,11500.0,15.23,67.6,0.0,12.07,0,0,7517.56
2024-10-23 23:00:00,Empirical_Utility_Substation,120000,1,11500.0,15.19,63.9,0.0,9.3,0,0,6918.38
2024-10-24 00:00:00,Empirical_Utility_Substation,120000,1,11500.0,12.56,77.4,0.0,11.26,0,0,6489.51
2024-10-24 01:00:00,Empirical_Utility_Substation,120000,1,11500.0,11.78,75.2,0.0,14.34,0,0,6737.28
2024-10-24 02:00:00,Empirical_Utility_Substation,120000,1,11500.0,10.98,66.1,0.0,11.06,0,0,6793.38
2024-10-24 03:00:00,Empirical_Utility_Substation,120000,1,11500.0,12.06,71.8,0.0,10.05,0,0,6689.89
2024-10-24 04:00:00,Empirical_Utility_Substation,120000,1,11500.0,12.17,76.3,0.0,10.96,0,0,6674.72
2024-10-24 05:00:00,Empirical_Utility_Substation,120000,1,11500.0,12.13,71.1,0.0,12.16,0,0,6582.41
2024-10-24 06:00:00,Empirical_Utility_Substation,120000,1,11500.0,13.4,75.3,0.0,15.0,0,0,6382.61
2024-10-24 07:00:00,Empirical_Utility_Substation,120000,1,11500.0,13.19,69.0,117.0,11.0,0,0,6380.58
2024-10-24 08:00:00,Empirical_Utility_Substation,120000,1,11500.0,15.18,65.9,66.0,15.45,0,0,6783.15
2024-10-24 09:00:00,Empirical_Utility_Substation,120000,1,11500.0,16.63,77.9,174.8,12.08,0,0,6992.92
2024-10-24 10:00:00,Empirical_Utility_Substation,120000,1,11500.0,19.2,70.8,124.5,10.24,0,0,7280.92
2024-10-24 11:00:00,Empirical_Utility_Substation,120000,1,11500.0,18.86,59.2,269.8,11.3,0,0,7183.14
2024-10-24 12:00:00,Empirical_Utility_Substation,120000,1,11500.0,20.02,75.7,132.0,11.47,0,0,7124.63
2024-10-24 13:00:00,Empirical_Utility_Substation,120000,1,11500.0,20.13,66.4,296.3,12.77,0,0,6815.02
2024-10-24 14:00:00,Empirical_Utility_Substation,120000,1,11500.0,22.01,55.0,288.2,10.61,0,0,6479.09
2024-10-24 15:00:00,Empirical_Utility_Substation,120000,1,11500.0,23.67,60.0,93.3,10.35,0,0,6269.33
2024-10-24 16:00:00,Empirical_Utility_Substation,120000,1,11500.0,23.0,62.5,66.0,11.26,0,0,6387.79
2024-10-24 17:00:00,Empirical_Utility_Substation,120000,1,11500.0,21.61,59.9,106.7,10.99,0,0,6580.13
2024-10-24 18:00:00,Empirical_Utility_Substation,120000,1,11500.0,21.91,58.5,0.0,9.71,0,0,6782.74
2024-10-24 19:00:00,Empirical_Utility_Substation,120000,1,11500.0,21.46,67.8,0.0,10.84,0,0,7348.21
2024-10-24 20:00:00,Empirical_Utility_Substation,120000,1,11500.0,20.24,69.6,0.0,15.96,0,0,7562.37
2024-10-24 21:00:00,Empirical_Utility_Substation,120000,1,11500.0,18.37,71.9,0.0,10.18,0,0,7424.37
2024-10-24 22:00:00,Empirical_Utility_Substation,120000,1,11500.0,16.15,71.7,0.0,10.42,0,0,7041.4
2024-10-24 23:00:00,Empirical_Utility_Substation,120000,1,11500.0,12.93,69.1,0.0,11.15,0,0,6678.35
2024-10-25 00:00:00,Empirical_Utility_Substation,120000,1,11500.0,11.56,64.0,0.0,9.6,0,0,6145.0
2024-10-25 01:00:00,Empirical_Utility_Substation,120000,1,11500.0,12.42,81.7,0.0,10.73,0,0,6271.67
2024-10-25 02:00:00,Empirical_Utility_Substation,120000,1,11500.0,10.9,71.6,0.0,13.23,0,0,6362.66
2024-10-25 03:00:00,Empirical_Utility_Substation,120000,1,11500.0,10.78,75.4,0.0,10.59,0,0,6516.57
2024-10-25 04:00:00,Empirical_Utility_Substation,120000,1,11500.0,11.43,75.7,0.0,12.72,0,0,6379.5
2024-10-25 05:00:00,Empirical_Utility_Substation,120000,1,11500.0,12.63,76.6,0.0,10.1,0,0,6248.05
2024-10-25 06:00:00,Empirical_Utility_Substation,120000,1,11500.0,12.4,69.3,0.0,11.85,0,0,6492.78
2024-10-25 07:00:00,Empirical_Utility_Substation,120000,1,11500.0,12.47,65.1,83.4,14.02,0,0,6618.65
2024-10-25 08:00:00,Empirical_Utility_Substation,120000,1,11500.0,13.13,76.0,220.8,15.84,0,0,7023.83
2024-10-25 09:00:00,Empirical_Utility_Substation,120000,1,11500.0,15.17,74.0,360.9,16.43,0,0,7393.15
2024-10-25 10:00:00,Empirical_Utility_Substation,120000,1,11500.0,16.91,77.7,275.8,10.24,0,0,7368.5
2024-10-25 11:00:00,Empirical_Utility_Substation,120000,1,11500.0,16.82,73.8,177.3,12.16,0,0,7512.33
2024-10-25 12:00:00,Empirical_Utility_Substation,120000,1,11500.0,18.37,72.9,468.6,15.23,0,0,7321.28
2024-10-25 13:00:00,Empirical_Utility_Substation,120000,1,11500.0,19.63,71.9,451.3,11.39,0,0,7168.4
2024-10-25 14:00:00,Empirical_Utility_Substation,120000,1,11500.0,20.27,73.5,207.5,12.28,0,0,7134.58
2024-10-25 15:00:00,Empirical_Utility_Substation,120000,1,11500.0,20.29,63.9,102.6,11.99,0,0,7178.55
2024-10-25 16:00:00,Empirical_Utility_Substation,120000,1,11500.0,19.67,76.1,114.8,11.41,0,0,7271.59
2024-10-25 17:00:00,Empirical_Utility_Substation,120000,1,11500.0,18.68,71.6,90.0,12.18,0,0,7400.99
2024-10-25 18:00:00,Empirical_Utility_Substation,120000,1,11500.0,18.35,64.5,0.0,14.08,0,0,7812.56
2024-10-25 19:00:00,Empirical_Utility_Substation,120000,1,11500.0,15.81,72.7,0.0,13.67,0,0,8038.74
2024-10-25 20:00:00,Empirical_Utility_Substation,120000,1,11500.0,15.83,65.4,0.0,12.0,0,0,8275.83
2024-10-25 21:00:00,Empirical_Utility_Substation,120000,1,11500.0,11.8,83.3,0.0,11.56,0,0,8020.99
2024-10-25 22:00:00,Empirical_Utility_Substation,120000,1,11500.0,10.25,75.6,0.0,12.42,0,0,7766.3
2024-10-25 23:00:00,Empirical_Utility_Substation,120000,1,11500.0,8.82,79.9,0.0,16.04,0,0,7185.54
2024-10-26 00:00:00,Empirical_Utility_Substation,120000,1,11500.0,7.06,88.5,0.0,12.89,1,0,5784.72
2024-10-26 01:00:00,Empirical_Utility_Substation,120000,1,11500.0,6.78,78.7,0.0,10.43,1,0,6021.81
2024-10-26 02:00:00,Empirical_Utility_Substation,120000,1,11500.0,5.79,79.8,0.0,12.66,1,0,5959.74
2024-10-26 03:00:00,Empirical_Utility_Substation,120000,1,11500.0,7.4,75.2,0.0,10.34,1,0,5786.43
2024-10-26 04:00:00,Empirical_Utility_Substation,120000,1,11500.0,7.87,82.1,0.0,8.94,1,0,5727.61
2024-10-26 05:00:00,Empirical_Utility_Substation,120000,1,11500.0,7.94,85.2,0.0,13.5,1,0,5640.26
2024-10-26 06:00:00,Empirical_Utility_Substation,120000,1,11500.0,8.34,76.3,0.0,13.95,1,0,5823.71
2024-10-26 07:00:00,Empirical_Utility_Substation,120000,1,11500.0,9.61,84.1,63.4,15.73,1,0,6002.33
2024-10-26 08:00:00,Empirical_Utility_Substation,120000,1,11500.0,10.78,82.1,221.2,10.15,1,0,6163.8
2024-10-26 09:00:00,Empirical_Utility_Substation,120000,1,11500.0,11.91,75.2,271.7,10.0,1,0,6427.63
2024-10-26 10:00:00,Empirical_Utility_Substation,120000,1,11500.0,12.5,64.6,245.8,13.36,1,0,6619.45
2024-10-26 11:00:00,Empirical_Utility_Substation,120000,1,11500.0,14.86,57.1,452.7,15.11,1,0,6546.3
2024-10-26 12:00:00,Empirical_Utility_Substation,120000,1,11500.0,16.47,67.0,263.9,9.98,1,0,6563.09
2024-10-26 13:00:00,Empirical_Utility_Substation,120000,1,11500.0,18.01,72.2,338.0,12.82,1,0,6397.41
2024-10-26 14:00:00,Empirical_Utility_Substation,120000,1,11500.0,17.87,76.2,256.7,14.69,1,0,6060.15
2024-10-26 15:00:00,Empirical_Utility_Substation,120000,1,11500.0,18.13,65.4,242.0,12.24,1,0,5784.27
2024-10-26 16:00:00,Empirical_Utility_Substation,120000,1,11500.0,15.92,71.7,66.0,19.33,1,0,5938.4
2024-10-26 17:00:00,Empirical_Utility_Substation,120000,1,11500.0,15.87,70.2,88.1,11.01,1,0,6088.55
2024-10-26 18:00:00,Empirical_Utility_Substation,120000,1,11500.0,13.92,59.8,0.0,9.79,1,0,6538.12
2024-10-26 19:00:00,Empirical_Utility_Substation,120000,1,11500.0,13.55,77.2,0.0,11.75,1,0,7183.79
2024-10-26 20:00:00,Empirical_Utility_Substation,120000,1,11500.0,13.37,74.5,0.0,14.15,1,0,7299.38
2024-10-26 21:00:00,Empirical_Utility_Substation,120000,1,11500.0,12.84,79.3,0.0,13.61,1,0,7101.99
2024-10-26 22:00:00,Empirical_Utility_Substation,120000,1,11500.0,11.59,76.7,0.0,14.66,1,0,6691.64
2024-10-26 23:00:00,Empirical_Utility_Substation,120000,1,11500.0,9.91,69.8,0.0,12.61,1,0,6110.28
2024-10-27 00:00:00,Empirical_Utility_Substation,120000,1,11500.0,9.93,77.1,0.0,15.07,1,0,5602.42
2024-10-27 01:00:00,Empirical_Utility_Substation,120000,1,11500.0,10.1,82.1,0.0,12.23,1,0,5630.77
2024-10-27 02:00:00,Empirical_Utility_Substation,120000,1,11500.0,10.31,84.0,0.0,10.16,1,0,5810.25
2024-10-27 03:00:00,Empirical_Utility_Substation,120000,1,11500.0,11.4,69.9,0.0,13.28,1,0,5776.45
2024-10-27 04:00:00,Empirical_Utility_Substation,120000,1,11500.0,11.49,75.5,0.0,11.95,1,0,5821.45
2024-10-27 05:00:00,Empirical_Utility_Substation,120000,1,11500.0,10.84,75.9,0.0,12.78,1,0,6013.49
2024-10-27 06:00:00,Empirical_Utility_Substation,120000,1,11500.0,12.07,83.6,0.0,14.18,1,0,6004.37
2024-10-27 07:00:00,Empirical_Utility_Substation,120000,1,11500.0,14.03,77.3,43.0,10.75,1,0,6080.13
2024-10-27 08:00:00,Empirical_Utility_Substation,120000,1,11500.0,15.59,74.1,122.6,12.43,1,0,6187.87
2024-10-27 09:00:00,Empirical_Utility_Substation,120000,1,11500.0,16.58,70.0,347.4,12.94,1,0,6548.24
2024-10-27 10:00:00,Empirical_Utility_Substation,120000,1,11500.0,17.85,79.0,135.2,11.72,1,0,6666.99
2024-10-27 11:00:00,Empirical_Utility_Substation,120000,1,11500.0,19.39,66.4,402.2,8.83,1,0,6859.07
2024-10-27 12:00:00,Empirical_Utility_Substation,120000,1,11500.0,20.35,75.1,452.8,13.61,1,0,6878.93
2024-10-27 13:00:00,Empirical_Utility_Substation,120000,1,11500.0,21.57,59.3,316.9,12.41,1,0,6736.03
2024-10-27 14:00:00,Empirical_Utility_Substation,120000,1,11500.0,22.03,72.6,300.5,14.72,1,0,6531.62
2024-10-27 15:00:00,Empirical_Utility_Substation,120000,1,11500.0,22.9,61.8,312.5,11.25,1,0,6380.18
2024-10-27 16:00:00,Empirical_Utility_Substation,120000,1,11500.0,23.22,59.8,227.8,10.85,1,0,6240.9
2024-10-27 17:00:00,Empirical_Utility_Substation,120000,1,11500.0,22.87,65.3,87.6,11.34,1,0,6452.99
2024-10-27 18:00:00,Empirical_Utility_Substation,120000,1,11500.0,22.73,69.7,0.0,11.07,1,0,6808.9
2024-10-27 19:00:00,Empirical_Utility_Substation,120000,1,11500.0,22.04,66.8,0.0,12.17,1,0,6963.96
2024-10-27 20:00:00,Empirical_Utility_Substation,120000,1,11500.0,20.0,60.1,0.0,12.83,1,0,7289.91
2024-10-27 21:00:00,Empirical_Utility_Substation,120000,1,11500.0,17.8,78.0,0.0,10.1,1,0,7057.11
2024-10-27 22:00:00,Empirical_Utility_Substation,120000,1,11500.0,15.65,71.8,0.0,11.54,1,0,6616.01
2024-10-27 23:00:00,Empirical_Utility_Substation,120000,1,11500.0,14.48,68.4,0.0,10.11,1,0,5976.66
2024-10-28 00:00:00,Empirical_Utility_Substation,120000,1,11500.0,11.53,78.5,0.0,11.87,0,0,6637.68
2024-10-28 01:00:00,Empirical_Utility_Substation,120000,1,11500.0,9.1,74.7,0.0,8.94,0,0,6800.62
2024-10-28 02:00:00,Empirical_Utility_Substation,120000,1,11500.0,8.25,84.1,0.0,11.31,0,0,6893.12
2024-10-28 03:00:00,Empirical_Utility_Substation,120000,1,11500.0,9.11,71.3,0.0,14.13,0,0,6735.4
2024-10-28 04:00:00,Empirical_Utility_Substation,120000,1,11500.0,9.86,68.2,0.0,9.96,0,0,6777.69
2024-10-28 05:00:00,Empirical_Utility_Substation,120000,1,11500.0,9.33,80.5,0.0,13.66,0,0,6884.68
2024-10-28 06:00:00,Empirical_Utility_Substation,120000,1,11500.0,9.41,76.7,0.0,11.91,0,0,6813.56
2024-10-28 07:00:00,Empirical_Utility_Substation,120000,1,11500.0,10.37,77.2,71.0,10.05,0,0,6762.47
2024-10-28 08:00:00,Empirical_Utility_Substation,120000,1,11500.0,10.84,73.2,122.6,11.97,0,0,6888.78
2024-10-28 09:00:00,Empirical_Utility_Substation,120000,1,11500.0,11.66,78.6,268.9,10.27,0,0,7017.51
2024-10-28 10:00:00,Empirical_Utility_Substation,120000,1,11500.0,13.85,61.3,351.8,11.87,0,0,7428.45
2024-10-28 11:00:00,Empirical_Utility_Substation,120000,1,11500.0,15.26,77.7,440.0,9.35,0,0,7580.72
2024-10-28 12:00:00,Empirical_Utility_Substation,120000,1,11500.0,18.48,68.1,419.9,15.54,0,0,7409.58
2024-10-28 13:00:00,Empirical_Utility_Substation,120000,1,11500.0,19.18,65.4,198.6,13.38,0,0,6991.16
2024-10-28 14:00:00,Empirical_Utility_Substation,120000,1,11500.0,19.1,68.4,387.0,14.14,0,0,6702.16
2024-10-28 15:00:00,Empirical_Utility_Substation,120000,1,11500.0,19.31,56.4,347.1,13.2,0,0,6781.86
2024-10-28 16:00:00,Empirical_Utility_Substation,120000,1,11500.0,19.13,68.4,200.9,15.35,0,0,6762.05
2024-10-28 17:00:00,Empirical_Utility_Substation,120000,1,11500.0,18.39,55.8,82.7,10.89,0,0,6932.85
2024-10-28 18:00:00,Empirical_Utility_Substation,120000,1,11500.0,17.64,65.2,0.0,12.16,0,0,7338.23
2024-10-28 19:00:00,Empirical_Utility_Substation,120000,1,11500.0,17.61,69.7,0.0,13.73,0,0,8093.76
2024-10-28 20:00:00,Empirical_Utility_Substation,120000,1,11500.0,16.48,69.9,0.0,11.29,0,0,8172.39
2024-10-28 21:00:00,Empirical_Utility_Substation,120000,1,11500.0,14.51,75.1,0.0,11.18,0,0,7676.52
2024-10-28 22:00:00,Empirical_Utility_Substation,120000,1,11500.0,12.99,76.0,0.0,12.11,0,0,7284.37
2024-10-28 23:00:00,Empirical_Utility_Substation,120000,1,11500.0,11.49,85.9,0.0,11.92,0,0,6908.94
2024-10-29 00:00:00,Empirical_Utility_Substation,120000,1,11500.0,7.84,85.2,0.0,11.56,0,0,6584.24
2024-10-29 01:00:00,Empirical_Utility_Substation,120000,1,11500.0,7.38,71.2,0.0,12.02,0,0,6640.74
2024-10-29 02:00:00,Empirical_Utility_Substation,120000,1,11500.0,7.8,69.1,0.0,12.14,0,0,6818.76
2024-10-29 03:00:00,Empirical_Utility_Substation,120000,1,11500.0,8.45,80.8,0.0,13.83,0,0,6777.8
2024-10-29 04:00:00,Empirical_Utility_Substation,120000,1,11500.0,8.97,69.3,0.0,9.61,0,0,6682.94
2024-10-29 05:00:00,Empirical_Utility_Substation,120000,1,11500.0,10.23,71.6,0.0,10.87,0,0,6682.57
2024-10-29 06:00:00,Empirical_Utility_Substation,120000,1,11500.0,11.21,77.0,0.0,13.78,0,0,6661.24
2024-10-29 07:00:00,Empirical_Utility_Substation,120000,1,11500.0,10.95,80.8,91.2,14.87,0,0,6743.51
2024-10-29 08:00:00,Empirical_Utility_Substation,120000,1,11500.0,12.92,73.1,116.7,11.46,0,0,6993.96
2024-10-29 09:00:00,Empirical_Utility_Substation,120000,1,11500.0,14.25,70.2,188.0,12.94,0,0,7194.66
2024-10-29 10:00:00,Empirical_Utility_Substation,120000,1,11500.0,15.09,69.7,114.3,10.96,0,0,7357.5
2024-10-29 11:00:00,Empirical_Utility_Substation,120000,1,11500.0,16.68,76.8,357.1,11.8,0,0,7643.93
2024-10-29 12:00:00,Empirical_Utility_Substation,120000,1,11500.0,18.72,72.8,132.0,13.41,0,0,7376.51
2024-10-29 13:00:00,Empirical_Utility_Substation,120000,1,11500.0,20.03,68.2,408.0,14.7,0,0,7098.47
2024-10-29 14:00:00,Empirical_Utility_Substation,120000,1,11500.0,20.97,70.7,321.1,10.98,0,0,7018.33
2024-10-29 15:00:00,Empirical_Utility_Substation,120000,1,11500.0,19.92,71.7,172.8,12.29,0,0,6931.71
2024-10-29 16:00:00,Empirical_Utility_Substation,120000,1,11500.0,20.07,68.8,119.1,13.34,0,0,6684.83
2024-10-29 17:00:00,Empirical_Utility_Substation,120000,1,11500.0,19.83,67.1,65.2,12.84,0,0,7100.24
2024-10-29 18:00:00,Empirical_Utility_Substation,120000,1,11500.0,17.64,72.3,0.0,15.96,0,0,7512.61
2024-10-29 19:00:00,Empirical_Utility_Substation,120000,1,11500.0,16.38,80.4,0.0,14.79,0,0,8004.63
2024-10-29 20:00:00,Empirical_Utility_Substation,120000,1,11500.0,15.89,75.7,0.0,10.35,0,0,8087.27
2024-10-29 21:00:00,Empirical_Utility_Substation,120000,1,11500.0,15.37,75.2,0.0,10.79,0,0,7878.51
2024-10-29 22:00:00,Empirical_Utility_Substation,120000,1,11500.0,15.26,85.7,0.0,11.98,0,0,7379.59
2024-10-29 23:00:00,Empirical_Utility_Substation,120000,1,11500.0,12.54,59.1,0.0,14.13,0,0,6918.91
2024-10-30 00:00:00,Empirical_Utility_Substation,120000,1,11500.0,10.35,77.7,0.0,12.08,0,0,6446.94
2024-10-30 01:00:00,Empirical_Utility_Substation,120000,1,11500.0,10.54,77.0,0.0,11.43,0,0,6644.5
2024-10-30 02:00:00,Empirical_Utility_Substation,120000,1,11500.0,11.16,71.7,0.0,9.55,0,0,6721.82
2024-10-30 03:00:00,Empirical_Utility_Substation,120000,1,11500.0,10.79,62.4,0.0,13.21,0,0,6654.08
2024-10-30 04:00:00,Empirical_Utility_Substation,120000,1,11500.0,11.34,76.4,0.0,13.9,0,0,6552.96
2024-10-30 05:00:00,Empirical_Utility_Substation,120000,1,11500.0,11.22,71.1,0.0,18.18,0,0,6635.6
2024-10-30 06:00:00,Empirical_Utility_Substation,120000,1,11500.0,12.12,67.9,0.0,9.96,0,0,6770.89
2024-10-30 07:00:00,Empirical_Utility_Substation,120000,1,11500.0,12.83,81.1,133.0,11.53,0,0,6902.07
2024-10-30 08:00:00,Empirical_Utility_Substation,120000,1,11500.0,12.91,73.3,100.7,12.99,0,0,7078.66
2024-10-30 09:00:00,Empirical_Utility_Substation,120000,1,11500.0,13.12,62.8,320.7,13.32,0,0,7277.07
2024-10-30 10:00:00,Empirical_Utility_Substation,120000,1,11500.0,14.93,74.1,333.0,10.64,0,0,7526.63
2024-10-30 11:00:00,Empirical_Utility_Substation,120000,1,11500.0,15.3,67.4,367.7,12.78,0,0,7435.9
2024-10-30 12:00:00,Empirical_Utility_Substation,120000,1,11500.0,17.71,61.3,480.9,10.61,0,0,7273.74
2024-10-30 13:00:00,Empirical_Utility_Substation,120000,1,11500.0,17.44,66.3,435.2,14.23,0,0,7082.16
2024-10-30 14:00:00,Empirical_Utility_Substation,120000,1,11500.0,16.93,76.2,136.4,13.55,0,0,6859.94
2024-10-30 15:00:00,Empirical_Utility_Substation,120000,1,11500.0,18.27,62.0,179.8,10.97,0,0,6902.41
2024-10-30 16:00:00,Empirical_Utility_Substation,120000,1,11500.0,17.59,69.8,137.9,11.68,0,0,6816.06
2024-10-30 17:00:00,Empirical_Utility_Substation,120000,1,11500.0,18.07,69.4,122.8,12.81,0,0,6981.3
2024-10-30 18:00:00,Empirical_Utility_Substation,120000,1,11500.0,16.19,71.5,0.0,10.02,0,0,7302.3
2024-10-30 19:00:00,Empirical_Utility_Substation,120000,1,11500.0,15.3,78.2,0.0,11.05,0,0,7997.5
2024-10-30 20:00:00,Empirical_Utility_Substation,120000,1,11500.0,14.49,65.2,0.0,11.49,0,0,8154.48
2024-10-30 21:00:00,Empirical_Utility_Substation,120000,1,11500.0,12.5,77.2,0.0,11.97,0,0,7839.17
2024-10-30 22:00:00,Empirical_Utility_Substation,120000,1,11500.0,9.85,81.4,0.0,12.75,0,0,7711.37
2024-10-30 23:00:00,Empirical_Utility_Substation,120000,1,11500.0,9.58,69.5,0.0,10.11,0,0,7245.7
2024-10-31 00:00:00,Empirical_Utility_Substation,120000,1,11500.0,8.51,78.3,0.0,14.5,0,0,6751.89
2024-10-31 01:00:00,Empirical_Utility_Substation,120000,1,11500.0,8.73,78.8,0.0,11.99,0,0,6635.55
2024-10-31 02:00:00,Empirical_Utility_Substation,120000,1,11500.0,9.2,77.0,0.0,14.44,0,0,6595.08
2024-10-31 03:00:00,Empirical_Utility_Substation,120000,1,11500.0,8.5,88.6,0.0,11.73,0,0,6644.91
2024-10-31 04:00:00,Empirical_Utility_Substation,120000,1,11500.0,7.92,74.4,0.0,9.32,0,0,6482.21
2024-10-31 05:00:00,Empirical_Utility_Substation,120000,1,11500.0,7.71,74.5,0.0,11.18,0,0,6625.76
2024-10-31 06:00:00,Empirical_Utility_Substation,120000,1,11500.0,11.53,68.3,0.0,13.22,0,0,6605.64
2024-10-31 07:00:00,Empirical_Utility_Substation,120000,1,11500.0,11.39,76.3,111.0,10.23,0,0,6736.81
2024-10-31 08:00:00,Empirical_Utility_Substation,120000,1,11500.0,12.46,72.8,241.7,10.1,0,0,7021.34
2024-10-31 09:00:00,Empirical_Utility_Substation,120000,1,11500.0,14.43,69.4,265.1,14.55,0,0,7380.23
2024-10-31 10:00:00,Empirical_Utility_Substation,120000,1,11500.0,14.54,81.7,406.1,12.09,0,0,7634.99
2024-10-31 11:00:00,Empirical_Utility_Substation,120000,1,11500.0,16.35,68.4,246.0,10.31,0,0,7774.23
2024-10-31 12:00:00,Empirical_Utility_Substation,120000,1,11500.0,16.91,67.9,395.3,13.72,0,0,7788.15
2024-10-31 13:00:00,Empirical_Utility_Substation,120000,1,11500.0,17.59,59.5,482.1,11.3,0,0,7581.45
2024-10-31 14:00:00,Empirical_Utility_Substation,120000,1,11500.0,18.39,73.3,167.3,12.35,0,0,7306.76
2024-10-31 15:00:00,Empirical_Utility_Substation,120000,1,11500.0,17.8,74.5,182.5,12.33,0,0,7231.56
2024-10-31 16:00:00,Empirical_Utility_Substation,120000,1,11500.0,17.53,76.9,177.3,14.32,0,0,7051.15
2024-10-31 17:00:00,Empirical_Utility_Substation,120000,1,11500.0,16.15,68.6,92.0,10.51,0,0,7449.65
2024-10-31 18:00:00,Empirical_Utility_Substation,120000,1,11500.0,16.72,62.7,0.0,10.96,0,0,7976.36
2024-10-31 19:00:00,Empirical_Utility_Substation,120000,1,11500.0,16.6,73.8,0.0,12.77,0,0,8141.52
2024-10-31 20:00:00,Empirical_Utility_Substation,120000,1,11500.0,15.56,68.7,0.0,15.28,0,0,8397.83
2024-10-31 21:00:00,Empirical_Utility_Substation,120000,1,11500.0,15.54,73.4,0.0,11.69,0,0,8109.79
2024-10-31 22:00:00,Empirical_Utility_Substation,120000,1,11500.0,13.09,69.5,0.0,11.32,0,0,7762.89
2024-10-31 23:00:00,Empirical_Utility_Substation,120000,1,11500.0,10.78,77.9,0.0,9.65,0,0,7598.01
2024-11-01 00:00:00,Empirical_Utility_Substation,120000,1,11500.0,9.13,78.0,0.0,14.79,0,1,6098.55
2024-11-01 01:00:00,Empirical_Utility_Substation,120000,1,11500.0,7.35,78.2,0.0,13.67,0,1,6136.32
2024-11-01 02:00:00,Empirical_Utility_Substation,120000,1,11500.0,5.82,77.9,0.0,12.05,0,1,6028.4
2024-11-01 03:00:00,Empirical_Utility_Substation,120000,1,11500.0,4.88,87.0,0.0,13.01,0,1,6225.81
2024-11-01 04:00:00,Empirical_Utility_Substation,120000,1,11500.0,6.68,81.9,0.0,18.1,0,1,6057.93
2024-11-01 05:00:00,Empirical_Utility_Substation,120000,1,11500.0,7.59,77.2,0.0,15.09,0,1,5922.77
2024-11-01 06:00:00,Empirical_Utility_Substation,120000,1,11500.0,8.36,91.6,0.0,14.23,0,1,5949.66
2024-11-01 07:00:00,Empirical_Utility_Substation,120000,1,11500.0,9.38,80.2,79.8,13.39,0,1,6016.12
2024-11-01 08:00:00,Empirical_Utility_Substation,120000,1,11500.0,10.08,78.5,176.3,10.91,0,1,6184.61
2024-11-01 09:00:00,Empirical_Utility_Substation,120000,1,11500.0,10.86,74.8,273.1,13.56,0,1,6459.4
2024-11-01 10:00:00,Empirical_Utility_Substation,120000,1,11500.0,12.38,70.9,324.7,12.13,0,1,6529.29
2024-11-01 11:00:00,Empirical_Utility_Substation,120000,1,11500.0,14.38,66.2,477.5,11.59,0,1,6398.71
2024-11-01 12:00:00,Empirical_Utility_Substation,120000,1,11500.0,16.39,75.8,132.0,11.31,0,1,6401.69
2024-11-01 13:00:00,Empirical_Utility_Substation,120000,1,11500.0,18.48,64.5,270.8,11.88,0,1,6146.13
2024-11-01 14:00:00,Empirical_Utility_Substation,120000,1,11500.0,18.85,64.0,248.5,9.78,0,1,5907.2
2024-11-01 15:00:00,Empirical_Utility_Substation,120000,1,11500.0,19.93,73.7,334.2,11.72,0,1,5614.33
2024-11-01 16:00:00,Empirical_Utility_Substation,120000,1,11500.0,19.14,59.6,143.4,10.89,0,1,5846.65
2024-11-01 17:00:00,Empirical_Utility_Substation,120000,1,11500.0,18.52,66.7,106.8,12.3,0,1,5903.69
2024-11-01 18:00:00,Empirical_Utility_Substation,120000,1,11500.0,17.73,70.1,0.0,12.58,0,1,6271.07
2024-11-01 19:00:00,Empirical_Utility_Substation,120000,1,11500.0,16.84,62.4,0.0,16.2,0,1,6503.61
2024-11-01 20:00:00,Empirical_Utility_Substation,120000,1,11500.0,14.84,76.2,0.0,9.68,0,1,6504.59
2024-11-01 21:00:00,Empirical_Utility_Substation,120000,1,11500.0,12.87,81.9,0.0,16.21,0,1,6313.44
2024-11-01 22:00:00,Empirical_Utility_Substation,120000,1,11500.0,10.4,66.0,0.0,10.43,0,1,5937.79
2024-11-01 23:00:00,Empirical_Utility_Substation,120000,1,11500.0,8.52,84.6,0.0,11.89,0,1,5873.63
2024-11-02 00:00:00,Empirical_Utility_Substation,120000,1,11500.0,6.19,83.9,0.0,11.82,1,0,6016.36
2024-11-02 01:00:00,Empirical_Utility_Substation,120000,1,11500.0,5.23,79.5,0.0,17.16,1,0,6089.75
2024-11-02 02:00:00,Empirical_Utility_Substation,120000,1,11500.0,5.42,78.4,0.0,13.77,1,0,5896.72
2024-11-02 03:00:00,Empirical_Utility_Substation,120000,1,11500.0,5.89,88.7,0.0,11.05,1,0,5896.11
2024-11-02 04:00:00,Empirical_Utility_Substation,120000,1,11500.0,7.3,83.6,0.0,13.9,1,0,5934.92
2024-11-02 05:00:00,Empirical_Utility_Substation,120000,1,11500.0,7.8,79.3,0.0,9.11,1,0,5890.6
2024-11-02 06:00:00,Empirical_Utility_Substation,120000,1,11500.0,9.9,69.2,0.0,12.62,1,0,5863.93
2024-11-02 07:00:00,Empirical_Utility_Substation,120000,1,11500.0,11.66,80.2,84.4,11.9,1,0,5963.57
2024-11-02 08:00:00,Empirical_Utility_Substation,120000,1,11500.0,15.69,71.7,143.3,13.32,1,0,6137.65
2024-11-02 09:00:00,Empirical_Utility_Substation,120000,1,11500.0,17.09,60.1,245.3,12.48,1,0,6552.59
2024-11-02 10:00:00,Empirical_Utility_Substation,120000,1,11500.0,17.89,67.7,119.4,14.85,1,0,6756.15
2024-11-02 11:00:00,Empirical_Utility_Substation,120000,1,11500.0,18.31,63.7,439.0,13.42,1,0,6818.44
2024-11-02 12:00:00,Empirical_Utility_Substation,120000,1,11500.0,19.79,63.1,318.8,11.48,1,0,6853.31
2024-11-02 13:00:00,Empirical_Utility_Substation,120000,1,11500.0,21.23,70.6,298.9,13.89,1,0,6622.0
2024-11-02 14:00:00,Empirical_Utility_Substation,120000,1,11500.0,22.3,64.1,461.1,14.73,1,0,6326.3
2024-11-02 15:00:00,Empirical_Utility_Substation,120000,1,11500.0,22.04,70.3,324.3,12.01,1,0,6198.5
2024-11-02 16:00:00,Empirical_Utility_Substation,120000,1,11500.0,20.68,69.6,67.2,10.94,1,0,5995.31
2024-11-02 17:00:00,Empirical_Utility_Substation,120000,1,11500.0,20.61,61.4,127.2,10.83,1,0,6080.94
2024-11-02 18:00:00,Empirical_Utility_Substation,120000,1,11500.0,18.53,73.8,0.0,11.22,1,0,6469.85
2024-11-02 19:00:00,Empirical_Utility_Substation,120000,1,11500.0,17.27,65.2,0.0,14.7,1,0,6791.04
2024-11-02 20:00:00,Empirical_Utility_Substation,120000,1,11500.0,16.06,74.9,0.0,9.96,1,0,6834.17
2024-11-02 21:00:00,Empirical_Utility_Substation,120000,1,11500.0,15.19,69.9,0.0,11.48,1,0,6658.88
2024-11-02 22:00:00,Empirical_Utility_Substation,120000,1,11500.0,11.17,80.2,0.0,13.59,1,0,6133.0
2024-11-02 23:00:00,Empirical_Utility_Substation,120000,1,11500.0,10.75,81.7,0.0,12.04,1,0,5864.69
2024-11-03 00:00:00,Empirical_Utility_Substation,120000,1,11500.0,9.55,71.0,0.0,11.44,1,0,5563.75
2024-11-03 01:00:00,Empirical_Utility_Substation,120000,1,11500.0,7.79,78.3,0.0,10.56,1,0,6008.81
2024-11-03 02:00:00,Empirical_Utility_Substation,120000,1,11500.0,8.07,92.1,0.0,15.82,1,0,6019.32
2024-11-03 03:00:00,Empirical_Utility_Substation,120000,1,11500.0,7.39,74.7,0.0,10.54,1,0,6094.67
2024-11-03 04:00:00,Empirical_Utility_Substation,120000,1,11500.0,6.84,78.9,0.0,12.86,1,0,5863.49
2024-11-03 05:00:00,Empirical_Utility_Substation,120000,1,11500.0,7.05,78.0,0.0,11.17,1,0,6006.03
2024-11-03 06:00:00,Empirical_Utility_Substation,120000,1,11500.0,7.76,75.9,0.0,10.61,1,0,5902.14
2024-11-03 07:00:00,Empirical_Utility_Substation,120000,1,11500.0,9.05,72.5,42.8,14.14,1,0,6006.04
2024-11-03 08:00:00,Empirical_Utility_Substation,120000,1,11500.0,10.99,73.5,252.0,10.82,1,0,6171.1
2024-11-03 09:00:00,Empirical_Utility_Substation,120000,1,11500.0,10.97,77.6,272.0,12.58,1,0,6387.93
2024-11-03 10:00:00,Empirical_Utility_Substation,120000,1,11500.0,12.29,75.1,377.6,11.87,1,0,6787.2
2024-11-03 11:00:00,Empirical_Utility_Substation,120000,1,11500.0,13.67,63.0,248.5,12.83,1,0,6902.91
2024-11-03 12:00:00,Empirical_Utility_Substation,120000,1,11500.0,14.82,68.2,382.4,11.99,1,0,6940.36
2024-11-03 13:00:00,Empirical_Utility_Substation,120000,1,11500.0,16.64,75.9,288.1,13.6,1,0,6554.85
2024-11-03 14:00:00,Empirical_Utility_Substation,120000,1,11500.0,18.12,73.7,394.5,14.84,1,0,6286.23
2024-11-03 15:00:00,Empirical_Utility_Substation,120000,1,11500.0,19.04,66.6,324.4,11.54,1,0,5980.17
2024-11-03 16:00:00,Empirical_Utility_Substation,120000,1,11500.0,18.76,70.1,193.1,13.91,1,0,5804.28
2024-11-03 17:00:00,Empirical_Utility_Substation,120000,1,11500.0,18.13,63.5,34.2,13.86,1,0,6072.36
2024-11-03 18:00:00,Empirical_Utility_Substation,120000,1,11500.0,16.92,59.8,0.0,15.25,1,0,6505.28
2024-11-03 19:00:00,Empirical_Utility_Substation,120000,1,11500.0,15.97,67.1,0.0,12.51,1,0,7000.11
2024-11-03 20:00:00,Empirical_Utility_Substation,120000,1,11500.0,14.3,67.9,0.0,14.38,1,0,7303.21
2024-11-03 21:00:00,Empirical_Utility_Substation,120000,1,11500.0,11.72,71.4,0.0,11.26,1,0,7070.56
2024-11-03 22:00:00,Empirical_Utility_Substation,120000,1,11500.0,9.36,82.0,0.0,12.87,1,0,6877.21
2024-11-03 23:00:00,Empirical_Utility_Substation,120000,1,11500.0,8.32,77.6,0.0,14.63,1,0,6421.55
2024-11-04 00:00:00,Empirical_Utility_Substation,120000,1,11500.0,6.54,80.6,0.0,14.7,0,0,7003.68
2024-11-04 01:00:00,Empirical_Utility_Substation,120000,1,11500.0,5.79,74.2,0.0,10.9,0,0,7030.35
2024-11-04 02:00:00,Empirical_Utility_Substation,120000,1,11500.0,5.53,74.8,0.0,11.89,0,0,7102.87
2024-11-04 03:00:00,Empirical_Utility_Substation,120000,1,11500.0,5.33,82.4,0.0,14.27,0,0,7181.47
2024-11-04 04:00:00,Empirical_Utility_Substation,120000,1,11500.0,6.57,83.4,0.0,14.08,0,0,6963.29
2024-11-04 05:00:00,Empirical_Utility_Substation,120000,1,11500.0,9.14,69.1,0.0,16.38,0,0,6850.78
2024-11-04 06:00:00,Empirical_Utility_Substation,120000,1,11500.0,10.4,80.7,0.0,13.28,0,0,6895.34
2024-11-04 07:00:00,Empirical_Utility_Substation,120000,1,11500.0,13.31,84.5,62.5,14.23,0,0,6993.04
2024-11-04 08:00:00,Empirical_Utility_Substation,120000,1,11500.0,13.62,79.9,165.9,13.54,0,0,7030.15
2024-11-04 09:00:00,Empirical_Utility_Substation,120000,1,11500.0,15.1,75.8,260.9,10.55,0,0,7308.46
2024-11-04 10:00:00,Empirical_Utility_Substation,120000,1,11500.0,15.31,67.3,382.5,11.02,0,0,7708.26
2024-11-04 11:00:00,Empirical_Utility_Substation,120000,1,11500.0,16.32,64.1,351.7,13.18,0,0,7733.06
2024-11-04 12:00:00,Empirical_Utility_Substation,120000,1,11500.0,17.31,67.9,132.0,14.64,0,0,7876.89
2024-11-04 13:00:00,Empirical_Utility_Substation,120000,1,11500.0,17.89,67.8,533.4,11.06,0,0,7565.11
2024-11-04 14:00:00,Empirical_Utility_Substation,120000,1,11500.0,17.85,79.1,114.3,10.16,0,0,7304.18
2024-11-04 15:00:00,Empirical_Utility_Substation,120000,1,11500.0,19.14,69.3,198.6,12.5,0,0,7161.09
2024-11-04 16:00:00,Empirical_Utility_Substation,120000,1,11500.0,18.62,75.9,193.7,13.5,0,0,7013.57
2024-11-04 17:00:00,Empirical_Utility_Substation,120000,1,11500.0,16.69,72.2,97.4,13.83,0,0,7006.09
2024-11-04 18:00:00,Empirical_Utility_Substation,120000,1,11500.0,16.59,62.8,0.0,11.77,0,0,7438.44
2024-11-04 19:00:00,Empirical_Utility_Substation,120000,1,11500.0,16.44,72.9,0.0,10.68,0,0,7836.58
2024-11-04 20:00:00,Empirical_Utility_Substation,120000,1,11500.0,15.78,71.3,0.0,12.26,0,0,8027.66
2024-11-04 21:00:00,Empirical_Utility_Substation,120000,1,11500.0,14.69,76.4,0.0,10.27,0,0,7834.2
2024-11-04 22:00:00,Empirical_Utility_Substation,120000,1,11500.0,10.89,69.0,0.0,12.37,0,0,7339.48
2024-11-04 23:00:00,Empirical_Utility_Substation,120000,1,11500.0,9.17,68.5,0.0,10.69,0,0,7110.06
2024-11-05 00:00:00,Empirical_Utility_Substation,120000,1,11500.0,7.89,76.1,0.0,14.78,0,0,6878.33
2024-11-05 01:00:00,Empirical_Utility_Substation,120000,1,11500.0,6.33,82.6,0.0,14.36,0,0,7064.41
2024-11-05 02:00:00,Empirical_Utility_Substation,120000,1,11500.0,7.05,72.9,0.0,13.16,0,0,6828.21
2024-11-05 03:00:00,Empirical_Utility_Substation,120000,1,11500.0,7.27,82.8,0.0,13.58,0,0,6910.18
2024-11-05 04:00:00,Empirical_Utility_Substation,120000,1,11500.0,7.03,75.1,0.0,12.67,0,0,7024.41
2024-11-05 05:00:00,Empirical_Utility_Substation,120000,1,11500.0,7.36,80.9,0.0,13.29,0,0,7051.29
2024-11-05 06:00:00,Empirical_Utility_Substation,120000,1,11500.0,7.94,73.4,0.0,11.1,0,0,6851.44
2024-11-05 07:00:00,Empirical_Utility_Substation,120000,1,11500.0,9.68,79.3,73.9,9.81,0,0,6651.93
2024-11-05 08:00:00,Empirical_Utility_Substation,120000,1,11500.0,10.6,74.9,146.1,12.13,0,0,6842.41
2024-11-05 09:00:00,Empirical_Utility_Substation,120000,1,11500.0,11.99,84.7,259.9,10.93,0,0,6991.83
2024-11-05 10:00:00,Empirical_Utility_Substation,120000,1,11500.0,11.88,76.4,243.3,11.79,0,0,7287.55
2024-11-05 11:00:00,Empirical_Utility_Substation,120000,1,11500.0,13.7,73.8,426.0,12.74,0,0,7377.59
2024-11-05 12:00:00,Empirical_Utility_Substation,120000,1,11500.0,13.64,75.8,362.5,11.15,0,0,7413.78
2024-11-05 13:00:00,Empirical_Utility_Substation,120000,1,11500.0,15.2,64.1,475.8,13.06,0,0,7265.3
2024-11-05 14:00:00,Empirical_Utility_Substation,120000,1,11500.0,17.24,76.5,260.8,14.09,0,0,7224.13
2024-11-05 15:00:00,Empirical_Utility_Substation,120000,1,11500.0,17.95,68.1,305.2,13.84,0,0,7038.77
2024-11-05 16:00:00,Empirical_Utility_Substation,120000,1,11500.0,15.66,62.0,66.0,11.46,0,0,7067.31
2024-11-05 17:00:00,Empirical_Utility_Substation,120000,1,11500.0,15.82,61.0,65.2,14.44,0,0,7448.7
2024-11-05 18:00:00,Empirical_Utility_Substation,120000,1,11500.0,13.98,69.1,0.0,12.98,0,0,7821.46
2024-11-05 19:00:00,Empirical_Utility_Substation,120000,1,11500.0,12.12,71.0,0.0,13.44,0,0,8239.42
2024-11-05 20:00:00,Empirical_Utility_Substation,120000,1,11500.0,11.83,81.6,0.0,11.5,0,0,8127.24
2024-11-05 21:00:00,Empirical_Utility_Substation,120000,1,11500.0,10.99,88.2,0.0,12.25,0,0,8090.58
2024-11-05 22:00:00,Empirical_Utility_Substation,120000,1,11500.0,10.67,84.7,0.0,13.33,0,0,7588.08
2024-11-05 23:00:00,Empirical_Utility_Substation,120000,1,11500.0,9.33,75.4,0.0,15.02,0,0,7199.44
2024-11-06 00:00:00,Empirical_Utility_Substation,120000,1,11500.0,7.82,66.7,0.0,13.84,0,0,6652.96
2024-11-06 01:00:00,Empirical_Utility_Substation,120000,1,11500.0,6.13,98.0,0.0,13.69,0,0,6652.01
2024-11-06 02:00:00,Empirical_Utility_Substation,120000,1,11500.0,5.03,77.5,0.0,12.85,0,0,6816.03
2024-11-06 03:00:00,Empirical_Utility_Substation,120000,1,11500.0,5.51,78.0,0.0,14.59,0,0,6813.86
2024-11-06 04:00:00,Empirical_Utility_Substation,120000,1,11500.0,3.63,85.7,0.0,12.93,0,0,7109.56
2024-11-06 05:00:00,Empirical_Utility_Substation,120000,1,11500.0,4.0,80.4,0.0,9.68,0,0,7124.42
2024-11-06 06:00:00,Empirical_Utility_Substation,120000,1,11500.0,5.28,77.1,0.0,13.62,0,0,7086.37
2024-11-06 07:00:00,Empirical_Utility_Substation,120000,1,11500.0,9.09,60.4,34.2,10.55,0,0,6968.12
2024-11-06 08:00:00,Empirical_Utility_Substation,120000,1,11500.0,10.37,65.9,66.0,9.5,0,0,7131.25
2024-11-06 09:00:00,Empirical_Utility_Substation,120000,1,11500.0,13.86,72.4,93.3,12.77,0,0,7187.82
2024-11-06 10:00:00,Empirical_Utility_Substation,120000,1,11500.0,16.48,84.0,114.3,13.67,0,0,7367.6
2024-11-06 11:00:00,Empirical_Utility_Substation,120000,1,11500.0,19.27,65.8,237.9,10.37,0,0,7571.76
2024-11-06 12:00:00,Empirical_Utility_Substation,120000,1,11500.0,20.25,75.4,479.1,11.12,0,0,7649.97
2024-11-06 13:00:00,Empirical_Utility_Substation,120000,1,11500.0,20.69,74.0,460.5,10.43,0,0,7322.07
2024-11-06 14:00:00,Empirical_Utility_Substation,120000,1,11500.0,22.26,58.1,181.5,14.48,0,0,6962.71
2024-11-06 15:00:00,Empirical_Utility_Substation,120000,1,11500.0,22.15,66.3,320.6,11.41,0,0,6962.98
2024-11-06 16:00:00,Empirical_Utility_Substation,120000,1,11500.0,23.15,58.0,285.0,11.47,0,0,6708.6
2024-11-06 17:00:00,Empirical_Utility_Substation,120000,1,11500.0,22.95,56.5,34.2,9.91,0,0,6708.49
2024-11-06 18:00:00,Empirical_Utility_Substation,120000,1,11500.0,20.59,69.1,0.0,14.04,0,0,7100.55
2024-11-06 19:00:00,Empirical_Utility_Substation,120000,1,11500.0,18.24,75.8,0.0,11.14,0,0,7629.07
2024-11-06 20:00:00,Empirical_Utility_Substation,120000,1,11500.0,16.96,62.7,0.0,11.74,0,0,7910.21
2024-11-06 21:00:00,Empirical_Utility_Substation,120000,1,11500.0,15.19,65.9,0.0,11.09,0,0,7835.14
2024-11-06 22:00:00,Empirical_Utility_Substation,120000,1,11500.0,15.09,67.0,0.0,16.34,0,0,7396.95
2024-11-06 23:00:00,Empirical_Utility_Substation,120000,1,11500.0,13.82,76.7,0.0,14.37,0,0,6794.51
2024-11-07 00:00:00,Empirical_Utility_Substation,120000,1,11500.0,11.34,66.7,0.0,14.68,0,0,6512.18
2024-11-07 01:00:00,Empirical_Utility_Substation,120000,1,11500.0,8.66,74.8,0.0,17.32,0,0,6796.77
2024-11-07 02:00:00,Empirical_Utility_Substation,120000,1,11500.0,7.45,78.3,0.0,14.25,0,0,6850.28
2024-11-07 03:00:00,Empirical_Utility_Substation,120000,1,11500.0,6.72,72.3,0.0,9.99,0,0,7027.64
2024-11-07 04:00:00,Empirical_Utility_Substation,120000,1,11500.0,7.46,79.0,0.0,14.31,0,0,6836.69
2024-11-07 05:00:00,Empirical_Utility_Substation,120000,1,11500.0,8.16,89.1,0.0,14.9,0,0,6908.13
2024-11-07 06:00:00,Empirical_Utility_Substation,120000,1,11500.0,8.54,73.2,0.0,11.39,0,0,6867.0
2024-11-07 07:00:00,Empirical_Utility_Substation,120000,1,11500.0,10.22,78.2,92.9,14.16,0,0,6909.56
2024-11-07 08:00:00,Empirical_Utility_Substation,120000,1,11500.0,10.71,80.3,66.0,10.3,0,0,7214.2
2024-11-07 09:00:00,Empirical_Utility_Substation,120000,1,11500.0,13.29,68.0,201.9,14.38,0,0,7459.57
2024-11-07 10:00:00,Empirical_Utility_Substation,120000,1,11500.0,16.13,73.6,255.0,11.27,0,0,7486.45
2024-11-07 11:00:00,Empirical_Utility_Substation,120000,1,11500.0,16.07,62.8,258.6,12.88,0,0,7916.49
2024-11-07 12:00:00,Empirical_Utility_Substation,120000,1,11500.0,17.62,68.6,314.7,16.33,0,0,7746.86
2024-11-07 13:00:00,Empirical_Utility_Substation,120000,1,11500.0,17.56,64.4,127.5,12.82,0,0,7463.52
2024-11-07 14:00:00,Empirical_Utility_Substation,120000,1,11500.0,18.25,77.2,408.7,11.85,0,0,7305.62
2024-11-07 15:00:00,Empirical_Utility_Substation,120000,1,11500.0,17.44,71.9,254.3,11.77,0,0,7253.04
2024-11-07 16:00:00,Empirical_Utility_Substation,120000,1,11500.0,18.78,77.2,66.0,10.08,0,0,7202.81
2024-11-07 17:00:00,Empirical_Utility_Substation,120000,1,11500.0,19.32,68.3,103.3,11.01,0,0,7199.0
2024-11-07 18:00:00,Empirical_Utility_Substation,120000,1,11500.0,17.78,62.8,0.0,13.1,0,0,7375.44
2024-11-07 19:00:00,Empirical_Utility_Substation,120000,1,11500.0,16.75,64.3,0.0,13.17,0,0,7689.13
2024-11-07 20:00:00,Empirical_Utility_Substation,120000,1,11500.0,14.65,70.9,0.0,12.47,0,0,7939.44
2024-11-07 21:00:00,Empirical_Utility_Substation,120000,1,11500.0,11.89,80.4,0.0,13.67,0,0,7709.49
2024-11-07 22:00:00,Empirical_Utility_Substation,120000,1,11500.0,9.8,73.5,0.0,10.38,0,0,7349.57
2024-11-07 23:00:00,Empirical_Utility_Substation,120000,1,11500.0,8.53,74.4,0.0,15.11,0,0,6985.85
2024-11-08 00:00:00,Empirical_Utility_Substation,120000,1,11500.0,8.13,92.1,0.0,16.32,0,0,6667.71
2024-11-08 01:00:00,Empirical_Utility_Substation,120000,1,11500.0,8.34,82.6,0.0,16.37,0,0,6569.93
2024-11-08 02:00:00,Empirical_Utility_Substation,120000,1,11500.0,7.07,79.7,0.0,11.94,0,0,6567.25
2024-11-08 03:00:00,Empirical_Utility_Substation,120000,1,11500.0,6.07,82.2,0.0,14.98,0,0,6719.99
2024-11-08 04:00:00,Empirical_Utility_Substation,120000,1,11500.0,5.39,82.3,0.0,10.23,0,0,6790.37
2024-11-08 05:00:00,Empirical_Utility_Substation,120000,1,11500.0,6.99,96.8,0.0,12.05,0,0,6811.22
2024-11-08 06:00:00,Empirical_Utility_Substation,120000,1,11500.0,6.65,80.1,0.0,11.27,0,0,7093.27
2024-11-08 07:00:00,Empirical_Utility_Substation,120000,1,11500.0,8.29,87.5,103.3,12.47,0,0,6866.44
2024-11-08 08:00:00,Empirical_Utility_Substation,120000,1,11500.0,11.53,71.5,222.9,12.92,0,0,6802.83
2024-11-08 09:00:00,Empirical_Utility_Substation,120000,1,11500.0,14.03,85.7,93.3,12.39,0,0,7170.69
2024-11-08 10:00:00,Empirical_Utility_Substation,120000,1,11500.0,15.16,73.7,114.3,12.08,0,0,7502.19
2024-11-08 11:00:00,Empirical_Utility_Substation,120000,1,11500.0,16.61,79.7,407.1,10.67,0,0,7682.89
2024-11-08 12:00:00,Empirical_Utility_Substation,120000,1,11500.0,15.8,79.3,132.0,11.69,0,0,7370.34
2024-11-08 13:00:00,Empirical_Utility_Substation,120000,1,11500.0,16.59,66.9,177.5,12.24,0,0,7273.88
2024-11-08 14:00:00,Empirical_Utility_Substation,120000,1,11500.0,17.76,72.6,319.4,11.04,0,0,7028.94
2024-11-08 15:00:00,Empirical_Utility_Substation,120000,1,11500.0,17.81,69.1,349.5,12.77,0,0,6920.2
2024-11-08 16:00:00,Empirical_Utility_Substation,120000,1,11500.0,17.47,62.6,211.6,11.9,0,0,6650.39
2024-11-08 17:00:00,Empirical_Utility_Substation,120000,1,11500.0,17.21,74.1,128.8,9.4,0,0,6864.64
2024-11-08 18:00:00,Empirical_Utility_Substation,120000,1,11500.0,16.29,65.7,0.0,12.19,0,0,7359.77
2024-11-08 19:00:00,Empirical_Utility_Substation,120000,1,11500.0,15.54,82.4,0.0,13.62,0,0,8106.41
2024-11-08 20:00:00,Empirical_Utility_Substation,120000,1,11500.0,13.44,75.2,0.0,12.37,0,0,8238.59
2024-11-08 21:00:00,Empirical_Utility_Substation,120000,1,11500.0,13.14,69.9,0.0,15.14,0,0,7922.39
2024-11-08 22:00:00,Empirical_Utility_Substation,120000,1,11500.0,11.21,64.1,0.0,13.75,0,0,7603.34
2024-11-08 23:00:00,Empirical_Utility_Substation,120000,1,11500.0,10.11,61.3,0.0,13.31,0,0,7195.03
2024-11-09 00:00:00,Empirical_Utility_Substation,120000,1,11500.0,9.13,77.5,0.0,12.07,1,0,5801.01
2024-11-09 01:00:00,Empirical_Utility_Substation,120000,1,11500.0,7.51,66.3,0.0,13.5,1,0,5907.98
2024-11-09 02:00:00,Empirical_Utility_Substation,120000,1,11500.0,7.55,70.6,0.0,11.36,1,0,5864.85
2024-11-09 03:00:00,Empirical_Utility_Substation,120000,1,11500.0,5.84,91.1,0.0,10.86,1,0,6116.05
2024-11-09 04:00:00,Empirical_Utility_Substation,120000,1,11500.0,5.81,86.2,0.0,11.54,1,0,6259.18
2024-11-09 05:00:00,Empirical_Utility_Substation,120000,1,11500.0,5.91,75.9,0.0,12.03,1,0,6199.74
2024-11-09 06:00:00,Empirical_Utility_Substation,120000,1,11500.0,6.26,80.3,0.0,12.8,1,0,6482.59
2024-11-09 07:00:00,Empirical_Utility_Substation,120000,1,11500.0,8.79,72.3,71.9,11.85,1,0,6540.01
2024-11-09 08:00:00,Empirical_Utility_Substation,120000,1,11500.0,7.83,79.6,66.0,10.66,1,0,6864.72
2024-11-09 09:00:00,Empirical_Utility_Substation,120000,1,11500.0,9.79,77.7,256.6,12.65,1,0,6902.05
2024-11-09 10:00:00,Empirical_Utility_Substation,120000,1,11500.0,11.92,67.1,306.2,12.7,1,0,6987.16
2024-11-09 11:00:00,Empirical_Utility_Substation,120000,1,11500.0,14.33,69.4,313.8,15.13,1,0,7063.33
2024-11-09 12:00:00,Empirical_Utility_Substation,120000,1,11500.0,15.85,74.5,167.7,11.67,1,0,7027.87
2024-11-09 13:00:00,Empirical_Utility_Substation,120000,1,11500.0,17.34,65.8,493.5,13.58,1,0,6869.66
2024-11-09 14:00:00,Empirical_Utility_Substation,120000,1,11500.0,17.87,60.0,336.1,12.92,1,0,6355.51
2024-11-09 15:00:00,Empirical_Utility_Substation,120000,1,11500.0,16.92,78.1,180.1,11.28,1,0,6105.15
2024-11-09 16:00:00,Empirical_Utility_Substation,120000,1,11500.0,17.54,80.5,108.0,17.48,1,0,5942.41
2024-11-09 17:00:00,Empirical_Utility_Substation,120000,1,11500.0,18.5,69.4,34.2,14.13,1,0,6111.85
2024-11-09 18:00:00,Empirical_Utility_Substation,120000,1,11500.0,17.9,66.6,0.0,12.23,1,0,6591.66
2024-11-09 19:00:00,Empirical_Utility_Substation,120000,1,11500.0,16.4,72.6,0.0,15.95,1,0,7088.05
2024-11-09 20:00:00,Empirical_Utility_Substation,120000,1,11500.0,15.83,65.6,0.0,12.41,1,0,7276.73
2024-11-09 21:00:00,Empirical_Utility_Substation,120000,1,11500.0,14.17,67.8,0.0,14.03,1,0,7179.32
2024-11-09 22:00:00,Empirical_Utility_Substation,120000,1,11500.0,13.63,77.6,0.0,11.48,1,0,6742.44
2024-11-09 23:00:00,Empirical_Utility_Substation,120000,1,11500.0,13.42,64.4,0.0,11.34,1,0,6432.44
2024-11-10 00:00:00,Empirical_Utility_Substation,120000,1,11500.0,12.49,75.5,0.0,15.43,1,0,5908.61
2024-11-10 01:00:00,Empirical_Utility_Substation,120000,1,11500.0,10.75,74.5,0.0,12.41,1,0,5769.39
2024-11-10 02:00:00,Empirical_Utility_Substation,120000,1,11500.0,10.06,82.5,0.0,9.97,1,0,5758.29
2024-11-10 03:00:00,Empirical_Utility_Substation,120000,1,11500.0,10.16,77.0,0.0,12.85,1,0,5734.69
2024-11-10 04:00:00,Empirical_Utility_Substation,120000,1,11500.0,10.96,58.8,0.0,13.12,1,0,5692.95
2024-11-10 05:00:00,Empirical_Utility_Substation,120000,1,11500.0,11.07,83.6,0.0,16.67,1,0,5670.03
2024-11-10 06:00:00,Empirical_Utility_Substation,120000,1,11500.0,13.2,77.3,0.0,14.36,1,0,5644.68
2024-11-10 07:00:00,Empirical_Utility_Substation,120000,1,11500.0,14.26,74.2,51.0,11.26,1,0,5687.07
2024-11-10 08:00:00,Empirical_Utility_Substation,120000,1,11500.0,15.05,61.5,100.3,13.54,1,0,5898.53
2024-11-10 09:00:00,Empirical_Utility_Substation,120000,1,11500.0,15.45,63.1,329.1,17.19,1,0,6490.41
2024-11-10 10:00:00,Empirical_Utility_Substation,120000,1,11500.0,17.73,74.8,241.4,11.39,1,0,6624.82
2024-11-10 11:00:00,Empirical_Utility_Substation,120000,1,11500.0,18.07,69.0,428.7,11.17,1,0,6563.5
2024-11-10 12:00:00,Empirical_Utility_Substation,120000,1,11500.0,18.03,73.3,231.9,15.6,1,0,6623.23
2024-11-10 13:00:00,Empirical_Utility_Substation,120000,1,11500.0,20.68,71.6,349.3,13.38,1,0,6669.85
2024-11-10 14:00:00,Empirical_Utility_Substation,120000,1,11500.0,22.23,61.1,215.6,15.01,1,0,6348.63
2024-11-10 15:00:00,Empirical_Utility_Substation,120000,1,11500.0,22.73,68.3,161.1,12.04,1,0,6176.85
2024-11-10 16:00:00,Empirical_Utility_Substation,120000,1,11500.0,22.25,66.5,167.9,14.52,1,0,6147.42
2024-11-10 17:00:00,Empirical_Utility_Substation,120000,1,11500.0,20.45,72.4,34.2,11.4,1,0,6510.71
2024-11-10 18:00:00,Empirical_Utility_Substation,120000,1,11500.0,20.19,63.8,0.0,12.63,1,0,6946.24
2024-11-10 19:00:00,Empirical_Utility_Substation,120000,1,11500.0,19.85,59.6,0.0,16.94,1,0,7377.64
2024-11-10 20:00:00,Empirical_Utility_Substation,120000,1,11500.0,18.64,68.9,0.0,11.25,1,0,7289.16
2024-11-10 21:00:00,Empirical_Utility_Substation,120000,1,11500.0,15.43,75.2,0.0,12.34,1,0,7227.71
2024-11-10 22:00:00,Empirical_Utility_Substation,120000,1,11500.0,14.42,69.4,0.0,12.48,1,0,6917.63
2024-11-10 23:00:00,Empirical_Utility_Substation,120000,1,11500.0,13.01,69.3,0.0,12.37,1,0,6555.01
2024-11-11 00:00:00,Empirical_Utility_Substation,120000,1,11500.0,11.77,80.2,0.0,11.77,0,0,6958.93
2024-11-11 01:00:00,Empirical_Utility_Substation,120000,1,11500.0,9.88,87.7,0.0,15.25,0,0,6907.93
2024-11-11 02:00:00,Empirical_Utility_Substation,120000,1,11500.0,8.41,76.9,0.0,11.96,0,0,7111.06
2024-11-11 03:00:00,Empirical_Utility_Substation,120000,1,11500.0,9.87,77.8,0.0,11.53,0,0,6859.02
2024-11-11 04:00:00,Empirical_Utility_Substation,120000,1,11500.0,9.71,75.3,0.0,11.52,0,0,6908.37
2024-11-11 05:00:00,Empirical_Utility_Substation,120000,1,11500.0,8.84,74.5,0.0,14.56,0,0,6738.8
2024-11-11 06:00:00,Empirical_Utility_Substation,120000,1,11500.0,9.98,65.4,0.0,10.23,0,0,6712.31
2024-11-11 07:00:00,Empirical_Utility_Substation,120000,1,11500.0,9.77,72.7,63.8,12.31,0,0,6948.92
2024-11-11 08:00:00,Empirical_Utility_Substation,120000,1,11500.0,10.81,73.3,154.1,11.97,0,0,7071.35
2024-11-11 09:00:00,Empirical_Utility_Substation,120000,1,11500.0,10.84,74.2,240.0,10.25,0,0,7618.95
2024-11-11 10:00:00,Empirical_Utility_Substation,120000,1,11500.0,11.93,81.0,160.5,13.57,0,0,8005.09
2024-11-11 11:00:00,Empirical_Utility_Substation,120000,1,11500.0,13.17,61.7,484.7,11.53,0,0,7907.63
2024-11-11 12:00:00,Empirical_Utility_Substation,120000,1,11500.0,14.05,65.4,441.5,17.53,0,0,7826.25
2024-11-11 13:00:00,Empirical_Utility_Substation,120000,1,11500.0,15.05,74.5,390.7,13.71,0,0,7767.7
2024-11-11 14:00:00,Empirical_Utility_Substation,120000,1,11500.0,16.15,73.8,129.2,9.97,0,0,7354.89
2024-11-11 15:00:00,Empirical_Utility_Substation,120000,1,11500.0,18.09,75.2,220.9,14.09,0,0,7090.76
2024-11-11 16:00:00,Empirical_Utility_Substation,120000,1,11500.0,19.04,70.3,159.0,12.79,0,0,7061.87
2024-11-11 17:00:00,Empirical_Utility_Substation,120000,1,11500.0,19.31,60.8,88.6,15.44,0,0,7197.04
2024-11-11 18:00:00,Empirical_Utility_Substation,120000,1,11500.0,19.05,62.1,0.0,13.37,0,0,7543.14
2024-11-11 19:00:00,Empirical_Utility_Substation,120000,1,11500.0,18.05,64.0,0.0,12.95,0,0,7584.12
2024-11-11 20:00:00,Empirical_Utility_Substation,120000,1,11500.0,16.42,71.8,0.0,12.12,0,0,8042.04
2024-11-11 21:00:00,Empirical_Utility_Substation,120000,1,11500.0,16.59,69.4,0.0,13.64,0,0,7703.64
2024-11-11 22:00:00,Empirical_Utility_Substation,120000,1,11500.0,15.1,74.0,0.0,13.06,0,0,7200.74
2024-11-11 23:00:00,Empirical_Utility_Substation,120000,1,11500.0,12.8,71.2,0.0,12.22,0,0,6706.88
2024-11-12 00:00:00,Empirical_Utility_Substation,120000,1,11500.0,11.1,80.7,0.0,16.79,0,0,6027.78
2024-11-12 01:00:00,Empirical_Utility_Substation,120000,1,11500.0,10.76,74.1,0.0,12.27,0,0,6125.06
2024-11-12 02:00:00,Empirical_Utility_Substation,120000,1,11500.0,9.79,67.9,0.0,12.89,0,0,6395.94
2024-11-12 03:00:00,Empirical_Utility_Substation,120000,1,11500.0,8.83,67.8,0.0,14.34,0,0,6521.42
2024-11-12 04:00:00,Empirical_Utility_Substation,120000,1,11500.0,6.11,86.1,0.0,10.22,0,0,6733.17
2024-11-12 05:00:00,Empirical_Utility_Substation,120000,1,11500.0,5.73,87.2,0.0,11.93,0,0,6970.19
2024-11-12 06:00:00,Empirical_Utility_Substation,120000,1,11500.0,7.07,66.2,0.0,13.31,0,0,7054.43
2024-11-12 07:00:00,Empirical_Utility_Substation,120000,1,11500.0,8.34,70.7,124.2,12.63,0,0,7274.49
2024-11-12 08:00:00,Empirical_Utility_Substation,120000,1,11500.0,8.85,83.0,66.0,15.27,0,0,7128.48
2024-11-12 09:00:00,Empirical_Utility_Substation,120000,1,11500.0,11.19,82.3,272.7,10.66,0,0,7241.62
2024-11-12 10:00:00,Empirical_Utility_Substation,120000,1,11500.0,11.95,66.7,114.3,12.48,0,0,7422.27
2024-11-12 11:00:00,Empirical_Utility_Substation,120000,1,11500.0,14.88,69.0,352.3,15.94,0,0,7517.65
2024-11-12 12:00:00,Empirical_Utility_Substation,120000,1,11500.0,15.66,62.7,137.0,15.48,0,0,7396.6
2024-11-12 13:00:00,Empirical_Utility_Substation,120000,1,11500.0,15.79,70.1,315.7,11.27,0,0,7167.39
2024-11-12 14:00:00,Empirical_Utility_Substation,120000,1,11500.0,16.81,70.4,415.9,10.45,0,0,6795.65
2024-11-12 15:00:00,Empirical_Utility_Substation,120000,1,11500.0,16.65,57.8,313.0,11.95,0,0,6641.24
2024-11-12 16:00:00,Empirical_Utility_Substation,120000,1,11500.0,17.52,65.5,279.6,11.4,0,0,6731.03
2024-11-12 17:00:00,Empirical_Utility_Substation,120000,1,11500.0,18.39,77.4,85.3,10.95,0,0,6983.59
2024-11-12 18:00:00,Empirical_Utility_Substation,120000,1,11500.0,17.28,61.6,0.0,14.63,0,0,7387.24
2024-11-12 19:00:00,Empirical_Utility_Substation,120000,1,11500.0,16.25,68.5,0.0,13.99,0,0,7883.14
2024-11-12 20:00:00,Empirical_Utility_Substation,120000,1,11500.0,14.37,79.6,0.0,13.44,0,0,8025.19
2024-11-12 21:00:00,Empirical_Utility_Substation,120000,1,11500.0,12.55,80.9,0.0,11.3,0,0,8075.47
2024-11-12 22:00:00,Empirical_Utility_Substation,120000,1,11500.0,11.14,73.2,0.0,11.97,0,0,7626.06
2024-11-12 23:00:00,Empirical_Utility_Substation,120000,1,11500.0,9.78,76.4,0.0,11.3,0,0,7255.05
2024-11-13 00:00:00,Empirical_Utility_Substation,120000,1,11500.0,9.74,72.6,0.0,14.41,0,0,6699.46
2024-11-13 01:00:00,Empirical_Utility_Substation,120000,1,11500.0,9.2,84.4,0.0,12.06,0,0,6863.88
2024-11-13 02:00:00,Empirical_Utility_Substation,120000,1,11500.0,7.36,76.4,0.0,13.86,0,0,6966.01
2024-11-13 03:00:00,Empirical_Utility_Substation,120000,1,11500.0,6.35,65.1,0.0,11.41,0,0,6872.51
2024-11-13 04:00:00,Empirical_Utility_Substation,120000,1,11500.0,7.07,80.1,0.0,13.27,0,0,6926.14
2024-11-13 05:00:00,Empirical_Utility_Substation,120000,1,11500.0,8.89,79.5,0.0,14.85,0,0,6918.07
2024-11-13 06:00:00,Empirical_Utility_Substation,120000,1,11500.0,11.0,74.6,0.0,10.48,0,0,6652.58
2024-11-13 07:00:00,Empirical_Utility_Substation,120000,1,11500.0,10.26,78.4,34.2,14.5,0,0,6993.21
2024-11-13 08:00:00,Empirical_Utility_Substation,120000,1,11500.0,11.74,85.0,227.1,12.26,0,0,7182.26
2024-11-13 09:00:00,Empirical_Utility_Substation,120000,1,11500.0,14.48,70.6,107.3,11.41,0,0,7453.76
2024-11-13 10:00:00,Empirical_Utility_Substation,120000,1,11500.0,16.26,57.4,154.8,12.42,0,0,7727.23
2024-11-13 11:00:00,Empirical_Utility_Substation,120000,1,11500.0,17.31,69.1,454.1,14.31,0,0,7844.27
2024-11-13 12:00:00,Empirical_Utility_Substation,120000,1,11500.0,19.46,66.2,253.2,15.32,0,0,7701.1
2024-11-13 13:00:00,Empirical_Utility_Substation,120000,1,11500.0,21.34,64.5,127.5,11.1,0,0,7278.69
2024-11-13 14:00:00,Empirical_Utility_Substation,120000,1,11500.0,23.33,67.3,368.6,18.36,0,0,6963.98
2024-11-13 15:00:00,Empirical_Utility_Substation,120000,1,11500.0,23.46,72.3,93.3,14.37,0,0,6706.49
2024-11-13 16:00:00,Empirical_Utility_Substation,120000,1,11500.0,22.19,71.2,265.5,10.91,0,0,6721.69
2024-11-13 17:00:00,Empirical_Utility_Substation,120000,1,11500.0,21.29,61.6,85.5,15.12,0,0,7046.46
2024-11-13 18:00:00,Empirical_Utility_Substation,120000,1,11500.0,19.56,65.2,0.0,13.29,0,0,7439.03
2024-11-13 19:00:00,Empirical_Utility_Substation,120000,1,11500.0,18.1,56.8,0.0,14.15,0,0,7808.53
2024-11-13 20:00:00,Empirical_Utility_Substation,120000,1,11500.0,16.1,71.5,0.0,14.61,0,0,8287.49
2024-11-13 21:00:00,Empirical_Utility_Substation,120000,1,11500.0,12.19,83.1,0.0,15.36,0,0,8290.28
2024-11-13 22:00:00,Empirical_Utility_Substation,120000,1,11500.0,11.92,63.3,0.0,12.0,0,0,7733.32
2024-11-13 23:00:00,Empirical_Utility_Substation,120000,1,11500.0,12.41,70.4,0.0,13.68,0,0,7113.67
2024-11-14 00:00:00,Empirical_Utility_Substation,120000,1,11500.0,9.5,71.2,0.0,12.02,0,0,6791.79
2024-11-14 01:00:00,Empirical_Utility_Substation,120000,1,11500.0,6.86,77.1,0.0,12.76,0,0,6959.43
2024-11-14 02:00:00,Empirical_Utility_Substation,120000,1,11500.0,6.54,74.1,0.0,12.57,0,0,6931.79
2024-11-14 03:00:00,Empirical_Utility_Substation,120000,1,11500.0,5.51,77.6,0.0,11.64,0,0,7091.52
2024-11-14 04:00:00,Empirical_Utility_Substation,120000,1,11500.0,4.79,80.8,0.0,10.62,0,0,7198.04
2024-11-14 05:00:00,Empirical_Utility_Substation,120000,1,11500.0,4.52,85.2,0.0,12.82,0,0,7303.67
2024-11-14 06:00:00,Empirical_Utility_Substation,120000,1,11500.0,5.31,80.8,0.0,12.77,0,0,7076.23
2024-11-14 07:00:00,Empirical_Utility_Substation,120000,1,11500.0,6.87,70.5,57.5,12.25,0,0,7041.06
2024-11-14 08:00:00,Empirical_Utility_Substation,120000,1,11500.0,7.37,73.6,178.7,13.21,0,0,7068.52
2024-11-14 09:00:00,Empirical_Utility_Substation,120000,1,11500.0,9.92,76.9,299.3,16.99,0,0,7273.48
2024-11-14 10:00:00,Empirical_Utility_Substation,120000,1,11500.0,10.91,81.3,114.3,10.31,0,0,7444.75
2024-11-14 11:00:00,Empirical_Utility_Substation,120000,1,11500.0,12.68,64.3,489.3,18.12,0,0,7517.0
2024-11-14 12:00:00,Empirical_Utility_Substation,120000,1,11500.0,13.78,80.5,221.9,14.97,0,0,7382.56
2024-11-14 13:00:00,Empirical_Utility_Substation,120000,1,11500.0,12.3,73.8,303.0,11.36,0,0,7123.13
2024-11-14 14:00:00,Empirical_Utility_Substation,120000,1,11500.0,14.11,73.3,162.4,14.15,0,0,6922.05
2024-11-14 15:00:00,Empirical_Utility_Substation,120000,1,11500.0,14.19,65.3,171.3,13.28,0,0,6705.3
2024-11-14 16:00:00,Empirical_Utility_Substation,120000,1,11500.0,15.61,64.3,66.0,10.78,0,0,6661.92
2024-11-14 17:00:00,Empirical_Utility_Substation,120000,1,11500.0,15.02,68.3,54.3,14.46,0,0,6856.01
2024-11-14 18:00:00,Empirical_Utility_Substation,120000,1,11500.0,13.66,74.8,0.0,14.68,0,0,7114.1
2024-11-14 19:00:00,Empirical_Utility_Substation,120000,1,11500.0,10.76,85.2,0.0,13.15,0,0,7860.05
2024-11-14 20:00:00,Empirical_Utility_Substation,120000,1,11500.0,10.14,75.0,0.0,10.21,0,0,8359.26
2024-11-14 21:00:00,Empirical_Utility_Substation,120000,1,11500.0,8.71,76.0,0.0,13.3,0,0,8261.02
2024-11-14 22:00:00,Empirical_Utility_Substation,120000,1,11500.0,7.27,78.4,0.0,11.57,0,0,7870.29
2024-11-14 23:00:00,Empirical_Utility_Substation,120000,1,11500.0,5.31,84.2,0.0,10.13,0,0,7654.27
2024-11-15 00:00:00,Empirical_Utility_Substation,120000,1,11500.0,3.98,74.1,0.0,15.5,0,0,7224.89
2024-11-15 01:00:00,Empirical_Utility_Substation,120000,1,11500.0,4.25,79.6,0.0,13.3,0,0,7011.08
2024-11-15 02:00:00,Empirical_Utility_Substation,120000,1,11500.0,5.54,77.9,0.0,16.29,0,0,6836.95
2024-11-15 03:00:00,Empirical_Utility_Substation,120000,1,11500.0,5.56,81.0,0.0,11.21,0,0,6898.75
2024-11-15 04:00:00,Empirical_Utility_Substation,120000,1,11500.0,5.82,93.9,0.0,14.4,0,0,7034.02
2024-11-15 05:00:00,Empirical_Utility_Substation,120000,1,11500.0,8.4,77.5,0.0,12.37,0,0,7113.7
2024-11-15 06:00:00,Empirical_Utility_Substation,120000,1,11500.0,10.2,70.9,0.0,12.86,0,0,6993.0
2024-11-15 07:00:00,Empirical_Utility_Substation,120000,1,11500.0,10.68,73.7,91.0,12.29,0,0,6967.48
2024-11-15 08:00:00,Empirical_Utility_Substation,120000,1,11500.0,11.07,80.3,66.0,11.89,0,0,7215.97
2024-11-15 09:00:00,Empirical_Utility_Substation,120000,1,11500.0,12.05,73.2,94.8,12.33,0,0,7262.1
2024-11-15 10:00:00,Empirical_Utility_Substation,120000,1,11500.0,14.65,65.1,208.3,14.26,0,0,7458.15
2024-11-15 11:00:00,Empirical_Utility_Substation,120000,1,11500.0,16.45,75.9,401.4,12.9,0,0,7590.39
2024-11-15 12:00:00,Empirical_Utility_Substation,120000,1,11500.0,16.7,67.6,377.1,10.31,0,0,7587.59
2024-11-15 13:00:00,Empirical_Utility_Substation,120000,1,11500.0,16.39,65.7,234.2,13.29,0,0,7337.27
2024-11-15 14:00:00,Empirical_Utility_Substation,120000,1,11500.0,16.58,78.0,361.3,12.07,0,0,7177.24
2024-11-15 15:00:00,Empirical_Utility_Substation,120000,1,11500.0,18.69,67.3,142.9,10.93,0,0,6890.58
2024-11-15 16:00:00,Empirical_Utility_Substation,120000,1,11500.0,19.91,69.4,107.4,14.3,0,0,6991.91
2024-11-15 17:00:00,Empirical_Utility_Substation,120000,1,11500.0,19.23,78.5,34.2,11.93,0,0,7177.53
2024-11-15 18:00:00,Empirical_Utility_Substation,120000,1,11500.0,18.39,57.8,0.0,12.07,0,0,7507.45
2024-11-15 19:00:00,Empirical_Utility_Substation,120000,1,11500.0,16.25,64.3,0.0,13.02,0,0,7802.19
2024-11-15 20:00:00,Empirical_Utility_Substation,120000,1,11500.0,13.99,75.6,0.0,12.62,0,0,7949.17
2024-11-15 21:00:00,Empirical_Utility_Substation,120000,1,11500.0,13.0,77.0,0.0,10.66,0,0,7812.91
2024-11-15 22:00:00,Empirical_Utility_Substation,120000,1,11500.0,10.51,78.6,0.0,13.96,0,0,7305.04
2024-11-15 23:00:00,Empirical_Utility_Substation,120000,1,11500.0,8.62,73.1,0.0,16.22,0,0,6991.79
2024-11-16 00:00:00,Empirical_Utility_Substation,120000,1,11500.0,8.21,87.7,0.0,12.52,1,0,5727.24
2024-11-16 01:00:00,Empirical_Utility_Substation,120000,1,11500.0,5.77,82.7,0.0,14.89,1,0,5702.83
2024-11-16 02:00:00,Empirical_Utility_Substation,120000,1,11500.0,5.39,72.5,0.0,15.94,1,0,5764.23
2024-11-16 03:00:00,Empirical_Utility_Substation,120000,1,11500.0,5.04,80.1,0.0,10.11,1,0,5739.25
2024-11-16 04:00:00,Empirical_Utility_Substation,120000,1,11500.0,6.66,73.2,0.0,13.13,1,0,5760.86
2024-11-16 05:00:00,Empirical_Utility_Substation,120000,1,11500.0,7.86,68.9,0.0,12.86,1,0,5455.69
2024-11-16 06:00:00,Empirical_Utility_Substation,120000,1,11500.0,9.68,69.7,0.0,12.74,1,0,5386.46
2024-11-16 07:00:00,Empirical_Utility_Substation,120000,1,11500.0,10.33,83.0,77.7,12.65,1,0,5482.24
2024-11-16 08:00:00,Empirical_Utility_Substation,120000,1,11500.0,11.16,84.3,165.1,14.38,1,0,5765.72
2024-11-16 09:00:00,Empirical_Utility_Substation,120000,1,11500.0,11.98,71.1,95.5,17.19,1,0,6202.3
2024-11-16 10:00:00,Empirical_Utility_Substation,120000,1,11500.0,13.48,78.5,357.2,12.66,1,0,6478.33
2024-11-16 11:00:00,Empirical_Utility_Substation,120000,1,11500.0,17.15,64.7,475.3,13.44,1,0,6676.85
2024-11-16 12:00:00,Empirical_Utility_Substation,120000,1,11500.0,17.53,67.9,332.6,16.04,1,0,6680.34
2024-11-16 13:00:00,Empirical_Utility_Substation,120000,1,11500.0,17.31,73.1,404.1,16.01,1,0,6306.93
2024-11-16 14:00:00,Empirical_Utility_Substation,120000,1,11500.0,17.2,74.4,127.5,16.25,1,0,6111.07
2024-11-16 15:00:00,Empirical_Utility_Substation,120000,1,11500.0,16.83,67.0,334.4,12.62,1,0,5929.72
2024-11-16 16:00:00,Empirical_Utility_Substation,120000,1,11500.0,16.05,80.8,193.7,12.83,1,0,5912.13
2024-11-16 17:00:00,Empirical_Utility_Substation,120000,1,11500.0,15.14,69.6,120.4,13.31,1,0,6219.68
2024-11-16 18:00:00,Empirical_Utility_Substation,120000,1,11500.0,15.4,67.6,0.0,16.1,1,0,6556.25
2024-11-16 19:00:00,Empirical_Utility_Substation,120000,1,11500.0,14.24,72.6,0.0,14.09,1,0,7034.01
2024-11-16 20:00:00,Empirical_Utility_Substation,120000,1,11500.0,12.12,74.6,0.0,17.25,1,0,7341.59
2024-11-16 21:00:00,Empirical_Utility_Substation,120000,1,11500.0,8.94,78.5,0.0,13.25,1,0,7273.81
2024-11-16 22:00:00,Empirical_Utility_Substation,120000,1,11500.0,7.19,71.1,0.0,13.88,1,0,6833.42
2024-11-16 23:00:00,Empirical_Utility_Substation,120000,1,11500.0,6.27,88.5,0.0,11.38,1,0,6483.47
2024-11-17 00:00:00,Empirical_Utility_Substation,120000,1,11500.0,5.08,67.8,0.0,10.95,1,0,6121.36
2024-11-17 01:00:00,Empirical_Utility_Substation,120000,1,11500.0,2.87,81.4,0.0,11.55,1,0,6285.26
2024-11-17 02:00:00,Empirical_Utility_Substation,120000,1,11500.0,-0.4,65.8,0.0,14.69,1,0,6996.88
2024-11-17 03:00:00,Empirical_Utility_Substation,120000,1,11500.0,-0.74,88.5,0.0,16.18,1,0,7128.11
2024-11-17 04:00:00,Empirical_Utility_Substation,120000,1,11500.0,0.54,85.1,0.0,12.04,1,0,7122.58
2024-11-17 05:00:00,Empirical_Utility_Substation,120000,1,11500.0,2.09,82.3,0.0,13.18,1,0,6922.46
2024-11-17 06:00:00,Empirical_Utility_Substation,120000,1,11500.0,5.47,82.4,0.0,13.36,1,0,6693.15
2024-11-17 07:00:00,Empirical_Utility_Substation,120000,1,11500.0,8.06,79.9,106.9,12.4,1,0,6597.76
2024-11-17 08:00:00,Empirical_Utility_Substation,120000,1,11500.0,8.64,76.4,259.5,14.96,1,0,6732.64
2024-11-17 09:00:00,Empirical_Utility_Substation,120000,1,11500.0,11.38,75.2,93.3,13.18,1,0,6758.63
2024-11-17 10:00:00,Empirical_Utility_Substation,120000,1,11500.0,11.74,67.2,371.1,11.49,1,0,6957.8
2024-11-17 11:00:00,Empirical_Utility_Substation,120000,1,11500.0,14.5,72.8,390.2,12.48,1,0,7121.89
2024-11-17 12:00:00,Empirical_Utility_Substation,120000,1,11500.0,16.09,71.4,433.3,17.9,1,0,7019.29
2024-11-17 13:00:00,Empirical_Utility_Substation,120000,1,11500.0,17.84,69.0,127.5,13.04,1,0,6916.12
2024-11-17 14:00:00,Empirical_Utility_Substation,120000,1,11500.0,18.35,66.9,205.0,14.45,1,0,6724.06
2024-11-17 15:00:00,Empirical_Utility_Substation,120000,1,11500.0,18.53,72.7,134.8,12.94,1,0,6432.05
2024-11-17 16:00:00,Empirical_Utility_Substation,120000,1,11500.0,17.0,65.8,278.5,16.41,1,0,6506.67
2024-11-17 17:00:00,Empirical_Utility_Substation,120000,1,11500.0,15.35,71.0,34.2,15.29,1,0,6829.89
2024-11-17 18:00:00,Empirical_Utility_Substation,120000,1,11500.0,14.26,66.6,0.0,14.94,1,0,7354.76
2024-11-17 19:00:00,Empirical_Utility_Substation,120000,1,11500.0,12.88,75.0,0.0,12.16,1,0,7716.63
2024-11-17 20:00:00,Empirical_Utility_Substation,120000,1,11500.0,11.84,83.7,0.0,16.11,1,0,7856.31
2024-11-17 21:00:00,Empirical_Utility_Substation,120000,1,11500.0,9.83,80.0,0.0,12.97,1,0,7585.4
2024-11-17 22:00:00,Empirical_Utility_Substation,120000,1,11500.0,9.43,76.4,0.0,13.99,1,0,6864.33
2024-11-17 23:00:00,Empirical_Utility_Substation,120000,1,11500.0,8.6,75.5,0.0,11.46,1,0,6503.28
2024-11-18 00:00:00,Empirical_Utility_Substation,120000,1,11500.0,7.66,78.6,0.0,12.18,0,0,7007.75
2024-11-18 01:00:00,Empirical_Utility_Substation,120000,1,11500.0,6.0,74.9,0.0,17.45,0,0,6985.73
2024-11-18 02:00:00,Empirical_Utility_Substation,120000,1,11500.0,5.01,77.1,0.0,15.14,0,0,7145.65
2024-11-18 03:00:00,Empirical_Utility_Substation,120000,1,11500.0,4.73,92.0,0.0,17.96,0,0,7173.77
2024-11-18 04:00:00,Empirical_Utility_Substation,120000,1,11500.0,5.25,77.8,0.0,13.74,0,0,7175.9
2024-11-18 05:00:00,Empirical_Utility_Substation,120000,1,11500.0,5.96,79.8,0.0,12.61,0,0,6942.51
2024-11-18 06:00:00,Empirical_Utility_Substation,120000,1,11500.0,8.05,80.9,0.0,13.36,0,0,6862.81
2024-11-18 07:00:00,Empirical_Utility_Substation,120000,1,11500.0,9.93,68.6,50.8,13.48,0,0,6881.24
2024-11-18 08:00:00,Empirical_Utility_Substation,120000,1,11500.0,12.19,68.5,105.2,11.28,0,0,6860.45
2024-11-18 09:00:00,Empirical_Utility_Substation,120000,1,11500.0,12.14,74.8,333.2,13.88,0,0,7032.0
2024-11-18 10:00:00,Empirical_Utility_Substation,120000,1,11500.0,14.03,68.8,365.1,15.32,0,0,7270.77
2024-11-18 11:00:00,Empirical_Utility_Substation,120000,1,11500.0,15.66,74.3,339.2,12.49,0,0,7286.79
2024-11-18 12:00:00,Empirical_Utility_Substation,120000,1,11500.0,17.82,59.0,193.3,13.67,0,0,7241.16
2024-11-18 13:00:00,Empirical_Utility_Substation,120000,1,11500.0,18.03,72.8,490.0,14.74,0,0,7075.3
2024-11-18 14:00:00,Empirical_Utility_Substation,120000,1,11500.0,18.34,67.4,219.0,11.74,0,0,6717.41
2024-11-18 15:00:00,Empirical_Utility_Substation,120000,1,11500.0,19.22,64.3,325.5,13.97,0,0,6606.84
2024-11-18 16:00:00,Empirical_Utility_Substation,120000,1,11500.0,19.46,64.5,285.7,13.53,0,0,6716.76
2024-11-18 17:00:00,Empirical_Utility_Substation,120000,1,11500.0,17.39,73.0,34.2,15.17,0,0,6965.89
2024-11-18 18:00:00,Empirical_Utility_Substation,120000,1,11500.0,17.43,57.1,0.0,10.76,0,0,7555.04
2024-11-18 19:00:00,Empirical_Utility_Substation,120000,1,11500.0,15.96,75.0,0.0,11.52,0,0,7947.2
2024-11-18 20:00:00,Empirical_Utility_Substation,120000,1,11500.0,14.47,78.7,0.0,13.29,0,0,8067.39
2024-11-18 21:00:00,Empirical_Utility_Substation,120000,1,11500.0,13.2,82.8,0.0,11.01,0,0,8075.64
2024-11-18 22:00:00,Empirical_Utility_Substation,120000,1,11500.0,12.95,73.4,0.0,11.89,0,0,7475.09
2024-11-18 23:00:00,Empirical_Utility_Substation,120000,1,11500.0,12.99,71.0,0.0,12.31,0,0,7026.16
2024-11-19 00:00:00,Empirical_Utility_Substation,120000,1,11500.0,10.87,78.1,0.0,12.82,0,0,6525.65
2024-11-19 01:00:00,Empirical_Utility_Substation,120000,1,11500.0,8.45,66.6,0.0,12.0,0,0,6589.76
2024-11-19 02:00:00,Empirical_Utility_Substation,120000,1,11500.0,8.39,74.7,0.0,14.44,0,0,6699.58
2024-11-19 03:00:00,Empirical_Utility_Substation,120000,1,11500.0,7.76,75.1,0.0,14.25,0,0,6632.81
2024-11-19 04:00:00,Empirical_Utility_Substation,120000,1,11500.0,8.1,73.0,0.0,14.75,0,0,6727.99
2024-11-19 05:00:00,Empirical_Utility_Substation,120000,1,11500.0,9.77,88.7,0.0,13.72,0,0,6749.29
2024-11-19 06:00:00,Empirical_Utility_Substation,120000,1,11500.0,10.74,79.3,0.0,13.46,0,0,6801.39
2024-11-19 07:00:00,Empirical_Utility_Substation,120000,1,11500.0,11.73,62.0,63.2,10.66,0,0,6611.41
2024-11-19 08:00:00,Empirical_Utility_Substation,120000,1,11500.0,14.17,79.7,173.1,15.51,0,0,6878.03
2024-11-19 09:00:00,Empirical_Utility_Substation,120000,1,11500.0,15.46,73.9,184.3,14.37,0,0,7123.27
2024-11-19 10:00:00,Empirical_Utility_Substation,120000,1,11500.0,15.11,75.8,336.1,12.17,0,0,7284.1
2024-11-19 11:00:00,Empirical_Utility_Substation,120000,1,11500.0,15.96,75.2,185.8,14.35,0,0,7435.59
2024-11-19 12:00:00,Empirical_Utility_Substation,120000,1,11500.0,17.6,65.2,386.8,11.32,0,0,7198.66
2024-11-19 13:00:00,Empirical_Utility_Substation,120000,1,11500.0,18.03,65.5,127.5,16.3,0,0,6986.84
2024-11-19 14:00:00,Empirical_Utility_Substation,120000,1,11500.0,16.48,79.2,317.5,12.84,0,0,6864.07
2024-11-19 15:00:00,Empirical_Utility_Substation,120000,1,11500.0,15.69,70.8,282.9,12.05,0,0,6661.19
2024-11-19 16:00:00,Empirical_Utility_Substation,120000,1,11500.0,14.51,77.2,113.7,12.2,0,0,6677.15
2024-11-19 17:00:00,Empirical_Utility_Substation,120000,1,11500.0,15.92,66.8,63.7,15.8,0,0,6874.95
2024-11-19 18:00:00,Empirical_Utility_Substation,120000,1,11500.0,15.78,68.2,0.0,18.02,0,0,7153.03
2024-11-19 19:00:00,Empirical_Utility_Substation,120000,1,11500.0,15.8,69.6,0.0,11.99,0,0,7595.24
2024-11-19 20:00:00,Empirical_Utility_Substation,120000,1,11500.0,12.2,69.2,0.0,13.21,0,0,7868.06
2024-11-19 21:00:00,Empirical_Utility_Substation,120000,1,11500.0,10.1,83.4,0.0,14.82,0,0,7817.04
2024-11-19 22:00:00,Empirical_Utility_Substation,120000,1,11500.0,10.03,82.6,0.0,13.31,0,0,7460.71
2024-11-19 23:00:00,Empirical_Utility_Substation,120000,1,11500.0,8.25,75.7,0.0,14.7,0,0,7060.04
2024-11-20 00:00:00,Empirical_Utility_Substation,120000,1,11500.0,6.84,83.1,0.0,14.55,0,0,6678.07
2024-11-20 01:00:00,Empirical_Utility_Substation,120000,1,11500.0,6.78,79.2,0.0,13.87,0,0,6652.58
2024-11-20 02:00:00,Empirical_Utility_Substation,120000,1,11500.0,5.49,77.9,0.0,14.62,0,0,6756.14
2024-11-20 03:00:00,Empirical_Utility_Substation,120000,1,11500.0,5.07,75.9,0.0,13.84,0,0,6902.96
2024-11-20 04:00:00,Empirical_Utility_Substation,120000,1,11500.0,4.88,78.5,0.0,12.84,0,0,6992.24
2024-11-20 05:00:00,Empirical_Utility_Substation,120000,1,11500.0,6.89,70.2,0.0,15.02,0,0,6982.75
2024-11-20 06:00:00,Empirical_Utility_Substation,120000,1,11500.0,8.39,72.6,0.0,17.8,0,0,6725.21
2024-11-20 07:00:00,Empirical_Utility_Substation,120000,1,11500.0,10.53,81.2,101.0,15.41,0,0,6602.75
2024-11-20 08:00:00,Empirical_Utility_Substation,120000,1,11500.0,11.32,80.3,171.3,12.8,0,0,6799.53
2024-11-20 09:00:00,Empirical_Utility_Substation,120000,1,11500.0,13.26,79.5,254.4,13.22,0,0,6946.79
2024-11-20 10:00:00,Empirical_Utility_Substation,120000,1,11500.0,13.54,64.7,301.0,18.24,0,0,7175.72
2024-11-20 11:00:00,Empirical_Utility_Substation,120000,1,11500.0,14.33,76.2,266.3,14.13,0,0,7160.6
2024-11-20 12:00:00,Empirical_Utility_Substation,120000,1,11500.0,15.23,75.6,276.5,12.03,0,0,7172.32
2024-11-20 13:00:00,Empirical_Utility_Substation,120000,1,11500.0,16.73,72.1,234.7,13.72,0,0,7034.85
2024-11-20 14:00:00,Empirical_Utility_Substation,120000,1,11500.0,17.09,70.7,209.7,16.33,0,0,6816.33
2024-11-20 15:00:00,Empirical_Utility_Substation,120000,1,11500.0,17.27,68.8,248.3,13.8,0,0,6874.01
2024-11-20 16:00:00,Empirical_Utility_Substation,120000,1,11500.0,17.66,74.0,194.1,11.18,0,0,6857.33
2024-11-20 17:00:00,Empirical_Utility_Substation,120000,1,11500.0,16.63,73.5,108.6,10.39,0,0,7040.14
2024-11-20 18:00:00,Empirical_Utility_Substation,120000,1,11500.0,17.77,71.6,0.0,12.18,0,0,7287.71
2024-11-20 19:00:00,Empirical_Utility_Substation,120000,1,11500.0,16.31,71.8,0.0,15.43,0,0,7938.67
2024-11-20 20:00:00,Empirical_Utility_Substation,120000,1,11500.0,13.57,70.2,0.0,13.2,0,0,8189.66
2024-11-20 21:00:00,Empirical_Utility_Substation,120000,1,11500.0,12.15,73.2,0.0,12.74,0,0,8025.14
2024-11-20 22:00:00,Empirical_Utility_Substation,120000,1,11500.0,10.47,61.8,0.0,13.65,0,0,7444.76
2024-11-20 23:00:00,Empirical_Utility_Substation,120000,1,11500.0,11.04,78.4,0.0,15.47,0,0,7037.65
2024-11-21 00:00:00,Empirical_Utility_Substation,120000,1,11500.0,9.06,78.2,0.0,11.3,0,0,6444.65
2024-11-21 01:00:00,Empirical_Utility_Substation,120000,1,11500.0,8.78,78.1,0.0,11.41,0,0,6774.03
2024-11-21 02:00:00,Empirical_Utility_Substation,120000,1,11500.0,6.08,76.0,0.0,16.48,0,0,6999.83
2024-11-21 03:00:00,Empirical_Utility_Substation,120000,1,11500.0,6.45,77.8,0.0,12.93,0,0,7211.5
2024-11-21 04:00:00,Empirical_Utility_Substation,120000,1,11500.0,7.46,84.5,0.0,13.97,0,0,7092.7
2024-11-21 05:00:00,Empirical_Utility_Substation,120000,1,11500.0,7.49,70.8,0.0,13.93,0,0,7079.7
2024-11-21 06:00:00,Empirical_Utility_Substation,120000,1,11500.0,10.21,67.2,0.0,15.08,0,0,6880.95
2024-11-21 07:00:00,Empirical_Utility_Substation,120000,1,11500.0,11.02,74.0,67.6,15.48,0,0,6915.26
2024-11-21 08:00:00,Empirical_Utility_Substation,120000,1,11500.0,12.53,69.3,148.5,14.79,0,0,7155.05
2024-11-21 09:00:00,Empirical_Utility_Substation,120000,1,11500.0,12.78,73.4,223.9,12.4,0,0,7477.56
2024-11-21 10:00:00,Empirical_Utility_Substation,120000,1,11500.0,13.2,72.5,301.6,11.5,0,0,7818.45
2024-11-21 11:00:00,Empirical_Utility_Substation,120000,1,11500.0,14.84,74.0,222.5,13.99,0,0,7854.71
2024-11-21 12:00:00,Empirical_Utility_Substation,120000,1,11500.0,14.05,61.6,353.3,14.9,0,0,7789.29
2024-11-21 13:00:00,Empirical_Utility_Substation,120000,1,11500.0,15.34,80.8,341.9,15.02,0,0,7507.28
2024-11-21 14:00:00,Empirical_Utility_Substation,120000,1,11500.0,16.22,71.6,230.1,12.9,0,0,7478.89
2024-11-21 15:00:00,Empirical_Utility_Substation,120000,1,11500.0,17.37,67.7,265.1,16.47,0,0,7175.18
2024-11-21 16:00:00,Empirical_Utility_Substation,120000,1,11500.0,17.34,70.5,96.8,11.95,0,0,7050.59
2024-11-21 17:00:00,Empirical_Utility_Substation,120000,1,11500.0,16.78,66.6,116.2,12.09,0,0,7144.17
2024-11-21 18:00:00,Empirical_Utility_Substation,120000,1,11500.0,14.1,78.1,0.0,11.64,0,0,7421.51
2024-11-21 19:00:00,Empirical_Utility_Substation,120000,1,11500.0,12.56,85.0,0.0,13.39,0,0,7881.54
2024-11-21 20:00:00,Empirical_Utility_Substation,120000,1,11500.0,9.98,80.3,0.0,13.72,0,0,8475.97
2024-11-21 21:00:00,Empirical_Utility_Substation,120000,1,11500.0,8.49,84.7,0.0,13.57,0,0,8243.15
2024-11-21 22:00:00,Empirical_Utility_Substation,120000,1,11500.0,7.54,75.6,0.0,11.97,0,0,7579.29
2024-11-21 23:00:00,Empirical_Utility_Substation,120000,1,11500.0,6.5,78.9,0.0,13.35,0,0,7284.51
2024-11-22 00:00:00,Empirical_Utility_Substation,120000,1,11500.0,7.2,69.9,0.0,15.98,0,0,6770.28
2024-11-22 01:00:00,Empirical_Utility_Substation,120000,1,11500.0,5.5,72.8,0.0,14.97,0,0,6900.32
2024-11-22 02:00:00,Empirical_Utility_Substation,120000,1,11500.0,5.2,76.2,0.0,14.23,0,0,6976.4
2024-11-22 03:00:00,Empirical_Utility_Substation,120000,1,11500.0,4.47,76.3,0.0,11.17,0,0,7061.98
2024-11-22 04:00:00,Empirical_Utility_Substation,120000,1,11500.0,4.87,79.0,0.0,11.39,0,0,7197.98
2024-11-22 05:00:00,Empirical_Utility_Substation,120000,1,11500.0,5.12,85.9,0.0,14.01,0,0,7068.4
2024-11-22 06:00:00,Empirical_Utility_Substation,120000,1,11500.0,6.81,78.3,0.0,14.3,0,0,6834.06
2024-11-22 07:00:00,Empirical_Utility_Substation,120000,1,11500.0,9.4,82.1,34.2,11.54,0,0,7047.81
2024-11-22 08:00:00,Empirical_Utility_Substation,120000,1,11500.0,9.2,67.8,169.7,14.98,0,0,7223.23
2024-11-22 09:00:00,Empirical_Utility_Substation,120000,1,11500.0,10.51,96.1,192.6,11.36,0,0,7463.08
2024-11-22 10:00:00,Empirical_Utility_Substation,120000,1,11500.0,12.55,72.6,114.3,12.14,0,0,7488.78
2024-11-22 11:00:00,Empirical_Utility_Substation,120000,1,11500.0,10.77,76.7,401.9,14.86,0,0,7435.19
2024-11-22 12:00:00,Empirical_Utility_Substation,120000,1,11500.0,10.03,82.7,232.6,15.79,0,0,7461.37
2024-11-22 13:00:00,Empirical_Utility_Substation,120000,1,11500.0,12.16,75.5,461.3,18.49,0,0,7188.57
2024-11-22 14:00:00,Empirical_Utility_Substation,120000,1,11500.0,13.63,68.8,300.9,12.39,0,0,7022.9
2024-11-22 15:00:00,Empirical_Utility_Substation,120000,1,11500.0,13.17,75.9,93.3,11.65,0,0,7019.48
2024-11-22 16:00:00,Empirical_Utility_Substation,120000,1,11500.0,13.4,59.9,113.1,12.67,0,0,7058.36
2024-11-22 17:00:00,Empirical_Utility_Substation,120000,1,11500.0,11.12,79.5,86.7,17.97,0,0,7270.73
2024-11-22 18:00:00,Empirical_Utility_Substation,120000,1,11500.0,11.13,72.3,0.0,12.48,0,0,7619.96
2024-11-22 19:00:00,Empirical_Utility_Substation,120000,1,11500.0,11.65,83.6,0.0,13.01,0,0,8064.16
2024-11-22 20:00:00,Empirical_Utility_Substation,120000,1,11500.0,11.03,67.7,0.0,12.37,0,0,8126.22
2024-11-22 21:00:00,Empirical_Utility_Substation,120000,1,11500.0,10.25,75.0,0.0,15.18,0,0,8113.53
2024-11-22 22:00:00,Empirical_Utility_Substation,120000,1,11500.0,9.07,80.0,0.0,16.62,0,0,7820.1
2024-11-22 23:00:00,Empirical_Utility_Substation,120000,1,11500.0,7.83,77.5,0.0,12.62,0,0,7579.57
2024-11-23 00:00:00,Empirical_Utility_Substation,120000,1,11500.0,6.39,76.5,0.0,17.99,1,0,6299.4
2024-11-23 01:00:00,Empirical_Utility_Substation,120000,1,11500.0,6.43,80.0,0.0,16.41,1,0,6138.32
2024-11-23 02:00:00,Empirical_Utility_Substation,120000,1,11500.0,7.28,85.8,0.0,14.43,1,0,6081.27
2024-11-23 03:00:00,Empirical_Utility_Substation,120000,1,11500.0,7.16,74.0,0.0,13.68,1,0,6011.04
2024-11-23 04:00:00,Empirical_Utility_Substation,120000,1,11500.0,6.62,71.0,0.0,15.77,1,0,5985.99
2024-11-23 05:00:00,Empirical_Utility_Substation,120000,1,11500.0,7.58,75.8,0.0,13.19,1,0,5852.24
2024-11-23 06:00:00,Empirical_Utility_Substation,120000,1,11500.0,7.23,73.8,0.0,12.25,1,0,6127.77
2024-11-23 07:00:00,Empirical_Utility_Substation,120000,1,11500.0,10.91,74.1,119.2,14.1,1,0,5910.58
2024-11-23 08:00:00,Empirical_Utility_Substation,120000,1,11500.0,12.58,78.0,240.3,11.79,1,0,6232.85
2024-11-23 09:00:00,Empirical_Utility_Substation,120000,1,11500.0,15.16,77.7,230.8,14.86,1,0,6632.99
2024-11-23 10:00:00,Empirical_Utility_Substation,120000,1,11500.0,17.25,65.5,114.3,14.79,1,0,6918.79
2024-11-23 11:00:00,Empirical_Utility_Substation,120000,1,11500.0,17.63,72.3,323.2,10.9,1,0,6858.18
2024-11-23 12:00:00,Empirical_Utility_Substation,120000,1,11500.0,19.55,60.2,418.1,15.35,1,0,6740.25
2024-11-23 13:00:00,Empirical_Utility_Substation,120000,1,11500.0,20.38,68.9,412.3,15.03,1,0,6529.45
2024-11-23 14:00:00,Empirical_Utility_Substation,120000,1,11500.0,19.63,67.7,214.5,12.51,1,0,6219.91
2024-11-23 15:00:00,Empirical_Utility_Substation,120000,1,11500.0,20.68,69.3,202.1,13.13,1,0,5892.73
2024-11-23 16:00:00,Empirical_Utility_Substation,120000,1,11500.0,20.83,60.9,279.1,16.34,1,0,5741.13
2024-11-23 17:00:00,Empirical_Utility_Substation,120000,1,11500.0,21.82,63.4,117.6,15.54,1,0,5909.85
2024-11-23 18:00:00,Empirical_Utility_Substation,120000,1,11500.0,21.18,73.9,0.0,11.69,1,0,6397.27
2024-11-23 19:00:00,Empirical_Utility_Substation,120000,1,11500.0,19.48,66.0,0.0,13.92,1,0,7041.56
2024-11-23 20:00:00,Empirical_Utility_Substation,120000,1,11500.0,19.28,69.2,0.0,14.31,1,0,7215.07
2024-11-23 21:00:00,Empirical_Utility_Substation,120000,1,11500.0,18.17,68.3,0.0,14.42,1,0,7063.44
2024-11-23 22:00:00,Empirical_Utility_Substation,120000,1,11500.0,15.51,69.4,0.0,12.13,1,0,6455.64
2024-11-23 23:00:00,Empirical_Utility_Substation,120000,1,11500.0,14.75,85.3,0.0,13.53,1,0,6253.73
2024-11-24 00:00:00,Empirical_Utility_Substation,120000,1,11500.0,13.03,74.3,0.0,12.0,1,0,5889.97
2024-11-24 01:00:00,Empirical_Utility_Substation,120000,1,11500.0,11.41,77.1,0.0,13.74,1,0,5870.07
2024-11-24 02:00:00,Empirical_Utility_Substation,120000,1,11500.0,11.33,80.9,0.0,16.92,1,0,6011.27
2024-11-24 03:00:00,Empirical_Utility_Substation,120000,1,11500.0,10.05,71.9,0.0,14.76,1,0,6147.81
2024-11-24 04:00:00,Empirical_Utility_Substation,120000,1,11500.0,10.19,78.8,0.0,14.71,1,0,6181.87
2024-11-24 05:00:00,Empirical_Utility_Substation,120000,1,11500.0,10.71,83.1,0.0,13.31,1,0,6126.13
2024-11-24 06:00:00,Empirical_Utility_Substation,120000,1,11500.0,11.31,72.2,0.0,11.52,1,0,6056.18
2024-11-24 07:00:00,Empirical_Utility_Substation,120000,1,11500.0,12.22,83.6,96.2,12.11,1,0,5938.48
2024-11-24 08:00:00,Empirical_Utility_Substation,120000,1,11500.0,13.43,71.4,270.3,13.53,1,0,6128.36
2024-11-24 09:00:00,Empirical_Utility_Substation,120000,1,11500.0,15.32,65.5,322.2,11.67,1,0,6420.11
2024-11-24 10:00:00,Empirical_Utility_Substation,120000,1,11500.0,17.12,73.1,114.3,13.57,1,0,6612.79
2024-11-24 11:00:00,Empirical_Utility_Substation,120000,1,11500.0,18.13,65.1,251.8,13.86,1,0,6691.25
2024-11-24 12:00:00,Empirical_Utility_Substation,120000,1,11500.0,19.22,62.2,453.1,16.2,1,0,6600.68
2024-11-24 13:00:00,Empirical_Utility_Substation,120000,1,11500.0,18.96,78.0,259.9,14.25,1,0,6214.0
2024-11-24 14:00:00,Empirical_Utility_Substation,120000,1,11500.0,20.94,56.5,114.3,13.27,1,0,5988.66
2024-11-24 15:00:00,Empirical_Utility_Substation,120000,1,11500.0,21.54,50.9,202.7,12.75,1,0,5880.08
2024-11-24 16:00:00,Empirical_Utility_Substation,120000,1,11500.0,20.75,64.6,66.0,13.97,1,0,5986.89
2024-11-24 17:00:00,Empirical_Utility_Substation,120000,1,11500.0,19.84,73.9,90.9,12.61,1,0,6325.78
2024-11-24 18:00:00,Empirical_Utility_Substation,120000,1,11500.0,18.56,69.2,0.0,12.5,1,0,6602.96
2024-11-24 19:00:00,Empirical_Utility_Substation,120000,1,11500.0,17.71,75.1,0.0,14.85,1,0,7000.11
2024-11-24 20:00:00,Empirical_Utility_Substation,120000,1,11500.0,15.56,77.0,0.0,13.71,1,0,7224.73
2024-11-24 21:00:00,Empirical_Utility_Substation,120000,1,11500.0,12.35,79.5,0.0,13.42,1,0,6906.2
2024-11-24 22:00:00,Empirical_Utility_Substation,120000,1,11500.0,10.17,57.8,0.0,11.95,1,0,6446.16
2024-11-24 23:00:00,Empirical_Utility_Substation,120000,1,11500.0,7.82,76.7,0.0,13.88,1,0,6045.78
2024-11-25 00:00:00,Empirical_Utility_Substation,120000,1,11500.0,6.17,86.6,0.0,13.46,0,0,6490.6
2024-11-25 01:00:00,Empirical_Utility_Substation,120000,1,11500.0,6.46,78.4,0.0,14.46,0,0,6640.49
2024-11-25 02:00:00,Empirical_Utility_Substation,120000,1,11500.0,5.5,87.3,0.0,13.21,0,0,6683.16
2024-11-25 03:00:00,Empirical_Utility_Substation,120000,1,11500.0,5.34,83.9,0.0,13.76,0,0,6783.68
2024-11-25 04:00:00,Empirical_Utility_Substation,120000,1,11500.0,5.05,74.1,0.0,14.41,0,0,6872.44
2024-11-25 05:00:00,Empirical_Utility_Substation,120000,1,11500.0,6.84,82.2,0.0,11.45,0,0,6740.88
2024-11-25 06:00:00,Empirical_Utility_Substation,120000,1,11500.0,8.54,78.9,0.0,11.46,0,0,6532.48
2024-11-25 07:00:00,Empirical_Utility_Substation,120000,1,11500.0,9.81,65.2,116.8,15.34,0,0,6658.65
2024-11-25 08:00:00,Empirical_Utility_Substation,120000,1,11500.0,10.57,82.2,231.8,13.78,0,0,6879.11
2024-11-25 09:00:00,Empirical_Utility_Substation,120000,1,11500.0,11.91,66.6,332.0,12.43,0,0,6862.98
2024-11-25 10:00:00,Empirical_Utility_Substation,120000,1,11500.0,12.2,87.6,214.8,11.12,0,0,7038.35
2024-11-25 11:00:00,Empirical_Utility_Substation,120000,1,11500.0,16.02,64.9,314.7,14.92,0,0,7326.77
2024-11-25 12:00:00,Empirical_Utility_Substation,120000,1,11500.0,17.1,78.8,280.8,14.03,0,0,7113.69
2024-11-25 13:00:00,Empirical_Utility_Substation,120000,1,11500.0,17.46,58.8,272.9,15.75,0,0,6815.07
2024-11-25 14:00:00,Empirical_Utility_Substation,120000,1,11500.0,17.32,74.0,190.8,14.7,0,0,6400.92
2024-11-25 15:00:00,Empirical_Utility_Substation,120000,1,11500.0,17.77,79.8,345.7,13.4,0,0,6194.7
2024-11-25 16:00:00,Empirical_Utility_Substation,120000,1,11500.0,18.03,77.5,66.0,16.88,0,0,6490.18
2024-11-25 17:00:00,Empirical_Utility_Substation,120000,1,11500.0,16.88,70.0,118.5,16.86,0,0,6752.65
2024-11-25 18:00:00,Empirical_Utility_Substation,120000,1,11500.0,17.06,63.8,0.0,15.38,0,0,7225.83
2024-11-25 19:00:00,Empirical_Utility_Substation,120000,1,11500.0,15.44,71.7,0.0,18.19,0,0,7837.56
2024-11-25 20:00:00,Empirical_Utility_Substation,120000,1,11500.0,12.66,65.1,0.0,12.95,0,0,8050.78
2024-11-25 21:00:00,Empirical_Utility_Substation,120000,1,11500.0,9.69,77.0,0.0,15.46,0,0,7847.48
2024-11-25 22:00:00,Empirical_Utility_Substation,120000,1,11500.0,8.57,75.8,0.0,15.3,0,0,7633.85
2024-11-25 23:00:00,Empirical_Utility_Substation,120000,1,11500.0,7.34,80.9,0.0,11.42,0,0,7397.47
2024-11-26 00:00:00,Empirical_Utility_Substation,120000,1,11500.0,5.06,84.0,0.0,14.89,0,0,6983.07
2024-11-26 01:00:00,Empirical_Utility_Substation,120000,1,11500.0,5.64,74.9,0.0,15.06,0,0,7051.12
2024-11-26 02:00:00,Empirical_Utility_Substation,120000,1,11500.0,4.02,83.0,0.0,13.93,0,0,7136.24
2024-11-26 03:00:00,Empirical_Utility_Substation,120000,1,11500.0,3.92,86.8,0.0,13.55,0,0,7044.44
2024-11-26 04:00:00,Empirical_Utility_Substation,120000,1,11500.0,3.33,86.0,0.0,15.86,0,0,6987.53
2024-11-26 05:00:00,Empirical_Utility_Substation,120000,1,11500.0,5.76,75.0,0.0,18.57,0,0,6926.47
2024-11-26 06:00:00,Empirical_Utility_Substation,120000,1,11500.0,8.54,79.8,0.0,15.79,0,0,6873.81
2024-11-26 07:00:00,Empirical_Utility_Substation,120000,1,11500.0,10.75,74.4,34.2,13.98,0,0,6807.47
2024-11-26 08:00:00,Empirical_Utility_Substation,120000,1,11500.0,10.77,76.3,66.0,16.18,0,0,7050.61
2024-11-26 09:00:00,Empirical_Utility_Substation,120000,1,11500.0,12.53,80.4,303.2,13.3,0,0,7252.37
2024-11-26 10:00:00,Empirical_Utility_Substation,120000,1,11500.0,14.37,71.5,135.6,15.5,0,0,7379.7
2024-11-26 11:00:00,Empirical_Utility_Substation,120000,1,11500.0,15.93,69.1,446.8,14.41,0,0,7301.05
2024-11-26 12:00:00,Empirical_Utility_Substation,120000,1,11500.0,16.19,65.0,460.2,12.0,0,0,7097.7
2024-11-26 13:00:00,Empirical_Utility_Substation,120000,1,11500.0,18.69,66.3,329.0,15.07,0,0,6882.49
2024-11-26 14:00:00,Empirical_Utility_Substation,120000,1,11500.0,19.53,69.1,441.2,14.16,0,0,6524.88
2024-11-26 15:00:00,Empirical_Utility_Substation,120000,1,11500.0,19.46,73.7,230.1,14.86,0,0,6442.69
2024-11-26 16:00:00,Empirical_Utility_Substation,120000,1,11500.0,17.86,65.3,265.9,13.67,0,0,6521.11
2024-11-26 17:00:00,Empirical_Utility_Substation,120000,1,11500.0,17.45,62.3,119.3,13.21,0,0,6753.07
2024-11-26 18:00:00,Empirical_Utility_Substation,120000,1,11500.0,17.93,63.5,0.0,15.45,0,0,7089.73
2024-11-26 19:00:00,Empirical_Utility_Substation,120000,1,11500.0,17.64,69.3,0.0,15.4,0,0,7523.87
2024-11-26 20:00:00,Empirical_Utility_Substation,120000,1,11500.0,14.58,72.3,0.0,12.26,0,0,7792.67
2024-11-26 21:00:00,Empirical_Utility_Substation,120000,1,11500.0,11.74,81.3,0.0,12.38,0,0,7727.45
2024-11-26 22:00:00,Empirical_Utility_Substation,120000,1,11500.0,10.69,81.5,0.0,17.43,0,0,7414.13
2024-11-26 23:00:00,Empirical_Utility_Substation,120000,1,11500.0,8.38,80.2,0.0,15.09,0,0,7064.25
2024-11-27 00:00:00,Empirical_Utility_Substation,120000,1,11500.0,6.51,75.9,0.0,15.98,0,0,6906.81
2024-11-27 01:00:00,Empirical_Utility_Substation,120000,1,11500.0,5.3,74.1,0.0,20.25,0,0,6988.75
2024-11-27 02:00:00,Empirical_Utility_Substation,120000,1,11500.0,4.46,81.7,0.0,13.33,0,0,7153.93
2024-11-27 03:00:00,Empirical_Utility_Substation,120000,1,11500.0,3.38,82.5,0.0,15.27,0,0,7148.66
2024-11-27 04:00:00,Empirical_Utility_Substation,120000,1,11500.0,2.91,79.8,0.0,18.26,0,0,7109.59
2024-11-27 05:00:00,Empirical_Utility_Substation,120000,1,11500.0,2.37,81.8,0.0,11.79,0,0,7237.04
2024-11-27 06:00:00,Empirical_Utility_Substation,120000,1,11500.0,4.02,78.1,0.0,13.03,0,0,7209.43
2024-11-27 07:00:00,Empirical_Utility_Substation,120000,1,11500.0,4.81,71.1,70.6,13.79,0,0,7152.7
2024-11-27 08:00:00,Empirical_Utility_Substation,120000,1,11500.0,5.92,76.1,66.0,13.45,0,0,7557.96
2024-11-27 09:00:00,Empirical_Utility_Substation,120000,1,11500.0,9.14,81.3,173.4,15.43,0,0,7561.47
2024-11-27 10:00:00,Empirical_Utility_Substation,120000,1,11500.0,12.63,76.1,218.9,16.51,0,0,7775.18
2024-11-27 11:00:00,Empirical_Utility_Substation,120000,1,11500.0,12.68,76.5,440.5,16.23,0,0,7850.98
2024-11-27 12:00:00,Empirical_Utility_Substation,120000,1,11500.0,12.84,61.3,201.7,14.54,0,0,7861.49
2024-11-27 13:00:00,Empirical_Utility_Substation,120000,1,11500.0,13.55,60.9,391.5,13.77,0,0,7365.21
2024-11-27 14:00:00,Empirical_Utility_Substation,120000,1,11500.0,14.8,79.6,154.9,13.69,0,0,6927.39
2024-11-27 15:00:00,Empirical_Utility_Substation,120000,1,11500.0,14.36,62.0,366.7,15.46,0,0,6440.9
2024-11-27 16:00:00,Empirical_Utility_Substation,120000,1,11500.0,14.7,66.7,66.0,17.78,0,0,6454.12
2024-11-27 17:00:00,Empirical_Utility_Substation,120000,1,11500.0,14.47,71.4,110.2,13.51,0,0,6728.36
2024-11-27 18:00:00,Empirical_Utility_Substation,120000,1,11500.0,12.06,84.6,0.0,17.03,0,0,7136.39
2024-11-27 19:00:00,Empirical_Utility_Substation,120000,1,11500.0,11.07,79.6,0.0,12.94,0,0,7706.96
2024-11-27 20:00:00,Empirical_Utility_Substation,120000,1,11500.0,9.34,75.9,0.0,12.38,0,0,8015.52
2024-11-27 21:00:00,Empirical_Utility_Substation,120000,1,11500.0,8.28,70.1,0.0,15.81,0,0,8274.91
2024-11-27 22:00:00,Empirical_Utility_Substation,120000,1,11500.0,6.32,84.9,0.0,19.77,0,0,7988.33
2024-11-27 23:00:00,Empirical_Utility_Substation,120000,1,11500.0,5.43,76.7,0.0,14.56,0,0,7997.89
2024-11-28 00:00:00,Empirical_Utility_Substation,120000,1,11500.0,3.5,80.1,0.0,16.19,0,0,7481.25
2024-11-28 01:00:00,Empirical_Utility_Substation,120000,1,11500.0,2.75,88.8,0.0,15.44,0,0,7573.92
2024-11-28 02:00:00,Empirical_Utility_Substation,120000,1,11500.0,0.87,82.5,0.0,13.71,0,0,7435.21
2024-11-28 03:00:00,Empirical_Utility_Substation,120000,1,11500.0,2.89,83.2,0.0,13.45,0,0,7293.84
2024-11-28 04:00:00,Empirical_Utility_Substation,120000,1,11500.0,3.23,98.0,0.0,13.0,0,0,7088.68
2024-11-28 05:00:00,Empirical_Utility_Substation,120000,1,11500.0,3.71,81.2,0.0,14.99,0,0,7202.13
2024-11-28 06:00:00,Empirical_Utility_Substation,120000,1,11500.0,5.63,85.7,0.0,12.1,0,0,7053.65
2024-11-28 07:00:00,Empirical_Utility_Substation,120000,1,11500.0,6.31,84.0,34.2,18.71,0,0,7043.21
2024-11-28 08:00:00,Empirical_Utility_Substation,120000,1,11500.0,5.56,80.1,153.1,15.07,0,0,7307.6
2024-11-28 09:00:00,Empirical_Utility_Substation,120000,1,11500.0,7.95,79.3,347.9,13.44,0,0,7464.33
2024-11-28 10:00:00,Empirical_Utility_Substation,120000,1,11500.0,9.54,72.5,216.8,15.51,0,0,7639.59
2024-11-28 11:00:00,Empirical_Utility_Substation,120000,1,11500.0,11.58,74.6,459.6,13.99,0,0,7473.12
2024-11-28 12:00:00,Empirical_Utility_Substation,120000,1,11500.0,11.08,80.8,132.0,14.03,0,0,7548.83
2024-11-28 13:00:00,Empirical_Utility_Substation,120000,1,11500.0,11.63,73.0,189.4,15.22,0,0,7290.58
2024-11-28 14:00:00,Empirical_Utility_Substation,120000,1,11500.0,11.51,76.5,275.1,12.78,0,0,7305.57
2024-11-28 15:00:00,Empirical_Utility_Substation,120000,1,11500.0,10.32,67.1,163.9,11.88,0,0,7317.79
2024-11-28 16:00:00,Empirical_Utility_Substation,120000,1,11500.0,10.12,73.6,251.5,17.59,0,0,7186.73
2024-11-28 17:00:00,Empirical_Utility_Substation,120000,1,11500.0,10.59,76.7,59.2,12.87,0,0,7178.53
2024-11-28 18:00:00,Empirical_Utility_Substation,120000,1,11500.0,10.55,77.8,0.0,16.12,0,0,7582.86
2024-11-28 19:00:00,Empirical_Utility_Substation,120000,1,11500.0,9.03,85.1,0.0,13.96,0,0,8179.34
2024-11-28 20:00:00,Empirical_Utility_Substation,120000,1,11500.0,7.67,80.2,0.0,14.9,0,0,8411.18
2024-11-28 21:00:00,Empirical_Utility_Substation,120000,1,11500.0,5.59,86.4,0.0,16.32,0,0,8373.23
2024-11-28 22:00:00,Empirical_Utility_Substation,120000,1,11500.0,3.14,83.7,0.0,15.0,0,0,8132.49
2024-11-28 23:00:00,Empirical_Utility_Substation,120000,1,11500.0,3.65,77.8,0.0,15.62,0,0,7519.3
2024-11-29 00:00:00,Empirical_Utility_Substation,120000,1,11500.0,4.02,89.1,0.0,14.8,0,0,6945.86
2024-11-29 01:00:00,Empirical_Utility_Substation,120000,1,11500.0,3.75,76.4,0.0,14.3,0,0,6895.38
2024-11-29 02:00:00,Empirical_Utility_Substation,120000,1,11500.0,3.06,88.7,0.0,13.55,0,0,7058.97
2024-11-29 03:00:00,Empirical_Utility_Substation,120000,1,11500.0,0.23,91.1,0.0,16.21,0,0,7238.46
2024-11-29 04:00:00,Empirical_Utility_Substation,120000,1,11500.0,1.42,70.5,0.0,16.51,0,0,7205.37
2024-11-29 05:00:00,Empirical_Utility_Substation,120000,1,11500.0,3.04,88.3,0.0,12.67,0,0,7302.95
2024-11-29 06:00:00,Empirical_Utility_Substation,120000,1,11500.0,3.83,85.9,0.0,12.99,0,0,7378.59
2024-11-29 07:00:00,Empirical_Utility_Substation,120000,1,11500.0,5.58,75.2,127.4,15.05,0,0,7462.47
2024-11-29 08:00:00,Empirical_Utility_Substation,120000,1,11500.0,7.44,84.3,107.9,14.03,0,0,7527.6
2024-11-29 09:00:00,Empirical_Utility_Substation,120000,1,11500.0,8.12,77.4,279.0,11.24,0,0,7928.79
2024-11-29 10:00:00,Empirical_Utility_Substation,120000,1,11500.0,9.43,89.5,270.2,15.52,0,0,8124.38
2024-11-29 11:00:00,Empirical_Utility_Substation,120000,1,11500.0,10.58,78.0,463.0,17.1,0,0,8346.32
2024-11-29 12:00:00,Empirical_Utility_Substation,120000,1,11500.0,11.57,81.1,287.2,13.32,0,0,7932.31
2024-11-29 13:00:00,Empirical_Utility_Substation,120000,1,11500.0,11.59,72.2,151.2,17.42,0,0,7551.75
2024-11-29 14:00:00,Empirical_Utility_Substation,120000,1,11500.0,12.24,75.5,143.2,20.36,0,0,7333.24
2024-11-29 15:00:00,Empirical_Utility_Substation,120000,1,11500.0,11.87,80.3,153.6,12.5,0,0,7125.47
2024-11-29 16:00:00,Empirical_Utility_Substation,120000,1,11500.0,10.94,71.1,221.3,12.37,0,0,7224.91
2024-11-29 17:00:00,Empirical_Utility_Substation,120000,1,11500.0,9.87,75.6,34.2,15.36,0,0,7649.84
2024-11-29 18:00:00,Empirical_Utility_Substation,120000,1,11500.0,8.0,70.2,0.0,14.02,0,0,8280.56
2024-11-29 19:00:00,Empirical_Utility_Substation,120000,1,11500.0,6.95,71.1,0.0,14.58,0,0,8728.75
2024-11-29 20:00:00,Empirical_Utility_Substation,120000,1,11500.0,6.55,84.3,0.0,14.17,0,0,8909.25
2024-11-29 21:00:00,Empirical_Utility_Substation,120000,1,11500.0,5.22,80.8,0.0,17.82,0,0,8902.8
2024-11-29 22:00:00,Empirical_Utility_Substation,120000,1,11500.0,4.13,76.0,0.0,14.45,0,0,8387.77
2024-11-29 23:00:00,Empirical_Utility_Substation,120000,1,11500.0,2.54,87.5,0.0,15.24,0,0,7970.73
2024-11-30 00:00:00,Empirical_Utility_Substation,120000,1,11500.0,1.52,82.3,0.0,13.9,1,0,6630.33
2024-11-30 01:00:00,Empirical_Utility_Substation,120000,1,11500.0,1.12,66.5,0.0,12.88,1,0,6666.04
2024-11-30 02:00:00,Empirical_Utility_Substation,120000,1,11500.0,0.63,86.2,0.0,13.1,1,0,6761.63
2024-11-30 03:00:00,Empirical_Utility_Substation,120000,1,11500.0,0.31,87.0,0.0,13.13,1,0,6882.73
2024-11-30 04:00:00,Empirical_Utility_Substation,120000,1,11500.0,0.11,79.6,0.0,12.29,1,0,6961.57
2024-11-30 05:00:00,Empirical_Utility_Substation,120000,1,11500.0,0.97,79.0,0.0,12.81,1,0,6835.27
2024-11-30 06:00:00,Empirical_Utility_Substation,120000,1,11500.0,0.91,86.2,0.0,13.56,1,0,6848.53
2024-11-30 07:00:00,Empirical_Utility_Substation,120000,1,11500.0,2.53,74.9,84.4,16.36,1,0,6963.71
2024-11-30 08:00:00,Empirical_Utility_Substation,120000,1,11500.0,5.83,78.6,132.8,15.51,1,0,6951.35
2024-11-30 09:00:00,Empirical_Utility_Substation,120000,1,11500.0,8.06,80.3,96.3,15.52,1,0,7031.47
2024-11-30 10:00:00,Empirical_Utility_Substation,120000,1,11500.0,9.16,76.4,448.5,15.85,1,0,7282.96
2024-11-30 11:00:00,Empirical_Utility_Substation,120000,1,11500.0,11.17,80.9,395.3,12.76,1,0,7239.86
2024-11-30 12:00:00,Empirical_Utility_Substation,120000,1,11500.0,11.9,81.1,238.4,12.22,1,0,7006.13
2024-11-30 13:00:00,Empirical_Utility_Substation,120000,1,11500.0,12.7,77.3,127.5,14.03,1,0,6718.19
2024-11-30 14:00:00,Empirical_Utility_Substation,120000,1,11500.0,14.79,81.8,306.6,16.7,1,0,6384.56
2024-11-30 15:00:00,Empirical_Utility_Substation,120000,1,11500.0,13.62,62.3,368.0,14.23,1,0,6373.35
2024-11-30 16:00:00,Empirical_Utility_Substation,120000,1,11500.0,13.98,73.7,146.5,14.55,1,0,6268.3
2024-11-30 17:00:00,Empirical_Utility_Substation,120000,1,11500.0,12.52,79.3,100.0,12.3,1,0,6288.19
2024-11-30 18:00:00,Empirical_Utility_Substation,120000,1,11500.0,9.63,77.6,0.0,15.37,1,0,6935.82
2024-11-30 19:00:00,Empirical_Utility_Substation,120000,1,11500.0,8.33,75.8,0.0,13.49,1,0,7132.08
2024-11-30 20:00:00,Empirical_Utility_Substation,120000,1,11500.0,8.58,80.0,0.0,13.3,1,0,7280.44
2024-11-30 21:00:00,Empirical_Utility_Substation,120000,1,11500.0,7.35,81.6,0.0,12.44,1,0,7138.46
2024-11-30 22:00:00,Empirical_Utility_Substation,120000,1,11500.0,6.19,81.5,0.0,17.98,1,0,6640.12
2024-11-30 23:00:00,Empirical_Utility_Substation,120000,1,11500.0,5.76,87.2,0.0,13.75,1,0,6122.38
2024-12-01 00:00:00,Empirical_Utility_Substation,120000,1,11500.0,4.22,82.3,0.0,15.01,1,0,5774.63
2024-12-01 01:00:00,Empirical_Utility_Substation,120000,1,11500.0,2.63,83.8,0.0,15.45,1,0,6159.34
2024-12-01 02:00:00,Empirical_Utility_Substation,120000,1,11500.0,1.66,94.3,0.0,13.82,1,0,6129.25
2024-12-01 03:00:00,Empirical_Utility_Substation,120000,1,11500.0,-0.2,88.5,0.0,14.83,1,0,6430.04
2024-12-01 04:00:00,Empirical_Utility_Substation,120000,1,11500.0,0.0,97.5,0.0,17.17,1,0,6422.43
2024-12-01 05:00:00,Empirical_Utility_Substation,120000,1,11500.0,0.8,89.1,0.0,15.67,1,0,6484.33
2024-12-01 06:00:00,Empirical_Utility_Substation,120000,1,11500.0,1.88,81.8,0.0,12.6,1,0,6633.06
2024-12-01 07:00:00,Empirical_Utility_Substation,120000,1,11500.0,4.26,81.3,63.9,15.65,1,0,6624.1
2024-12-01 08:00:00,Empirical_Utility_Substation,120000,1,11500.0,7.19,80.2,66.0,15.27,1,0,6405.35
2024-12-01 09:00:00,Empirical_Utility_Substation,120000,1,11500.0,8.55,72.1,220.4,16.2,1,0,6691.26
2024-12-01 10:00:00,Empirical_Utility_Substation,120000,1,11500.0,9.88,80.4,396.7,16.71,1,0,6893.04
2024-12-01 11:00:00,Empirical_Utility_Substation,120000,1,11500.0,10.71,65.5,293.2,18.43,1,0,6995.71
2024-12-01 12:00:00,Empirical_Utility_Substation,120000,1,11500.0,11.85,85.4,453.1,12.57,1,0,6726.01
2024-12-01 13:00:00,Empirical_Utility_Substation,120000,1,11500.0,11.94,80.9,352.6,16.56,1,0,6414.52
2024-12-01 14:00:00,Empirical_Utility_Substation,120000,1,11500.0,13.31,76.7,242.1,14.14,1,0,6075.59
2024-12-01 15:00:00,Empirical_Utility_Substation,120000,1,11500.0,12.52,75.1,169.4,16.82,1,0,5824.5
2024-12-01 16:00:00,Empirical_Utility_Substation,120000,1,11500.0,12.89,75.3,210.0,14.52,1,0,5879.61
2024-12-01 17:00:00,Empirical_Utility_Substation,120000,1,11500.0,13.69,74.7,130.3,12.8,1,0,5962.02
2024-12-01 18:00:00,Empirical_Utility_Substation,120000,1,11500.0,13.18,74.4,0.0,13.83,1,0,6462.39
2024-12-01 19:00:00,Empirical_Utility_Substation,120000,1,11500.0,13.5,77.0,0.0,14.29,1,0,6944.54
2024-12-01 20:00:00,Empirical_Utility_Substation,120000,1,11500.0,10.95,78.7,0.0,19.04,1,0,6808.54
2024-12-01 21:00:00,Empirical_Utility_Substation,120000,1,11500.0,8.75,78.4,0.0,12.97,1,0,6867.36
2024-12-01 22:00:00,Empirical_Utility_Substation,120000,1,11500.0,7.07,80.0,0.0,11.91,1,0,6394.64
2024-12-01 23:00:00,Empirical_Utility_Substation,120000,1,11500.0,5.48,77.0,0.0,15.4,1,0,6425.89
2024-12-02 00:00:00,Empirical_Utility_Substation,120000,1,11500.0,4.69,79.7,0.0,12.75,0,0,6931.79
2024-12-02 01:00:00,Empirical_Utility_Substation,120000,1,11500.0,2.65,83.4,0.0,11.75,0,0,7272.61
2024-12-02 02:00:00,Empirical_Utility_Substation,120000,1,11500.0,2.25,80.7,0.0,11.43,0,0,7208.18
2024-12-02 03:00:00,Empirical_Utility_Substation,120000,1,11500.0,3.25,91.5,0.0,13.64,0,0,7255.94
2024-12-02 04:00:00,Empirical_Utility_Substation,120000,1,11500.0,4.13,86.8,0.0,14.01,0,0,7200.52
2024-12-02 05:00:00,Empirical_Utility_Substation,120000,1,11500.0,5.4,81.8,0.0,15.37,0,0,7097.32
2024-12-02 06:00:00,Empirical_Utility_Substation,120000,1,11500.0,5.58,71.2,0.0,14.67,0,0,7214.27
2024-12-02 07:00:00,Empirical_Utility_Substation,120000,1,11500.0,6.5,80.7,34.2,14.54,0,0,7279.32
2024-12-02 08:00:00,Empirical_Utility_Substation,120000,1,11500.0,8.17,71.0,66.0,13.95,0,0,7137.36
2024-12-02 09:00:00,Empirical_Utility_Substation,120000,1,11500.0,8.54,78.3,276.6,17.09,0,0,7564.99
2024-12-02 10:00:00,Empirical_Utility_Substation,120000,1,11500.0,9.41,83.0,219.8,14.74,0,0,7888.08
2024-12-02 11:00:00,Empirical_Utility_Substation,120000,1,11500.0,10.59,76.4,229.8,12.67,0,0,7998.12
2024-12-02 12:00:00,Empirical_Utility_Substation,120000,1,11500.0,11.38,74.9,132.0,15.11,0,0,7865.39
2024-12-02 13:00:00,Empirical_Utility_Substation,120000,1,11500.0,12.95,73.2,127.5,13.95,0,0,7531.59
2024-12-02 14:00:00,Empirical_Utility_Substation,120000,1,11500.0,12.7,85.8,412.5,16.9,0,0,7199.01
2024-12-02 15:00:00,Empirical_Utility_Substation,120000,1,11500.0,12.35,82.9,175.1,13.7,0,0,6823.84
2024-12-02 16:00:00,Empirical_Utility_Substation,120000,1,11500.0,14.08,73.5,130.6,12.7,0,0,6856.93
2024-12-02 17:00:00,Empirical_Utility_Substation,120000,1,11500.0,13.74,72.6,124.5,16.54,0,0,7010.69
2024-12-02 18:00:00,Empirical_Utility_Substation,120000,1,11500.0,12.65,75.1,0.0,13.44,0,0,7335.89
2024-12-02 19:00:00,Empirical_Utility_Substation,120000,1,11500.0,11.44,61.9,0.0,13.68,0,0,7812.83
2024-12-02 20:00:00,Empirical_Utility_Substation,120000,1,11500.0,10.16,73.4,0.0,14.07,0,0,8134.01
2024-12-02 21:00:00,Empirical_Utility_Substation,120000,1,11500.0,8.73,72.0,0.0,14.91,0,0,7898.47
2024-12-02 22:00:00,Empirical_Utility_Substation,120000,1,11500.0,8.3,78.1,0.0,13.93,0,0,7356.85
2024-12-02 23:00:00,Empirical_Utility_Substation,120000,1,11500.0,7.67,83.9,0.0,13.32,0,0,6730.97
2024-12-03 00:00:00,Empirical_Utility_Substation,120000,1,11500.0,7.19,72.5,0.0,15.65,0,0,6370.33
2024-12-03 01:00:00,Empirical_Utility_Substation,120000,1,11500.0,6.94,76.0,0.0,14.76,0,0,6650.49
2024-12-03 02:00:00,Empirical_Utility_Substation,120000,1,11500.0,5.01,83.3,0.0,14.17,0,0,7055.03
2024-12-03 03:00:00,Empirical_Utility_Substation,120000,1,11500.0,5.78,80.7,0.0,14.07,0,0,6853.33
2024-12-03 04:00:00,Empirical_Utility_Substation,120000,1,11500.0,4.92,88.3,0.0,17.45,0,0,6933.76
2024-12-03 05:00:00,Empirical_Utility_Substation,120000,1,11500.0,5.62,77.9,0.0,14.98,0,0,7036.82
2024-12-03 06:00:00,Empirical_Utility_Substation,120000,1,11500.0,6.6,79.7,0.0,12.49,0,0,6984.39
2024-12-03 07:00:00,Empirical_Utility_Substation,120000,1,11500.0,9.28,87.6,73.5,13.08,0,0,6864.34
2024-12-03 08:00:00,Empirical_Utility_Substation,120000,1,11500.0,10.29,79.5,66.0,13.07,0,0,7116.67
2024-12-03 09:00:00,Empirical_Utility_Substation,120000,1,11500.0,10.25,71.4,103.9,15.09,0,0,7412.06
2024-12-03 10:00:00,Empirical_Utility_Substation,120000,1,11500.0,11.25,76.1,386.3,12.92,0,0,7657.24
2024-12-03 11:00:00,Empirical_Utility_Substation,120000,1,11500.0,14.22,78.1,316.4,12.53,0,0,7702.58
2024-12-03 12:00:00,Empirical_Utility_Substation,120000,1,11500.0,15.57,66.9,418.0,15.85,0,0,7772.2
2024-12-03 13:00:00,Empirical_Utility_Substation,120000,1,11500.0,16.23,62.7,463.3,12.26,0,0,7370.62
2024-12-03 14:00:00,Empirical_Utility_Substation,120000,1,11500.0,16.4,69.2,114.3,16.93,0,0,6960.51
2024-12-03 15:00:00,Empirical_Utility_Substation,120000,1,11500.0,15.7,68.8,328.5,11.57,0,0,6809.39
2024-12-03 16:00:00,Empirical_Utility_Substation,120000,1,11500.0,15.18,68.0,119.7,13.54,0,0,6717.31
2024-12-03 17:00:00,Empirical_Utility_Substation,120000,1,11500.0,14.31,59.2,137.4,13.59,0,0,7060.56
2024-12-03 18:00:00,Empirical_Utility_Substation,120000,1,11500.0,12.27,77.2,0.0,13.48,0,0,7430.19
2024-12-03 19:00:00,Empirical_Utility_Substation,120000,1,11500.0,9.96,72.3,0.0,12.73,0,0,7887.82
2024-12-03 20:00:00,Empirical_Utility_Substation,120000,1,11500.0,10.89,70.2,0.0,14.05,0,0,8071.27
2024-12-03 21:00:00,Empirical_Utility_Substation,120000,1,11500.0,9.49,81.8,0.0,12.85,0,0,7984.84
2024-12-03 22:00:00,Empirical_Utility_Substation,120000,1,11500.0,6.81,82.1,0.0,11.72,0,0,7624.44
2024-12-03 23:00:00,Empirical_Utility_Substation,120000,1,11500.0,6.1,79.3,0.0,14.0,0,0,7168.21
2024-12-04 00:00:00,Empirical_Utility_Substation,120000,1,11500.0,5.25,74.9,0.0,14.53,0,0,6701.52
2024-12-04 01:00:00,Empirical_Utility_Substation,120000,1,11500.0,5.33,68.2,0.0,13.49,0,0,6691.78
2024-12-04 02:00:00,Empirical_Utility_Substation,120000,1,11500.0,4.71,89.9,0.0,14.3,0,0,6597.16
2024-12-04 03:00:00,Empirical_Utility_Substation,120000,1,11500.0,4.59,81.7,0.0,13.42,0,0,6518.97
2024-12-04 04:00:00,Empirical_Utility_Substation,120000,1,11500.0,5.25,79.9,0.0,13.18,0,0,6802.55
2024-12-04 05:00:00,Empirical_Utility_Substation,120000,1,11500.0,6.66,84.1,0.0,14.11,0,0,6877.58
2024-12-04 06:00:00,Empirical_Utility_Substation,120000,1,11500.0,6.34,82.3,0.0,16.2,0,0,6827.01
2024-12-04 07:00:00,Empirical_Utility_Substation,120000,1,11500.0,7.2,64.5,127.7,17.07,0,0,6789.68
2024-12-04 08:00:00,Empirical_Utility_Substation,120000,1,11500.0,8.27,68.8,233.2,17.33,0,0,7103.85
2024-12-04 09:00:00,Empirical_Utility_Substation,120000,1,11500.0,9.49,84.7,283.0,16.34,0,0,7388.2
2024-12-04 10:00:00,Empirical_Utility_Substation,120000,1,11500.0,11.06,68.8,114.3,13.07,0,0,7451.27
2024-12-04 11:00:00,Empirical_Utility_Substation,120000,1,11500.0,12.57,79.6,326.5,13.0,0,0,7570.74
2024-12-04 12:00:00,Empirical_Utility_Substation,120000,1,11500.0,14.55,57.0,543.5,13.6,0,0,7428.32
2024-12-04 13:00:00,Empirical_Utility_Substation,120000,1,11500.0,14.55,69.4,388.7,14.66,0,0,7130.69
2024-12-04 14:00:00,Empirical_Utility_Substation,120000,1,11500.0,14.25,80.5,171.6,12.49,0,0,6944.47
2024-12-04 15:00:00,Empirical_Utility_Substation,120000,1,11500.0,16.47,74.5,281.4,14.96,0,0,6650.8
2024-12-04 16:00:00,Empirical_Utility_Substation,120000,1,11500.0,17.84,72.8,240.8,17.39,0,0,6495.56
2024-12-04 17:00:00,Empirical_Utility_Substation,120000,1,11500.0,17.63,60.1,105.2,15.75,0,0,6793.7
2024-12-04 18:00:00,Empirical_Utility_Substation,120000,1,11500.0,17.03,58.1,0.0,14.72,0,0,7381.52
2024-12-04 19:00:00,Empirical_Utility_Substation,120000,1,11500.0,15.08,80.8,0.0,14.77,0,0,7847.04
2024-12-04 20:00:00,Empirical_Utility_Substation,120000,1,11500.0,14.13,66.1,0.0,17.33,0,0,8010.74
2024-12-04 21:00:00,Empirical_Utility_Substation,120000,1,11500.0,13.51,80.7,0.0,13.38,0,0,7878.72
2024-12-04 22:00:00,Empirical_Utility_Substation,120000,1,11500.0,9.92,82.8,0.0,17.73,0,0,7645.39
2024-12-04 23:00:00,Empirical_Utility_Substation,120000,1,11500.0,9.18,69.1,0.0,16.4,0,0,7050.72
2024-12-05 00:00:00,Empirical_Utility_Substation,120000,1,11500.0,8.24,80.8,0.0,13.03,0,0,6627.5
2024-12-05 01:00:00,Empirical_Utility_Substation,120000,1,11500.0,6.73,72.8,0.0,15.86,0,0,6491.46
2024-12-05 02:00:00,Empirical_Utility_Substation,120000,1,11500.0,5.59,73.9,0.0,14.66,0,0,6629.14
2024-12-05 03:00:00,Empirical_Utility_Substation,120000,1,11500.0,5.29,82.4,0.0,15.84,0,0,6667.92
2024-12-05 04:00:00,Empirical_Utility_Substation,120000,1,11500.0,5.0,74.5,0.0,14.71,0,0,6594.45
2024-12-05 05:00:00,Empirical_Utility_Substation,120000,1,11500.0,5.05,75.5,0.0,16.4,0,0,6772.11
2024-12-05 06:00:00,Empirical_Utility_Substation,120000,1,11500.0,5.45,79.8,0.0,16.85,0,0,6801.52
2024-12-05 07:00:00,Empirical_Utility_Substation,120000,1,11500.0,6.9,86.1,34.2,16.39,0,0,6936.12
2024-12-05 08:00:00,Empirical_Utility_Substation,120000,1,11500.0,7.81,73.3,252.2,13.23,0,0,7435.29
2024-12-05 09:00:00,Empirical_Utility_Substation,120000,1,11500.0,10.61,83.0,114.9,16.52,0,0,7608.47
2024-12-05 10:00:00,Empirical_Utility_Substation,120000,1,11500.0,10.76,79.3,237.2,15.8,0,0,7727.34
2024-12-05 11:00:00,Empirical_Utility_Substation,120000,1,11500.0,13.2,73.8,424.3,15.21,0,0,7887.89
2024-12-05 12:00:00,Empirical_Utility_Substation,120000,1,11500.0,14.07,71.2,134.3,13.67,0,0,7671.61
2024-12-05 13:00:00,Empirical_Utility_Substation,120000,1,11500.0,14.05,73.0,307.4,17.78,0,0,7317.23
2024-12-05 14:00:00,Empirical_Utility_Substation,120000,1,11500.0,13.79,66.6,458.6,14.84,0,0,6855.94
2024-12-05 15:00:00,Empirical_Utility_Substation,120000,1,11500.0,13.9,79.7,326.5,15.75,0,0,6836.86
2024-12-05 16:00:00,Empirical_Utility_Substation,120000,1,11500.0,14.73,67.4,216.1,12.64,0,0,7012.58
2024-12-05 17:00:00,Empirical_Utility_Substation,120000,1,11500.0,15.16,65.5,137.9,13.15,0,0,7169.06
2024-12-05 18:00:00,Empirical_Utility_Substation,120000,1,11500.0,14.97,75.2,0.0,14.2,0,0,7440.06
2024-12-05 19:00:00,Empirical_Utility_Substation,120000,1,11500.0,13.99,78.4,0.0,13.69,0,0,7879.32
2024-12-05 20:00:00,Empirical_Utility_Substation,120000,1,11500.0,12.18,67.9,0.0,14.19,0,0,8083.11
2024-12-05 21:00:00,Empirical_Utility_Substation,120000,1,11500.0,9.74,71.7,0.0,13.89,0,0,8059.27
2024-12-05 22:00:00,Empirical_Utility_Substation,120000,1,11500.0,8.09,80.2,0.0,14.4,0,0,7650.14
2024-12-05 23:00:00,Empirical_Utility_Substation,120000,1,11500.0,6.29,81.3,0.0,13.04,0,0,7335.18
2024-12-06 00:00:00,Empirical_Utility_Substation,120000,1,11500.0,6.37,76.4,0.0,12.47,0,0,6862.83
2024-12-06 01:00:00,Empirical_Utility_Substation,120000,1,11500.0,4.2,77.9,0.0,17.28,0,0,7041.47
2024-12-06 02:00:00,Empirical_Utility_Substation,120000,1,11500.0,1.28,72.1,0.0,16.76,0,0,7413.63
2024-12-06 03:00:00,Empirical_Utility_Substation,120000,1,11500.0,1.16,83.0,0.0,16.03,0,0,7605.74
2024-12-06 04:00:00,Empirical_Utility_Substation,120000,1,11500.0,2.27,86.1,0.0,14.77,0,0,7312.26
2024-12-06 05:00:00,Empirical_Utility_Substation,120000,1,11500.0,3.5,80.8,0.0,13.16,0,0,7299.73
2024-12-06 06:00:00,Empirical_Utility_Substation,120000,1,11500.0,3.81,93.1,0.0,16.46,0,0,7470.27
2024-12-06 07:00:00,Empirical_Utility_Substation,120000,1,11500.0,5.12,75.6,73.7,16.71,0,0,7245.32
2024-12-06 08:00:00,Empirical_Utility_Substation,120000,1,11500.0,6.74,83.5,168.5,15.71,0,0,7353.48
2024-12-06 09:00:00,Empirical_Utility_Substation,120000,1,11500.0,10.28,78.3,128.1,14.12,0,0,7407.22
2024-12-06 10:00:00,Empirical_Utility_Substation,120000,1,11500.0,12.18,79.0,192.3,14.07,0,0,7564.38
2024-12-06 11:00:00,Empirical_Utility_Substation,120000,1,11500.0,12.25,70.8,450.4,15.15,0,0,7723.79
2024-12-06 12:00:00,Empirical_Utility_Substation,120000,1,11500.0,15.02,70.9,239.6,16.76,0,0,7888.41
2024-12-06 13:00:00,Empirical_Utility_Substation,120000,1,11500.0,15.2,81.5,322.5,15.24,0,0,7458.17
2024-12-06 14:00:00,Empirical_Utility_Substation,120000,1,11500.0,14.69,77.1,398.4,13.87,0,0,7121.39
2024-12-06 15:00:00,Empirical_Utility_Substation,120000,1,11500.0,15.29,67.6,93.3,15.82,0,0,6958.71
2024-12-06 16:00:00,Empirical_Utility_Substation,120000,1,11500.0,13.94,77.2,208.3,15.02,0,0,6829.23
2024-12-06 17:00:00,Empirical_Utility_Substation,120000,1,11500.0,14.14,83.1,34.2,16.12,0,0,6917.83
2024-12-06 18:00:00,Empirical_Utility_Substation,120000,1,11500.0,13.95,79.8,0.0,12.17,0,0,7277.3
2024-12-06 19:00:00,Empirical_Utility_Substation,120000,1,11500.0,13.37,78.6,0.0,15.71,0,0,7832.43
2024-12-06 20:00:00,Empirical_Utility_Substation,120000,1,11500.0,13.42,68.8,0.0,19.84,0,0,7884.89
2024-12-06 21:00:00,Empirical_Utility_Substation,120000,1,11500.0,11.52,66.9,0.0,15.98,0,0,7797.44
2024-12-06 22:00:00,Empirical_Utility_Substation,120000,1,11500.0,9.92,65.5,0.0,14.74,0,0,7542.3
2024-12-06 23:00:00,Empirical_Utility_Substation,120000,1,11500.0,8.9,70.5,0.0,13.3,0,0,7198.61
2024-12-07 00:00:00,Empirical_Utility_Substation,120000,1,11500.0,7.55,75.8,0.0,13.47,1,0,6017.76
2024-12-07 01:00:00,Empirical_Utility_Substation,120000,1,11500.0,6.3,64.3,0.0,16.56,1,0,6210.75
2024-12-07 02:00:00,Empirical_Utility_Substation,120000,1,11500.0,5.48,75.7,0.0,15.66,1,0,6148.38
2024-12-07 03:00:00,Empirical_Utility_Substation,120000,1,11500.0,5.12,80.5,0.0,12.48,1,0,6298.04
2024-12-07 04:00:00,Empirical_Utility_Substation,120000,1,11500.0,6.93,71.6,0.0,17.79,1,0,6202.2
2024-12-07 05:00:00,Empirical_Utility_Substation,120000,1,11500.0,7.09,84.4,0.0,13.13,1,0,6276.14
2024-12-07 06:00:00,Empirical_Utility_Substation,120000,1,11500.0,8.57,73.2,0.0,15.25,1,0,6298.54
2024-12-07 07:00:00,Empirical_Utility_Substation,120000,1,11500.0,10.67,77.2,108.9,13.77,1,0,6317.1
2024-12-07 08:00:00,Empirical_Utility_Substation,120000,1,11500.0,11.28,75.2,79.4,13.81,1,0,6471.1
2024-12-07 09:00:00,Empirical_Utility_Substation,120000,1,11500.0,12.03,78.8,93.3,13.06,1,0,6673.14
2024-12-07 10:00:00,Empirical_Utility_Substation,120000,1,11500.0,12.71,67.0,433.2,12.67,1,0,6760.99
2024-12-07 11:00:00,Empirical_Utility_Substation,120000,1,11500.0,13.29,67.1,414.8,12.9,1,0,6948.34
2024-12-07 12:00:00,Empirical_Utility_Substation,120000,1,11500.0,15.21,71.7,375.6,13.75,1,0,6982.49
2024-12-07 13:00:00,Empirical_Utility_Substation,120000,1,11500.0,17.29,57.4,547.0,20.55,1,0,6602.34
2024-12-07 14:00:00,Empirical_Utility_Substation,120000,1,11500.0,17.4,69.2,206.8,14.88,1,0,6304.17
2024-12-07 15:00:00,Empirical_Utility_Substation,120000,1,11500.0,18.34,57.2,139.1,20.59,1,0,6079.69
2024-12-07 16:00:00,Empirical_Utility_Substation,120000,1,11500.0,17.43,75.3,200.4,15.87,1,0,6166.97
2024-12-07 17:00:00,Empirical_Utility_Substation,120000,1,11500.0,16.92,78.2,89.1,18.45,1,0,6432.35
2024-12-07 18:00:00,Empirical_Utility_Substation,120000,1,11500.0,15.85,62.9,0.0,15.11,1,0,6761.9
2024-12-07 19:00:00,Empirical_Utility_Substation,120000,1,11500.0,14.27,79.9,0.0,15.21,1,0,7089.96
2024-12-07 20:00:00,Empirical_Utility_Substation,120000,1,11500.0,11.81,80.4,0.0,14.71,1,0,7237.86
2024-12-07 21:00:00,Empirical_Utility_Substation,120000,1,11500.0,10.21,78.4,0.0,14.59,1,0,7274.82
2024-12-07 22:00:00,Empirical_Utility_Substation,120000,1,11500.0,9.31,77.8,0.0,15.55,1,0,6900.82
2024-12-07 23:00:00,Empirical_Utility_Substation,120000,1,11500.0,7.31,82.6,0.0,21.82,1,0,6515.87
2024-12-08 00:00:00,Empirical_Utility_Substation,120000,1,11500.0,4.9,75.8,0.0,16.23,1,0,6316.56
2024-12-08 01:00:00,Empirical_Utility_Substation,120000,1,11500.0,3.41,85.4,0.0,13.93,1,0,6363.0
2024-12-08 02:00:00,Empirical_Utility_Substation,120000,1,11500.0,3.21,83.9,0.0,15.74,1,0,6315.18
2024-12-08 03:00:00,Empirical_Utility_Substation,120000,1,11500.0,2.07,84.7,0.0,13.16,1,0,6472.36
2024-12-08 04:00:00,Empirical_Utility_Substation,120000,1,11500.0,1.15,89.8,0.0,15.17,1,0,6552.33
2024-12-08 05:00:00,Empirical_Utility_Substation,120000,1,11500.0,2.35,70.4,0.0,15.95,1,0,6421.74
2024-12-08 06:00:00,Empirical_Utility_Substation,120000,1,11500.0,3.2,87.5,0.0,13.11,1,0,6265.85
2024-12-08 07:00:00,Empirical_Utility_Substation,120000,1,11500.0,3.95,81.9,79.6,13.54,1,0,6298.91
2024-12-08 08:00:00,Empirical_Utility_Substation,120000,1,11500.0,6.93,79.8,193.1,13.54,1,0,6221.57
2024-12-08 09:00:00,Empirical_Utility_Substation,120000,1,11500.0,6.59,83.9,184.3,14.87,1,0,6565.78
2024-12-08 10:00:00,Empirical_Utility_Substation,120000,1,11500.0,7.99,76.5,375.8,15.46,1,0,6820.97
2024-12-08 11:00:00,Empirical_Utility_Substation,120000,1,11500.0,8.84,74.9,157.0,14.82,1,0,6709.25
2024-12-08 12:00:00,Empirical_Utility_Substation,120000,1,11500.0,11.26,72.0,405.6,12.6,1,0,6423.27
2024-12-08 13:00:00,Empirical_Utility_Substation,120000,1,11500.0,11.83,77.0,203.0,13.59,1,0,6177.79
2024-12-08 14:00:00,Empirical_Utility_Substation,120000,1,11500.0,14.51,64.4,377.8,16.64,1,0,5784.39
2024-12-08 15:00:00,Empirical_Utility_Substation,120000,1,11500.0,15.16,76.0,93.3,18.41,1,0,5937.44
2024-12-08 16:00:00,Empirical_Utility_Substation,120000,1,11500.0,15.93,63.5,163.0,19.93,1,0,5916.61
2024-12-08 17:00:00,Empirical_Utility_Substation,120000,1,11500.0,14.81,56.9,135.5,13.21,1,0,6226.28
2024-12-08 18:00:00,Empirical_Utility_Substation,120000,1,11500.0,12.99,75.4,0.0,13.28,1,0,6701.95
2024-12-08 19:00:00,Empirical_Utility_Substation,120000,1,11500.0,13.11,67.2,0.0,13.52,1,0,7228.79
2024-12-08 20:00:00,Empirical_Utility_Substation,120000,1,11500.0,12.19,77.1,0.0,12.18,1,0,7704.34
2024-12-08 21:00:00,Empirical_Utility_Substation,120000,1,11500.0,11.13,85.3,0.0,16.49,1,0,7338.19
2024-12-08 22:00:00,Empirical_Utility_Substation,120000,1,11500.0,8.64,74.4,0.0,18.89,1,0,6877.86
2024-12-08 23:00:00,Empirical_Utility_Substation,120000,1,11500.0,7.36,87.7,0.0,17.35,1,0,6510.55
2024-12-09 00:00:00,Empirical_Utility_Substation,120000,1,11500.0,6.53,75.3,0.0,17.34,0,0,7091.16
2024-12-09 01:00:00,Empirical_Utility_Substation,120000,1,11500.0,4.1,74.4,0.0,15.48,0,0,7228.02
2024-12-09 02:00:00,Empirical_Utility_Substation,120000,1,11500.0,3.61,72.6,0.0,12.6,0,0,7261.96
2024-12-09 03:00:00,Empirical_Utility_Substation,120000,1,11500.0,4.54,82.8,0.0,19.63,0,0,7359.36
2024-12-09 04:00:00,Empirical_Utility_Substation,120000,1,11500.0,5.33,84.8,0.0,15.34,0,0,7133.1
2024-12-09 05:00:00,Empirical_Utility_Substation,120000,1,11500.0,6.69,80.9,0.0,15.64,0,0,7055.52
2024-12-09 06:00:00,Empirical_Utility_Substation,120000,1,11500.0,7.24,84.7,0.0,16.7,0,0,7041.94
2024-12-09 07:00:00,Empirical_Utility_Substation,120000,1,11500.0,7.17,64.7,108.4,14.66,0,0,7152.08
2024-12-09 08:00:00,Empirical_Utility_Substation,120000,1,11500.0,8.75,86.4,78.6,14.28,0,0,7239.19
2024-12-09 09:00:00,Empirical_Utility_Substation,120000,1,11500.0,10.74,71.3,373.2,15.15,0,0,7316.81
2024-12-09 10:00:00,Empirical_Utility_Substation,120000,1,11500.0,11.49,70.0,245.7,15.32,0,0,7636.71
2024-12-09 11:00:00,Empirical_Utility_Substation,120000,1,11500.0,12.45,76.6,315.8,15.54,0,0,7631.83
2024-12-09 12:00:00,Empirical_Utility_Substation,120000,1,11500.0,13.49,67.6,353.9,14.18,0,0,7516.23
2024-12-09 13:00:00,Empirical_Utility_Substation,120000,1,11500.0,13.88,82.3,361.3,14.47,0,0,7178.38
2024-12-09 14:00:00,Empirical_Utility_Substation,120000,1,11500.0,16.44,71.4,439.2,19.88,0,0,7146.39
2024-12-09 15:00:00,Empirical_Utility_Substation,120000,1,11500.0,17.71,69.5,310.5,13.5,0,0,6832.11
2024-12-09 16:00:00,Empirical_Utility_Substation,120000,1,11500.0,17.68,71.6,83.1,13.86,0,0,6794.31
2024-12-09 17:00:00,Empirical_Utility_Substation,120000,1,11500.0,17.87,69.0,144.3,16.87,0,0,7386.02
2024-12-09 18:00:00,Empirical_Utility_Substation,120000,1,11500.0,16.04,69.4,0.0,13.54,0,0,7811.09
2024-12-09 19:00:00,Empirical_Utility_Substation,120000,1,11500.0,15.27,82.4,0.0,17.17,0,0,7898.41
2024-12-09 20:00:00,Empirical_Utility_Substation,120000,1,11500.0,12.52,86.2,0.0,14.94,0,0,8149.22
2024-12-09 21:00:00,Empirical_Utility_Substation,120000,1,11500.0,9.72,74.2,0.0,17.68,0,0,8041.93
2024-12-09 22:00:00,Empirical_Utility_Substation,120000,1,11500.0,9.34,83.8,0.0,18.3,0,0,7811.54
2024-12-09 23:00:00,Empirical_Utility_Substation,120000,1,11500.0,9.31,78.4,0.0,18.76,0,0,7228.1
2024-12-10 00:00:00,Empirical_Utility_Substation,120000,1,11500.0,8.86,60.6,0.0,13.19,0,0,6655.28
2024-12-10 01:00:00,Empirical_Utility_Substation,120000,1,11500.0,8.27,88.5,0.0,15.93,0,0,6576.16
2024-12-10 02:00:00,Empirical_Utility_Substation,120000,1,11500.0,6.19,77.3,0.0,13.85,0,0,6889.96
2024-12-10 03:00:00,Empirical_Utility_Substation,120000,1,11500.0,6.38,82.9,0.0,18.83,0,0,6684.83
2024-12-10 04:00:00,Empirical_Utility_Substation,120000,1,11500.0,6.24,78.7,0.0,15.18,0,0,6856.31
2024-12-10 05:00:00,Empirical_Utility_Substation,120000,1,11500.0,5.62,79.4,0.0,15.72,0,0,7002.77
2024-12-10 06:00:00,Empirical_Utility_Substation,120000,1,11500.0,6.74,77.6,0.0,16.14,0,0,6851.03
2024-12-10 07:00:00,Empirical_Utility_Substation,120000,1,11500.0,7.44,88.5,75.2,18.22,0,0,6919.11
2024-12-10 08:00:00,Empirical_Utility_Substation,120000,1,11500.0,9.07,74.1,252.5,13.89,0,0,7264.81
2024-12-10 09:00:00,Empirical_Utility_Substation,120000,1,11500.0,10.5,71.8,93.3,15.87,0,0,7471.33
2024-12-10 10:00:00,Empirical_Utility_Substation,120000,1,11500.0,10.91,73.0,374.0,12.38,0,0,7600.36
2024-12-10 11:00:00,Empirical_Utility_Substation,120000,1,11500.0,12.04,81.1,127.5,19.22,0,0,7514.52
2024-12-10 12:00:00,Empirical_Utility_Substation,120000,1,11500.0,12.8,81.8,359.6,16.93,0,0,7562.97
2024-12-10 13:00:00,Empirical_Utility_Substation,120000,1,11500.0,13.79,73.7,432.0,15.8,0,0,7369.62
2024-12-10 14:00:00,Empirical_Utility_Substation,120000,1,11500.0,13.27,65.5,477.8,14.08,0,0,6982.98
2024-12-10 15:00:00,Empirical_Utility_Substation,120000,1,11500.0,14.53,62.9,218.4,16.68,0,0,6847.49
2024-12-10 16:00:00,Empirical_Utility_Substation,120000,1,11500.0,14.35,80.5,233.8,20.99,0,0,6852.59
2024-12-10 17:00:00,Empirical_Utility_Substation,120000,1,11500.0,13.86,82.5,39.8,22.27,0,0,7392.96
2024-12-10 18:00:00,Empirical_Utility_Substation,120000,1,11500.0,12.22,71.5,0.0,16.29,0,0,7752.86
2024-12-10 19:00:00,Empirical_Utility_Substation,120000,1,11500.0,11.56,78.7,0.0,13.35,0,0,8141.17
2024-12-10 20:00:00,Empirical_Utility_Substation,120000,1,11500.0,10.69,75.5,0.0,17.24,0,0,8198.83
2024-12-10 21:00:00,Empirical_Utility_Substation,120000,1,11500.0,8.35,82.7,0.0,15.74,0,0,8249.85
2024-12-10 22:00:00,Empirical_Utility_Substation,120000,1,11500.0,6.24,77.9,0.0,12.92,0,0,7841.54
2024-12-10 23:00:00,Empirical_Utility_Substation,120000,1,11500.0,7.02,77.5,0.0,19.05,0,0,7182.59
2024-12-11 00:00:00,Empirical_Utility_Substation,120000,1,11500.0,5.62,85.0,0.0,13.78,0,0,6907.44
2024-12-11 01:00:00,Empirical_Utility_Substation,120000,1,11500.0,3.23,84.8,0.0,14.75,0,0,6981.99
2024-12-11 02:00:00,Empirical_Utility_Substation,120000,1,11500.0,4.18,77.5,0.0,16.98,0,0,6934.81
2024-12-11 03:00:00,Empirical_Utility_Substation,120000,1,11500.0,5.49,75.0,0.0,16.43,0,0,6697.37
2024-12-11 04:00:00,Empirical_Utility_Substation,120000,1,11500.0,4.92,74.2,0.0,16.31,0,0,6765.78
2024-12-11 05:00:00,Empirical_Utility_Substation,120000,1,11500.0,5.3,71.1,0.0,15.27,0,0,6738.9
2024-12-11 06:00:00,Empirical_Utility_Substation,120000,1,11500.0,6.88,73.8,0.0,17.1,0,0,6741.25
2024-12-11 07:00:00,Empirical_Utility_Substation,120000,1,11500.0,5.38,77.9,107.8,17.63,0,0,7074.12
2024-12-11 08:00:00,Empirical_Utility_Substation,120000,1,11500.0,6.09,84.2,215.6,13.02,0,0,7211.6
2024-12-11 09:00:00,Empirical_Utility_Substation,120000,1,11500.0,7.9,85.0,128.9,13.49,0,0,7285.11
2024-12-11 10:00:00,Empirical_Utility_Substation,120000,1,11500.0,8.57,76.8,114.3,12.32,0,0,7621.67
2024-12-11 11:00:00,Empirical_Utility_Substation,120000,1,11500.0,10.13,85.2,315.5,13.9,0,0,7648.55
2024-12-11 12:00:00,Empirical_Utility_Substation,120000,1,11500.0,12.19,64.2,327.4,16.51,0,0,7281.99
2024-12-11 13:00:00,Empirical_Utility_Substation,120000,1,11500.0,14.49,71.3,265.5,14.58,0,0,7100.3
2024-12-11 14:00:00,Empirical_Utility_Substation,120000,1,11500.0,14.4,73.9,241.6,16.12,0,0,6836.87
2024-12-11 15:00:00,Empirical_Utility_Substation,120000,1,11500.0,15.31,69.7,270.0,18.43,0,0,6584.58
2024-12-11 16:00:00,Empirical_Utility_Substation,120000,1,11500.0,13.64,73.8,211.6,13.77,0,0,6687.14
2024-12-11 17:00:00,Empirical_Utility_Substation,120000,1,11500.0,15.35,73.5,38.4,13.65,0,0,6801.31
2024-12-11 18:00:00,Empirical_Utility_Substation,120000,1,11500.0,13.49,74.3,0.0,16.33,0,0,7204.56
2024-12-11 19:00:00,Empirical_Utility_Substation,120000,1,11500.0,11.95,72.0,0.0,14.15,0,0,7845.74
2024-12-11 20:00:00,Empirical_Utility_Substation,120000,1,11500.0,10.51,76.7,0.0,14.23,0,0,8041.95
2024-12-11 21:00:00,Empirical_Utility_Substation,120000,1,11500.0,9.77,63.6,0.0,18.03,0,0,7970.74
2024-12-11 22:00:00,Empirical_Utility_Substation,120000,1,11500.0,7.58,78.8,0.0,14.8,0,0,7633.75
2024-12-11 23:00:00,Empirical_Utility_Substation,120000,1,11500.0,5.85,83.5,0.0,16.91,0,0,7204.22
2024-12-12 00:00:00,Empirical_Utility_Substation,120000,1,11500.0,5.13,88.4,0.0,14.02,0,0,6767.93
2024-12-12 01:00:00,Empirical_Utility_Substation,120000,1,11500.0,4.95,71.8,0.0,12.86,0,0,6697.25
2024-12-12 02:00:00,Empirical_Utility_Substation,120000,1,11500.0,4.85,78.7,0.0,18.09,0,0,6888.17
2024-12-12 03:00:00,Empirical_Utility_Substation,120000,1,11500.0,4.1,84.3,0.0,17.66,0,0,6795.22
2024-12-12 04:00:00,Empirical_Utility_Substation,120000,1,11500.0,5.53,72.1,0.0,13.94,0,0,6862.2
2024-12-12 05:00:00,Empirical_Utility_Substation,120000,1,11500.0,6.92,72.9,0.0,13.69,0,0,6688.21
2024-12-12 06:00:00,Empirical_Utility_Substation,120000,1,11500.0,7.25,80.8,0.0,13.75,0,0,6566.06
2024-12-12 07:00:00,Empirical_Utility_Substation,120000,1,11500.0,7.39,67.6,84.9,16.4,0,0,6883.42
2024-12-12 08:00:00,Empirical_Utility_Substation,120000,1,11500.0,8.87,67.7,85.5,14.57,0,0,6968.09
2024-12-12 09:00:00,Empirical_Utility_Substation,120000,1,11500.0,8.8,74.5,353.3,13.72,0,0,7241.71
2024-12-12 10:00:00,Empirical_Utility_Substation,120000,1,11500.0,9.5,79.1,308.5,17.67,0,0,7350.92
2024-12-12 11:00:00,Empirical_Utility_Substation,120000,1,11500.0,10.79,81.5,129.3,16.41,0,0,7439.3
2024-12-12 12:00:00,Empirical_Utility_Substation,120000,1,11500.0,12.8,68.7,560.1,18.68,0,0,7301.31
2024-12-12 13:00:00,Empirical_Utility_Substation,120000,1,11500.0,13.79,66.5,127.5,12.92,0,0,7063.82
2024-12-12 14:00:00,Empirical_Utility_Substation,120000,1,11500.0,14.56,73.8,232.2,17.25,0,0,6708.87
2024-12-12 15:00:00,Empirical_Utility_Substation,120000,1,11500.0,14.13,70.1,248.1,15.69,0,0,6570.32
2024-12-12 16:00:00,Empirical_Utility_Substation,120000,1,11500.0,13.33,77.6,66.0,16.57,0,0,6522.38
2024-12-12 17:00:00,Empirical_Utility_Substation,120000,1,11500.0,11.93,69.5,81.2,17.13,0,0,6554.25
2024-12-12 18:00:00,Empirical_Utility_Substation,120000,1,11500.0,10.93,75.8,0.0,12.67,0,0,7079.97
2024-12-12 19:00:00,Empirical_Utility_Substation,120000,1,11500.0,9.29,82.3,0.0,19.8,0,0,7750.14
2024-12-12 20:00:00,Empirical_Utility_Substation,120000,1,11500.0,8.14,78.5,0.0,13.77,0,0,7953.97
2024-12-12 21:00:00,Empirical_Utility_Substation,120000,1,11500.0,7.16,86.9,0.0,16.33,0,0,8071.58
2024-12-12 22:00:00,Empirical_Utility_Substation,120000,1,11500.0,4.34,79.0,0.0,16.89,0,0,7939.29
2024-12-12 23:00:00,Empirical_Utility_Substation,120000,1,11500.0,3.7,84.6,0.0,14.53,0,0,7558.52
2024-12-13 00:00:00,Empirical_Utility_Substation,120000,1,11500.0,1.87,78.6,0.0,16.52,0,0,7533.51
2024-12-13 01:00:00,Empirical_Utility_Substation,120000,1,11500.0,2.63,82.6,0.0,15.4,0,0,7293.48
2024-12-13 02:00:00,Empirical_Utility_Substation,120000,1,11500.0,0.48,86.5,0.0,20.01,0,0,7484.2
2024-12-13 03:00:00,Empirical_Utility_Substation,120000,1,11500.0,0.99,84.8,0.0,13.49,0,0,7393.59
2024-12-13 04:00:00,Empirical_Utility_Substation,120000,1,11500.0,1.32,79.1,0.0,13.7,0,0,7500.33
2024-12-13 05:00:00,Empirical_Utility_Substation,120000,1,11500.0,0.9,84.3,0.0,16.18,0,0,7484.67
2024-12-13 06:00:00,Empirical_Utility_Substation,120000,1,11500.0,2.57,81.6,0.0,15.47,0,0,7490.58
2024-12-13 07:00:00,Empirical_Utility_Substation,120000,1,11500.0,5.45,79.9,34.2,14.97,0,0,7247.92
2024-12-13 08:00:00,Empirical_Utility_Substation,120000,1,11500.0,6.35,79.1,130.4,15.25,0,0,7564.8
2024-12-13 09:00:00,Empirical_Utility_Substation,120000,1,11500.0,6.57,81.2,157.1,15.0,0,0,7808.66
2024-12-13 10:00:00,Empirical_Utility_Substation,120000,1,11500.0,9.22,77.6,304.7,18.63,0,0,7940.97
2024-12-13 11:00:00,Empirical_Utility_Substation,120000,1,11500.0,11.75,66.0,301.1,13.62,0,0,7981.58
2024-12-13 12:00:00,Empirical_Utility_Substation,120000,1,11500.0,13.26,76.5,490.7,17.37,0,0,7804.95
2024-12-13 13:00:00,Empirical_Utility_Substation,120000,1,11500.0,13.47,67.6,436.6,15.99,0,0,7575.4
2024-12-13 14:00:00,Empirical_Utility_Substation,120000,1,11500.0,14.35,66.5,203.5,17.94,0,0,7497.11
2024-12-13 15:00:00,Empirical_Utility_Substation,120000,1,11500.0,14.04,70.6,190.4,16.52,0,0,7334.26
2024-12-13 16:00:00,Empirical_Utility_Substation,120000,1,11500.0,14.83,69.9,112.3,13.17,0,0,7107.63
2024-12-13 17:00:00,Empirical_Utility_Substation,120000,1,11500.0,14.41,58.7,57.4,13.86,0,0,7237.86
2024-12-13 18:00:00,Empirical_Utility_Substation,120000,1,11500.0,14.75,78.5,0.0,22.86,0,0,7581.31
2024-12-13 19:00:00,Empirical_Utility_Substation,120000,1,11500.0,11.42,64.6,0.0,16.46,0,0,8054.11
2024-12-13 20:00:00,Empirical_Utility_Substation,120000,1,11500.0,10.78,77.8,0.0,18.63,0,0,8270.35
2024-12-13 21:00:00,Empirical_Utility_Substation,120000,1,11500.0,9.35,59.2,0.0,17.65,0,0,8088.51
2024-12-13 22:00:00,Empirical_Utility_Substation,120000,1,11500.0,9.65,79.8,0.0,15.5,0,0,7566.64
2024-12-13 23:00:00,Empirical_Utility_Substation,120000,1,11500.0,9.29,74.4,0.0,16.97,0,0,6968.52
2024-12-14 00:00:00,Empirical_Utility_Substation,120000,1,11500.0,9.23,76.4,0.0,15.36,1,0,5772.54
2024-12-14 01:00:00,Empirical_Utility_Substation,120000,1,11500.0,8.6,71.0,0.0,12.9,1,0,5839.97
2024-12-14 02:00:00,Empirical_Utility_Substation,120000,1,11500.0,7.72,81.2,0.0,17.31,1,0,5800.91
2024-12-14 03:00:00,Empirical_Utility_Substation,120000,1,11500.0,7.65,80.0,0.0,14.55,1,0,5926.92
2024-12-14 04:00:00,Empirical_Utility_Substation,120000,1,11500.0,8.82,91.4,0.0,18.56,1,0,5980.3
2024-12-14 05:00:00,Empirical_Utility_Substation,120000,1,11500.0,8.74,75.6,0.0,15.07,1,0,5970.28
2024-12-14 06:00:00,Empirical_Utility_Substation,120000,1,11500.0,10.52,79.0,0.0,13.49,1,0,5931.61
2024-12-14 07:00:00,Empirical_Utility_Substation,120000,1,11500.0,10.62,80.3,84.6,16.76,1,0,6000.7
2024-12-14 08:00:00,Empirical_Utility_Substation,120000,1,11500.0,10.32,76.5,200.3,15.16,1,0,6307.42
2024-12-14 09:00:00,Empirical_Utility_Substation,120000,1,11500.0,13.33,71.2,210.5,13.54,1,0,6603.58
2024-12-14 10:00:00,Empirical_Utility_Substation,120000,1,11500.0,13.17,83.5,382.7,14.85,1,0,6754.73
2024-12-14 11:00:00,Empirical_Utility_Substation,120000,1,11500.0,15.14,69.7,323.4,17.7,1,0,6743.22
2024-12-14 12:00:00,Empirical_Utility_Substation,120000,1,11500.0,15.58,59.9,483.3,16.54,1,0,6614.21
2024-12-14 13:00:00,Empirical_Utility_Substation,120000,1,11500.0,16.19,65.5,374.3,15.5,1,0,6168.97
2024-12-14 14:00:00,Empirical_Utility_Substation,120000,1,11500.0,15.41,62.4,442.2,20.5,1,0,5971.3
2024-12-14 15:00:00,Empirical_Utility_Substation,120000,1,11500.0,18.35,67.4,357.8,13.54,1,0,5768.4
2024-12-14 16:00:00,Empirical_Utility_Substation,120000,1,11500.0,18.31,71.5,217.7,19.68,1,0,5922.02
2024-12-14 17:00:00,Empirical_Utility_Substation,120000,1,11500.0,16.73,72.4,62.4,12.86,1,0,6162.85
2024-12-14 18:00:00,Empirical_Utility_Substation,120000,1,11500.0,14.22,78.1,0.0,17.14,1,0,6606.28
2024-12-14 19:00:00,Empirical_Utility_Substation,120000,1,11500.0,14.71,68.2,0.0,16.44,1,0,7114.16
2024-12-14 20:00:00,Empirical_Utility_Substation,120000,1,11500.0,13.67,73.8,0.0,14.01,1,0,7176.75
2024-12-14 21:00:00,Empirical_Utility_Substation,120000,1,11500.0,10.81,67.6,0.0,16.1,1,0,6945.54
2024-12-14 22:00:00,Empirical_Utility_Substation,120000,1,11500.0,9.19,74.4,0.0,17.93,1,0,6496.66
2024-12-14 23:00:00,Empirical_Utility_Substation,120000,1,11500.0,7.81,84.3,0.0,13.71,1,0,6149.74
2024-12-15 00:00:00,Empirical_Utility_Substation,120000,1,11500.0,5.67,72.9,0.0,17.84,1,0,6189.12
2024-12-15 01:00:00,Empirical_Utility_Substation,120000,1,11500.0,5.11,86.5,0.0,12.88,1,0,6460.97
2024-12-15 02:00:00,Empirical_Utility_Substation,120000,1,11500.0,2.72,79.3,0.0,13.08,1,0,6828.69
2024-12-15 03:00:00,Empirical_Utility_Substation,120000,1,11500.0,2.47,84.7,0.0,16.93,1,0,6844.06
2024-12-15 04:00:00,Empirical_Utility_Substation,120000,1,11500.0,3.65,83.9,0.0,13.29,1,0,6817.64
2024-12-15 05:00:00,Empirical_Utility_Substation,120000,1,11500.0,4.29,73.5,0.0,18.17,1,0,6701.89
2024-12-15 06:00:00,Empirical_Utility_Substation,120000,1,11500.0,5.56,72.4,0.0,17.66,1,0,6561.31
2024-12-15 07:00:00,Empirical_Utility_Substation,120000,1,11500.0,5.66,81.5,78.5,18.19,1,0,6763.3
2024-12-15 08:00:00,Empirical_Utility_Substation,120000,1,11500.0,5.31,74.7,185.2,17.44,1,0,7025.15
2024-12-15 09:00:00,Empirical_Utility_Substation,120000,1,11500.0,8.02,78.9,199.1,16.85,1,0,6911.46
2024-12-15 10:00:00,Empirical_Utility_Substation,120000,1,11500.0,8.57,84.6,258.5,15.12,1,0,7112.78
2024-12-15 11:00:00,Empirical_Utility_Substation,120000,1,11500.0,11.27,83.3,127.5,17.42,1,0,6874.88
2024-12-15 12:00:00,Empirical_Utility_Substation,120000,1,11500.0,10.92,75.7,479.2,18.55,1,0,6810.44
2024-12-15 13:00:00,Empirical_Utility_Substation,120000,1,11500.0,10.82,66.2,389.1,18.74,1,0,6675.6
2024-12-15 14:00:00,Empirical_Utility_Substation,120000,1,11500.0,11.24,83.6,366.0,16.7,1,0,6317.28
2024-12-15 15:00:00,Empirical_Utility_Substation,120000,1,11500.0,13.61,73.2,292.5,16.59,1,0,6379.76
2024-12-15 16:00:00,Empirical_Utility_Substation,120000,1,11500.0,12.76,77.1,181.2,16.22,1,0,6319.53
2024-12-15 17:00:00,Empirical_Utility_Substation,120000,1,11500.0,11.28,70.5,101.0,15.75,1,0,6550.85
2024-12-15 18:00:00,Empirical_Utility_Substation,120000,1,11500.0,11.36,71.3,0.0,17.49,1,0,6887.26
2024-12-15 19:00:00,Empirical_Utility_Substation,120000,1,11500.0,10.23,70.8,0.0,13.47,1,0,7400.68
2024-12-15 20:00:00,Empirical_Utility_Substation,120000,1,11500.0,8.19,75.5,0.0,14.76,1,0,7738.65
2024-12-15 21:00:00,Empirical_Utility_Substation,120000,1,11500.0,7.69,73.0,0.0,14.02,1,0,7624.7
2024-12-15 22:00:00,Empirical_Utility_Substation,120000,1,11500.0,7.86,74.9,0.0,14.64,1,0,6997.88
2024-12-15 23:00:00,Empirical_Utility_Substation,120000,1,11500.0,7.2,65.7,0.0,18.44,1,0,6539.36
2024-12-16 00:00:00,Empirical_Utility_Substation,120000,1,11500.0,7.26,81.1,0.0,15.8,0,0,6945.12
2024-12-16 01:00:00,Empirical_Utility_Substation,120000,1,11500.0,6.32,85.8,0.0,16.26,0,0,6958.81
2024-12-16 02:00:00,Empirical_Utility_Substation,120000,1,11500.0,4.95,78.3,0.0,20.82,0,0,7273.76
2024-12-16 03:00:00,Empirical_Utility_Substation,120000,1,11500.0,5.38,78.9,0.0,16.52,0,0,6987.89
2024-12-16 04:00:00,Empirical_Utility_Substation,120000,1,11500.0,5.89,70.7,0.0,15.78,0,0,7068.2
2024-12-16 05:00:00,Empirical_Utility_Substation,120000,1,11500.0,6.78,75.0,0.0,15.48,0,0,6987.93
2024-12-16 06:00:00,Empirical_Utility_Substation,120000,1,11500.0,5.88,78.0,0.0,16.75,0,0,7441.76
2024-12-16 07:00:00,Empirical_Utility_Substation,120000,1,11500.0,7.54,75.4,84.7,17.96,0,0,7354.47
2024-12-16 08:00:00,Empirical_Utility_Substation,120000,1,11500.0,9.57,75.1,226.8,15.05,0,0,7220.74
2024-12-16 09:00:00,Empirical_Utility_Substation,120000,1,11500.0,10.1,89.6,93.3,18.6,0,0,7312.22
2024-12-16 10:00:00,Empirical_Utility_Substation,120000,1,11500.0,11.76,80.4,114.3,19.74,0,0,7319.24
2024-12-16 11:00:00,Empirical_Utility_Substation,120000,1,11500.0,15.22,69.6,309.6,14.88,0,0,7218.31
2024-12-16 12:00:00,Empirical_Utility_Substation,120000,1,11500.0,16.54,66.9,236.0,14.04,0,0,7219.01
2024-12-16 13:00:00,Empirical_Utility_Substation,120000,1,11500.0,16.17,69.3,247.8,16.05,0,0,7229.83
2024-12-16 14:00:00,Empirical_Utility_Substation,120000,1,11500.0,16.29,78.8,181.6,14.86,0,0,6986.12
2024-12-16 15:00:00,Empirical_Utility_Substation,120000,1,11500.0,18.85,78.6,197.2,14.63,0,0,6910.59
2024-12-16 16:00:00,Empirical_Utility_Substation,120000,1,11500.0,17.2,65.2,112.7,13.87,0,0,6600.81
2024-12-16 17:00:00,Empirical_Utility_Substation,120000,1,11500.0,16.0,63.3,146.0,21.78,0,0,6565.47
2024-12-16 18:00:00,Empirical_Utility_Substation,120000,1,11500.0,15.77,71.1,0.0,19.28,0,0,7020.46
2024-12-16 19:00:00,Empirical_Utility_Substation,120000,1,11500.0,13.45,84.6,0.0,18.1,0,0,7751.05
2024-12-16 20:00:00,Empirical_Utility_Substation,120000,1,11500.0,11.64,64.9,0.0,18.92,0,0,7914.55
2024-12-16 21:00:00,Empirical_Utility_Substation,120000,1,11500.0,9.47,79.8,0.0,14.13,0,0,7756.96
2024-12-16 22:00:00,Empirical_Utility_Substation,120000,1,11500.0,8.37,73.6,0.0,14.75,0,0,7329.05
2024-12-16 23:00:00,Empirical_Utility_Substation,120000,1,11500.0,6.03,76.9,0.0,17.71,0,0,6836.02
2024-12-17 00:00:00,Empirical_Utility_Substation,120000,1,11500.0,5.56,83.6,0.0,16.0,0,0,6593.45
2024-12-17 01:00:00,Empirical_Utility_Substation,120000,1,11500.0,4.94,82.2,0.0,16.69,0,0,6705.13
2024-12-17 02:00:00,Empirical_Utility_Substation,120000,1,11500.0,5.48,75.7,0.0,16.44,0,0,6880.02
2024-12-17 03:00:00,Empirical_Utility_Substation,120000,1,11500.0,4.4,84.2,0.0,14.27,0,0,7032.44
2024-12-17 04:00:00,Empirical_Utility_Substation,120000,1,11500.0,4.47,97.1,0.0,16.23,0,0,7131.39
2024-12-17 05:00:00,Empirical_Utility_Substation,120000,1,11500.0,4.37,73.2,0.0,18.16,0,0,7294.45
2024-12-17 06:00:00,Empirical_Utility_Substation,120000,1,11500.0,4.46,83.9,0.0,16.27,0,0,7333.73
2024-12-17 07:00:00,Empirical_Utility_Substation,120000,1,11500.0,6.52,75.9,123.4,17.92,0,0,7243.42
2024-12-17 08:00:00,Empirical_Utility_Substation,120000,1,11500.0,8.04,82.0,178.5,15.58,0,0,7399.37
2024-12-17 09:00:00,Empirical_Utility_Substation,120000,1,11500.0,10.09,68.6,343.1,15.15,0,0,7587.06
2024-12-17 10:00:00,Empirical_Utility_Substation,120000,1,11500.0,11.3,70.5,144.7,15.12,0,0,7783.25
2024-12-17 11:00:00,Empirical_Utility_Substation,120000,1,11500.0,14.26,73.3,127.5,14.54,0,0,7853.99
2024-12-17 12:00:00,Empirical_Utility_Substation,120000,1,11500.0,14.31,68.4,452.7,13.51,0,0,7719.31
2024-12-17 13:00:00,Empirical_Utility_Substation,120000,1,11500.0,15.98,70.9,410.5,13.79,0,0,7401.32
2024-12-17 14:00:00,Empirical_Utility_Substation,120000,1,11500.0,17.74,74.9,244.4,14.43,0,0,7020.69
2024-12-17 15:00:00,Empirical_Utility_Substation,120000,1,11500.0,17.59,68.1,99.2,19.26,0,0,7019.75
2024-12-17 16:00:00,Empirical_Utility_Substation,120000,1,11500.0,17.26,63.4,129.2,19.41,0,0,6953.71
2024-12-17 17:00:00,Empirical_Utility_Substation,120000,1,11500.0,18.64,76.4,86.9,14.87,0,0,7237.54
2024-12-17 18:00:00,Empirical_Utility_Substation,120000,1,11500.0,15.87,67.6,0.0,20.2,0,0,7669.5
2024-12-17 19:00:00,Empirical_Utility_Substation,120000,1,11500.0,13.48,79.6,0.0,15.49,0,0,8076.09
2024-12-17 20:00:00,Empirical_Utility_Substation,120000,1,11500.0,12.12,73.3,0.0,14.37,0,0,8224.64
2024-12-17 21:00:00,Empirical_Utility_Substation,120000,1,11500.0,10.0,71.6,0.0,17.35,0,0,8074.55
2024-12-17 22:00:00,Empirical_Utility_Substation,120000,1,11500.0,8.23,87.5,0.0,14.43,0,0,7817.66
2024-12-17 23:00:00,Empirical_Utility_Substation,120000,1,11500.0,5.88,78.8,0.0,16.18,0,0,7599.54
2024-12-18 00:00:00,Empirical_Utility_Substation,120000,1,11500.0,5.25,75.4,0.0,20.89,0,0,7131.02
2024-12-18 01:00:00,Empirical_Utility_Substation,120000,1,11500.0,5.5,89.1,0.0,17.12,0,0,7018.22
2024-12-18 02:00:00,Empirical_Utility_Substation,120000,1,11500.0,4.48,98.0,0.0,18.92,0,0,7044.92
2024-12-18 03:00:00,Empirical_Utility_Substation,120000,1,11500.0,4.58,75.7,0.0,16.34,0,0,7036.07
2024-12-18 04:00:00,Empirical_Utility_Substation,120000,1,11500.0,4.22,85.7,0.0,18.11,0,0,7086.17
2024-12-18 05:00:00,Empirical_Utility_Substation,120000,1,11500.0,3.36,84.1,0.0,17.33,0,0,7332.69
2024-12-18 06:00:00,Empirical_Utility_Substation,120000,1,11500.0,5.07,67.6,0.0,15.96,0,0,7097.12
2024-12-18 07:00:00,Empirical_Utility_Substation,120000,1,11500.0,6.63,73.3,108.9,13.99,0,0,7214.73
2024-12-18 08:00:00,Empirical_Utility_Substation,120000,1,11500.0,7.83,91.4,216.3,17.75,0,0,7321.27
2024-12-18 09:00:00,Empirical_Utility_Substation,120000,1,11500.0,8.85,80.9,184.4,23.14,0,0,7799.85
2024-12-18 10:00:00,Empirical_Utility_Substation,120000,1,11500.0,9.4,78.1,185.9,16.93,0,0,7866.61
2024-12-18 11:00:00,Empirical_Utility_Substation,120000,1,11500.0,10.07,70.3,429.7,14.92,0,0,7912.73
2024-12-18 12:00:00,Empirical_Utility_Substation,120000,1,11500.0,11.02,69.6,170.4,14.28,0,0,7789.35
2024-12-18 13:00:00,Empirical_Utility_Substation,120000,1,11500.0,12.01,78.7,284.5,17.16,0,0,7526.1
2024-12-18 14:00:00,Empirical_Utility_Substation,120000,1,11500.0,12.83,73.5,371.3,18.26,0,0,7299.65
2024-12-18 15:00:00,Empirical_Utility_Substation,120000,1,11500.0,14.06,66.0,93.3,22.08,0,0,7013.98
2024-12-18 16:00:00,Empirical_Utility_Substation,120000,1,11500.0,16.07,66.0,207.4,18.06,0,0,7046.62
2024-12-18 17:00:00,Empirical_Utility_Substation,120000,1,11500.0,13.64,70.7,73.6,16.35,0,0,7353.01
2024-12-18 18:00:00,Empirical_Utility_Substation,120000,1,11500.0,12.38,75.9,0.0,18.51,0,0,7696.08
2024-12-18 19:00:00,Empirical_Utility_Substation,120000,1,11500.0,11.08,68.1,0.0,19.05,0,0,8033.78
2024-12-18 20:00:00,Empirical_Utility_Substation,120000,1,11500.0,12.31,73.5,0.0,17.44,0,0,8102.45
2024-12-18 21:00:00,Empirical_Utility_Substation,120000,1,11500.0,11.74,70.9,0.0,15.71,0,0,7728.04
2024-12-18 22:00:00,Empirical_Utility_Substation,120000,1,11500.0,10.69,73.9,0.0,16.48,0,0,7345.09
2024-12-18 23:00:00,Empirical_Utility_Substation,120000,1,11500.0,8.64,75.0,0.0,18.63,0,0,7098.98
2024-12-19 00:00:00,Empirical_Utility_Substation,120000,1,11500.0,6.42,75.2,0.0,21.38,0,0,6757.6
2024-12-19 01:00:00,Empirical_Utility_Substation,120000,1,11500.0,6.25,79.9,0.0,16.01,0,0,6649.63
2024-12-19 02:00:00,Empirical_Utility_Substation,120000,1,11500.0,6.26,83.8,0.0,15.34,0,0,6381.42
2024-12-19 03:00:00,Empirical_Utility_Substation,120000,1,11500.0,6.32,67.1,0.0,15.67,0,0,6503.92
2024-12-19 04:00:00,Empirical_Utility_Substation,120000,1,11500.0,5.41,87.6,0.0,16.87,0,0,6901.31
2024-12-19 05:00:00,Empirical_Utility_Substation,120000,1,11500.0,5.11,75.4,0.0,18.03,0,0,6838.62
2024-12-19 06:00:00,Empirical_Utility_Substation,120000,1,11500.0,5.22,84.4,0.0,19.73,0,0,6865.62
2024-12-19 07:00:00,Empirical_Utility_Substation,120000,1,11500.0,6.58,74.8,47.9,15.2,0,0,6869.97
2024-12-19 08:00:00,Empirical_Utility_Substation,120000,1,11500.0,7.5,68.1,176.2,15.76,0,0,7173.96
2024-12-19 09:00:00,Empirical_Utility_Substation,120000,1,11500.0,7.75,68.4,93.3,15.64,0,0,7453.14
2024-12-19 10:00:00,Empirical_Utility_Substation,120000,1,11500.0,10.54,83.7,317.2,15.45,0,0,7615.01
2024-12-19 11:00:00,Empirical_Utility_Substation,120000,1,11500.0,11.66,84.4,401.9,18.23,0,0,7760.82
2024-12-19 12:00:00,Empirical_Utility_Substation,120000,1,11500.0,12.11,75.2,132.0,16.8,0,0,7438.77
2024-12-19 13:00:00,Empirical_Utility_Substation,120000,1,11500.0,13.06,76.6,317.9,16.5,0,0,7262.28
2024-12-19 14:00:00,Empirical_Utility_Substation,120000,1,11500.0,12.64,74.4,272.4,14.25,0,0,7133.91
2024-12-19 15:00:00,Empirical_Utility_Substation,120000,1,11500.0,14.17,52.7,155.5,15.48,0,0,6922.6
2024-12-19 16:00:00,Empirical_Utility_Substation,120000,1,11500.0,12.45,71.7,119.7,16.47,0,0,6935.92
2024-12-19 17:00:00,Empirical_Utility_Substation,120000,1,11500.0,11.14,67.2,34.2,19.02,0,0,7227.46
2024-12-19 18:00:00,Empirical_Utility_Substation,120000,1,11500.0,10.62,81.3,0.0,17.26,0,0,7572.36
2024-12-19 19:00:00,Empirical_Utility_Substation,120000,1,11500.0,9.76,77.5,0.0,17.17,0,0,8051.32
2024-12-19 20:00:00,Empirical_Utility_Substation,120000,1,11500.0,7.56,71.6,0.0,16.06,0,0,8579.75
2024-12-19 21:00:00,Empirical_Utility_Substation,120000,1,11500.0,7.28,67.9,0.0,17.37,0,0,8527.14
2024-12-19 22:00:00,Empirical_Utility_Substation,120000,1,11500.0,6.32,74.9,0.0,16.25,0,0,8139.36
2024-12-19 23:00:00,Empirical_Utility_Substation,120000,1,11500.0,3.46,68.7,0.0,19.26,0,0,7927.48
2024-12-20 00:00:00,Empirical_Utility_Substation,120000,1,11500.0,3.07,86.2,0.0,14.03,0,0,7444.26
2024-12-20 01:00:00,Empirical_Utility_Substation,120000,1,11500.0,1.11,88.9,0.0,13.47,0,0,7564.86
2024-12-20 02:00:00,Empirical_Utility_Substation,120000,1,11500.0,0.67,84.9,0.0,15.23,0,0,7691.22
2024-12-20 03:00:00,Empirical_Utility_Substation,120000,1,11500.0,-0.55,77.5,0.0,15.08,0,0,7922.39
2024-12-20 04:00:00,Empirical_Utility_Substation,120000,1,11500.0,0.54,90.6,0.0,18.63,0,0,7765.34
2024-12-20 05:00:00,Empirical_Utility_Substation,120000,1,11500.0,1.07,82.9,0.0,16.43,0,0,7687.42
2024-12-20 06:00:00,Empirical_Utility_Substation,120000,1,11500.0,2.89,88.3,0.0,15.01,0,0,7624.92
2024-12-20 07:00:00,Empirical_Utility_Substation,120000,1,11500.0,3.24,79.6,71.7,16.03,0,0,8005.87
2024-12-20 08:00:00,Empirical_Utility_Substation,120000,1,11500.0,3.53,74.4,158.4,18.36,0,0,8401.06
2024-12-20 09:00:00,Empirical_Utility_Substation,120000,1,11500.0,3.43,82.6,337.9,18.24,0,0,8563.93
2024-12-20 10:00:00,Empirical_Utility_Substation,120000,1,11500.0,6.87,82.7,422.6,18.92,0,0,8485.42
2024-12-20 11:00:00,Empirical_Utility_Substation,120000,1,11500.0,7.73,70.1,127.5,15.94,0,0,8385.49
2024-12-20 12:00:00,Empirical_Utility_Substation,120000,1,11500.0,10.06,78.4,132.0,14.72,0,0,7875.92
2024-12-20 13:00:00,Empirical_Utility_Substation,120000,1,11500.0,10.82,75.1,127.5,16.41,0,0,7452.24
2024-12-20 14:00:00,Empirical_Utility_Substation,120000,1,11500.0,10.58,75.3,441.8,15.31,0,0,7400.21
2024-12-20 15:00:00,Empirical_Utility_Substation,120000,1,11500.0,12.87,85.6,99.5,18.26,0,0,7031.91
2024-12-20 16:00:00,Empirical_Utility_Substation,120000,1,11500.0,12.76,69.0,164.0,13.62,0,0,7088.07
2024-12-20 17:00:00,Empirical_Utility_Substation,120000,1,11500.0,13.72,65.7,34.2,17.11,0,0,7172.27
2024-12-20 18:00:00,Empirical_Utility_Substation,120000,1,11500.0,12.87,63.9,0.0,15.54,0,0,7323.56
2024-12-20 19:00:00,Empirical_Utility_Substation,120000,1,11500.0,11.97,83.7,0.0,14.28,0,0,7672.05
2024-12-20 20:00:00,Empirical_Utility_Substation,120000,1,11500.0,10.97,73.6,0.0,17.32,0,0,7809.51
2024-12-20 21:00:00,Empirical_Utility_Substation,120000,1,11500.0,9.65,80.7,0.0,15.16,0,0,7670.25
2024-12-20 22:00:00,Empirical_Utility_Substation,120000,1,11500.0,8.25,73.1,0.0,16.36,0,0,7473.31
2024-12-20 23:00:00,Empirical_Utility_Substation,120000,1,11500.0,7.35,83.4,0.0,16.84,0,0,7166.52
2024-12-21 00:00:00,Empirical_Utility_Substation,120000,1,11500.0,5.85,72.9,0.0,18.06,1,0,6051.86
2024-12-21 01:00:00,Empirical_Utility_Substation,120000,1,11500.0,4.89,80.0,0.0,17.43,1,0,6290.35
2024-12-21 02:00:00,Empirical_Utility_Substation,120000,1,11500.0,4.66,74.6,0.0,16.83,1,0,6231.39
2024-12-21 03:00:00,Empirical_Utility_Substation,120000,1,11500.0,4.84,75.7,0.0,13.63,1,0,6225.63
2024-12-21 04:00:00,Empirical_Utility_Substation,120000,1,11500.0,5.96,73.0,0.0,13.47,1,0,6277.6
2024-12-21 05:00:00,Empirical_Utility_Substation,120000,1,11500.0,6.94,78.8,0.0,18.23,1,0,6285.62
2024-12-21 06:00:00,Empirical_Utility_Substation,120000,1,11500.0,7.16,80.6,0.0,16.55,1,0,6159.33
2024-12-21 07:00:00,Empirical_Utility_Substation,120000,1,11500.0,8.07,77.5,138.2,13.94,1,0,6263.88
2024-12-21 08:00:00,Empirical_Utility_Substation,120000,1,11500.0,10.62,65.8,210.6,13.97,1,0,6277.22
2024-12-21 09:00:00,Empirical_Utility_Substation,120000,1,11500.0,12.48,68.1,193.5,14.61,1,0,6819.18
2024-12-21 10:00:00,Empirical_Utility_Substation,120000,1,11500.0,14.59,71.6,457.9,14.8,1,0,6937.17
2024-12-21 11:00:00,Empirical_Utility_Substation,120000,1,11500.0,15.5,71.1,448.4,16.39,1,0,7005.12
2024-12-21 12:00:00,Empirical_Utility_Substation,120000,1,11500.0,16.66,71.9,396.7,15.99,1,0,6832.6
2024-12-21 13:00:00,Empirical_Utility_Substation,120000,1,11500.0,17.11,74.9,311.0,16.38,1,0,6683.53
2024-12-21 14:00:00,Empirical_Utility_Substation,120000,1,11500.0,18.52,80.7,205.7,15.27,1,0,5979.87
2024-12-21 15:00:00,Empirical_Utility_Substation,120000,1,11500.0,18.42,63.6,232.2,19.03,1,0,5832.0
2024-12-21 16:00:00,Empirical_Utility_Substation,120000,1,11500.0,16.65,61.1,91.6,18.27,1,0,5873.64
2024-12-21 17:00:00,Empirical_Utility_Substation,120000,1,11500.0,16.65,76.1,34.2,14.66,1,0,6012.07
2024-12-21 18:00:00,Empirical_Utility_Substation,120000,1,11500.0,15.0,74.4,0.0,17.61,1,0,6560.16
2024-12-21 19:00:00,Empirical_Utility_Substation,120000,1,11500.0,13.37,79.6,0.0,14.23,1,0,6712.99
2024-12-21 20:00:00,Empirical_Utility_Substation,120000,1,11500.0,12.32,67.5,0.0,15.96,1,0,6858.35
2024-12-21 21:00:00,Empirical_Utility_Substation,120000,1,11500.0,11.73,65.3,0.0,16.82,1,0,6417.53
2024-12-21 22:00:00,Empirical_Utility_Substation,120000,1,11500.0,9.97,74.3,0.0,20.39,1,0,6005.6
2024-12-21 23:00:00,Empirical_Utility_Substation,120000,1,11500.0,8.74,74.4,0.0,16.88,1,0,5652.86
2024-12-22 00:00:00,Empirical_Utility_Substation,120000,1,11500.0,7.91,81.4,0.0,19.16,1,0,5333.84
2024-12-22 01:00:00,Empirical_Utility_Substation,120000,1,11500.0,6.76,72.2,0.0,18.34,1,0,5236.2
2024-12-22 02:00:00,Empirical_Utility_Substation,120000,1,11500.0,5.48,74.2,0.0,18.11,1,0,5463.99
2024-12-22 03:00:00,Empirical_Utility_Substation,120000,1,11500.0,4.08,76.6,0.0,16.08,1,0,5776.6
2024-12-22 04:00:00,Empirical_Utility_Substation,120000,1,11500.0,4.38,77.3,0.0,17.52,1,0,5807.78
2024-12-22 05:00:00,Empirical_Utility_Substation,120000,1,11500.0,5.87,89.0,0.0,14.93,1,0,5812.52
2024-12-22 06:00:00,Empirical_Utility_Substation,120000,1,11500.0,5.35,72.7,0.0,16.45,1,0,5975.12
2024-12-22 07:00:00,Empirical_Utility_Substation,120000,1,11500.0,5.85,78.8,106.3,14.61,1,0,5923.99
2024-12-22 08:00:00,Empirical_Utility_Substation,120000,1,11500.0,6.4,86.3,208.5,15.6,1,0,6202.77
2024-12-22 09:00:00,Empirical_Utility_Substation,120000,1,11500.0,8.91,81.0,282.0,16.8,1,0,6347.03
2024-12-22 10:00:00,Empirical_Utility_Substation,120000,1,11500.0,10.94,71.6,266.0,17.16,1,0,6479.3
2024-12-22 11:00:00,Empirical_Utility_Substation,120000,1,11500.0,12.28,74.8,358.9,18.36,1,0,6604.85
2024-12-22 12:00:00,Empirical_Utility_Substation,120000,1,11500.0,14.71,70.0,345.0,17.28,1,0,6586.07
2024-12-22 13:00:00,Empirical_Utility_Substation,120000,1,11500.0,14.79,80.1,127.5,17.03,1,0,6417.13
2024-12-22 14:00:00,Empirical_Utility_Substation,120000,1,11500.0,16.33,68.2,447.8,13.54,1,0,5970.33
2024-12-22 15:00:00,Empirical_Utility_Substation,120000,1,11500.0,16.81,70.9,319.4,15.89,1,0,5923.53
2024-12-22 16:00:00,Empirical_Utility_Substation,120000,1,11500.0,17.07,64.9,209.3,18.43,1,0,5963.77
2024-12-22 17:00:00,Empirical_Utility_Substation,120000,1,11500.0,16.44,78.0,48.0,15.86,1,0,6146.62
2024-12-22 18:00:00,Empirical_Utility_Substation,120000,1,11500.0,15.12,68.4,0.0,17.36,1,0,6538.11
2024-12-22 19:00:00,Empirical_Utility_Substation,120000,1,11500.0,14.05,77.7,0.0,15.83,1,0,7087.57
2024-12-22 20:00:00,Empirical_Utility_Substation,120000,1,11500.0,12.32,64.0,0.0,17.83,1,0,7284.63
2024-12-22 21:00:00,Empirical_Utility_Substation,120000,1,11500.0,11.14,80.5,0.0,14.07,1,0,7324.05
2024-12-22 22:00:00,Empirical_Utility_Substation,120000,1,11500.0,8.57,76.0,0.0,15.66,1,0,7035.36
2024-12-22 23:00:00,Empirical_Utility_Substation,120000,1,11500.0,8.22,91.9,0.0,14.84,1,0,6583.92
2024-12-23 00:00:00,Empirical_Utility_Substation,120000,1,11500.0,7.14,87.4,0.0,14.83,0,0,7015.0
2024-12-23 01:00:00,Empirical_Utility_Substation,120000,1,11500.0,6.38,78.4,0.0,15.01,0,0,7163.9
2024-12-23 02:00:00,Empirical_Utility_Substation,120000,1,11500.0,7.53,86.5,0.0,15.42,0,0,7057.14
2024-12-23 03:00:00,Empirical_Utility_Substation,120000,1,11500.0,7.97,75.9,0.0,15.54,0,0,6749.93
2024-12-23 04:00:00,Empirical_Utility_Substation,120000,1,11500.0,8.07,75.0,0.0,15.01,0,0,6750.31
2024-12-23 05:00:00,Empirical_Utility_Substation,120000,1,11500.0,8.19,80.6,0.0,15.35,0,0,6894.97
2024-12-23 06:00:00,Empirical_Utility_Substation,120000,1,11500.0,8.55,79.5,0.0,16.17,0,0,6660.72
2024-12-23 07:00:00,Empirical_Utility_Substation,120000,1,11500.0,10.33,74.6,41.6,16.02,0,0,6733.12
2024-12-23 08:00:00,Empirical_Utility_Substation,120000,1,11500.0,10.69,68.5,66.0,17.61,0,0,7053.97
2024-12-23 09:00:00,Empirical_Utility_Substation,120000,1,11500.0,12.5,68.2,387.3,15.77,0,0,7206.49
2024-12-23 10:00:00,Empirical_Utility_Substation,120000,1,11500.0,14.3,62.7,126.9,16.29,0,0,7567.29
2024-12-23 11:00:00,Empirical_Utility_Substation,120000,1,11500.0,15.76,73.2,313.9,15.59,0,0,7495.54
2024-12-23 12:00:00,Empirical_Utility_Substation,120000,1,11500.0,16.17,71.8,223.5,17.49,0,0,7538.02
2024-12-23 13:00:00,Empirical_Utility_Substation,120000,1,11500.0,16.37,65.8,127.5,16.07,0,0,7252.45
2024-12-23 14:00:00,Empirical_Utility_Substation,120000,1,11500.0,17.52,71.3,448.1,17.12,0,0,7065.79
2024-12-23 15:00:00,Empirical_Utility_Substation,120000,1,11500.0,17.47,68.2,204.2,18.29,0,0,6923.12
2024-12-23 16:00:00,Empirical_Utility_Substation,120000,1,11500.0,18.58,65.1,141.6,16.84,0,0,6902.15
2024-12-23 17:00:00,Empirical_Utility_Substation,120000,1,11500.0,17.81,72.3,135.7,16.0,0,0,6987.22
2024-12-23 18:00:00,Empirical_Utility_Substation,120000,1,11500.0,16.99,75.5,0.0,16.13,0,0,7268.45
2024-12-23 19:00:00,Empirical_Utility_Substation,120000,1,11500.0,15.43,72.6,0.0,15.82,0,0,7798.58
2024-12-23 20:00:00,Empirical_Utility_Substation,120000,1,11500.0,13.98,78.6,0.0,19.3,0,0,8042.08
2024-12-23 21:00:00,Empirical_Utility_Substation,120000,1,11500.0,11.02,69.2,0.0,14.3,0,0,7942.9
2024-12-23 22:00:00,Empirical_Utility_Substation,120000,1,11500.0,10.23,76.9,0.0,17.22,0,0,7996.27
2024-12-23 23:00:00,Empirical_Utility_Substation,120000,1,11500.0,9.87,89.4,0.0,15.29,0,0,7314.5
2024-12-24 00:00:00,Empirical_Utility_Substation,120000,1,11500.0,7.53,81.5,0.0,16.04,0,0,6950.98
2024-12-24 01:00:00,Empirical_Utility_Substation,120000,1,11500.0,6.7,80.7,0.0,16.41,0,0,7064.31
2024-12-24 02:00:00,Empirical_Utility_Substation,120000,1,11500.0,6.71,87.4,0.0,16.51,0,0,6934.06
2024-12-24 03:00:00,Empirical_Utility_Substation,120000,1,11500.0,4.37,74.6,0.0,19.15,0,0,6949.38
2024-12-24 04:00:00,Empirical_Utility_Substation,120000,1,11500.0,3.72,89.2,0.0,14.61,0,0,7041.26
2024-12-24 05:00:00,Empirical_Utility_Substation,120000,1,11500.0,4.06,79.5,0.0,14.99,0,0,7069.87
2024-12-24 06:00:00,Empirical_Utility_Substation,120000,1,11500.0,5.85,78.6,0.0,17.78,0,0,7163.13
2024-12-24 07:00:00,Empirical_Utility_Substation,120000,1,11500.0,7.46,80.7,62.8,16.69,0,0,7075.49
2024-12-24 08:00:00,Empirical_Utility_Substation,120000,1,11500.0,8.8,82.4,191.6,16.34,0,0,7226.41
2024-12-24 09:00:00,Empirical_Utility_Substation,120000,1,11500.0,9.43,80.6,98.9,16.8,0,0,7506.47
2024-12-24 10:00:00,Empirical_Utility_Substation,120000,1,11500.0,9.15,80.6,377.7,17.66,0,0,7987.36
2024-12-24 11:00:00,Empirical_Utility_Substation,120000,1,11500.0,7.95,75.0,379.6,16.97,0,0,8328.96
2024-12-24 12:00:00,Empirical_Utility_Substation,120000,1,11500.0,9.66,80.0,335.3,14.55,0,0,8332.51
2024-12-24 13:00:00,Empirical_Utility_Substation,120000,1,11500.0,10.4,69.2,328.8,16.96,0,0,7809.3
2024-12-24 14:00:00,Empirical_Utility_Substation,120000,1,11500.0,10.88,69.0,305.9,17.75,0,0,7491.39
2024-12-24 15:00:00,Empirical_Utility_Substation,120000,1,11500.0,11.47,73.6,340.5,17.02,0,0,7285.31
2024-12-24 16:00:00,Empirical_Utility_Substation,120000,1,11500.0,12.66,65.3,113.9,18.69,0,0,7287.14
2024-12-24 17:00:00,Empirical_Utility_Substation,120000,1,11500.0,12.1,69.0,107.2,14.44,0,0,7342.35
2024-12-24 18:00:00,Empirical_Utility_Substation,120000,1,11500.0,11.68,68.0,0.0,15.48,0,0,7642.77
2024-12-24 19:00:00,Empirical_Utility_Substation,120000,1,11500.0,9.84,82.7,0.0,19.0,0,0,7865.37
2024-12-24 20:00:00,Empirical_Utility_Substation,120000,1,11500.0,8.34,71.3,0.0,14.94,0,0,8160.63
2024-12-24 21:00:00,Empirical_Utility_Substation,120000,1,11500.0,8.57,77.7,0.0,22.01,0,0,8009.76
2024-12-24 22:00:00,Empirical_Utility_Substation,120000,1,11500.0,7.59,69.9,0.0,18.18,0,0,7546.9
2024-12-24 23:00:00,Empirical_Utility_Substation,120000,1,11500.0,6.19,76.5,0.0,17.25,0,0,7193.86
2024-12-25 00:00:00,Empirical_Utility_Substation,120000,1,11500.0,4.83,83.4,0.0,16.15,0,1,5610.47
2024-12-25 01:00:00,Empirical_Utility_Substation,120000,1,11500.0,3.26,85.7,0.0,17.68,0,1,5862.26
2024-12-25 02:00:00,Empirical_Utility_Substation,120000,1,11500.0,2.44,82.3,0.0,14.53,0,1,6072.05
2024-12-25 03:00:00,Empirical_Utility_Substation,120000,1,11500.0,3.26,87.1,0.0,16.65,0,1,6004.62
2024-12-25 04:00:00,Empirical_Utility_Substation,120000,1,11500.0,3.68,82.6,0.0,18.11,0,1,6008.44
2024-12-25 05:00:00,Empirical_Utility_Substation,120000,1,11500.0,4.56,77.6,0.0,16.01,0,1,6081.33
2024-12-25 06:00:00,Empirical_Utility_Substation,120000,1,11500.0,7.86,68.7,0.0,18.08,0,1,5888.2
2024-12-25 07:00:00,Empirical_Utility_Substation,120000,1,11500.0,8.3,75.5,77.5,16.34,0,1,6055.73
2024-12-25 08:00:00,Empirical_Utility_Substation,120000,1,11500.0,10.87,78.7,172.4,16.66,0,1,6259.38
2024-12-25 09:00:00,Empirical_Utility_Substation,120000,1,11500.0,11.62,73.0,93.3,16.63,0,1,6579.99
2024-12-25 10:00:00,Empirical_Utility_Substation,120000,1,11500.0,12.9,76.4,355.5,16.79,0,1,6912.0
2024-12-25 11:00:00,Empirical_Utility_Substation,120000,1,11500.0,12.83,67.4,286.1,17.13,0,1,6971.29
2024-12-25 12:00:00,Empirical_Utility_Substation,120000,1,11500.0,13.04,66.5,451.3,15.32,0,1,6721.05
2024-12-25 13:00:00,Empirical_Utility_Substation,120000,1,11500.0,13.71,67.3,532.0,19.8,0,1,6391.97
2024-12-25 14:00:00,Empirical_Utility_Substation,120000,1,11500.0,14.78,78.4,114.3,18.08,0,1,5902.64
2024-12-25 15:00:00,Empirical_Utility_Substation,120000,1,11500.0,17.05,68.3,93.3,16.82,0,1,5668.99
2024-12-25 16:00:00,Empirical_Utility_Substation,120000,1,11500.0,16.53,66.9,88.1,19.92,0,1,5608.3
2024-12-25 17:00:00,Empirical_Utility_Substation,120000,1,11500.0,16.33,68.4,131.4,15.05,0,1,5801.87
2024-12-25 18:00:00,Empirical_Utility_Substation,120000,1,11500.0,16.11,70.9,0.0,16.78,0,1,6257.6
2024-12-25 19:00:00,Empirical_Utility_Substation,120000,1,11500.0,15.03,75.6,0.0,16.72,0,1,6577.38
2024-12-25 20:00:00,Empirical_Utility_Substation,120000,1,11500.0,14.39,78.4,0.0,16.5,0,1,6795.35
2024-12-25 21:00:00,Empirical_Utility_Substation,120000,1,11500.0,11.08,68.3,0.0,17.89,0,1,6880.72
2024-12-25 22:00:00,Empirical_Utility_Substation,120000,1,11500.0,8.77,81.8,0.0,16.0,0,1,6516.9
2024-12-25 23:00:00,Empirical_Utility_Substation,120000,1,11500.0,7.49,81.7,0.0,16.19,0,1,6241.87
2024-12-26 00:00:00,Empirical_Utility_Substation,120000,1,11500.0,6.84,76.5,0.0,14.74,0,0,6862.39
2024-12-26 01:00:00,Empirical_Utility_Substation,120000,1,11500.0,5.88,78.0,0.0,17.58,0,0,6852.16
2024-12-26 02:00:00,Empirical_Utility_Substation,120000,1,11500.0,3.85,85.3,0.0,18.59,0,0,6893.86
2024-12-26 03:00:00,Empirical_Utility_Substation,120000,1,11500.0,4.23,81.2,0.0,17.59,0,0,6760.84
2024-12-26 04:00:00,Empirical_Utility_Substation,120000,1,11500.0,4.04,73.0,0.0,16.15,0,0,6689.49
2024-12-26 05:00:00,Empirical_Utility_Substation,120000,1,11500.0,4.17,88.7,0.0,16.12,0,0,6856.43
2024-12-26 06:00:00,Empirical_Utility_Substation,120000,1,11500.0,4.77,79.8,0.0,18.36,0,0,6632.15
2024-12-26 07:00:00,Empirical_Utility_Substation,120000,1,11500.0,4.7,88.6,100.7,14.27,0,0,7011.46
2024-12-26 08:00:00,Empirical_Utility_Substation,120000,1,11500.0,6.18,79.5,179.8,14.37,0,0,7275.54
2024-12-26 09:00:00,Empirical_Utility_Substation,120000,1,11500.0,7.7,72.3,304.0,20.23,0,0,7472.02
2024-12-26 10:00:00,Empirical_Utility_Substation,120000,1,11500.0,9.74,71.5,345.9,16.88,0,0,7704.44
2024-12-26 11:00:00,Empirical_Utility_Substation,120000,1,11500.0,10.74,70.1,412.8,16.49,0,0,7711.66
2024-12-26 12:00:00,Empirical_Utility_Substation,120000,1,11500.0,12.77,69.3,132.0,17.31,0,0,7553.81
2024-12-26 13:00:00,Empirical_Utility_Substation,120000,1,11500.0,12.31,73.9,127.5,16.64,0,0,7337.23
2024-12-26 14:00:00,Empirical_Utility_Substation,120000,1,11500.0,13.07,71.7,324.3,17.01,0,0,7322.12
2024-12-26 15:00:00,Empirical_Utility_Substation,120000,1,11500.0,12.42,78.1,347.3,21.9,0,0,6967.12
2024-12-26 16:00:00,Empirical_Utility_Substation,120000,1,11500.0,11.47,75.2,66.0,15.17,0,0,6937.85
2024-12-26 17:00:00,Empirical_Utility_Substation,120000,1,11500.0,11.4,75.3,94.4,17.09,0,0,7181.66
2024-12-26 18:00:00,Empirical_Utility_Substation,120000,1,11500.0,10.56,69.1,0.0,16.39,0,0,7618.49
2024-12-26 19:00:00,Empirical_Utility_Substation,120000,1,11500.0,9.65,78.2,0.0,16.17,0,0,8087.66
2024-12-26 20:00:00,Empirical_Utility_Substation,120000,1,11500.0,10.37,78.4,0.0,17.2,0,0,8350.26
2024-12-26 21:00:00,Empirical_Utility_Substation,120000,1,11500.0,7.86,74.7,0.0,18.42,0,0,8269.18
2024-12-26 22:00:00,Empirical_Utility_Substation,120000,1,11500.0,7.92,82.7,0.0,17.78,0,0,7863.07
2024-12-26 23:00:00,Empirical_Utility_Substation,120000,1,11500.0,7.04,71.0,0.0,19.64,0,0,7610.68
2024-12-27 00:00:00,Empirical_Utility_Substation,120000,1,11500.0,6.17,76.6,0.0,16.09,0,0,6940.3
2024-12-27 01:00:00,Empirical_Utility_Substation,120000,1,11500.0,5.23,74.7,0.0,21.28,0,0,7107.68
2024-12-27 02:00:00,Empirical_Utility_Substation,120000,1,11500.0,4.49,89.4,0.0,15.98,0,0,7247.83
2024-12-27 03:00:00,Empirical_Utility_Substation,120000,1,11500.0,4.91,74.6,0.0,20.87,0,0,7154.95
2024-12-27 04:00:00,Empirical_Utility_Substation,120000,1,11500.0,6.36,78.7,0.0,17.26,0,0,7228.19
2024-12-27 05:00:00,Empirical_Utility_Substation,120000,1,11500.0,6.12,74.6,0.0,16.99,0,0,7275.51
2024-12-27 06:00:00,Empirical_Utility_Substation,120000,1,11500.0,4.9,77.5,0.0,16.62,0,0,7407.2
2024-12-27 07:00:00,Empirical_Utility_Substation,120000,1,11500.0,6.84,73.5,107.1,15.26,0,0,7317.35
2024-12-27 08:00:00,Empirical_Utility_Substation,120000,1,11500.0,8.27,79.2,156.2,19.29,0,0,7121.6
2024-12-27 09:00:00,Empirical_Utility_Substation,120000,1,11500.0,8.87,75.9,93.3,18.18,0,0,7533.65
2024-12-27 10:00:00,Empirical_Utility_Substation,120000,1,11500.0,10.47,78.5,232.3,17.27,0,0,7597.99
2024-12-27 11:00:00,Empirical_Utility_Substation,120000,1,11500.0,11.18,69.6,300.1,16.53,0,0,7787.67
2024-12-27 12:00:00,Empirical_Utility_Substation,120000,1,11500.0,11.88,79.6,396.5,14.52,0,0,7555.19
2024-12-27 13:00:00,Empirical_Utility_Substation,120000,1,11500.0,13.73,84.8,127.5,16.24,0,0,7243.32
2024-12-27 14:00:00,Empirical_Utility_Substation,120000,1,11500.0,13.85,65.1,172.2,14.6,0,0,6963.71
2024-12-27 15:00:00,Empirical_Utility_Substation,120000,1,11500.0,14.55,69.4,213.2,14.31,0,0,6775.55
2024-12-27 16:00:00,Empirical_Utility_Substation,120000,1,11500.0,13.24,74.0,217.3,17.81,0,0,6750.17
2024-12-27 17:00:00,Empirical_Utility_Substation,120000,1,11500.0,13.85,63.3,83.2,14.54,0,0,6979.55
2024-12-27 18:00:00,Empirical_Utility_Substation,120000,1,11500.0,12.76,73.7,0.0,19.38,0,0,7519.19
2024-12-27 19:00:00,Empirical_Utility_Substation,120000,1,11500.0,11.1,78.7,0.0,15.77,0,0,8042.0
2024-12-27 20:00:00,Empirical_Utility_Substation,120000,1,11500.0,9.61,73.5,0.0,17.44,0,0,8399.7
2024-12-27 21:00:00,Empirical_Utility_Substation,120000,1,11500.0,7.15,68.1,0.0,17.84,0,0,8436.65
2024-12-27 22:00:00,Empirical_Utility_Substation,120000,1,11500.0,4.88,92.2,0.0,15.46,0,0,8394.93
2024-12-27 23:00:00,Empirical_Utility_Substation,120000,1,11500.0,4.47,86.9,0.0,17.3,0,0,8149.94
2024-12-28 00:00:00,Empirical_Utility_Substation,120000,1,11500.0,4.46,79.6,0.0,15.9,1,0,6645.52
2024-12-28 01:00:00,Empirical_Utility_Substation,120000,1,11500.0,4.08,73.6,0.0,18.66,1,0,6796.41
2024-12-28 02:00:00,Empirical_Utility_Substation,120000,1,11500.0,3.34,79.4,0.0,18.3,1,0,6804.36
2024-12-28 03:00:00,Empirical_Utility_Substation,120000,1,11500.0,2.27,83.6,0.0,15.9,1,0,6826.75
2024-12-28 04:00:00,Empirical_Utility_Substation,120000,1,11500.0,1.59,87.7,0.0,17.07,1,0,6944.41
2024-12-28 05:00:00,Empirical_Utility_Substation,120000,1,11500.0,2.43,92.6,0.0,14.14,1,0,6732.65
2024-12-28 06:00:00,Empirical_Utility_Substation,120000,1,11500.0,3.1,81.5,0.0,16.94,1,0,6772.98
2024-12-28 07:00:00,Empirical_Utility_Substation,120000,1,11500.0,4.71,65.1,101.6,15.97,1,0,6475.25
2024-12-28 08:00:00,Empirical_Utility_Substation,120000,1,11500.0,5.31,74.1,231.8,15.44,1,0,6544.05
2024-12-28 09:00:00,Empirical_Utility_Substation,120000,1,11500.0,5.76,80.0,196.9,15.61,1,0,7013.69
2024-12-28 10:00:00,Empirical_Utility_Substation,120000,1,11500.0,7.62,71.6,394.2,18.6,1,0,7199.06
2024-12-28 11:00:00,Empirical_Utility_Substation,120000,1,11500.0,9.24,78.9,399.6,17.2,1,0,7179.31
2024-12-28 12:00:00,Empirical_Utility_Substation,120000,1,11500.0,11.86,73.9,206.7,14.13,1,0,6649.11
2024-12-28 13:00:00,Empirical_Utility_Substation,120000,1,11500.0,14.46,69.1,127.5,14.96,1,0,6348.81
2024-12-28 14:00:00,Empirical_Utility_Substation,120000,1,11500.0,15.23,68.0,139.8,18.54,1,0,5956.6
2024-12-28 15:00:00,Empirical_Utility_Substation,120000,1,11500.0,14.96,73.3,132.5,17.9,1,0,5699.91
2024-12-28 16:00:00,Empirical_Utility_Substation,120000,1,11500.0,13.31,79.3,111.5,16.6,1,0,5547.43
2024-12-28 17:00:00,Empirical_Utility_Substation,120000,1,11500.0,13.97,80.6,57.0,18.28,1,0,5636.13
2024-12-28 18:00:00,Empirical_Utility_Substation,120000,1,11500.0,13.07,73.7,0.0,16.99,1,0,6141.05
2024-12-28 19:00:00,Empirical_Utility_Substation,120000,1,11500.0,11.77,81.3,0.0,16.23,1,0,6524.34
2024-12-28 20:00:00,Empirical_Utility_Substation,120000,1,11500.0,12.18,78.7,0.0,19.86,1,0,6901.97
2024-12-28 21:00:00,Empirical_Utility_Substation,120000,1,11500.0,10.57,80.8,0.0,16.74,1,0,6884.74
2024-12-28 22:00:00,Empirical_Utility_Substation,120000,1,11500.0,9.29,76.7,0.0,14.1,1,0,6588.98
2024-12-28 23:00:00,Empirical_Utility_Substation,120000,1,11500.0,7.85,75.4,0.0,16.27,1,0,6364.71
2024-12-29 00:00:00,Empirical_Utility_Substation,120000,1,11500.0,7.15,82.6,0.0,14.39,1,0,6000.27
2024-12-29 01:00:00,Empirical_Utility_Substation,120000,1,11500.0,6.37,74.2,0.0,17.65,1,0,6092.57
2024-12-29 02:00:00,Empirical_Utility_Substation,120000,1,11500.0,5.3,80.2,0.0,16.95,1,0,6080.17
2024-12-29 03:00:00,Empirical_Utility_Substation,120000,1,11500.0,5.04,73.2,0.0,15.83,1,0,6109.05
2024-12-29 04:00:00,Empirical_Utility_Substation,120000,1,11500.0,6.38,82.4,0.0,18.66,1,0,5908.81
2024-12-29 05:00:00,Empirical_Utility_Substation,120000,1,11500.0,5.98,94.5,0.0,15.35,1,0,6020.42
2024-12-29 06:00:00,Empirical_Utility_Substation,120000,1,11500.0,6.92,79.4,0.0,14.09,1,0,5780.3
2024-12-29 07:00:00,Empirical_Utility_Substation,120000,1,11500.0,9.12,81.4,105.4,19.36,1,0,5904.26
2024-12-29 08:00:00,Empirical_Utility_Substation,120000,1,11500.0,11.22,76.3,190.8,18.53,1,0,6168.42
2024-12-29 09:00:00,Empirical_Utility_Substation,120000,1,11500.0,13.0,78.3,93.3,16.36,1,0,6335.3
2024-12-29 10:00:00,Empirical_Utility_Substation,120000,1,11500.0,12.43,72.1,233.6,16.38,1,0,6477.77
2024-12-29 11:00:00,Empirical_Utility_Substation,120000,1,11500.0,13.35,75.9,197.6,20.79,1,0,6749.77
2024-12-29 12:00:00,Empirical_Utility_Substation,120000,1,11500.0,14.23,63.3,485.1,16.61,1,0,6614.22
2024-12-29 13:00:00,Empirical_Utility_Substation,120000,1,11500.0,14.19,72.8,127.5,14.41,1,0,6261.61
2024-12-29 14:00:00,Empirical_Utility_Substation,120000,1,11500.0,14.24,76.2,238.8,18.38,1,0,6224.55
2024-12-29 15:00:00,Empirical_Utility_Substation,120000,1,11500.0,13.73,69.6,370.2,17.98,1,0,6101.21
2024-12-29 16:00:00,Empirical_Utility_Substation,120000,1,11500.0,13.59,69.5,209.4,16.39,1,0,5904.21
2024-12-29 17:00:00,Empirical_Utility_Substation,120000,1,11500.0,13.31,68.8,100.3,17.4,1,0,6180.56
2024-12-29 18:00:00,Empirical_Utility_Substation,120000,1,11500.0,12.55,61.6,0.0,16.1,1,0,6745.1
2024-12-29 19:00:00,Empirical_Utility_Substation,120000,1,11500.0,11.6,73.4,0.0,18.67,1,0,7238.8
2024-12-29 20:00:00,Empirical_Utility_Substation,120000,1,11500.0,10.24,78.4,0.0,14.71,1,0,7439.23
2024-12-29 21:00:00,Empirical_Utility_Substation,120000,1,11500.0,9.02,79.0,0.0,21.33,1,0,7165.42
2024-12-29 22:00:00,Empirical_Utility_Substation,120000,1,11500.0,7.17,76.9,0.0,18.03,1,0,6922.71
2024-12-29 23:00:00,Empirical_Utility_Substation,120000,1,11500.0,6.18,71.5,0.0,15.92,1,0,6452.6
2024-12-30 00:00:00,Empirical_Utility_Substation,120000,1,11500.0,3.36,80.9,0.0,18.58,0,0,6863.82
2024-12-30 01:00:00,Empirical_Utility_Substation,120000,1,11500.0,2.78,82.4,0.0,15.96,0,0,6926.85
2024-12-30 02:00:00,Empirical_Utility_Substation,120000,1,11500.0,3.97,83.8,0.0,15.66,0,0,6825.99
2024-12-30 03:00:00,Empirical_Utility_Substation,120000,1,11500.0,1.57,83.7,0.0,18.59,0,0,7020.99
2024-12-30 04:00:00,Empirical_Utility_Substation,120000,1,11500.0,2.5,86.3,0.0,16.43,0,0,7090.91
2024-12-30 05:00:00,Empirical_Utility_Substation,120000,1,11500.0,3.39,82.7,0.0,14.28,0,0,7282.53
2024-12-30 06:00:00,Empirical_Utility_Substation,120000,1,11500.0,5.64,80.5,0.0,16.55,0,0,7294.87
2024-12-30 07:00:00,Empirical_Utility_Substation,120000,1,11500.0,7.38,82.9,39.7,18.65,0,0,7438.02
2024-12-30 08:00:00,Empirical_Utility_Substation,120000,1,11500.0,9.21,78.9,225.1,18.35,0,0,7526.91
2024-12-30 09:00:00,Empirical_Utility_Substation,120000,1,11500.0,11.58,77.9,119.8,17.71,0,0,7784.76
2024-12-30 10:00:00,Empirical_Utility_Substation,120000,1,11500.0,13.32,75.9,227.1,15.76,0,0,7867.69
2024-12-30 11:00:00,Empirical_Utility_Substation,120000,1,11500.0,14.29,75.7,376.1,17.39,0,0,7761.68
2024-12-30 12:00:00,Empirical_Utility_Substation,120000,1,11500.0,15.18,74.8,270.7,16.48,0,0,7609.97
2024-12-30 13:00:00,Empirical_Utility_Substation,120000,1,11500.0,14.46,67.0,434.5,18.09,0,0,7330.93
2024-12-30 14:00:00,Empirical_Utility_Substation,120000,1,11500.0,13.93,74.3,169.3,19.25,0,0,7120.87
2024-12-30 15:00:00,Empirical_Utility_Substation,120000,1,11500.0,15.36,82.2,149.0,15.58,0,0,7027.77
2024-12-30 16:00:00,Empirical_Utility_Substation,120000,1,11500.0,16.44,77.3,164.2,18.63,0,0,6825.32
2024-12-30 17:00:00,Empirical_Utility_Substation,120000,1,11500.0,16.23,72.0,130.2,20.06,0,0,6870.6
2024-12-30 18:00:00,Empirical_Utility_Substation,120000,1,11500.0,15.1,74.4,0.0,15.22,0,0,6922.55
2024-12-30 19:00:00,Empirical_Utility_Substation,120000,1,11500.0,13.85,72.2,0.0,19.49,0,0,7424.09
2024-12-30 20:00:00,Empirical_Utility_Substation,120000,1,11500.0,11.62,70.7,0.0,21.27,0,0,7822.65
2024-12-30 21:00:00,Empirical_Utility_Substation,120000,1,11500.0,8.92,62.2,0.0,18.51,0,0,7762.21
2024-12-30 22:00:00,Empirical_Utility_Substation,120000,1,11500.0,6.73,78.8,0.0,20.0,0,0,7508.53
2024-12-30 23:00:00,Empirical_Utility_Substation,120000,1,11500.0,5.8,75.0,0.0,17.04,0,0,7193.65
2024-12-31 00:00:00,Empirical_Utility_Substation,120000,1,11500.0,5.5,77.4,0.0,18.83,0,0,6916.69
2024-12-31 01:00:00,Empirical_Utility_Substation,120000,1,11500.0,3.36,87.8,0.0,16.42,0,0,6831.24
2024-12-31 02:00:00,Empirical_Utility_Substation,120000,1,11500.0,2.7,73.9,0.0,17.73,0,0,6976.01
2024-12-31 03:00:00,Empirical_Utility_Substation,120000,1,11500.0,1.59,98.0,0.0,20.37,0,0,7101.33
2024-12-31 04:00:00,Empirical_Utility_Substation,120000,1,11500.0,1.97,85.0,0.0,16.13,0,0,7360.98
2024-12-31 05:00:00,Empirical_Utility_Substation,120000,1,11500.0,2.55,88.5,0.0,18.17,0,0,7268.73
2024-12-31 06:00:00,Empirical_Utility_Substation,120000,1,11500.0,4.01,74.0,0.0,19.56,0,0,7053.56
2024-12-31 07:00:00,Empirical_Utility_Substation,120000,1,11500.0,3.27,73.6,92.4,15.02,0,0,7320.16
2024-12-31 08:00:00,Empirical_Utility_Substation,120000,1,11500.0,6.76,87.1,213.0,18.62,0,0,7242.94
2024-12-31 09:00:00,Empirical_Utility_Substation,120000,1,11500.0,9.68,73.2,275.4,17.06,0,0,7418.16
2024-12-31 10:00:00,Empirical_Utility_Substation,120000,1,11500.0,11.58,76.8,289.7,19.05,0,0,7442.69
2024-12-31 11:00:00,Empirical_Utility_Substation,120000,1,11500.0,13.42,62.1,220.1,16.79,0,0,7479.5
2024-12-31 12:00:00,Empirical_Utility_Substation,120000,1,11500.0,12.79,80.7,258.4,15.38,0,0,7456.23
2024-12-31 13:00:00,Empirical_Utility_Substation,120000,1,11500.0,13.79,68.1,154.1,18.54,0,0,7230.72
2024-12-31 14:00:00,Empirical_Utility_Substation,120000,1,11500.0,15.25,85.6,233.5,19.11,0,0,7030.86
2024-12-31 15:00:00,Empirical_Utility_Substation,120000,1,11500.0,14.4,71.7,302.6,16.54,0,0,6817.83
2024-12-31 16:00:00,Empirical_Utility_Substation,120000,1,11500.0,15.63,69.6,211.5,15.99,0,0,6736.49
2024-12-31 17:00:00,Empirical_Utility_Substation,120000,1,11500.0,14.12,71.8,62.7,19.78,0,0,6818.75
2024-12-31 18:00:00,Empirical_Utility_Substation,120000,1,11500.0,13.13,67.9,0.0,19.05,0,0,7185.31
2024-12-31 19:00:00,Empirical_Utility_Substation,120000,1,11500.0,12.94,60.6,0.0,17.33,0,0,7583.38
2024-12-31 20:00:00,Empirical_Utility_Substation,120000,1,11500.0,11.1,77.8,0.0,19.69,0,0,7616.44
2024-12-31 21:00:00,Empirical_Utility_Substation,120000,1,11500.0,11.42,67.2,0.0,20.1,0,0,7624.46
2024-12-31 22:00:00,Empirical_Utility_Substation,120000,1,11500.0,9.67,76.4,0.0,14.88,0,0,7304.67
2024-12-31 23:00:00,Empirical_Utility_Substation,120000,1,11500.0,6.01,83.4,0.0,20.72,0,0,7088.05
