timestamp,temperature_c,humidity_pct,solar_irradiance_wm2,wind_speed_kmh,is_weekend,is_holiday,load_kwh
2025-01-01 00:00:00,7.47,85.16,3.01,18.99,0,1,20543.62
2025-01-01 01:00:00,5.53,77.84,18.01,17.93,0,1,21904.24
2025-01-01 02:00:00,6.44,77.45,0.0,16.74,0,1,19183.01
2025-01-01 03:00:00,7.85,83.25,42.39,17.44,0,1,17369.68
2025-01-01 04:00:00,4.86,83.37,0.0,15.84,0,1,19031.72
2025-01-01 05:00:00,5.36,81.36,36.39,16.27,0,1,18772.17
2025-01-01 06:00:00,9.41,83.59,0.0,15.98,0,1,17961.08
2025-01-01 07:00:00,8.99,80.66,130.37,15.21,0,1,20129.4
2025-01-01 08:00:00,7.97,81.04,212.54,17.85,0,1,22752.26
2025-01-01 09:00:00,11.08,81.15,296.36,16.47,0,1,22588.44
2025-01-01 10:00:00,10.57,76.99,366.23,12.13,0,1,22354.2
2025-01-01 11:00:00,11.77,83.68,413.25,17.06,0,1,21700.51
2025-01-01 12:00:00,14.08,72.18,398.66,16.07,0,1,19892.31
2025-01-01 13:00:00,10.99,80.74,418.89,17.35,0,1,19784.74
2025-01-01 14:00:00,11.83,83.09,325.26,14.84,0,1,19150.01
2025-01-01 15:00:00,14.09,69.81,287.58,18.05,0,1,19269.08
2025-01-01 16:00:00,13.11,74.83,224.34,14.99,0,1,21148.62
2025-01-01 17:00:00,15.0,79.07,130.19,17.74,0,1,20798.41
2025-01-01 18:00:00,12.01,81.82,11.52,13.61,0,1,22095.12
2025-01-01 19:00:00,10.06,78.26,0.0,13.85,0,1,22886.66
2025-01-01 20:00:00,14.04,72.43,22.42,17.32,0,1,23866.77
2025-01-01 21:00:00,9.7,83.09,0.0,14.05,0,1,24200.48
2025-01-01 22:00:00,8.93,84.7,43.79,22.93,0,1,23608.76
2025-01-01 23:00:00,5.04,78.81,0.0,17.19,0,1,24112.5
2025-01-02 00:00:00,5.57,78.17,0.0,15.51,0,0,27207.94
2025-01-02 01:00:00,5.95,83.55,0.0,18.29,0,0,26409.5
2025-01-02 02:00:00,3.18,87.66,1.09,13.74,0,0,27447.86
2025-01-02 03:00:00,5.76,81.62,3.5,18.65,0,0,24119.75
2025-01-02 04:00:00,4.17,86.96,49.24,18.55,0,0,25383.67
2025-01-02 05:00:00,5.23,80.45,0.0,19.81,0,0,25367.62
2025-01-02 06:00:00,5.46,74.63,0.99,13.88,0,0,27006.39
2025-01-02 07:00:00,10.92,76.48,80.61,11.14,0,0,26765.41
2025-01-02 08:00:00,8.76,80.37,194.57,13.28,0,0,26442.05
2025-01-02 09:00:00,8.18,79.53,334.68,14.43,0,0,28883.8
2025-01-02 10:00:00,12.86,71.79,329.93,21.25,0,0,26952.39
2025-01-02 11:00:00,10.38,71.4,414.35,23.1,0,0,30504.07
2025-01-02 12:00:00,13.99,73.35,423.59,16.62,0,0,24178.45
2025-01-02 13:00:00,10.88,81.8,399.07,15.45,0,0,23465.36
2025-01-02 14:00:00,12.52,81.76,371.32,14.19,0,0,23913.0
2025-01-02 15:00:00,15.44,78.85,263.58,18.3,0,0,24831.45
2025-01-02 16:00:00,16.24,70.12,248.29,23.08,0,0,25248.4
2025-01-02 17:00:00,14.72,70.14,155.21,21.67,0,0,25296.79
2025-01-02 18:00:00,13.41,77.92,1.18,19.4,0,0,27479.08
2025-01-02 19:00:00,12.04,79.7,60.58,19.35,0,0,29736.17
2025-01-02 20:00:00,8.71,81.76,0.0,18.33,0,0,29909.52
2025-01-02 21:00:00,8.79,72.03,10.01,15.25,0,0,30102.37
2025-01-02 22:00:00,7.96,77.37,35.8,12.84,0,0,29366.19
2025-01-02 23:00:00,9.48,79.35,0.0,15.35,0,0,26767.2
2025-01-03 00:00:00,7.14,83.52,0.0,17.11,0,0,26756.42
2025-01-03 01:00:00,2.56,88.77,0.0,10.54,0,0,28164.53
2025-01-03 02:00:00,5.81,83.35,51.52,15.09,0,0,24830.4
2025-01-03 03:00:00,4.37,85.39,0.0,12.74,0,0,25527.85
2025-01-03 04:00:00,4.01,84.73,0.0,19.18,0,0,23577.98
2025-01-03 05:00:00,6.83,84.6,0.0,13.7,0,0,24068.51
2025-01-03 06:00:00,8.38,81.71,23.71,16.78,0,0,24866.09
2025-01-03 07:00:00,9.24,79.95,89.33,13.18,0,0,26720.53
2025-01-03 08:00:00,7.25,80.4,198.04,21.22,0,0,28789.13
2025-01-03 09:00:00,9.5,79.78,304.93,9.67,0,0,28769.11
2025-01-03 10:00:00,11.95,79.18,337.69,17.29,0,0,26202.64
2025-01-03 11:00:00,14.31,76.19,401.85,11.16,0,0,25527.53
2025-01-03 12:00:00,12.73,78.07,455.7,13.84,0,0,24806.41
2025-01-03 13:00:00,14.05,80.73,417.02,16.35,0,0,23671.04
2025-01-03 14:00:00,12.9,77.45,367.56,16.52,0,0,24257.13
2025-01-03 15:00:00,12.91,73.79,302.81,16.43,0,0,23506.59
2025-01-03 16:00:00,16.35,76.82,200.6,16.16,0,0,24919.96
2025-01-03 17:00:00,16.83,67.39,158.78,13.38,0,0,26917.87
2025-01-03 18:00:00,13.46,71.56,0.0,15.05,0,0,26519.09
2025-01-03 19:00:00,14.37,76.41,5.27,15.74,0,0,28839.07
2025-01-03 20:00:00,12.0,79.27,2.88,16.31,0,0,28448.33
2025-01-03 21:00:00,8.9,75.01,25.22,15.4,0,0,29602.04
2025-01-03 22:00:00,9.42,77.99,27.58,18.18,0,0,28798.76
2025-01-03 23:00:00,10.33,76.28,0.0,15.95,0,0,26065.21
2025-01-04 00:00:00,6.44,80.26,7.27,16.54,1,0,23156.26
2025-01-04 01:00:00,8.53,84.1,8.21,14.5,1,0,21345.88
2025-01-04 02:00:00,0.49,90.39,0.0,12.15,1,0,25273.31
2025-01-04 03:00:00,6.52,82.06,0.0,16.37,1,0,19320.11
2025-01-04 04:00:00,5.37,80.98,0.0,20.06,1,0,20550.98
2025-01-04 05:00:00,5.17,77.95,0.0,17.39,1,0,21205.24
2025-01-04 06:00:00,6.67,87.68,0.0,12.97,1,0,20821.42
2025-01-04 07:00:00,3.96,86.8,129.39,18.69,1,0,24707.38
2025-01-04 08:00:00,8.35,77.66,213.81,14.66,1,0,22346.52
2025-01-04 09:00:00,10.68,81.27,296.94,18.34,1,0,22810.65
2025-01-04 10:00:00,13.99,75.13,338.84,14.54,1,0,22712.07
2025-01-04 11:00:00,11.61,76.4,411.84,17.07,1,0,21307.87
2025-01-04 12:00:00,12.12,78.83,361.85,14.02,1,0,20524.79
2025-01-04 13:00:00,13.47,72.91,408.88,14.11,1,0,21520.81
2025-01-04 14:00:00,16.52,71.76,371.82,10.35,1,0,21166.79
2025-01-04 15:00:00,15.63,74.42,308.35,17.63,1,0,20161.25
2025-01-04 16:00:00,13.92,73.47,174.66,17.13,1,0,21549.34
2025-01-04 17:00:00,15.29,76.92,116.27,17.33,1,0,22707.49
2025-01-04 18:00:00,13.75,83.1,0.0,16.8,1,0,23637.59
2025-01-04 19:00:00,14.28,72.13,0.0,13.17,1,0,24719.98
2025-01-04 20:00:00,10.07,72.28,17.95,19.22,1,0,26367.11
2025-01-04 21:00:00,9.45,71.49,50.35,19.31,1,0,25868.04
2025-01-04 22:00:00,8.04,80.16,1.28,13.08,1,0,23972.71
2025-01-04 23:00:00,4.91,80.93,0.0,17.7,1,0,25144.21
2025-01-05 00:00:00,7.02,82.51,4.72,19.1,1,0,21981.48
2025-01-05 01:00:00,6.16,82.99,23.48,14.4,1,0,23164.87
2025-01-05 02:00:00,5.2,76.91,15.52,15.01,1,0,21661.51
2025-01-05 03:00:00,4.6,76.6,68.58,17.91,1,0,20683.23
2025-01-05 04:00:00,2.65,86.8,0.0,10.76,1,0,22579.47
2025-01-05 05:00:00,4.94,84.1,6.31,12.23,1,0,21321.96
2025-01-05 06:00:00,5.87,81.01,38.72,12.58,1,0,23660.75
2025-01-05 07:00:00,6.08,75.9,149.58,9.75,1,0,23430.44
2025-01-05 08:00:00,8.44,82.29,168.44,19.84,1,0,23763.85
2025-01-05 09:00:00,10.75,83.41,307.07,9.08,1,0,24403.04
2025-01-05 10:00:00,14.71,75.87,413.3,17.24,1,0,22084.35
2025-01-05 11:00:00,12.84,73.05,491.85,18.88,1,0,22785.21
2025-01-05 12:00:00,14.02,75.56,451.98,15.01,1,0,20280.53
2025-01-05 13:00:00,14.22,69.74,410.39,13.7,1,0,21013.58
2025-01-05 14:00:00,11.4,81.97,350.96,16.86,1,0,19419.5
2025-01-05 15:00:00,14.98,74.85,362.63,16.05,1,0,20642.11
2025-01-05 16:00:00,14.96,67.46,235.41,19.55,1,0,20143.34
2025-01-05 17:00:00,18.79,69.89,91.23,6.84,1,0,23169.9
2025-01-05 18:00:00,13.21,77.96,0.0,12.83,1,0,22538.98
2025-01-05 19:00:00,13.07,74.9,7.75,18.01,1,0,23986.92
2025-01-05 20:00:00,11.26,76.76,13.6,16.22,1,0,25581.53
2025-01-05 21:00:00,7.92,75.97,0.0,18.67,1,0,25723.48
2025-01-05 22:00:00,10.79,80.56,0.0,16.96,1,0,23998.35
2025-01-05 23:00:00,8.88,77.41,0.0,15.57,1,0,22561.49
2025-01-06 00:00:00,7.9,72.26,25.99,15.19,0,0,25205.91
2025-01-06 01:00:00,4.05,82.87,0.0,24.39,0,0,27919.87
2025-01-06 02:00:00,7.71,84.99,11.66,21.62,0,0,23412.42
2025-01-06 03:00:00,2.49,84.21,35.56,17.98,0,0,26848.75
2025-01-06 04:00:00,6.24,89.34,5.5,16.52,0,0,23601.16
2025-01-06 05:00:00,9.63,81.05,0.0,18.13,0,0,22225.29
2025-01-06 06:00:00,4.69,85.13,4.85,19.14,0,0,27508.03
2025-01-06 07:00:00,6.49,81.65,115.78,17.71,0,0,26688.19
2025-01-06 08:00:00,8.9,79.72,251.77,13.62,0,0,27789.29
2025-01-06 09:00:00,9.11,78.75,319.78,22.49,0,0,28498.65
2025-01-06 10:00:00,8.52,79.12,368.52,17.11,0,0,29412.73
2025-01-06 11:00:00,12.64,78.75,452.4,23.3,0,0,25419.11
2025-01-06 12:00:00,11.64,73.78,472.0,16.9,0,0,23357.16
2025-01-06 13:00:00,15.2,70.02,392.75,15.39,0,0,23602.64
2025-01-06 14:00:00,13.19,71.64,420.45,21.09,0,0,23685.59
2025-01-06 15:00:00,17.8,80.16,321.12,17.3,0,0,22848.62
2025-01-06 16:00:00,13.43,78.03,227.7,16.71,0,0,25374.99
2025-01-06 17:00:00,13.76,76.83,139.37,12.05,0,0,24765.44
2025-01-06 18:00:00,15.01,70.26,0.0,18.56,0,0,27625.84
2025-01-06 19:00:00,10.3,81.22,23.85,14.52,0,0,28716.82
2025-01-06 20:00:00,11.72,76.99,0.0,14.68,0,0,30529.75
2025-01-06 21:00:00,12.37,77.72,0.0,14.53,0,0,28674.23
2025-01-06 22:00:00,5.83,78.85,0.0,17.78,0,0,30290.7
2025-01-06 23:00:00,7.85,81.58,14.18,10.87,0,0,28041.11
2025-01-07 00:00:00,6.94,80.06,0.0,15.71,0,0,25681.18
2025-01-07 01:00:00,7.08,78.57,40.25,19.88,0,0,26119.08
2025-01-07 02:00:00,2.95,88.28,29.73,12.09,0,0,27368.74
2025-01-07 03:00:00,2.63,79.48,33.34,17.06,0,0,26088.51
2025-01-07 04:00:00,6.12,84.75,3.12,14.24,0,0,23058.02
2025-01-07 05:00:00,6.21,85.15,6.45,15.04,0,0,23257.59
2025-01-07 06:00:00,6.92,78.25,0.0,22.24,0,0,25371.87
2025-01-07 07:00:00,8.13,77.4,140.87,10.67,0,0,27096.5
2025-01-07 08:00:00,7.49,80.37,233.54,19.13,0,0,27438.38
2025-01-07 09:00:00,10.42,79.75,331.03,14.78,0,0,28701.61
2025-01-07 10:00:00,11.83,76.74,430.26,14.6,0,0,27515.71
2025-01-07 11:00:00,11.22,79.64,417.67,12.56,0,0,24791.69
2025-01-07 12:00:00,16.9,79.84,444.93,19.09,0,0,23476.01
2025-01-07 13:00:00,15.19,72.3,440.98,15.78,0,0,24802.46
2025-01-07 14:00:00,12.69,69.72,364.67,15.34,0,0,24612.3
2025-01-07 15:00:00,16.19,76.73,312.15,16.84,0,0,24655.3
2025-01-07 16:00:00,13.08,82.96,236.37,15.86,0,0,23817.84
2025-01-07 17:00:00,15.75,75.4,107.84,9.45,0,0,26974.29
2025-01-07 18:00:00,15.63,69.58,32.72,14.73,0,0,26845.17
2025-01-07 19:00:00,11.03,77.58,0.0,19.59,0,0,32904.8
2025-01-07 20:00:00,13.03,71.8,28.07,11.18,0,0,29663.66
2025-01-07 21:00:00,10.75,80.9,16.53,12.64,0,0,30267.57
2025-01-07 22:00:00,10.19,73.42,0.0,14.96,0,0,28041.05
2025-01-07 23:00:00,10.92,76.97,0.0,13.91,0,0,26366.54
2025-01-08 00:00:00,6.02,78.56,0.0,16.56,0,0,26917.98
2025-01-08 01:00:00,4.31,84.63,0.0,12.83,0,0,26958.12
2025-01-08 02:00:00,3.57,83.32,26.18,15.3,0,0,25674.21
2025-01-08 03:00:00,3.53,85.53,0.0,16.49,0,0,25764.5
2025-01-08 04:00:00,5.03,83.56,29.07,18.93,0,0,22986.77
2025-01-08 05:00:00,6.28,78.4,0.0,21.01,0,0,24144.67
2025-01-08 06:00:00,6.96,84.24,17.68,15.74,0,0,25565.97
2025-01-08 07:00:00,8.99,79.71,99.8,23.26,0,0,26456.08
2025-01-08 08:00:00,8.73,76.19,203.32,16.01,0,0,27501.35
2025-01-08 09:00:00,12.62,85.61,318.99,19.55,0,0,28146.8
2025-01-08 10:00:00,10.82,80.17,377.34,23.41,0,0,27618.43
2025-01-08 11:00:00,17.4,71.73,400.84,17.14,0,0,31599.67
2025-01-08 12:00:00,14.66,80.47,450.35,11.85,0,0,26127.35
2025-01-08 13:00:00,12.79,83.86,442.07,16.97,0,0,24118.21
2025-01-08 14:00:00,12.9,75.81,425.67,14.51,0,0,23248.08
2025-01-08 15:00:00,15.87,75.11,345.09,15.69,0,0,23757.4
2025-01-08 16:00:00,14.43,71.06,257.95,23.6,0,0,23764.56
2025-01-08 17:00:00,15.62,73.35,135.75,12.37,0,0,26669.3
2025-01-08 18:00:00,14.39,74.25,8.32,17.71,0,0,28038.21
2025-01-08 19:00:00,12.37,77.61,0.0,13.58,0,0,29334.39
2025-01-08 20:00:00,9.77,80.54,3.75,15.58,0,0,30684.98
2025-01-08 21:00:00,7.27,83.7,14.92,19.26,0,0,31946.66
2025-01-08 22:00:00,7.9,81.84,36.44,17.77,0,0,29059.74
2025-01-08 23:00:00,9.04,75.02,17.16,15.87,0,0,27272.04
2025-01-09 00:00:00,6.85,78.08,31.01,14.58,0,0,25868.39
2025-01-09 01:00:00,3.43,82.73,0.0,17.96,0,0,28328.73
2025-01-09 02:00:00,5.48,81.94,0.0,22.83,0,0,26015.01
2025-01-09 03:00:00,5.69,87.08,10.73,13.7,0,0,22097.66
2025-01-09 04:00:00,3.58,80.13,29.02,23.54,0,0,24621.14
2025-01-09 05:00:00,5.95,81.22,0.0,21.05,0,0,24256.25
2025-01-09 06:00:00,6.57,85.9,0.0,21.65,0,0,25682.02
2025-01-09 07:00:00,5.44,81.9,136.68,17.93,0,0,28389.66
2025-01-09 08:00:00,9.35,81.43,202.71,20.95,0,0,28226.2
2025-01-09 09:00:00,11.01,77.53,366.67,13.32,0,0,27289.26
2025-01-09 10:00:00,13.24,77.11,377.89,14.52,0,0,26165.48
2025-01-09 11:00:00,14.4,74.13,398.03,19.53,0,0,33469.95
2025-01-09 12:00:00,11.06,80.71,461.98,17.89,0,0,25718.07
2025-01-09 13:00:00,12.64,70.44,488.45,16.33,0,0,23865.78
2025-01-09 14:00:00,15.76,72.36,414.53,8.09,0,0,24070.71
2025-01-09 15:00:00,15.92,74.86,345.27,15.33,0,0,24800.22
2025-01-09 16:00:00,15.76,75.95,231.9,12.74,0,0,24773.96
2025-01-09 17:00:00,21.27,74.83,115.69,18.58,0,0,26130.31
2025-01-09 18:00:00,14.56,73.33,0.0,16.19,0,0,27645.04
2025-01-09 19:00:00,14.54,80.83,0.0,14.66,0,0,28646.27
2025-01-09 20:00:00,13.01,73.65,4.91,26.1,0,0,29835.35
2025-01-09 21:00:00,11.17,83.26,32.81,20.49,0,0,28444.25
2025-01-09 22:00:00,8.14,83.94,8.6,20.55,0,0,29326.2
2025-01-09 23:00:00,8.87,76.36,15.59,24.56,0,0,27044.03
2025-01-10 00:00:00,5.08,84.66,39.59,19.86,0,0,27415.79
2025-01-10 01:00:00,5.25,83.07,8.22,14.35,0,0,26215.89
2025-01-10 02:00:00,4.3,86.63,0.0,13.94,0,0,26694.0
2025-01-10 03:00:00,5.15,82.47,0.0,20.43,0,0,24520.12
2025-01-10 04:00:00,9.34,78.37,50.56,9.84,0,0,20557.43
2025-01-10 05:00:00,2.31,91.4,13.16,16.78,0,0,25937.82
2025-01-10 06:00:00,7.7,80.68,0.0,9.45,0,0,23920.77
2025-01-10 07:00:00,4.6,87.17,91.98,17.4,0,0,29145.27
2025-01-10 08:00:00,7.86,80.02,265.59,20.04,0,0,28904.8
2025-01-10 09:00:00,11.96,83.9,305.36,18.03,0,0,28679.16
2025-01-10 10:00:00,11.41,75.02,452.09,20.34,0,0,27067.71
2025-01-10 11:00:00,10.56,76.04,383.64,23.93,0,0,25198.54
2025-01-10 12:00:00,12.25,83.07,504.08,16.55,0,0,24648.29
2025-01-10 13:00:00,15.56,72.22,464.73,26.88,0,0,25068.61
2025-01-10 14:00:00,13.52,82.24,408.71,17.8,0,0,23671.55
2025-01-10 15:00:00,15.39,77.72,326.91,20.37,0,0,24977.42
2025-01-10 16:00:00,14.91,73.96,281.53,14.91,0,0,24859.56
2025-01-10 17:00:00,13.16,68.9,138.94,22.72,0,0,26206.14
2025-01-10 18:00:00,17.4,72.26,0.0,20.7,0,0,28544.18
2025-01-10 19:00:00,13.64,76.13,0.0,22.2,0,0,27659.51
2025-01-10 20:00:00,7.65,85.78,4.43,17.24,0,0,32120.33
2025-01-10 21:00:00,10.34,85.05,0.0,12.66,0,0,29347.19
2025-01-10 22:00:00,7.52,78.49,0.0,18.66,0,0,28839.18
2025-01-10 23:00:00,9.04,83.07,0.0,11.11,0,0,26931.89
2025-01-11 00:00:00,5.05,86.52,0.0,16.07,1,0,24620.84
2025-01-11 01:00:00,5.47,87.37,0.23,17.92,1,0,23702.93
2025-01-11 02:00:00,6.09,84.51,18.15,25.57,1,0,20192.17
2025-01-11 03:00:00,6.57,74.32,37.32,18.36,1,0,19459.75
2025-01-11 04:00:00,3.02,84.66,22.72,17.74,1,0,22266.87
2025-01-11 05:00:00,5.08,78.81,0.0,17.03,1,0,21050.2
2025-01-11 06:00:00,5.62,82.13,9.22,12.55,1,0,22428.98
2025-01-11 07:00:00,6.33,86.22,124.59,17.55,1,0,22822.92
2025-01-11 08:00:00,11.89,78.52,204.34,17.61,1,0,22307.22
2025-01-11 09:00:00,10.74,82.93,346.04,13.86,1,0,22794.4
2025-01-11 10:00:00,9.03,81.24,458.03,13.09,1,0,22875.77
2025-01-11 11:00:00,14.16,70.06,459.91,15.56,1,0,21109.89
2025-01-11 12:00:00,17.36,62.29,435.44,17.47,1,0,20462.11
2025-01-11 13:00:00,16.2,74.02,459.85,15.65,1,0,20122.22
2025-01-11 14:00:00,12.1,76.25,381.27,13.57,1,0,19950.67
2025-01-11 15:00:00,14.14,71.37,357.67,18.26,1,0,25726.35
2025-01-11 16:00:00,17.12,65.79,250.77,19.13,1,0,20443.89
2025-01-11 17:00:00,13.07,73.3,118.74,17.67,1,0,22844.84
2025-01-11 18:00:00,14.34,74.32,0.0,15.28,1,0,22920.95
2025-01-11 19:00:00,13.9,78.15,0.0,19.33,1,0,24811.15
2025-01-11 20:00:00,9.63,80.09,0.21,16.58,1,0,26144.18
2025-01-11 21:00:00,9.9,85.52,0.0,13.09,1,0,30962.23
2025-01-11 22:00:00,2.88,81.27,0.0,20.87,1,0,27727.38
2025-01-11 23:00:00,5.67,86.42,28.47,18.48,1,0,24464.74
2025-01-12 00:00:00,6.03,82.76,0.0,17.02,1,0,23158.97
2025-01-12 01:00:00,3.44,87.68,4.18,11.94,1,0,24073.64
2025-01-12 02:00:00,8.13,78.94,7.13,14.83,1,0,19865.73
2025-01-12 03:00:00,2.44,90.09,8.05,24.51,1,0,22715.2
2025-01-12 04:00:00,4.4,85.22,0.0,12.16,1,0,20945.41
2025-01-12 05:00:00,5.92,79.95,0.0,16.56,1,0,21747.3
2025-01-12 06:00:00,9.08,79.78,0.0,17.38,1,0,20591.59
2025-01-12 07:00:00,4.93,82.6,134.65,18.56,1,0,24708.42
2025-01-12 08:00:00,10.82,80.22,222.82,12.2,1,0,23355.74
2025-01-12 09:00:00,10.04,74.24,331.98,18.05,1,0,23325.35
2025-01-12 10:00:00,9.55,79.29,470.64,11.54,1,0,22592.09
2025-01-12 11:00:00,13.35,77.57,419.48,17.78,1,0,21724.55
2025-01-12 12:00:00,13.91,75.61,463.17,15.16,1,0,21762.24
2025-01-12 13:00:00,13.27,81.44,513.03,14.41,1,0,21418.75
2025-01-12 14:00:00,14.97,77.62,416.35,20.36,1,0,19276.46
2025-01-12 15:00:00,14.33,75.07,323.21,16.62,1,0,21045.73
2025-01-12 16:00:00,15.05,75.32,270.24,19.1,1,0,19613.42
2025-01-12 17:00:00,15.54,75.2,126.14,19.21,1,0,27286.57
2025-01-12 18:00:00,16.41,74.84,0.0,21.89,1,0,23495.12
2025-01-12 19:00:00,10.29,71.44,4.81,13.21,1,0,23896.13
2025-01-12 20:00:00,15.15,73.16,0.0,20.66,1,0,25725.03
2025-01-12 21:00:00,6.51,76.2,0.0,17.5,1,0,28030.54
2025-01-12 22:00:00,8.45,85.51,0.0,16.12,1,0,24511.31
2025-01-12 23:00:00,8.58,80.03,0.0,13.42,1,0,23261.13
2025-01-13 00:00:00,7.0,80.93,0.27,19.75,0,0,27257.43
2025-01-13 01:00:00,4.58,87.47,8.86,14.4,0,0,32084.72
2025-01-13 02:00:00,4.83,85.34,21.33,19.44,0,0,25488.43
2025-01-13 03:00:00,4.14,79.76,28.2,24.38,0,0,24716.9
2025-01-13 04:00:00,4.14,83.99,0.0,21.06,0,0,24607.12
2025-01-13 05:00:00,7.23,80.15,12.49,22.5,0,0,23298.23
2025-01-13 06:00:00,7.14,74.6,12.31,15.11,0,0,24990.56
2025-01-13 07:00:00,6.28,79.59,134.7,20.3,0,0,27889.23
2025-01-13 08:00:00,10.36,77.94,232.4,13.63,0,0,26994.92
2025-01-13 09:00:00,10.59,78.01,319.91,16.81,0,0,27598.63
2025-01-13 10:00:00,12.79,70.56,435.84,23.72,0,0,26460.18
2025-01-13 11:00:00,13.67,80.3,429.44,15.5,0,0,25302.67
2025-01-13 12:00:00,12.08,76.72,482.07,21.52,0,0,23482.18
2025-01-13 13:00:00,13.35,76.14,408.27,21.18,0,0,24109.83
2025-01-13 14:00:00,16.21,75.01,389.88,21.39,0,0,22844.24
2025-01-13 15:00:00,16.13,70.33,323.68,13.2,0,0,24738.19
2025-01-13 16:00:00,14.82,76.49,271.8,19.47,0,0,24381.39
2025-01-13 17:00:00,14.57,73.42,143.71,17.08,0,0,25708.05
2025-01-13 18:00:00,15.87,70.13,0.0,21.44,0,0,27093.34
2025-01-13 19:00:00,11.47,79.97,18.23,11.84,0,0,28813.89
2025-01-13 20:00:00,12.31,82.89,22.19,18.92,0,0,30321.19
2025-01-13 21:00:00,9.67,82.2,0.0,18.42,0,0,28852.44
2025-01-13 22:00:00,8.35,84.18,0.0,10.66,0,0,27888.64
2025-01-13 23:00:00,9.51,77.36,0.0,14.53,0,0,26822.64
2025-01-14 00:00:00,8.0,74.41,0.0,11.41,0,0,25334.08
2025-01-14 01:00:00,7.18,87.5,0.0,15.27,0,0,25912.94
2025-01-14 02:00:00,7.57,89.41,9.18,19.74,0,0,24757.8
2025-01-14 03:00:00,5.09,89.59,7.0,18.5,0,0,23820.49
2025-01-14 04:00:00,6.45,80.85,11.13,18.41,0,0,23277.56
2025-01-14 05:00:00,5.16,78.74,6.97,14.18,0,0,24057.92
2025-01-14 06:00:00,7.1,77.35,18.25,21.74,0,0,25425.0
2025-01-14 07:00:00,7.31,74.69,123.75,17.75,0,0,26587.26
2025-01-14 08:00:00,8.93,79.53,252.78,17.93,0,0,28158.43
2025-01-14 09:00:00,11.12,84.41,340.41,21.11,0,0,27695.1
2025-01-14 10:00:00,9.87,78.55,414.48,14.35,0,0,27019.9
2025-01-14 11:00:00,16.32,74.52,512.04,18.62,0,0,24913.99
2025-01-14 12:00:00,11.77,82.91,444.37,19.3,0,0,25309.21
2025-01-14 13:00:00,12.19,75.41,500.51,15.91,0,0,23960.77
2025-01-14 14:00:00,16.96,80.88,413.58,20.1,0,0,24773.18
2025-01-14 15:00:00,16.47,81.15,331.6,19.49,0,0,23897.12
2025-01-14 16:00:00,16.0,73.08,254.27,17.46,0,0,25591.75
2025-01-14 17:00:00,15.51,71.73,91.0,17.35,0,0,25169.22
2025-01-14 18:00:00,13.56,78.58,0.0,19.65,0,0,28293.21
2025-01-14 19:00:00,10.93,76.77,0.0,20.58,0,0,29273.85
2025-01-14 20:00:00,11.48,73.04,0.0,18.04,0,0,29875.68
2025-01-14 21:00:00,8.83,85.18,0.0,21.74,0,0,29530.31
2025-01-14 22:00:00,10.51,83.41,40.03,20.12,0,0,28289.6
2025-01-14 23:00:00,7.28,82.07,44.93,11.56,0,0,28557.13
2025-01-15 00:00:00,5.05,78.4,0.0,13.08,0,0,27461.71
2025-01-15 01:00:00,5.16,78.44,13.61,22.14,0,0,25705.7
2025-01-15 02:00:00,5.98,83.05,21.47,17.14,0,0,24639.48
2025-01-15 03:00:00,4.05,82.36,13.57,18.57,0,0,24608.89
2025-01-15 04:00:00,3.76,83.25,0.0,21.99,0,0,25173.15
2025-01-15 05:00:00,6.18,86.53,0.0,17.98,0,0,23684.59
2025-01-15 06:00:00,6.97,84.66,0.0,18.13,0,0,25172.98
2025-01-15 07:00:00,6.66,87.52,119.46,14.96,0,0,27455.1
2025-01-15 08:00:00,7.93,76.9,220.82,19.29,0,0,29617.24
2025-01-15 09:00:00,10.49,77.19,352.2,20.05,0,0,27990.93
2025-01-15 10:00:00,8.76,83.15,397.3,15.98,0,0,28457.22
2025-01-15 11:00:00,10.04,80.76,480.03,14.77,0,0,26088.91
2025-01-15 12:00:00,12.31,83.05,470.93,27.19,0,0,24763.52
2025-01-15 13:00:00,14.02,77.06,490.2,17.67,0,0,23621.02
2025-01-15 14:00:00,15.46,81.48,417.88,15.61,0,0,24338.78
2025-01-15 15:00:00,17.73,74.2,362.33,20.47,0,0,23505.07
2025-01-15 16:00:00,16.44,77.45,278.11,17.82,0,0,25229.08
2025-01-15 17:00:00,14.11,74.01,169.7,14.2,0,0,25307.95
2025-01-15 18:00:00,13.57,75.84,0.0,19.69,0,0,27952.38
2025-01-15 19:00:00,10.76,81.96,0.0,15.01,0,0,30467.82
2025-01-15 20:00:00,11.33,84.25,0.0,23.52,0,0,29663.78
2025-01-15 21:00:00,9.55,82.32,11.51,19.73,0,0,30644.99
2025-01-15 22:00:00,9.36,79.24,0.0,17.03,0,0,28862.66
2025-01-15 23:00:00,6.08,88.04,0.0,18.38,0,0,33531.88
2025-01-16 00:00:00,7.49,72.49,3.26,21.34,0,0,26048.48
2025-01-16 01:00:00,8.52,74.64,2.12,18.83,0,0,25172.28
2025-01-16 02:00:00,5.07,86.16,9.44,25.61,0,0,26412.94
2025-01-16 03:00:00,5.82,82.82,11.09,22.16,0,0,24122.94
2025-01-16 04:00:00,6.51,84.56,8.46,19.89,0,0,22951.56
2025-01-16 05:00:00,5.04,83.72,4.84,14.9,0,0,24814.67
2025-01-16 06:00:00,6.96,84.02,1.39,17.67,0,0,25555.85
2025-01-16 07:00:00,7.62,77.88,148.3,19.86,0,0,26396.96
2025-01-16 08:00:00,8.98,82.2,198.41,15.3,0,0,32473.78
2025-01-16 09:00:00,8.7,84.15,398.37,22.71,0,0,27931.92
2025-01-16 10:00:00,11.43,82.6,385.51,14.77,0,0,26767.36
2025-01-16 11:00:00,13.49,83.91,464.47,15.95,0,0,25412.93
2025-01-16 12:00:00,16.24,74.36,503.11,16.21,0,0,24357.26
2025-01-16 13:00:00,16.15,74.56,508.26,20.78,0,0,23571.42
2025-01-16 14:00:00,18.8,64.99,365.74,15.36,0,0,29413.7
2025-01-16 15:00:00,13.71,73.54,359.06,11.88,0,0,27535.26
2025-01-16 16:00:00,16.49,72.39,274.2,21.99,0,0,24472.06
2025-01-16 17:00:00,14.75,78.93,156.55,16.62,0,0,24870.75
2025-01-16 18:00:00,17.57,69.74,0.0,14.44,0,0,27142.31
2025-01-16 19:00:00,11.14,81.16,0.0,15.54,0,0,29826.75
2025-01-16 20:00:00,9.88,79.1,0.0,24.19,0,0,31026.69
2025-01-16 21:00:00,9.01,79.18,0.0,15.88,0,0,30324.84
2025-01-16 22:00:00,4.98,84.51,0.0,17.75,0,0,31031.95
2025-01-16 23:00:00,6.65,80.45,0.0,16.62,0,0,28843.16
2025-01-17 00:00:00,5.22,81.59,10.86,14.04,0,0,27112.7
2025-01-17 01:00:00,6.06,75.73,3.29,15.76,0,0,26247.29
2025-01-17 02:00:00,5.91,81.69,12.29,13.8,0,0,24930.2
2025-01-17 03:00:00,8.5,78.43,5.35,21.7,0,0,22843.51
2025-01-17 04:00:00,7.0,79.64,17.61,18.71,0,0,23020.32
2025-01-17 05:00:00,4.75,85.39,21.96,27.04,0,0,25006.55
2025-01-17 06:00:00,4.97,86.16,0.0,15.87,0,0,28004.31
2025-01-17 07:00:00,8.51,81.27,112.04,15.35,0,0,26917.36
2025-01-17 08:00:00,6.45,86.18,251.91,23.72,0,0,29862.27
2025-01-17 09:00:00,13.42,78.22,363.87,22.06,0,0,27634.98
2025-01-17 10:00:00,13.54,74.63,429.59,19.7,0,0,26139.23
2025-01-17 11:00:00,11.78,75.55,520.63,14.46,0,0,25251.94
2025-01-17 12:00:00,10.57,79.74,564.89,24.46,0,0,25201.07
2025-01-17 13:00:00,16.89,75.09,502.49,18.1,0,0,24225.07
2025-01-17 14:00:00,14.74,80.33,448.45,16.85,0,0,28769.28
2025-01-17 15:00:00,17.35,77.15,385.67,22.36,0,0,23816.22
2025-01-17 16:00:00,12.08,74.96,211.05,18.28,0,0,24791.28
2025-01-17 17:00:00,13.37,75.56,134.11,14.28,0,0,25843.23
2025-01-17 18:00:00,13.67,78.38,24.48,18.5,0,0,27419.25
2025-01-17 19:00:00,12.71,80.83,0.0,15.62,0,0,28864.4
2025-01-17 20:00:00,10.6,82.22,0.0,7.82,0,0,29028.5
2025-01-17 21:00:00,11.24,77.63,0.0,15.27,0,0,27577.25
2025-01-17 22:00:00,6.9,76.77,0.0,16.51,0,0,29249.45
2025-01-17 23:00:00,7.36,77.38,0.0,14.31,0,0,33690.72
2025-01-18 00:00:00,6.83,82.94,52.4,20.54,1,0,21682.12
2025-01-18 01:00:00,6.75,83.29,0.0,15.81,1,0,22034.37
2025-01-18 02:00:00,6.6,77.67,0.0,20.2,1,0,21900.74
2025-01-18 03:00:00,3.13,85.36,0.0,14.21,1,0,22627.44
2025-01-18 04:00:00,2.56,88.22,22.7,21.71,1,0,22278.58
2025-01-18 05:00:00,8.12,76.09,0.44,14.06,1,0,19947.71
2025-01-18 06:00:00,7.21,85.93,12.14,10.33,1,0,20907.65
2025-01-18 07:00:00,6.3,80.82,113.31,22.86,1,0,23563.12
2025-01-18 08:00:00,11.65,82.55,298.18,15.53,1,0,23237.03
2025-01-18 09:00:00,10.36,76.54,383.13,24.68,1,0,23507.75
2025-01-18 10:00:00,13.57,71.68,478.23,20.5,1,0,22642.87
2025-01-18 11:00:00,12.77,74.67,513.31,21.29,1,0,23137.99
2025-01-18 12:00:00,17.4,71.96,542.59,22.19,1,0,21127.41
2025-01-18 13:00:00,17.64,70.57,482.36,18.92,1,0,21763.3
2025-01-18 14:00:00,14.53,74.06,439.75,18.96,1,0,19312.92
2025-01-18 15:00:00,16.9,74.13,402.75,23.01,1,0,23699.26
2025-01-18 16:00:00,16.14,72.79,299.98,18.92,1,0,21299.27
2025-01-18 17:00:00,16.95,72.48,106.42,15.98,1,0,21978.75
2025-01-18 18:00:00,11.95,70.41,6.24,20.58,1,0,21903.6
2025-01-18 19:00:00,13.89,77.07,0.0,11.13,1,0,24376.45
2025-01-18 20:00:00,13.35,75.63,0.0,23.15,1,0,26682.46
2025-01-18 21:00:00,6.99,88.15,7.12,23.22,1,0,26782.01
2025-01-18 22:00:00,6.73,78.18,28.52,22.72,1,0,25872.41
2025-01-18 23:00:00,3.98,77.18,11.29,22.59,1,0,25454.79
2025-01-19 00:00:00,6.17,84.92,0.0,18.4,1,0,22991.3
2025-01-19 01:00:00,7.15,82.95,12.87,18.32,1,0,21836.03
2025-01-19 02:00:00,8.06,76.71,0.0,14.39,1,0,21115.65
2025-01-19 03:00:00,5.32,77.09,10.3,24.81,1,0,21420.71
2025-01-19 04:00:00,8.29,86.69,34.91,17.0,1,0,18708.12
2025-01-19 05:00:00,3.37,90.62,0.0,19.88,1,0,22236.24
2025-01-19 06:00:00,3.58,74.83,19.93,19.58,1,0,22668.91
2025-01-19 07:00:00,7.59,79.34,98.31,14.0,1,0,22015.61
2025-01-19 08:00:00,9.58,86.03,294.96,12.59,1,0,23617.68
2025-01-19 09:00:00,10.13,76.98,357.79,18.71,1,0,24474.67
2025-01-19 10:00:00,7.76,79.05,427.26,17.11,1,0,25454.49
2025-01-19 11:00:00,12.53,75.59,527.88,18.38,1,0,21349.08
2025-01-19 12:00:00,11.37,73.28,537.61,22.42,1,0,20211.92
2025-01-19 13:00:00,15.72,67.03,485.52,19.48,1,0,21223.36
2025-01-19 14:00:00,15.68,78.1,426.38,21.35,1,0,19968.51
2025-01-19 15:00:00,13.49,68.49,369.02,20.25,1,0,19587.69
2025-01-19 16:00:00,14.09,76.31,234.15,17.59,1,0,20712.65
2025-01-19 17:00:00,12.61,80.2,110.25,15.19,1,0,21585.61
2025-01-19 18:00:00,13.61,69.95,2.89,19.62,1,0,24093.65
2025-01-19 19:00:00,14.41,71.33,0.0,18.99,1,0,25088.34
2025-01-19 20:00:00,9.71,84.11,10.66,21.9,1,0,25324.07
2025-01-19 21:00:00,11.09,80.15,37.25,18.17,1,0,25643.89
2025-01-19 22:00:00,7.94,78.38,0.0,17.65,1,0,24894.73
2025-01-19 23:00:00,6.26,87.17,3.25,17.89,1,0,25125.6
2025-01-20 00:00:00,6.5,86.98,50.45,15.64,0,0,27496.33
2025-01-20 01:00:00,4.03,85.45,0.0,23.92,0,0,27782.72
2025-01-20 02:00:00,4.4,80.44,29.78,22.85,0,0,26902.73
2025-01-20 03:00:00,3.07,83.58,26.77,14.61,0,0,25849.67
2025-01-20 04:00:00,8.93,81.11,21.36,21.67,0,0,21931.73
2025-01-20 05:00:00,5.96,81.88,32.29,12.4,0,0,24200.59
2025-01-20 06:00:00,5.43,86.87,7.01,22.31,0,0,27163.11
2025-01-20 07:00:00,8.11,74.58,123.9,16.42,0,0,27879.08
2025-01-20 08:00:00,8.73,74.17,294.87,20.12,0,0,28541.45
2025-01-20 09:00:00,9.83,79.88,406.63,12.1,0,0,28209.15
2025-01-20 10:00:00,12.62,74.68,490.96,14.66,0,0,33699.75
2025-01-20 11:00:00,14.09,72.81,517.89,20.5,0,0,23874.89
2025-01-20 12:00:00,12.8,69.41,517.1,16.4,0,0,24319.47
2025-01-20 13:00:00,13.52,75.91,521.56,15.92,0,0,24861.4
2025-01-20 14:00:00,14.56,74.68,486.89,23.74,0,0,24745.79
2025-01-20 15:00:00,11.08,80.64,403.92,26.6,0,0,24023.05
2025-01-20 16:00:00,12.33,77.18,256.76,22.14,0,0,24852.31
2025-01-20 17:00:00,17.01,72.16,146.35,15.04,0,0,25662.65
2025-01-20 18:00:00,16.72,77.66,0.0,25.03,0,0,27784.16
2025-01-20 19:00:00,12.28,71.7,24.62,13.39,0,0,30289.33
2025-01-20 20:00:00,12.56,78.84,0.0,17.79,0,0,29960.5
2025-01-20 21:00:00,10.78,71.61,19.63,19.05,0,0,28784.34
2025-01-20 22:00:00,14.47,71.62,0.0,25.59,0,0,27284.95
2025-01-20 23:00:00,9.74,74.38,25.79,22.05,0,0,27538.63
2025-01-21 00:00:00,6.5,85.28,8.05,17.39,0,0,25718.03
2025-01-21 01:00:00,4.22,83.94,0.0,15.71,0,0,27405.73
2025-01-21 02:00:00,2.54,85.66,17.28,22.52,0,0,28480.98
2025-01-21 03:00:00,5.63,78.51,0.0,17.15,0,0,24985.0
2025-01-21 04:00:00,4.07,83.14,18.74,19.77,0,0,25033.38
2025-01-21 05:00:00,3.38,81.9,0.0,14.22,0,0,25703.63
2025-01-21 06:00:00,5.57,84.52,0.0,21.01,0,0,26785.76
2025-01-21 07:00:00,5.82,78.8,115.58,20.73,0,0,28678.4
2025-01-21 08:00:00,12.01,82.51,259.97,14.67,0,0,27027.67
2025-01-21 09:00:00,11.85,70.63,417.08,22.63,0,0,27431.57
2025-01-21 10:00:00,11.55,74.38,491.46,20.96,0,0,27089.44
2025-01-21 11:00:00,15.43,80.82,563.62,21.6,0,0,25207.08
2025-01-21 12:00:00,13.94,73.71,582.81,17.69,0,0,26394.92
2025-01-21 13:00:00,13.05,71.0,509.65,19.64,0,0,24357.27
2025-01-21 14:00:00,17.84,72.82,464.21,19.24,0,0,24471.9
2025-01-21 15:00:00,16.24,71.48,372.6,18.5,0,0,24108.69
2025-01-21 16:00:00,13.23,72.75,253.95,19.61,0,0,25294.79
2025-01-21 17:00:00,14.25,70.79,94.11,23.41,0,0,24941.69
2025-01-21 18:00:00,12.23,88.07,0.0,22.78,0,0,26201.28
2025-01-21 19:00:00,10.28,77.74,0.0,14.88,0,0,29416.19
2025-01-21 20:00:00,13.23,68.39,0.0,22.46,0,0,30835.14
2025-01-21 21:00:00,13.7,81.64,52.89,23.18,0,0,29639.14
2025-01-21 22:00:00,6.45,84.64,0.0,18.49,0,0,29641.52
2025-01-21 23:00:00,8.78,77.03,4.87,20.79,0,0,27478.62
2025-01-22 00:00:00,5.6,79.23,22.67,20.9,0,0,26855.2
2025-01-22 01:00:00,5.1,86.1,7.01,16.19,0,0,27414.49
2025-01-22 02:00:00,4.41,83.04,7.31,17.83,0,0,26851.54
2025-01-22 03:00:00,3.76,76.91,0.0,21.8,0,0,26162.77
2025-01-22 04:00:00,5.57,90.14,0.0,17.43,0,0,22489.95
2025-01-22 05:00:00,4.48,82.23,0.0,22.58,0,0,24411.94
2025-01-22 06:00:00,7.26,87.45,21.15,23.74,0,0,25222.53
2025-01-22 07:00:00,7.72,86.17,98.27,23.17,0,0,26458.15
2025-01-22 08:00:00,8.59,76.26,298.22,26.1,0,0,27545.14
2025-01-22 09:00:00,8.68,84.32,352.32,18.85,0,0,29064.56
2025-01-22 10:00:00,10.57,75.88,498.55,19.79,0,0,26818.09
2025-01-22 11:00:00,14.17,67.78,520.38,20.29,0,0,27264.44
2025-01-22 12:00:00,14.75,73.03,517.09,18.96,0,0,24436.23
2025-01-22 13:00:00,12.88,78.0,543.7,21.07,0,0,24079.57
2025-01-22 14:00:00,15.32,72.36,497.71,13.18,0,0,24308.76
2025-01-22 15:00:00,16.66,71.78,376.46,19.89,0,0,23270.16
2025-01-22 16:00:00,12.14,81.65,291.96,14.35,0,0,25075.87
2025-01-22 17:00:00,15.62,74.37,84.68,15.8,0,0,26007.62
2025-01-22 18:00:00,12.65,73.24,0.0,21.73,0,0,27108.87
2025-01-22 19:00:00,13.84,78.35,32.31,18.47,0,0,29031.79
2025-01-22 20:00:00,10.23,79.58,0.0,21.61,0,0,30383.62
2025-01-22 21:00:00,7.06,71.56,0.0,18.4,0,0,32205.91
2025-01-22 22:00:00,6.09,84.23,0.0,23.04,0,0,32042.87
2025-01-22 23:00:00,7.9,82.46,0.0,18.33,0,0,26976.73
2025-01-23 00:00:00,7.29,81.52,0.0,12.47,0,0,25262.17
2025-01-23 01:00:00,4.4,87.61,0.0,20.1,0,0,27733.37
2025-01-23 02:00:00,6.68,79.3,4.47,11.73,0,0,23526.24
2025-01-23 03:00:00,2.37,87.21,0.0,14.23,0,0,27113.23
2025-01-23 04:00:00,5.41,76.86,33.99,16.23,0,0,23697.64
2025-01-23 05:00:00,3.85,86.16,10.61,15.79,0,0,25962.77
2025-01-23 06:00:00,5.65,90.73,11.44,17.41,0,0,26181.81
2025-01-23 07:00:00,7.94,76.87,172.58,15.67,0,0,27157.91
2025-01-23 08:00:00,7.52,78.19,267.41,14.4,0,0,29226.82
2025-01-23 09:00:00,9.67,76.46,360.38,24.71,0,0,28480.24
2025-01-23 10:00:00,13.46,76.41,510.18,16.94,0,0,26085.41
2025-01-23 11:00:00,11.82,73.11,538.78,11.51,0,0,25936.42
2025-01-23 12:00:00,15.4,75.82,557.75,18.05,0,0,25987.87
2025-01-23 13:00:00,12.66,79.99,519.55,15.38,0,0,24411.8
2025-01-23 14:00:00,16.14,75.61,464.59,16.22,0,0,24204.45
2025-01-23 15:00:00,17.95,64.77,413.09,21.8,0,0,25264.35
2025-01-23 16:00:00,10.74,82.31,301.75,17.75,0,0,24643.21
2025-01-23 17:00:00,13.25,79.82,163.05,15.28,0,0,30766.97
2025-01-23 18:00:00,14.93,77.88,19.82,20.88,0,0,26991.32
2025-01-23 19:00:00,12.49,78.25,14.23,23.34,0,0,29560.01
2025-01-23 20:00:00,12.32,77.79,3.29,21.2,0,0,30018.73
2025-01-23 21:00:00,9.27,83.79,0.0,10.73,0,0,33040.13
2025-01-23 22:00:00,9.22,87.4,30.26,15.41,0,0,28276.36
2025-01-23 23:00:00,7.58,77.37,0.0,19.48,0,0,28503.15
2025-01-24 00:00:00,8.98,84.23,9.25,18.6,0,0,23875.91
2025-01-24 01:00:00,6.54,81.77,0.0,18.31,0,0,25820.92
2025-01-24 02:00:00,6.19,81.91,0.0,16.02,0,0,25618.54
2025-01-24 03:00:00,4.67,77.65,0.0,14.54,0,0,24654.92
2025-01-24 04:00:00,4.7,82.63,0.0,26.49,0,0,24240.6
2025-01-24 05:00:00,5.3,79.24,19.95,19.55,0,0,23292.08
2025-01-24 06:00:00,7.59,79.31,0.0,21.71,0,0,24503.86
2025-01-24 07:00:00,7.15,77.17,147.57,19.48,0,0,27937.39
2025-01-24 08:00:00,9.64,77.53,283.61,19.62,0,0,27203.94
2025-01-24 09:00:00,14.15,73.64,351.13,19.24,0,0,26626.45
2025-01-24 10:00:00,13.27,76.44,474.46,15.54,0,0,27649.77
2025-01-24 11:00:00,12.32,70.45,547.89,14.16,0,0,26132.15
2025-01-24 12:00:00,16.11,67.72,571.31,20.81,0,0,24075.24
2025-01-24 13:00:00,14.01,76.84,536.39,20.12,0,0,24345.25
2025-01-24 14:00:00,11.57,74.4,502.41,22.74,0,0,23518.6
2025-01-24 15:00:00,13.6,80.06,393.67,22.03,0,0,24151.23
2025-01-24 16:00:00,11.87,78.22,280.64,16.63,0,0,24877.55
2025-01-24 17:00:00,14.11,77.73,151.38,23.42,0,0,25260.15
2025-01-24 18:00:00,13.98,81.06,23.17,22.14,0,0,27818.44
2025-01-24 19:00:00,15.93,72.42,0.0,21.88,0,0,29437.01
2025-01-24 20:00:00,12.29,74.64,0.0,27.33,0,0,29671.32
2025-01-24 21:00:00,10.02,82.47,0.0,26.61,0,0,29826.96
2025-01-24 22:00:00,10.61,80.49,0.0,21.87,0,0,26828.32
2025-01-24 23:00:00,3.93,83.71,35.66,21.44,0,0,31363.87
2025-01-25 00:00:00,7.36,86.94,14.32,23.38,1,0,22091.68
2025-01-25 01:00:00,7.52,80.38,0.0,17.55,1,0,21032.33
2025-01-25 02:00:00,2.98,85.45,0.0,17.6,1,0,23603.52
2025-01-25 03:00:00,7.53,81.31,9.32,21.95,1,0,19905.01
2025-01-25 04:00:00,6.25,78.64,0.0,16.6,1,0,19903.38
2025-01-25 05:00:00,5.39,83.46,0.0,21.67,1,0,20164.81
2025-01-25 06:00:00,8.07,86.32,33.62,20.15,1,0,21538.66
2025-01-25 07:00:00,12.05,78.93,131.38,16.6,1,0,21325.97
2025-01-25 08:00:00,9.5,79.57,307.31,19.69,1,0,23925.44
2025-01-25 09:00:00,10.91,77.53,432.23,24.16,1,0,23098.45
2025-01-25 10:00:00,10.93,79.49,472.59,19.88,1,0,23856.37
2025-01-25 11:00:00,11.44,80.7,525.31,19.9,1,0,22154.98
2025-01-25 12:00:00,15.5,76.49,559.97,20.75,1,0,21838.11
2025-01-25 13:00:00,13.26,74.74,520.35,21.2,1,0,19619.28
2025-01-25 14:00:00,15.42,75.42,493.96,18.44,1,0,19587.14
2025-01-25 15:00:00,14.61,76.77,395.7,20.82,1,0,20456.76
2025-01-25 16:00:00,16.16,69.43,292.45,15.92,1,0,21987.49
2025-01-25 17:00:00,15.4,74.81,181.64,16.8,1,0,23193.65
2025-01-25 18:00:00,15.87,65.07,20.44,17.25,1,0,22658.06
2025-01-25 19:00:00,12.05,79.09,12.23,21.24,1,0,24560.15
2025-01-25 20:00:00,11.27,80.5,0.0,20.16,1,0,25331.47
2025-01-25 21:00:00,8.7,83.16,11.08,19.13,1,0,26185.28
2025-01-25 22:00:00,8.37,78.89,43.07,22.01,1,0,25167.35
2025-01-25 23:00:00,8.65,81.45,0.0,20.92,1,0,22410.66
2025-01-26 00:00:00,8.35,86.18,17.23,18.71,1,1,17344.47
2025-01-26 01:00:00,4.54,89.57,0.0,16.1,1,1,17434.79
2025-01-26 02:00:00,7.26,81.35,0.0,16.86,1,1,17181.37
2025-01-26 03:00:00,7.97,81.38,20.03,14.59,1,1,15128.62
2025-01-26 04:00:00,6.44,86.65,42.74,20.22,1,1,14783.23
2025-01-26 05:00:00,9.57,73.38,19.38,16.71,1,1,15105.88
2025-01-26 06:00:00,5.6,81.67,0.0,17.99,1,1,17721.97
2025-01-26 07:00:00,5.78,88.14,124.75,19.28,1,1,20157.62
2025-01-26 08:00:00,6.03,86.47,290.17,23.38,1,1,19767.96
2025-01-26 09:00:00,13.22,77.58,427.08,22.98,1,1,20126.59
2025-01-26 10:00:00,13.0,70.28,486.65,19.54,1,1,18888.07
2025-01-26 11:00:00,12.93,76.16,546.32,24.16,1,1,18378.93
2025-01-26 12:00:00,14.56,72.54,643.66,12.68,1,1,16183.55
2025-01-26 13:00:00,12.83,77.78,580.55,26.3,1,1,17656.05
2025-01-26 14:00:00,19.76,66.98,525.08,22.15,1,1,15610.29
2025-01-26 15:00:00,15.76,69.71,368.74,20.09,1,1,16353.85
2025-01-26 16:00:00,15.55,65.75,268.88,16.61,1,1,17674.86
2025-01-26 17:00:00,16.16,78.34,150.2,18.19,1,1,17863.66
2025-01-26 18:00:00,14.93,72.96,0.0,21.86,1,1,23511.32
2025-01-26 19:00:00,13.43,76.54,40.01,21.94,1,1,20358.56
2025-01-26 20:00:00,10.4,78.63,35.26,22.07,1,1,20640.08
2025-01-26 21:00:00,11.37,73.5,0.0,17.18,1,1,19452.05
2025-01-26 22:00:00,12.62,71.61,44.6,16.47,1,1,17586.12
2025-01-26 23:00:00,10.45,74.57,0.0,20.41,1,1,18160.83
2025-01-27 00:00:00,9.92,76.18,64.73,22.55,0,0,24483.29
2025-01-27 01:00:00,5.34,84.66,3.62,19.87,0,0,27061.65
2025-01-27 02:00:00,3.98,81.24,14.4,25.04,0,0,25826.94
2025-01-27 03:00:00,5.36,90.16,35.0,19.97,0,0,29188.4
2025-01-27 04:00:00,5.86,86.83,31.94,19.85,0,0,23611.24
2025-01-27 05:00:00,8.23,83.83,12.77,22.2,0,0,23867.62
2025-01-27 06:00:00,4.01,83.91,0.0,24.12,0,0,27480.37
2025-01-27 07:00:00,10.84,84.3,162.79,15.13,0,0,26416.03
2025-01-27 08:00:00,9.01,79.02,269.24,15.94,0,0,28539.74
2025-01-27 09:00:00,9.82,79.04,413.42,18.76,0,0,28426.83
2025-01-27 10:00:00,10.06,79.63,473.95,30.91,0,0,26986.7
2025-01-27 11:00:00,10.11,81.71,515.03,18.94,0,0,25827.42
2025-01-27 12:00:00,15.6,76.51,580.55,19.43,0,0,25184.19
2025-01-27 13:00:00,15.05,72.55,591.11,22.02,0,0,23913.0
2025-01-27 14:00:00,13.1,74.08,524.83,23.27,0,0,23715.38
2025-01-27 15:00:00,13.26,78.63,407.57,20.45,0,0,24132.93
2025-01-27 16:00:00,14.81,77.53,333.32,23.93,0,0,24638.85
2025-01-27 17:00:00,17.92,70.3,135.71,15.68,0,0,26371.17
2025-01-27 18:00:00,13.66,69.36,0.0,17.17,0,0,27007.35
2025-01-27 19:00:00,10.38,77.83,0.0,23.92,0,0,29911.58
2025-01-27 20:00:00,11.44,80.2,0.0,19.89,0,0,29913.81
2025-01-27 21:00:00,10.1,86.13,20.42,15.44,0,0,28431.64
2025-01-27 22:00:00,4.44,79.21,0.0,15.23,0,0,31824.32
2025-01-27 23:00:00,7.99,79.1,11.52,17.02,0,0,25877.13
2025-01-28 00:00:00,6.7,80.41,41.16,19.98,0,0,25915.36
2025-01-28 01:00:00,7.58,86.6,0.0,21.61,0,0,25721.87
2025-01-28 02:00:00,9.15,79.63,11.96,18.82,0,0,23348.09
2025-01-28 03:00:00,7.68,77.46,13.47,21.32,0,0,21603.27
2025-01-28 04:00:00,5.34,85.43,0.0,18.44,0,0,22947.97
2025-01-28 05:00:00,4.33,82.48,33.86,24.26,0,0,23654.07
2025-01-28 06:00:00,11.75,72.53,0.0,28.91,0,0,22154.06
2025-01-28 07:00:00,8.26,76.99,141.92,18.6,0,0,27173.79
2025-01-28 08:00:00,9.38,86.49,345.5,21.65,0,0,27465.0
2025-01-28 09:00:00,10.61,79.99,427.02,21.37,0,0,28020.26
2025-01-28 10:00:00,12.3,77.36,530.12,20.46,0,0,26968.59
2025-01-28 11:00:00,12.89,75.4,599.34,22.26,0,0,25818.14
2025-01-28 12:00:00,13.16,77.32,569.16,21.65,0,0,25447.83
2025-01-28 13:00:00,14.0,76.52,596.72,18.33,0,0,24123.33
2025-01-28 14:00:00,15.42,75.29,494.44,24.58,0,0,24707.3
2025-01-28 15:00:00,14.67,75.26,400.34,20.68,0,0,22640.06
2025-01-28 16:00:00,14.2,78.7,285.91,18.63,0,0,25467.76
2025-01-28 17:00:00,15.17,74.44,135.97,28.53,0,0,24947.12
2025-01-28 18:00:00,13.73,71.73,20.55,19.57,0,0,26638.51
2025-01-28 19:00:00,15.86,71.28,6.68,20.87,0,0,28395.73
2025-01-28 20:00:00,7.18,73.62,0.0,20.59,0,0,32544.81
2025-01-28 21:00:00,12.62,84.75,16.86,19.52,0,0,28275.69
2025-01-28 22:00:00,11.6,81.01,0.0,21.54,0,0,26990.86
2025-01-28 23:00:00,4.42,80.7,0.0,17.02,0,0,29472.82
2025-01-29 00:00:00,6.57,80.96,1.22,22.18,0,0,33588.33
2025-01-29 01:00:00,5.72,80.3,11.59,13.93,0,0,27167.29
2025-01-29 02:00:00,3.36,91.15,9.75,15.55,0,0,28457.27
2025-01-29 03:00:00,4.32,78.43,0.0,26.48,0,0,33566.57
2025-01-29 04:00:00,3.89,84.96,21.18,15.69,0,0,25201.17
2025-01-29 05:00:00,9.55,78.97,0.0,13.23,0,0,22144.66
2025-01-29 06:00:00,8.87,83.32,0.0,15.78,0,0,23498.97
2025-01-29 07:00:00,10.51,78.12,116.39,26.18,0,0,26856.5
2025-01-29 08:00:00,10.73,71.31,320.33,13.82,0,0,27326.28
2025-01-29 09:00:00,8.69,79.17,418.56,16.74,0,0,28694.21
2025-01-29 10:00:00,11.07,74.15,517.52,14.98,0,0,27465.49
2025-01-29 11:00:00,14.1,75.63,597.48,19.13,0,0,25383.33
2025-01-29 12:00:00,12.06,82.88,579.56,18.56,0,0,23263.3
2025-01-29 13:00:00,16.34,66.34,536.98,18.41,0,0,24626.89
2025-01-29 14:00:00,15.12,71.19,513.99,26.58,0,0,24987.97
2025-01-29 15:00:00,15.05,72.24,425.95,15.89,0,0,24612.33
2025-01-29 16:00:00,16.83,71.33,289.18,19.73,0,0,24740.74
2025-01-29 17:00:00,15.85,76.7,189.93,21.27,0,0,25794.3
2025-01-29 18:00:00,13.61,75.06,0.0,16.66,0,0,27447.91
2025-01-29 19:00:00,15.31,75.88,28.0,21.79,0,0,28945.81
2025-01-29 20:00:00,10.07,76.43,19.78,18.69,0,0,30140.78
2025-01-29 21:00:00,11.83,78.27,11.42,21.4,0,0,28895.81
2025-01-29 22:00:00,10.5,81.66,0.0,19.71,0,0,28830.72
2025-01-29 23:00:00,7.66,78.18,32.1,12.91,0,0,28123.84
2025-01-30 00:00:00,7.85,84.06,0.0,24.77,0,0,25817.46
2025-01-30 01:00:00,4.21,84.42,0.0,27.44,0,0,28241.77
2025-01-30 02:00:00,7.63,85.31,0.0,19.58,0,0,24682.48
2025-01-30 03:00:00,5.46,82.28,10.19,17.05,0,0,24882.01
2025-01-30 04:00:00,5.02,85.01,15.99,25.47,0,0,23420.28
2025-01-30 05:00:00,8.35,80.32,22.32,26.81,0,0,22263.81
2025-01-30 06:00:00,5.99,82.22,20.4,19.61,0,0,25607.21
2025-01-30 07:00:00,5.76,83.85,160.97,19.43,0,0,28950.46
2025-01-30 08:00:00,6.7,84.12,309.15,19.92,0,0,29926.55
2025-01-30 09:00:00,11.88,72.31,395.23,14.34,0,0,26661.44
2025-01-30 10:00:00,9.78,84.93,498.68,19.18,0,0,28035.5
2025-01-30 11:00:00,16.45,65.76,599.54,26.2,0,0,26688.91
2025-01-30 12:00:00,10.58,75.74,618.44,19.61,0,0,25079.34
2025-01-30 13:00:00,18.18,71.26,595.25,16.56,0,0,24459.31
2025-01-30 14:00:00,16.0,75.25,504.6,21.93,0,0,24590.18
2025-01-30 15:00:00,15.62,80.25,445.27,17.86,0,0,23391.97
2025-01-30 16:00:00,14.64,67.39,269.72,19.96,0,0,24844.13
2025-01-30 17:00:00,15.84,71.71,181.58,15.76,0,0,26612.55
2025-01-30 18:00:00,14.26,66.66,0.0,16.57,0,0,26950.34
2025-01-30 19:00:00,15.28,74.37,42.1,22.78,0,0,29394.84
2025-01-30 20:00:00,12.29,78.03,0.0,20.6,0,0,29517.66
2025-01-30 21:00:00,11.06,84.41,44.09,17.48,0,0,28672.87
2025-01-30 22:00:00,8.85,80.52,0.0,20.61,0,0,28591.07
2025-01-30 23:00:00,8.19,84.81,0.0,18.07,0,0,27147.36
2025-01-31 00:00:00,7.89,83.23,4.87,17.55,0,0,25146.87
2025-01-31 01:00:00,3.46,83.15,0.0,24.37,0,0,28239.11
2025-01-31 02:00:00,3.61,79.12,0.0,23.04,0,0,27193.96
2025-01-31 03:00:00,7.21,82.61,0.0,20.22,0,0,22946.47
2025-01-31 04:00:00,6.35,76.32,0.0,20.8,0,0,22781.94
2025-01-31 05:00:00,6.21,87.59,12.17,20.27,0,0,24112.77
2025-01-31 06:00:00,7.37,80.72,0.0,22.0,0,0,25545.68
2025-01-31 07:00:00,9.0,84.68,136.98,17.5,0,0,25625.98
2025-01-31 08:00:00,8.6,78.34,267.41,23.32,0,0,28096.59
2025-01-31 09:00:00,9.47,80.55,414.12,21.54,0,0,27170.57
2025-01-31 10:00:00,12.52,77.57,555.41,19.38,0,0,26854.3
2025-01-31 11:00:00,11.61,77.37,561.76,18.59,0,0,25973.34
2025-01-31 12:00:00,15.14,72.64,585.18,23.24,0,0,25153.15
2025-01-31 13:00:00,12.13,78.65,587.75,19.77,0,0,24355.39
2025-01-31 14:00:00,17.55,68.5,513.35,17.85,0,0,24471.68
2025-01-31 15:00:00,16.72,68.11,482.42,18.95,0,0,24292.73
2025-01-31 16:00:00,16.16,78.43,297.67,22.99,0,0,24306.25
2025-01-31 17:00:00,16.97,75.64,164.57,14.66,0,0,25060.31
2025-01-31 18:00:00,17.4,72.6,23.59,19.05,0,0,27164.97
2025-01-31 19:00:00,15.2,80.98,23.11,24.04,0,0,28355.65
2025-01-31 20:00:00,8.85,78.96,5.83,19.71,0,0,30740.07
2025-01-31 21:00:00,8.57,85.58,0.0,21.25,0,0,30012.46
2025-01-31 22:00:00,8.45,81.1,50.6,24.1,0,0,29157.02
2025-01-31 23:00:00,8.42,76.32,0.0,23.42,0,0,27383.8
2025-02-01 00:00:00,8.34,87.89,0.0,18.85,1,0,21924.04
2025-02-01 01:00:00,5.31,87.18,0.0,19.94,1,0,23222.33
2025-02-01 02:00:00,6.45,81.71,0.0,23.56,1,0,21162.76
2025-02-01 03:00:00,4.59,86.78,20.54,23.68,1,0,21101.71
2025-02-01 04:00:00,5.02,81.87,0.0,20.08,1,0,20651.47
2025-02-01 05:00:00,4.09,87.64,0.0,20.21,1,0,23295.42
2025-02-01 06:00:00,5.75,73.26,0.0,21.33,1,0,21718.14
2025-02-01 07:00:00,6.02,78.5,213.71,25.18,1,0,24054.02
2025-02-01 08:00:00,7.9,84.81,258.89,24.13,1,0,23601.43
2025-02-01 09:00:00,12.84,75.45,408.36,22.82,1,0,23338.5
2025-02-01 10:00:00,10.53,79.35,524.32,16.62,1,0,22877.99
2025-02-01 11:00:00,18.19,66.24,583.66,19.43,1,0,21849.48
2025-02-01 12:00:00,15.37,81.56,595.63,19.61,1,0,21166.32
2025-02-01 13:00:00,15.61,78.71,586.58,25.36,1,0,20298.84
2025-02-01 14:00:00,14.23,74.39,496.24,19.56,1,0,19338.62
2025-02-01 15:00:00,17.21,70.89,439.82,24.78,1,0,21539.38
2025-02-01 16:00:00,14.74,78.85,246.65,18.4,1,0,21579.07
2025-02-01 17:00:00,15.5,81.98,157.07,18.67,1,0,21832.96
2025-02-01 18:00:00,19.09,74.63,0.0,22.08,1,0,22653.96
2025-02-01 19:00:00,13.28,84.74,25.41,25.88,1,0,24580.94
2025-02-01 20:00:00,14.31,71.43,43.88,19.65,1,0,25309.64
2025-02-01 21:00:00,9.68,76.01,0.0,11.42,1,0,25767.47
2025-02-01 22:00:00,9.59,74.61,34.77,14.92,1,0,24576.34
2025-02-01 23:00:00,11.64,79.29,0.0,21.44,1,0,22660.61
2025-02-02 00:00:00,6.37,82.97,0.0,15.32,1,0,21583.23
2025-02-02 01:00:00,9.96,78.43,43.65,17.45,1,0,20263.16
2025-02-02 02:00:00,7.47,84.51,13.02,20.52,1,0,21348.05
2025-02-02 03:00:00,5.02,88.41,0.11,11.91,1,0,20302.63
2025-02-02 04:00:00,7.34,75.29,17.18,19.15,1,0,19739.28
2025-02-02 05:00:00,8.45,78.01,6.86,16.4,1,0,20316.17
2025-02-02 06:00:00,8.61,83.53,0.0,15.23,1,0,21547.34
2025-02-02 07:00:00,5.7,81.0,126.07,17.67,1,0,24650.96
2025-02-02 08:00:00,8.43,77.22,300.84,16.74,1,0,23815.23
2025-02-02 09:00:00,10.58,82.55,450.59,22.12,1,0,23917.25
2025-02-02 10:00:00,12.19,71.87,529.71,24.67,1,0,22040.8
2025-02-02 11:00:00,14.65,73.61,616.8,19.21,1,0,21419.69
2025-02-02 12:00:00,14.89,75.91,624.79,18.39,1,0,20603.35
2025-02-02 13:00:00,12.96,74.04,572.29,19.03,1,0,20657.22
2025-02-02 14:00:00,16.54,76.25,499.8,16.6,1,0,20243.14
2025-02-02 15:00:00,17.13,70.31,431.08,15.97,1,0,20782.82
2025-02-02 16:00:00,16.87,78.45,294.5,14.72,1,0,21604.12
2025-02-02 17:00:00,17.31,71.92,167.63,15.83,1,0,21456.5
2025-02-02 18:00:00,16.07,76.22,0.0,26.19,1,0,23332.13
2025-02-02 19:00:00,14.36,78.06,0.0,18.06,1,0,24255.29
2025-02-02 20:00:00,12.2,74.51,26.33,10.19,1,0,25198.61
2025-02-02 21:00:00,8.04,72.55,3.71,18.43,1,0,26497.37
2025-02-02 22:00:00,10.51,79.98,0.0,14.91,1,0,24242.07
2025-02-02 23:00:00,8.9,80.28,0.44,20.69,1,0,23449.71
2025-02-03 00:00:00,8.07,82.96,34.47,20.39,0,0,25882.64
2025-02-03 01:00:00,4.49,83.05,7.34,20.76,0,0,26674.4
2025-02-03 02:00:00,4.34,82.37,14.82,20.42,0,0,25874.74
2025-02-03 03:00:00,8.01,88.82,0.0,19.26,0,0,26365.52
2025-02-03 04:00:00,6.22,76.51,25.66,15.47,0,0,23277.98
2025-02-03 05:00:00,8.01,83.73,57.95,20.3,0,0,21942.42
2025-02-03 06:00:00,7.63,78.83,0.0,24.13,0,0,25253.28
2025-02-03 07:00:00,8.67,78.85,131.17,26.91,0,0,26728.22
2025-02-03 08:00:00,11.51,76.37,314.88,19.73,0,0,25648.33
2025-02-03 09:00:00,10.19,75.62,460.98,20.11,0,0,27389.88
2025-02-03 10:00:00,12.58,78.96,535.49,22.31,0,0,27638.24
2025-02-03 11:00:00,12.78,82.06,573.48,25.79,0,0,26250.27
2025-02-03 12:00:00,13.87,77.4,618.26,18.86,0,0,24230.03
2025-02-03 13:00:00,14.89,75.01,614.77,22.99,0,0,23582.56
2025-02-03 14:00:00,16.35,69.34,527.6,17.68,0,0,22522.64
2025-02-03 15:00:00,15.25,76.34,454.28,21.72,0,0,25206.67
2025-02-03 16:00:00,18.21,80.24,339.6,23.96,0,0,24772.02
2025-02-03 17:00:00,13.84,74.02,166.73,16.05,0,0,27010.09
2025-02-03 18:00:00,14.31,73.62,0.0,18.73,0,0,31281.46
2025-02-03 19:00:00,12.82,74.22,20.73,23.9,0,0,29037.42
2025-02-03 20:00:00,15.01,72.53,0.0,22.72,0,0,30079.34
2025-02-03 21:00:00,11.47,66.7,0.0,24.19,0,0,30037.81
2025-02-03 22:00:00,11.68,79.11,0.0,23.53,0,0,27721.72
2025-02-03 23:00:00,5.94,79.27,0.0,19.37,0,0,28974.99
2025-02-04 00:00:00,8.15,74.22,0.0,28.34,0,0,25583.07
2025-02-04 01:00:00,8.48,83.38,45.76,21.12,0,0,24190.15
2025-02-04 02:00:00,6.52,77.8,54.3,9.94,0,0,24738.45
2025-02-04 03:00:00,8.12,79.34,0.0,19.65,0,0,22513.19
2025-02-04 04:00:00,5.44,88.97,2.29,19.0,0,0,24500.45
2025-02-04 05:00:00,9.41,73.89,0.0,23.42,0,0,21700.58
2025-02-04 06:00:00,11.81,71.24,27.69,19.06,0,0,23704.11
2025-02-04 07:00:00,8.05,81.83,194.84,24.48,0,0,26871.38
2025-02-04 08:00:00,9.11,84.4,268.91,22.59,0,0,28781.15
2025-02-04 09:00:00,13.82,69.26,455.03,17.14,0,0,27912.92
2025-02-04 10:00:00,15.34,75.82,510.05,20.15,0,0,27355.7
2025-02-04 11:00:00,12.76,78.84,649.28,17.92,0,0,26433.2
2025-02-04 12:00:00,13.98,67.18,637.69,21.28,0,0,25324.34
2025-02-04 13:00:00,15.03,77.67,584.74,17.9,0,0,24946.7
2025-02-04 14:00:00,13.61,79.26,536.69,20.9,0,0,25501.01
2025-02-04 15:00:00,14.55,73.66,435.91,19.69,0,0,25301.31
2025-02-04 16:00:00,14.23,80.2,326.47,20.11,0,0,25048.51
2025-02-04 17:00:00,14.15,79.81,188.24,27.82,0,0,25498.53
2025-02-04 18:00:00,14.68,75.2,0.0,19.38,0,0,27574.09
2025-02-04 19:00:00,14.13,73.48,45.97,13.87,0,0,27601.71
2025-02-04 20:00:00,15.29,70.35,40.14,24.19,0,0,30038.84
2025-02-04 21:00:00,9.41,79.38,0.0,24.17,0,0,29176.55
2025-02-04 22:00:00,11.68,79.77,1.82,13.71,0,0,28125.66
2025-02-04 23:00:00,8.32,79.22,42.77,18.19,0,0,28698.52
2025-02-05 00:00:00,7.67,72.31,30.82,22.23,0,0,24918.81
2025-02-05 01:00:00,8.18,85.71,0.0,22.54,0,0,25015.98
2025-02-05 02:00:00,4.45,84.76,20.36,20.69,0,0,25801.11
2025-02-05 03:00:00,6.98,80.2,74.93,20.77,0,0,22082.69
2025-02-05 04:00:00,6.77,85.34,2.63,17.42,0,0,22598.13
2025-02-05 05:00:00,7.85,87.03,0.0,12.31,0,0,23293.28
2025-02-05 06:00:00,8.28,69.34,4.31,27.88,0,0,25123.65
2025-02-05 07:00:00,13.22,77.84,169.82,17.32,0,0,28649.82
2025-02-05 08:00:00,8.85,74.33,303.05,21.32,0,0,27035.77
2025-02-05 09:00:00,10.34,80.69,458.16,20.15,0,0,28108.26
2025-02-05 10:00:00,11.47,78.19,516.25,23.85,0,0,26108.4
2025-02-05 11:00:00,12.8,79.02,594.14,21.11,0,0,24869.42
2025-02-05 12:00:00,13.68,73.69,651.28,21.24,0,0,24134.86
2025-02-05 13:00:00,17.77,64.51,566.9,11.49,0,0,24937.6
2025-02-05 14:00:00,18.68,69.39,570.18,17.79,0,0,24469.78
2025-02-05 15:00:00,15.27,75.88,396.82,23.31,0,0,24460.01
2025-02-05 16:00:00,14.63,78.89,272.88,23.0,0,0,24184.64
2025-02-05 17:00:00,16.47,68.49,151.18,17.38,0,0,25533.62
2025-02-05 18:00:00,13.84,79.65,7.17,15.18,0,0,26445.34
2025-02-05 19:00:00,14.94,71.96,33.13,21.15,0,0,29740.53
2025-02-05 20:00:00,12.96,77.79,1.44,10.53,0,0,30928.22
2025-02-05 21:00:00,8.57,78.25,0.0,16.69,0,0,30693.97
2025-02-05 22:00:00,12.79,77.22,14.49,26.87,0,0,27811.56
2025-02-05 23:00:00,12.03,80.74,0.0,25.76,0,0,25682.26
2025-02-06 00:00:00,6.75,77.02,3.49,22.47,0,0,25410.79
2025-02-06 01:00:00,6.36,79.56,0.0,21.84,0,0,25683.55
2025-02-06 02:00:00,7.08,82.37,2.06,13.94,0,0,24307.26
2025-02-06 03:00:00,6.99,91.32,0.0,18.18,0,0,22949.03
2025-02-06 04:00:00,7.75,77.57,0.0,19.73,0,0,21628.88
2025-02-06 05:00:00,10.68,86.55,4.13,18.25,0,0,21406.63
2025-02-06 06:00:00,7.54,89.23,3.96,19.54,0,0,24538.49
2025-02-06 07:00:00,7.45,80.91,194.48,25.31,0,0,28709.86
2025-02-06 08:00:00,7.61,79.96,278.8,18.87,0,0,27975.08
2025-02-06 09:00:00,10.08,76.16,449.16,19.57,0,0,28725.28
2025-02-06 10:00:00,12.63,76.36,533.42,23.36,0,0,26789.51
2025-02-06 11:00:00,17.12,66.97,637.9,15.8,0,0,26097.78
2025-02-06 12:00:00,14.0,75.1,656.74,17.83,0,0,25113.06
2025-02-06 13:00:00,16.12,79.48,628.85,18.19,0,0,24357.3
2025-02-06 14:00:00,16.19,70.98,534.83,20.96,0,0,23378.67
2025-02-06 15:00:00,18.53,70.36,473.19,19.56,0,0,24034.5
2025-02-06 16:00:00,20.77,62.5,280.69,19.67,0,0,24855.25
2025-02-06 17:00:00,14.77,76.2,121.72,18.44,0,0,25854.85
2025-02-06 18:00:00,14.05,76.41,0.0,17.02,0,0,26670.89
2025-02-06 19:00:00,15.77,74.06,0.0,22.9,0,0,29693.02
2025-02-06 20:00:00,13.91,74.61,16.88,19.59,0,0,27879.18
2025-02-06 21:00:00,14.72,73.58,0.0,22.93,0,0,28691.15
2025-02-06 22:00:00,11.15,79.97,33.07,16.88,0,0,31690.24
2025-02-06 23:00:00,8.24,80.47,3.28,18.44,0,0,27577.63
2025-02-07 00:00:00,9.02,81.14,0.0,20.05,0,0,25720.61
2025-02-07 01:00:00,9.15,80.62,2.52,20.37,0,0,23575.68
2025-02-07 02:00:00,8.14,85.17,27.31,23.46,0,0,25467.53
2025-02-07 03:00:00,7.4,84.05,14.99,19.31,0,0,23062.21
2025-02-07 04:00:00,8.58,81.05,27.48,23.44,0,0,21775.01
2025-02-07 05:00:00,9.26,85.74,0.0,22.13,0,0,21124.17
2025-02-07 06:00:00,10.44,80.29,0.0,20.45,0,0,23463.73
2025-02-07 07:00:00,10.16,84.08,143.4,17.49,0,0,26405.12
2025-02-07 08:00:00,9.89,81.53,364.63,23.47,0,0,27703.34
2025-02-07 09:00:00,11.75,70.06,470.93,17.58,0,0,27607.27
2025-02-07 10:00:00,14.96,79.76,628.37,20.75,0,0,26926.01
2025-02-07 11:00:00,12.52,77.27,609.78,20.63,0,0,24901.26
2025-02-07 12:00:00,15.69,73.67,625.27,20.1,0,0,23883.38
2025-02-07 13:00:00,15.11,75.53,617.9,19.46,0,0,25015.29
2025-02-07 14:00:00,16.37,71.89,591.65,17.94,0,0,24688.85
2025-02-07 15:00:00,18.79,72.0,445.79,15.16,0,0,24920.01
2025-02-07 16:00:00,16.66,70.64,324.81,25.74,0,0,24210.5
2025-02-07 17:00:00,15.9,78.79,168.94,19.1,0,0,25683.25
2025-02-07 18:00:00,12.58,76.22,0.99,20.37,0,0,28136.59
2025-02-07 19:00:00,15.33,72.67,0.0,20.35,0,0,28055.11
2025-02-07 20:00:00,13.95,71.75,0.0,24.66,0,0,30234.42
2025-02-07 21:00:00,15.38,75.23,0.0,27.59,0,0,28472.5
2025-02-07 22:00:00,9.64,80.07,0.0,21.38,0,0,27672.48
2025-02-07 23:00:00,9.38,81.11,23.59,20.27,0,0,26792.54
2025-02-08 00:00:00,8.5,76.24,44.02,16.94,1,0,20826.79
2025-02-08 01:00:00,10.1,72.51,0.0,15.82,1,0,19171.17
2025-02-08 02:00:00,6.59,84.57,0.0,14.66,1,0,21247.39
2025-02-08 03:00:00,7.09,87.56,0.0,18.08,1,0,20010.52
2025-02-08 04:00:00,7.86,76.82,4.68,13.55,1,0,19456.11
2025-02-08 05:00:00,7.6,87.52,0.0,24.64,1,0,19976.45
2025-02-08 06:00:00,7.25,82.61,5.99,22.35,1,0,22763.96
2025-02-08 07:00:00,9.44,79.48,195.52,19.99,1,0,23096.74
2025-02-08 08:00:00,12.23,75.4,261.26,24.75,1,0,23259.44
2025-02-08 09:00:00,9.74,73.7,471.08,17.12,1,0,24372.22
2025-02-08 10:00:00,13.12,80.14,550.39,18.0,1,0,23715.33
2025-02-08 11:00:00,12.83,73.35,638.22,14.1,1,0,20488.95
2025-02-08 12:00:00,17.28,69.33,626.41,23.58,1,0,20753.33
2025-02-08 13:00:00,13.18,80.11,656.62,18.03,1,0,19408.93
2025-02-08 14:00:00,15.41,66.6,584.73,20.92,1,0,20929.07
2025-02-08 15:00:00,17.27,66.36,472.99,24.38,1,0,20129.98
2025-02-08 16:00:00,19.24,70.61,344.24,25.67,1,0,22996.31
2025-02-08 17:00:00,15.8,74.95,149.29,20.77,1,0,21581.17
2025-02-08 18:00:00,14.13,77.22,0.0,22.21,1,0,23304.67
2025-02-08 19:00:00,17.48,71.06,18.81,17.71,1,0,24264.2
2025-02-08 20:00:00,10.28,88.87,0.0,26.76,1,0,25252.19
2025-02-08 21:00:00,7.63,80.22,36.14,20.29,1,0,25458.15
2025-02-08 22:00:00,11.09,77.1,0.0,21.15,1,0,22612.98
2025-02-08 23:00:00,8.19,77.44,12.55,19.44,1,0,21949.27
2025-02-09 00:00:00,6.32,82.81,52.48,25.11,1,0,23098.79
2025-02-09 01:00:00,8.64,82.68,0.0,21.61,1,0,20784.21
2025-02-09 02:00:00,7.3,86.24,1.72,23.57,1,0,22052.67
2025-02-09 03:00:00,5.68,76.93,26.35,22.15,1,0,19682.77
2025-02-09 04:00:00,4.56,82.91,23.78,20.14,1,0,21580.11
2025-02-09 05:00:00,8.94,81.74,0.0,24.16,1,0,19922.21
2025-02-09 06:00:00,9.33,81.95,0.0,22.12,1,0,21262.29
2025-02-09 07:00:00,9.02,79.91,163.48,17.55,1,0,22557.38
2025-02-09 08:00:00,13.72,77.82,363.28,17.45,1,0,22559.86
2025-02-09 09:00:00,9.77,75.97,455.59,21.43,1,0,24884.27
2025-02-09 10:00:00,10.24,85.02,568.48,24.08,1,0,22911.84
2025-02-09 11:00:00,12.95,80.32,621.21,26.65,1,0,22103.37
2025-02-09 12:00:00,15.15,68.99,671.81,14.69,1,0,21036.93
2025-02-09 13:00:00,16.46,68.89,635.77,21.0,1,0,20037.52
2025-02-09 14:00:00,16.09,69.33,541.44,22.62,1,0,20678.79
2025-02-09 15:00:00,17.33,75.11,438.35,21.94,1,0,21094.97
2025-02-09 16:00:00,14.27,70.02,277.12,24.44,1,0,20428.5
2025-02-09 17:00:00,18.62,69.92,148.53,23.2,1,0,22216.9
2025-02-09 18:00:00,15.08,76.25,19.85,17.46,1,0,21786.67
2025-02-09 19:00:00,16.21,73.15,33.09,17.36,1,0,23843.72
2025-02-09 20:00:00,13.61,76.79,17.14,22.0,1,0,24777.73
2025-02-09 21:00:00,12.52,72.47,13.87,24.38,1,0,24757.94
2025-02-09 22:00:00,11.43,80.09,0.0,21.41,1,0,23912.02
2025-02-09 23:00:00,10.0,76.55,19.37,15.39,1,0,22578.28
2025-02-10 00:00:00,9.42,78.22,7.16,17.28,0,0,25211.81
2025-02-10 01:00:00,9.86,80.08,45.11,23.36,0,0,24016.53
2025-02-10 02:00:00,7.33,81.82,0.0,19.72,0,0,24709.28
2025-02-10 03:00:00,8.08,80.82,33.58,21.35,0,0,22732.99
2025-02-10 04:00:00,6.81,78.87,21.85,24.67,0,0,22309.43
2025-02-10 05:00:00,10.06,77.75,18.39,16.73,0,0,21422.27
2025-02-10 06:00:00,7.05,81.66,0.0,19.49,0,0,25799.63
2025-02-10 07:00:00,12.54,71.21,193.91,19.11,0,0,26313.62
2025-02-10 08:00:00,10.44,76.75,326.54,22.19,0,0,28094.43
2025-02-10 09:00:00,9.23,81.24,455.2,23.65,0,0,27847.04
2025-02-10 10:00:00,13.33,70.89,534.03,15.76,0,0,26228.09
2025-02-10 11:00:00,13.08,80.85,636.84,20.92,0,0,25448.8
2025-02-10 12:00:00,16.85,77.91,660.29,23.98,0,0,24847.09
2025-02-10 13:00:00,14.96,69.56,604.41,14.45,0,0,24286.59
2025-02-10 14:00:00,15.83,79.18,534.27,20.72,0,0,24921.55
2025-02-10 15:00:00,13.4,75.37,478.47,16.69,0,0,25092.15
2025-02-10 16:00:00,15.82,75.44,351.52,18.7,0,0,24749.02
2025-02-10 17:00:00,11.77,75.42,175.44,12.17,0,0,25676.17
2025-02-10 18:00:00,12.49,80.45,28.77,25.82,0,0,27671.81
2025-02-10 19:00:00,15.67,75.52,0.0,19.7,0,0,29544.81
2025-02-10 20:00:00,14.51,71.68,0.0,18.12,0,0,29859.08
2025-02-10 21:00:00,12.57,72.03,0.0,22.09,0,0,28573.23
2025-02-10 22:00:00,8.77,74.27,0.0,17.29,0,0,28301.22
2025-02-10 23:00:00,9.22,80.45,46.37,16.96,0,0,26177.01
2025-02-11 00:00:00,8.37,82.76,28.28,26.25,0,0,25558.72
2025-02-11 01:00:00,5.5,85.65,0.0,27.3,0,0,27248.13
2025-02-11 02:00:00,9.79,78.72,3.89,18.89,0,0,23498.07
2025-02-11 03:00:00,8.49,75.73,0.0,24.7,0,0,23007.58
2025-02-11 04:00:00,6.69,79.25,0.0,22.21,0,0,23683.54
2025-02-11 05:00:00,7.63,85.74,0.0,16.02,0,0,22124.8
2025-02-11 06:00:00,8.75,78.19,9.53,17.72,0,0,24621.41
2025-02-11 07:00:00,5.74,83.41,192.48,26.4,0,0,28751.97
2025-02-11 08:00:00,10.17,74.54,342.39,15.97,0,0,27384.66
2025-02-11 09:00:00,10.69,79.73,466.97,28.95,0,0,27337.78
2025-02-11 10:00:00,11.4,75.91,571.68,18.97,0,0,28039.23
2025-02-11 11:00:00,13.91,79.67,665.43,26.5,0,0,25414.37
2025-02-11 12:00:00,18.68,74.28,676.24,19.9,0,0,23357.62
2025-02-11 13:00:00,17.4,70.36,643.82,23.77,0,0,24268.27
2025-02-11 14:00:00,15.71,73.35,574.71,25.85,0,0,23960.75
2025-02-11 15:00:00,17.94,69.65,478.61,25.83,0,0,25457.83
2025-02-11 16:00:00,19.26,64.99,320.62,18.92,0,0,25063.64
2025-02-11 17:00:00,17.91,68.45,192.56,17.97,0,0,25587.25
2025-02-11 18:00:00,15.56,74.79,0.0,20.68,0,0,27207.97
2025-02-11 19:00:00,13.25,77.38,0.0,16.42,0,0,28718.27
2025-02-11 20:00:00,14.46,75.58,15.28,21.8,0,0,30941.14
2025-02-11 21:00:00,12.62,75.44,0.0,18.09,0,0,29292.8
2025-02-11 22:00:00,12.23,80.73,0.0,24.76,0,0,26421.26
2025-02-11 23:00:00,10.56,78.75,1.58,18.97,0,0,26084.79
2025-02-12 00:00:00,10.38,81.47,0.0,14.89,0,0,24358.63
2025-02-12 01:00:00,6.73,74.85,0.0,25.89,0,0,25258.96
2025-02-12 02:00:00,9.57,63.7,18.91,21.63,0,0,21973.14
2025-02-12 03:00:00,7.38,82.49,0.0,21.09,0,0,23331.03
2025-02-12 04:00:00,10.93,72.46,32.14,24.82,0,0,19838.03
2025-02-12 05:00:00,6.46,81.34,0.0,24.04,0,0,24604.18
2025-02-12 06:00:00,11.62,76.33,0.0,18.32,0,0,23064.8
2025-02-12 07:00:00,9.88,85.46,183.34,19.41,0,0,25599.66
2025-02-12 08:00:00,9.56,81.0,305.63,17.09,0,0,26162.3
2025-02-12 09:00:00,11.15,78.63,499.4,15.86,0,0,28492.4
2025-02-12 10:00:00,12.74,79.88,592.81,23.01,0,0,27150.51
2025-02-12 11:00:00,15.29,75.71,606.72,22.36,0,0,25505.63
2025-02-12 12:00:00,16.5,71.32,668.83,23.65,0,0,31093.9
2025-02-12 13:00:00,15.32,78.5,656.6,25.47,0,0,25294.63
2025-02-12 14:00:00,16.81,68.43,565.29,23.7,0,0,23423.62
2025-02-12 15:00:00,20.88,70.5,436.61,24.01,0,0,24010.71
2025-02-12 16:00:00,19.97,63.84,341.85,13.71,0,0,25115.67
2025-02-12 17:00:00,17.14,73.39,228.63,19.91,0,0,26728.67
2025-02-12 18:00:00,15.63,74.7,0.0,24.36,0,0,27195.32
2025-02-12 19:00:00,14.74,81.44,39.23,16.9,0,0,28376.1
2025-02-12 20:00:00,14.42,68.76,0.0,21.31,0,0,29430.62
2025-02-12 21:00:00,10.18,76.43,5.39,22.8,0,0,30070.07
2025-02-12 22:00:00,10.27,82.05,19.29,22.54,0,0,28656.87
2025-02-12 23:00:00,6.52,83.47,0.0,22.28,0,0,27674.73
2025-02-13 00:00:00,9.33,80.32,0.0,23.09,0,0,24965.93
2025-02-13 01:00:00,8.98,76.09,18.15,21.63,0,0,23651.61
2025-02-13 02:00:00,6.44,79.84,47.29,15.88,0,0,25616.4
2025-02-13 03:00:00,9.98,84.0,7.51,22.77,0,0,21731.71
2025-02-13 04:00:00,5.11,83.19,0.0,21.99,0,0,23246.49
2025-02-13 05:00:00,5.18,84.84,0.0,15.92,0,0,25704.56
2025-02-13 06:00:00,9.01,79.43,62.99,25.83,0,0,24429.73
2025-02-13 07:00:00,11.53,72.89,178.03,22.86,0,0,25383.18
2025-02-13 08:00:00,13.88,79.24,322.55,16.17,0,0,26683.21
2025-02-13 09:00:00,11.32,79.82,448.54,18.14,0,0,27634.18
2025-02-13 10:00:00,15.38,83.38,538.76,19.02,0,0,26711.76
2025-02-13 11:00:00,14.57,70.82,660.92,19.02,0,0,29595.0
2025-02-13 12:00:00,15.37,77.46,691.19,22.02,0,0,25581.72
2025-02-13 13:00:00,18.06,66.5,641.91,17.58,0,0,23934.94
2025-02-13 14:00:00,18.15,72.29,584.04,24.94,0,0,23773.2
2025-02-13 15:00:00,14.3,79.04,447.91,24.66,0,0,24166.29
2025-02-13 16:00:00,19.63,62.04,340.73,23.16,0,0,25671.27
2025-02-13 17:00:00,18.96,70.12,186.69,21.15,0,0,26520.93
2025-02-13 18:00:00,14.55,72.65,0.0,24.28,0,0,27079.27
2025-02-13 19:00:00,15.35,71.38,42.26,20.03,0,0,29651.14
2025-02-13 20:00:00,14.33,76.64,0.0,18.46,0,0,29570.28
2025-02-13 21:00:00,12.61,81.13,7.09,25.16,0,0,28305.51
2025-02-13 22:00:00,9.86,78.59,21.21,22.11,0,0,27808.45
2025-02-13 23:00:00,8.43,81.23,0.0,18.6,0,0,28238.69
2025-02-14 00:00:00,8.68,80.65,0.0,19.54,0,0,26605.6
2025-02-14 01:00:00,10.04,78.97,0.0,18.42,0,0,24241.32
2025-02-14 02:00:00,8.41,76.07,33.93,28.08,0,0,23407.73
2025-02-14 03:00:00,6.59,86.5,0.0,21.01,0,0,23387.66
2025-02-14 04:00:00,8.82,81.24,13.43,21.55,0,0,20893.53
2025-02-14 05:00:00,2.8,87.06,16.82,23.52,0,0,26168.45
2025-02-14 06:00:00,10.79,75.06,0.0,16.75,0,0,22881.03
2025-02-14 07:00:00,6.63,80.2,171.0,24.84,0,0,27792.03
2025-02-14 08:00:00,10.32,78.01,373.25,18.87,0,0,27442.14
2025-02-14 09:00:00,10.25,72.64,452.75,27.41,0,0,27972.76
2025-02-14 10:00:00,11.23,71.14,641.91,19.91,0,0,27012.61
2025-02-14 11:00:00,16.85,70.43,638.0,24.63,0,0,26291.28
2025-02-14 12:00:00,14.96,76.63,650.3,12.26,0,0,24633.8
2025-02-14 13:00:00,17.22,69.89,659.93,16.89,0,0,24147.96
2025-02-14 14:00:00,17.01,68.62,643.92,19.97,0,0,24000.6
2025-02-14 15:00:00,18.12,68.43,432.91,13.89,0,0,25253.47
2025-02-14 16:00:00,17.23,70.67,336.37,23.1,0,0,24426.05
2025-02-14 17:00:00,14.28,73.73,187.85,22.1,0,0,26173.26
2025-02-14 18:00:00,17.59,80.83,0.84,17.53,0,0,26849.48
2025-02-14 19:00:00,13.87,79.74,9.55,20.94,0,0,29081.2
2025-02-14 20:00:00,10.75,82.42,0.0,23.82,0,0,30233.48
2025-02-14 21:00:00,11.49,82.33,0.0,13.64,0,0,29671.32
2025-02-14 22:00:00,13.67,71.7,0.0,16.54,0,0,27086.14
2025-02-14 23:00:00,11.29,72.95,0.0,19.83,0,0,25237.86
2025-02-15 00:00:00,8.22,76.17,0.0,21.08,1,0,21184.64
2025-02-15 01:00:00,7.42,86.66,0.0,20.79,1,0,22321.72
2025-02-15 02:00:00,6.98,79.53,0.0,24.11,1,0,22327.75
2025-02-15 03:00:00,11.12,72.99,8.01,22.67,1,0,18366.36
2025-02-15 04:00:00,8.24,78.86,0.0,23.43,1,0,17648.33
2025-02-15 05:00:00,8.83,79.1,0.0,16.13,1,0,19473.27
2025-02-15 06:00:00,10.7,79.44,57.93,21.5,1,0,19261.79
2025-02-15 07:00:00,10.31,79.72,150.05,19.92,1,0,21621.77
2025-02-15 08:00:00,10.62,75.13,374.47,26.11,1,0,23269.02
2025-02-15 09:00:00,12.03,79.92,485.5,21.61,1,0,23583.08
2025-02-15 10:00:00,13.55,73.25,577.86,18.65,1,0,22958.3
2025-02-15 11:00:00,14.82,74.04,628.32,23.98,1,0,21536.69
2025-02-15 12:00:00,17.23,75.24,688.15,22.97,1,0,21754.34
2025-02-15 13:00:00,16.81,70.3,697.67,18.12,1,0,20274.02
2025-02-15 14:00:00,18.53,69.05,583.2,19.78,1,0,21313.49
2025-02-15 15:00:00,17.24,74.85,482.11,19.84,1,0,19729.18
2025-02-15 16:00:00,17.35,68.95,367.59,25.29,1,0,21173.63
2025-02-15 17:00:00,13.12,74.65,185.73,21.71,1,0,21120.82
2025-02-15 18:00:00,17.57,74.41,0.0,23.54,1,0,22693.38
2025-02-15 19:00:00,15.51,82.26,2.47,19.27,1,0,24192.22
2025-02-15 20:00:00,15.47,76.5,37.81,22.17,1,0,26063.39
2025-02-15 21:00:00,7.17,83.44,0.0,25.56,1,0,27370.72
2025-02-15 22:00:00,14.85,76.76,0.0,19.73,1,0,29192.45
2025-02-15 23:00:00,9.63,75.04,9.71,21.4,1,0,22702.32
2025-02-16 00:00:00,10.97,78.59,0.0,16.21,1,0,20631.34
2025-02-16 01:00:00,6.31,82.2,0.0,18.31,1,0,23150.0
2025-02-16 02:00:00,8.78,81.38,0.0,19.81,1,0,20482.91
2025-02-16 03:00:00,5.61,83.42,24.38,17.27,1,0,20546.13
2025-02-16 04:00:00,6.56,83.61,0.0,25.61,1,0,20354.72
2025-02-16 05:00:00,11.62,76.3,0.0,18.05,1,0,18416.93
2025-02-16 06:00:00,8.63,80.47,0.0,23.74,1,0,20920.76
2025-02-16 07:00:00,10.4,73.73,162.34,21.64,1,0,25907.52
2025-02-16 08:00:00,12.78,75.22,347.23,21.09,1,0,22422.68
2025-02-16 09:00:00,13.4,81.5,482.45,26.19,1,0,23133.58
2025-02-16 10:00:00,14.07,76.61,567.09,13.07,1,0,23212.81
2025-02-16 11:00:00,15.67,73.81,653.18,20.3,1,0,22470.67
2025-02-16 12:00:00,20.37,77.25,700.53,17.2,1,0,25228.29
2025-02-16 13:00:00,16.74,67.49,667.01,14.12,1,0,19351.65
2025-02-16 14:00:00,17.7,67.63,595.04,16.8,1,0,19879.59
2025-02-16 15:00:00,19.4,77.39,535.95,21.05,1,0,20347.79
2025-02-16 16:00:00,19.33,70.79,363.0,18.45,1,0,21810.9
2025-02-16 17:00:00,18.98,69.95,199.76,24.12,1,0,21735.55
2025-02-16 18:00:00,17.19,67.73,0.0,20.24,1,0,23401.14
2025-02-16 19:00:00,12.95,78.14,5.5,19.85,1,0,24797.31
2025-02-16 20:00:00,16.74,75.11,0.0,19.86,1,0,24409.68
2025-02-16 21:00:00,10.45,74.22,19.44,20.64,1,0,25904.66
2025-02-16 22:00:00,11.76,76.85,0.0,19.52,1,0,22838.07
2025-02-16 23:00:00,8.65,78.87,5.56,18.01,1,0,24148.89
2025-02-17 00:00:00,8.99,80.93,4.02,24.43,0,0,24994.37
2025-02-17 01:00:00,8.9,75.51,0.0,18.78,0,0,24409.23
2025-02-17 02:00:00,8.39,85.46,73.45,19.62,0,0,23065.8
2025-02-17 03:00:00,8.4,84.1,0.0,22.47,0,0,22440.2
2025-02-17 04:00:00,10.71,76.91,0.0,22.08,0,0,21914.48
2025-02-17 05:00:00,9.12,78.93,17.35,17.84,0,0,22404.82
2025-02-17 06:00:00,8.66,79.66,0.0,23.61,0,0,24585.74
2025-02-17 07:00:00,11.87,74.2,172.38,22.85,0,0,24720.3
2025-02-17 08:00:00,13.48,74.09,319.92,21.59,0,0,27184.43
2025-02-17 09:00:00,10.43,77.53,503.14,19.46,0,0,28090.28
2025-02-17 10:00:00,15.01,80.94,613.77,19.54,0,0,26918.88
2025-02-17 11:00:00,16.4,77.03,662.63,20.26,0,0,26118.58
2025-02-17 12:00:00,15.64,77.66,712.04,16.66,0,0,23602.49
2025-02-17 13:00:00,19.44,71.98,624.06,20.83,0,0,24189.88
2025-02-17 14:00:00,17.2,68.05,583.49,24.09,0,0,23337.29
2025-02-17 15:00:00,17.86,71.76,486.6,24.03,0,0,24269.11
2025-02-17 16:00:00,17.15,76.45,317.78,19.63,0,0,24274.61
2025-02-17 17:00:00,16.99,67.68,135.95,24.69,0,0,25359.37
2025-02-17 18:00:00,14.2,77.77,0.0,27.64,0,0,26469.19
2025-02-17 19:00:00,12.54,86.0,17.35,19.86,0,0,29578.92
2025-02-17 20:00:00,16.8,77.13,32.05,23.39,0,0,29059.46
2025-02-17 21:00:00,11.11,83.66,0.0,13.05,0,0,28687.22
2025-02-17 22:00:00,9.56,80.27,18.33,16.56,0,0,29264.36
2025-02-17 23:00:00,6.26,86.24,15.91,21.29,0,0,29117.47
2025-02-18 00:00:00,8.08,77.86,30.47,17.42,0,0,24284.93
2025-02-18 01:00:00,6.06,85.73,0.0,28.08,0,0,27342.28
2025-02-18 02:00:00,10.89,80.82,0.0,23.03,0,0,23597.17
2025-02-18 03:00:00,9.58,80.54,1.75,24.32,0,0,22667.32
2025-02-18 04:00:00,6.7,87.23,0.0,20.84,0,0,23148.89
2025-02-18 05:00:00,12.49,74.6,0.0,17.43,0,0,20252.16
2025-02-18 06:00:00,11.0,77.35,0.0,19.13,0,0,23231.64
2025-02-18 07:00:00,9.68,79.67,172.39,21.83,0,0,25066.38
2025-02-18 08:00:00,6.97,77.61,352.93,18.71,0,0,28715.72
2025-02-18 09:00:00,16.89,73.71,511.7,23.29,0,0,26750.97
2025-02-18 10:00:00,11.56,70.72,595.98,23.43,0,0,26644.58
2025-02-18 11:00:00,12.31,81.11,684.87,20.96,0,0,25903.53
2025-02-18 12:00:00,18.14,71.86,699.16,14.55,0,0,24493.6
2025-02-18 13:00:00,21.49,66.58,698.37,26.94,0,0,23938.11
2025-02-18 14:00:00,20.09,66.58,600.45,20.2,0,0,23926.28
2025-02-18 15:00:00,18.78,70.16,492.15,30.42,0,0,25224.99
2025-02-18 16:00:00,18.67,73.95,340.03,23.23,0,0,26151.78
2025-02-18 17:00:00,18.63,73.42,176.8,20.21,0,0,25492.72
2025-02-18 18:00:00,17.67,69.27,0.0,22.51,0,0,27554.37
2025-02-18 19:00:00,15.77,70.42,0.0,13.87,0,0,28306.9
2025-02-18 20:00:00,14.25,77.8,19.39,24.53,0,0,29998.97
2025-02-18 21:00:00,12.65,73.73,0.0,29.93,0,0,28544.04
2025-02-18 22:00:00,10.12,79.13,0.0,13.63,0,0,27530.26
2025-02-18 23:00:00,9.76,79.71,25.38,19.94,0,0,27918.37
2025-02-19 00:00:00,6.32,83.56,0.0,20.54,0,0,25876.49
2025-02-19 01:00:00,8.39,83.88,20.72,23.97,0,0,23328.69
2025-02-19 02:00:00,6.29,77.29,0.0,28.28,0,0,29651.79
2025-02-19 03:00:00,5.91,75.04,0.0,22.25,0,0,23703.95
2025-02-19 04:00:00,8.39,78.18,0.0,28.41,0,0,21218.5
2025-02-19 05:00:00,11.08,85.23,32.82,21.51,0,0,22994.04
2025-02-19 06:00:00,11.02,86.17,0.0,22.49,0,0,23730.75
2025-02-19 07:00:00,7.57,88.51,200.71,22.06,0,0,27186.08
2025-02-19 08:00:00,9.82,78.39,326.66,25.18,0,0,27141.3
2025-02-19 09:00:00,14.59,67.74,530.26,19.43,0,0,27762.81
2025-02-19 10:00:00,12.43,67.44,664.26,23.77,0,0,25833.37
2025-02-19 11:00:00,15.0,72.04,637.19,16.6,0,0,25461.49
2025-02-19 12:00:00,17.43,71.52,676.2,19.91,0,0,24758.68
2025-02-19 13:00:00,15.49,79.26,698.69,18.68,0,0,24393.99
2025-02-19 14:00:00,17.92,75.34,621.92,21.22,0,0,24022.78
2025-02-19 15:00:00,15.5,74.96,516.75,19.8,0,0,23799.74
2025-02-19 16:00:00,16.65,69.46,337.32,24.87,0,0,25343.77
2025-02-19 17:00:00,17.81,68.13,231.72,17.83,0,0,24712.1
2025-02-19 18:00:00,13.57,76.8,2.95,14.85,0,0,27155.27
2025-02-19 19:00:00,16.19,76.22,0.0,16.16,0,0,28517.08
2025-02-19 20:00:00,14.16,76.82,0.0,24.39,0,0,30157.7
2025-02-19 21:00:00,13.89,71.36,0.0,17.52,0,0,28555.46
2025-02-19 22:00:00,12.01,79.79,39.77,22.3,0,0,27620.4
2025-02-19 23:00:00,12.86,78.13,0.0,19.88,0,0,26002.07
2025-02-20 00:00:00,9.73,74.96,12.31,23.75,0,0,23490.95
2025-02-20 01:00:00,7.93,77.73,0.0,20.06,0,0,25158.78
2025-02-20 02:00:00,8.43,83.17,0.0,30.54,0,0,22631.39
2025-02-20 03:00:00,9.01,78.95,0.0,27.51,0,0,22190.42
2025-02-20 04:00:00,8.29,86.9,14.95,19.77,0,0,21223.22
2025-02-20 05:00:00,8.78,82.1,32.48,19.29,0,0,23097.18
2025-02-20 06:00:00,8.24,78.64,0.0,31.83,0,0,24539.78
2025-02-20 07:00:00,9.34,79.55,144.55,17.09,0,0,25684.16
2025-02-20 08:00:00,9.22,79.96,373.97,20.68,0,0,28692.86
2025-02-20 09:00:00,16.19,70.52,459.31,20.95,0,0,26906.32
2025-02-20 10:00:00,12.09,73.47,643.43,20.86,0,0,27541.27
2025-02-20 11:00:00,14.29,77.94,661.04,14.78,0,0,26100.85
2025-02-20 12:00:00,15.28,77.63,680.18,22.61,0,0,24545.26
2025-02-20 13:00:00,18.98,73.33,689.86,17.47,0,0,23386.84
2025-02-20 14:00:00,17.34,78.46,586.99,25.89,0,0,24922.44
2025-02-20 15:00:00,20.28,67.58,482.79,15.77,0,0,24575.63
2025-02-20 16:00:00,16.65,79.71,362.73,21.08,0,0,27420.48
2025-02-20 17:00:00,17.87,68.31,122.46,13.11,0,0,25944.66
2025-02-20 18:00:00,15.07,70.39,41.06,13.33,0,0,27989.93
2025-02-20 19:00:00,19.4,63.5,1.09,17.93,0,0,28926.55
2025-02-20 20:00:00,12.19,75.25,0.0,18.43,0,0,29654.96
2025-02-20 21:00:00,13.59,73.75,0.0,26.0,0,0,29524.54
2025-02-20 22:00:00,12.88,78.51,24.79,20.73,0,0,28335.14
2025-02-20 23:00:00,11.28,78.82,15.03,25.39,0,0,25887.55
2025-02-21 00:00:00,9.31,74.85,34.67,19.49,0,0,24032.55
2025-02-21 01:00:00,8.61,78.68,0.0,22.94,0,0,23947.43
2025-02-21 02:00:00,8.42,78.94,7.41,18.28,0,0,23320.92
2025-02-21 03:00:00,7.91,73.78,10.66,18.04,0,0,22001.0
2025-02-21 04:00:00,10.08,75.0,17.38,14.45,0,0,19636.14
2025-02-21 05:00:00,12.82,73.38,28.18,22.0,0,0,22169.36
2025-02-21 06:00:00,8.64,85.96,0.0,21.74,0,0,24764.76
2025-02-21 07:00:00,8.21,81.38,181.46,23.54,0,0,26486.99
2025-02-21 08:00:00,11.72,80.1,340.81,21.57,0,0,26828.71
2025-02-21 09:00:00,17.82,65.97,502.23,27.91,0,0,26311.89
2025-02-21 10:00:00,13.02,81.06,634.17,21.44,0,0,27711.98
2025-02-21 11:00:00,18.63,76.44,646.5,24.29,0,0,24529.71
2025-02-21 12:00:00,19.73,62.25,739.85,19.69,0,0,25114.31
2025-02-21 13:00:00,16.51,70.32,659.37,17.64,0,0,23060.25
2025-02-21 14:00:00,19.03,72.86,609.03,23.33,0,0,23846.26
2025-02-21 15:00:00,21.11,71.58,534.64,20.51,0,0,25058.08
2025-02-21 16:00:00,17.32,69.7,364.26,23.73,0,0,23683.27
2025-02-21 17:00:00,17.14,71.35,192.8,22.06,0,0,25689.01
2025-02-21 18:00:00,15.66,71.52,0.0,18.05,0,0,27743.97
2025-02-21 19:00:00,13.85,75.98,0.0,24.58,0,0,29155.44
2025-02-21 20:00:00,13.3,80.82,23.53,17.77,0,0,29545.62
2025-02-21 21:00:00,10.97,75.04,0.0,23.01,0,0,29467.38
2025-02-21 22:00:00,11.94,81.26,0.0,25.31,0,0,26945.16
2025-02-21 23:00:00,9.29,76.51,24.1,19.48,0,0,28117.54
2025-02-22 00:00:00,10.2,75.43,0.0,24.81,1,0,19740.76
2025-02-22 01:00:00,6.19,85.7,6.73,22.16,1,0,23153.25
2025-02-22 02:00:00,9.08,83.52,1.07,23.75,1,0,20007.51
2025-02-22 03:00:00,9.82,82.57,0.0,17.84,1,0,18706.35
2025-02-22 04:00:00,4.9,78.33,0.0,21.52,1,0,20918.22
2025-02-22 05:00:00,9.66,77.44,0.0,15.84,1,0,18934.11
2025-02-22 06:00:00,11.99,80.5,0.0,26.76,1,0,19009.4
2025-02-22 07:00:00,8.64,80.39,197.48,13.72,1,0,22401.5
2025-02-22 08:00:00,15.03,70.18,341.49,19.53,1,0,21836.16
2025-02-22 09:00:00,14.07,77.17,530.77,17.51,1,0,23158.07
2025-02-22 10:00:00,13.34,73.13,614.79,23.13,1,0,23125.4
2025-02-22 11:00:00,15.72,81.03,665.51,27.5,1,0,22322.05
2025-02-22 12:00:00,17.86,78.11,710.43,23.06,1,0,21319.8
2025-02-22 13:00:00,17.78,74.41,681.7,31.13,1,0,19476.13
2025-02-22 14:00:00,19.12,76.24,645.63,15.94,1,0,20132.65
2025-02-22 15:00:00,16.66,73.27,497.33,16.21,1,0,20182.32
2025-02-22 16:00:00,18.45,74.46,351.28,17.64,1,0,20181.93
2025-02-22 17:00:00,15.1,80.32,220.7,21.19,1,0,21374.46
2025-02-22 18:00:00,16.65,74.0,12.71,17.17,1,0,23236.37
2025-02-22 19:00:00,14.19,74.21,41.57,18.14,1,0,25444.64
2025-02-22 20:00:00,13.29,69.22,31.48,22.94,1,0,24455.51
2025-02-22 21:00:00,15.54,73.68,0.0,16.43,1,0,23791.91
2025-02-22 22:00:00,13.99,78.7,24.75,16.8,1,0,22845.87
2025-02-22 23:00:00,11.91,81.06,38.13,19.37,1,0,22146.32
2025-02-23 00:00:00,7.96,82.85,38.32,19.64,1,0,22624.27
2025-02-23 01:00:00,8.56,78.13,24.7,24.24,1,0,21043.45
2025-02-23 02:00:00,10.81,70.36,24.19,17.55,1,0,18234.3
2025-02-23 03:00:00,8.72,78.17,0.0,18.19,1,0,18005.25
2025-02-23 04:00:00,12.81,75.25,0.0,22.74,1,0,17168.51
2025-02-23 05:00:00,9.84,77.89,0.0,23.51,1,0,19143.06
2025-02-23 06:00:00,10.27,81.23,0.0,25.71,1,0,21215.14
2025-02-23 07:00:00,10.4,86.58,220.06,22.35,1,0,21045.73
2025-02-23 08:00:00,12.41,77.33,353.19,21.16,1,0,22870.55
2025-02-23 09:00:00,13.19,75.26,541.79,22.72,1,0,22682.69
2025-02-23 10:00:00,16.03,72.54,593.22,19.77,1,0,22331.65
2025-02-23 11:00:00,17.68,72.59,723.06,19.74,1,0,21288.26
2025-02-23 12:00:00,15.58,70.66,708.17,14.5,1,0,20848.1
2025-02-23 13:00:00,15.39,74.63,663.88,23.83,1,0,20043.46
2025-02-23 14:00:00,14.98,76.32,664.69,21.45,1,0,22109.31
2025-02-23 15:00:00,19.37,71.41,537.18,23.43,1,0,20313.99
2025-02-23 16:00:00,16.3,75.16,365.57,10.85,1,0,21675.59
2025-02-23 17:00:00,13.92,77.21,187.34,20.54,1,0,21489.13
2025-02-23 18:00:00,17.7,64.98,10.99,17.71,1,0,24687.14
2025-02-23 19:00:00,20.45,72.14,4.87,25.96,1,0,24746.07
2025-02-23 20:00:00,14.74,72.05,0.0,22.86,1,0,25619.01
2025-02-23 21:00:00,14.97,70.14,0.0,21.53,1,0,24141.47
2025-02-23 22:00:00,12.31,72.5,49.02,19.19,1,0,23870.22
2025-02-23 23:00:00,10.78,80.03,66.8,22.1,1,0,22446.72
2025-02-24 00:00:00,11.73,76.55,39.07,17.39,0,0,23638.43
2025-02-24 01:00:00,8.75,73.4,11.96,20.29,0,0,24011.63
2025-02-24 02:00:00,9.26,81.58,0.0,18.61,0,0,23141.02
2025-02-24 03:00:00,9.19,73.97,0.0,28.57,0,0,21653.28
2025-02-24 04:00:00,7.57,81.75,0.0,25.78,0,0,22707.48
2025-02-24 05:00:00,11.06,79.0,0.0,24.36,0,0,21074.87
2025-02-24 06:00:00,9.76,82.76,53.78,15.42,0,0,22566.39
2025-02-24 07:00:00,9.75,86.35,232.7,23.66,0,0,29703.25
2025-02-24 08:00:00,13.28,70.59,380.96,21.29,0,0,27640.2
2025-02-24 09:00:00,11.99,77.0,488.37,24.92,0,0,26390.66
2025-02-24 10:00:00,14.95,73.44,649.86,21.77,0,0,32749.77
2025-02-24 11:00:00,16.09,75.25,693.96,20.61,0,0,26704.78
2025-02-24 12:00:00,19.1,71.67,670.79,21.46,0,0,24372.72
2025-02-24 13:00:00,18.79,69.68,707.1,14.32,0,0,23529.07
2025-02-24 14:00:00,18.39,69.69,606.49,17.95,0,0,24799.8
2025-02-24 15:00:00,20.08,65.46,492.18,21.94,0,0,23360.06
2025-02-24 16:00:00,20.94,73.11,356.05,24.63,0,0,24310.92
2025-02-24 17:00:00,18.94,72.79,175.09,18.71,0,0,24930.84
2025-02-24 18:00:00,17.16,76.23,0.0,20.5,0,0,27339.76
2025-02-24 19:00:00,13.75,74.38,0.0,15.03,0,0,29806.1
2025-02-24 20:00:00,12.98,73.69,0.0,25.75,0,0,29743.7
2025-02-24 21:00:00,13.06,71.93,38.01,24.54,0,0,29515.48
2025-02-24 22:00:00,11.22,79.34,0.0,22.92,0,0,27307.46
2025-02-24 23:00:00,10.77,74.15,0.0,22.06,0,0,26219.12
2025-02-25 00:00:00,10.32,86.11,0.0,26.0,0,0,23603.83
2025-02-25 01:00:00,10.38,73.43,0.0,17.75,0,0,23812.95
2025-02-25 02:00:00,8.8,81.17,36.47,17.37,0,0,23065.0
2025-02-25 03:00:00,9.63,85.6,6.74,24.28,0,0,21527.15
2025-02-25 04:00:00,9.04,82.26,14.16,24.04,0,0,21117.12
2025-02-25 05:00:00,5.87,83.42,6.86,16.39,0,0,24001.53
2025-02-25 06:00:00,8.53,76.45,5.79,18.7,0,0,25855.32
2025-02-25 07:00:00,11.0,72.57,196.32,26.47,0,0,26564.67
2025-02-25 08:00:00,10.28,81.83,315.98,22.0,0,0,28302.4
2025-02-25 09:00:00,14.84,80.67,508.94,23.32,0,0,28639.84
2025-02-25 10:00:00,17.8,70.22,660.03,16.51,0,0,27882.27
2025-02-25 11:00:00,18.45,66.84,802.32,22.86,0,0,25782.41
2025-02-25 12:00:00,16.91,62.95,698.48,15.59,0,0,24701.6
2025-02-25 13:00:00,20.77,65.38,714.34,13.63,0,0,24408.23
2025-02-25 14:00:00,18.85,70.58,616.7,23.11,0,0,23978.42
2025-02-25 15:00:00,18.15,78.06,566.38,25.58,0,0,23574.3
2025-02-25 16:00:00,17.48,74.96,330.45,19.67,0,0,24938.13
2025-02-25 17:00:00,17.54,73.43,204.2,18.65,0,0,24767.69
2025-02-25 18:00:00,16.59,71.47,0.0,26.55,0,0,27425.39
2025-02-25 19:00:00,16.56,70.76,0.0,19.88,0,0,28207.13
2025-02-25 20:00:00,15.34,79.82,0.0,20.33,0,0,29447.32
2025-02-25 21:00:00,13.76,76.42,26.74,26.49,0,0,28978.02
2025-02-25 22:00:00,13.25,67.66,0.0,19.33,0,0,27106.56
2025-02-25 23:00:00,13.4,73.25,16.58,18.27,0,0,24719.26
2025-02-26 00:00:00,12.08,73.7,0.47,23.34,0,0,23064.74
2025-02-26 01:00:00,6.9,79.6,6.82,17.99,0,0,26162.42
2025-02-26 02:00:00,4.48,86.22,23.96,19.98,0,0,26107.65
2025-02-26 03:00:00,10.59,78.04,0.0,15.86,0,0,21543.55
2025-02-26 04:00:00,6.62,81.73,20.26,21.13,0,0,22775.22
2025-02-26 05:00:00,9.17,85.0,0.0,20.72,0,0,21980.11
2025-02-26 06:00:00,8.26,77.78,27.4,23.87,0,0,24871.24
2025-02-26 07:00:00,8.16,88.11,197.94,23.48,0,0,26418.97
2025-02-26 08:00:00,13.59,73.08,361.0,22.41,0,0,27059.89
2025-02-26 09:00:00,15.27,74.61,503.18,21.86,0,0,27200.37
2025-02-26 10:00:00,14.16,74.13,654.92,20.22,0,0,28608.31
2025-02-26 11:00:00,11.74,77.93,739.03,22.61,0,0,25105.33
2025-02-26 12:00:00,16.46,74.96,719.15,16.59,0,0,24550.58
2025-02-26 13:00:00,18.94,72.69,679.18,12.26,0,0,24049.23
2025-02-26 14:00:00,16.07,70.52,651.69,24.55,0,0,23236.65
2025-02-26 15:00:00,19.24,66.19,481.72,22.84,0,0,24722.11
2025-02-26 16:00:00,18.71,81.17,333.6,20.04,0,0,24466.67
2025-02-26 17:00:00,19.28,68.71,163.01,24.24,0,0,24238.81
2025-02-26 18:00:00,17.66,74.9,0.0,17.92,0,0,27787.76
2025-02-26 19:00:00,14.66,68.38,0.0,18.01,0,0,28440.22
2025-02-26 20:00:00,17.35,71.27,0.0,17.53,0,0,29431.81
2025-02-26 21:00:00,13.62,75.23,0.0,22.47,0,0,29293.67
2025-02-26 22:00:00,12.56,78.59,16.06,14.94,0,0,27098.86
2025-02-26 23:00:00,9.73,68.35,0.0,17.8,0,0,26390.03
2025-02-27 00:00:00,9.73,79.91,0.0,21.41,0,0,26285.84
2025-02-27 01:00:00,8.14,76.08,48.67,16.18,0,0,23672.96
2025-02-27 02:00:00,8.92,81.27,0.0,18.08,0,0,22646.3
2025-02-27 03:00:00,12.14,72.93,8.56,12.65,0,0,20023.91
2025-02-27 04:00:00,6.76,78.49,0.0,22.51,0,0,23836.85
2025-02-27 05:00:00,6.83,80.76,54.09,17.99,0,0,23121.86
2025-02-27 06:00:00,13.17,71.94,0.0,16.55,0,0,23139.78
2025-02-27 07:00:00,11.18,76.04,184.85,15.86,0,0,25041.81
2025-02-27 08:00:00,11.56,72.82,401.05,18.93,0,0,27284.15
2025-02-27 09:00:00,15.93,66.33,516.06,14.86,0,0,27464.79
2025-02-27 10:00:00,14.26,79.24,638.81,27.19,0,0,33813.37
2025-02-27 11:00:00,19.85,64.95,704.12,12.05,0,0,26633.67
2025-02-27 12:00:00,18.82,70.35,729.38,18.82,0,0,25068.96
2025-02-27 13:00:00,17.51,75.25,720.42,20.77,0,0,23777.43
2025-02-27 14:00:00,22.77,65.05,651.43,17.68,0,0,24318.21
2025-02-27 15:00:00,17.97,68.53,504.52,21.14,0,0,25822.45
2025-02-27 16:00:00,20.23,70.7,348.97,17.59,0,0,25112.57
2025-02-27 17:00:00,18.93,75.43,175.33,25.75,0,0,25884.41
2025-02-27 18:00:00,19.94,65.38,0.0,16.48,0,0,26445.06
2025-02-27 19:00:00,19.37,69.97,0.0,12.16,0,0,29324.61
2025-02-27 20:00:00,15.41,67.2,7.43,15.85,0,0,30066.95
2025-02-27 21:00:00,12.7,75.0,23.46,21.75,0,0,29057.0
2025-02-27 22:00:00,13.59,75.91,21.78,19.98,0,0,27410.08
2025-02-27 23:00:00,10.34,75.28,0.0,23.03,0,0,28181.75
2025-02-28 00:00:00,14.31,73.29,0.0,22.05,0,0,24392.98
2025-02-28 01:00:00,10.13,73.25,0.0,18.07,0,0,24796.75
2025-02-28 02:00:00,8.73,80.45,3.59,18.59,0,0,23633.26
2025-02-28 03:00:00,9.55,83.63,0.0,18.95,0,0,21586.93
2025-02-28 04:00:00,6.96,77.35,14.8,26.89,0,0,22950.77
2025-02-28 05:00:00,8.14,78.18,0.0,22.72,0,0,22616.12
2025-02-28 06:00:00,12.84,78.45,0.0,26.92,0,0,22950.86
2025-02-28 07:00:00,10.53,83.37,167.33,23.24,0,0,25907.86
2025-02-28 08:00:00,11.04,72.09,370.11,20.08,0,0,26731.3
2025-02-28 09:00:00,15.18,73.66,525.46,16.73,0,0,27616.32
2025-02-28 10:00:00,17.64,73.26,605.65,21.0,0,0,27011.77
2025-02-28 11:00:00,18.01,71.38,676.3,20.08,0,0,26425.53
2025-02-28 12:00:00,19.54,60.51,741.33,19.97,0,0,24385.44
2025-02-28 13:00:00,17.18,74.54,679.62,19.57,0,0,22955.27
2025-02-28 14:00:00,16.49,79.24,599.08,13.11,0,0,23913.45
2025-02-28 15:00:00,21.92,68.74,512.08,24.71,0,0,24508.56
2025-02-28 16:00:00,18.47,67.25,357.75,20.12,0,0,28828.06
2025-02-28 17:00:00,18.1,69.66,169.55,15.35,0,0,25335.32
2025-02-28 18:00:00,20.14,76.95,0.0,21.98,0,0,27688.29
2025-02-28 19:00:00,17.72,75.69,0.35,17.3,0,0,29591.58
2025-02-28 20:00:00,16.33,75.86,0.0,22.27,0,0,29988.31
2025-02-28 21:00:00,18.11,73.13,1.77,23.38,0,0,28339.82
2025-02-28 22:00:00,11.76,74.77,0.0,23.87,0,0,26932.6
2025-02-28 23:00:00,13.39,75.15,4.19,19.73,0,0,26068.34
2025-03-01 00:00:00,10.94,77.84,21.96,18.75,1,0,21575.36
2025-03-01 01:00:00,10.53,80.72,20.98,18.01,1,0,20247.62
2025-03-01 02:00:00,12.3,82.97,32.21,17.67,1,0,18765.66
2025-03-01 03:00:00,10.29,83.21,20.95,20.14,1,0,17224.48
2025-03-01 04:00:00,10.51,72.86,5.96,19.46,1,0,17217.07
2025-03-01 05:00:00,11.98,78.11,0.0,17.31,1,0,17359.33
2025-03-01 06:00:00,10.18,81.79,0.0,16.19,1,0,20087.94
2025-03-01 07:00:00,10.36,81.15,170.49,19.82,1,0,20846.17
2025-03-01 08:00:00,11.2,75.4,371.87,18.68,1,0,22742.2
2025-03-01 09:00:00,10.84,89.9,543.17,16.2,1,0,22987.09
2025-03-01 10:00:00,19.37,65.46,625.75,23.1,1,0,23526.91
2025-03-01 11:00:00,14.89,70.27,717.24,26.4,1,0,21368.95
2025-03-01 12:00:00,17.51,73.18,726.57,23.57,1,0,20693.34
2025-03-01 13:00:00,18.21,80.08,723.41,17.68,1,0,20800.32
2025-03-01 14:00:00,19.76,66.87,630.16,20.02,1,0,20203.14
2025-03-01 15:00:00,20.84,68.18,507.25,25.59,1,0,22146.42
2025-03-01 16:00:00,20.75,73.63,354.75,16.09,1,0,21638.37
2025-03-01 17:00:00,17.66,72.03,205.02,22.94,1,0,21929.0
2025-03-01 18:00:00,17.61,70.81,0.0,15.13,1,0,23474.8
2025-03-01 19:00:00,17.38,74.62,0.0,26.09,1,0,22994.65
2025-03-01 20:00:00,15.22,75.39,6.54,18.69,1,0,25875.62
2025-03-01 21:00:00,17.27,76.58,0.0,28.0,1,0,24858.41
2025-03-01 22:00:00,13.96,80.6,28.16,26.24,1,0,23187.98
2025-03-01 23:00:00,13.2,77.35,0.0,19.82,1,0,22285.55
2025-03-02 00:00:00,12.19,78.2,0.0,17.57,1,0,20708.51
2025-03-02 01:00:00,12.32,77.77,0.0,20.77,1,0,19567.41
2025-03-02 02:00:00,10.03,80.93,0.0,19.46,1,0,19714.67
2025-03-02 03:00:00,7.2,81.74,0.0,18.68,1,0,20283.48
2025-03-02 04:00:00,10.43,78.61,18.66,14.28,1,0,17779.37
2025-03-02 05:00:00,9.03,84.66,19.16,18.29,1,0,18693.5
2025-03-02 06:00:00,10.05,85.02,19.6,16.2,1,0,20315.22
2025-03-02 07:00:00,13.09,70.19,194.06,22.02,1,0,22263.86
2025-03-02 08:00:00,15.47,74.12,351.49,23.56,1,0,23289.28
2025-03-02 09:00:00,14.57,72.13,508.19,22.68,1,0,22596.1
2025-03-02 10:00:00,16.39,72.01,685.16,21.29,1,0,23297.11
2025-03-02 11:00:00,20.1,71.52,757.42,17.1,1,0,22222.62
2025-03-02 12:00:00,18.5,74.03,750.05,20.81,1,0,21822.04
2025-03-02 13:00:00,23.55,66.36,708.64,22.86,1,0,20638.27
2025-03-02 14:00:00,20.38,62.0,681.12,18.04,1,0,20257.99
2025-03-02 15:00:00,16.37,69.41,510.83,20.5,1,0,19723.47
2025-03-02 16:00:00,20.72,72.94,379.21,19.58,1,0,20582.05
2025-03-02 17:00:00,19.55,59.44,227.13,25.91,1,0,22702.98
2025-03-02 18:00:00,20.39,74.4,0.0,23.07,1,0,23364.21
2025-03-02 19:00:00,18.25,73.66,20.73,22.22,1,0,24460.81
2025-03-02 20:00:00,15.58,79.24,13.01,14.08,1,0,25917.16
2025-03-02 21:00:00,12.33,76.11,0.0,20.69,1,0,25233.91
2025-03-02 22:00:00,12.87,68.17,0.0,19.55,1,0,22757.3
2025-03-02 23:00:00,10.5,80.27,0.0,19.52,1,0,23109.83
2025-03-03 00:00:00,10.12,83.99,7.24,14.5,0,0,23415.43
2025-03-03 01:00:00,11.43,81.41,0.0,16.17,0,0,23768.69
2025-03-03 02:00:00,12.87,73.77,3.27,19.74,0,0,22425.53
2025-03-03 03:00:00,10.41,78.98,13.53,23.87,0,0,22004.76
2025-03-03 04:00:00,7.72,78.92,24.63,17.91,0,0,22295.38
2025-03-03 05:00:00,11.17,74.67,0.0,18.57,0,0,21027.03
2025-03-03 06:00:00,13.32,79.83,32.91,26.21,0,0,22876.02
2025-03-03 07:00:00,11.1,73.22,236.59,18.94,0,0,27129.25
2025-03-03 08:00:00,13.16,72.58,385.43,19.52,0,0,26853.35
2025-03-03 09:00:00,14.72,70.34,504.63,19.57,0,0,27861.15
2025-03-03 10:00:00,14.58,68.92,641.63,15.26,0,0,25645.97
2025-03-03 11:00:00,18.37,72.05,723.6,21.98,0,0,25259.18
2025-03-03 12:00:00,18.02,76.43,757.12,17.69,0,0,25119.99
2025-03-03 13:00:00,19.78,69.46,725.34,19.87,0,0,23205.78
2025-03-03 14:00:00,17.93,65.84,656.86,21.53,0,0,24472.47
2025-03-03 15:00:00,18.91,74.34,528.31,26.77,0,0,23779.0
2025-03-03 16:00:00,20.83,76.0,381.81,15.36,0,0,24073.33
2025-03-03 17:00:00,18.36,68.89,182.69,23.0,0,0,25311.93
2025-03-03 18:00:00,21.34,66.88,0.0,23.01,0,0,28328.82
2025-03-03 19:00:00,16.48,75.23,0.0,17.74,0,0,29070.45
2025-03-03 20:00:00,16.4,79.73,47.93,22.07,0,0,28908.22
2025-03-03 21:00:00,16.38,71.18,36.6,25.73,0,0,29357.7
2025-03-03 22:00:00,10.85,72.91,13.88,17.3,0,0,28213.39
2025-03-03 23:00:00,9.03,82.4,33.13,20.82,0,0,26754.99
2025-03-04 00:00:00,8.58,83.47,19.96,21.27,0,0,25933.05
2025-03-04 01:00:00,12.81,76.5,4.53,21.72,0,0,23993.27
2025-03-04 02:00:00,9.04,77.63,0.0,22.55,0,0,23968.76
2025-03-04 03:00:00,14.47,78.95,0.0,20.44,0,0,20295.81
2025-03-04 04:00:00,9.02,81.99,0.0,21.65,0,0,20510.66
2025-03-04 05:00:00,10.87,75.14,0.0,16.66,0,0,20198.13
2025-03-04 06:00:00,14.1,75.51,0.0,20.43,0,0,22557.56
2025-03-04 07:00:00,15.97,68.22,207.37,18.19,0,0,24896.69
2025-03-04 08:00:00,17.28,75.19,384.93,15.55,0,0,26613.45
2025-03-04 09:00:00,17.04,71.62,503.71,18.07,0,0,27442.37
2025-03-04 10:00:00,18.0,70.06,634.01,20.8,0,0,28086.16
2025-03-04 11:00:00,18.43,71.28,756.98,21.38,0,0,25576.23
2025-03-04 12:00:00,19.8,70.34,731.68,15.41,0,0,24751.09
2025-03-04 13:00:00,18.2,75.2,732.22,16.57,0,0,23073.79
2025-03-04 14:00:00,18.22,73.97,647.92,22.39,0,0,25563.54
2025-03-04 15:00:00,19.86,69.5,545.55,21.63,0,0,23394.99
2025-03-04 16:00:00,19.39,73.6,355.41,22.96,0,0,24285.88
2025-03-04 17:00:00,18.38,73.06,197.31,24.64,0,0,26237.89
2025-03-04 18:00:00,19.65,68.61,4.22,21.74,0,0,27495.95
2025-03-04 19:00:00,19.08,70.33,5.75,18.4,0,0,29921.8
2025-03-04 20:00:00,16.32,72.72,1.98,20.26,0,0,29968.01
2025-03-04 21:00:00,17.52,74.25,8.62,25.66,0,0,28800.9
2025-03-04 22:00:00,11.51,76.17,54.79,29.53,0,0,28121.46
2025-03-04 23:00:00,12.01,75.63,64.03,21.47,0,0,26540.44
2025-03-05 00:00:00,10.2,86.7,0.0,21.6,0,0,24026.97
2025-03-05 01:00:00,7.34,85.15,0.0,22.27,0,0,26200.89
2025-03-05 02:00:00,10.05,75.91,14.89,19.81,0,0,22748.98
2025-03-05 03:00:00,9.81,81.45,4.66,23.8,0,0,21473.28
2025-03-05 04:00:00,12.92,76.85,26.53,23.26,0,0,20147.17
2025-03-05 05:00:00,11.84,78.91,7.12,20.97,0,0,20744.35
2025-03-05 06:00:00,9.65,79.86,1.47,18.61,0,0,23588.52
2025-03-05 07:00:00,15.87,78.48,224.09,14.41,0,0,25775.83
2025-03-05 08:00:00,15.93,75.05,410.12,22.29,0,0,25805.83
2025-03-05 09:00:00,16.08,73.28,500.47,20.47,0,0,26782.99
2025-03-05 10:00:00,15.92,77.84,634.99,17.15,0,0,27398.3
2025-03-05 11:00:00,15.8,74.71,728.37,15.77,0,0,25749.57
2025-03-05 12:00:00,17.9,72.38,759.25,22.04,0,0,25427.27
2025-03-05 13:00:00,21.32,70.07,725.36,14.12,0,0,24487.88
2025-03-05 14:00:00,23.25,66.7,666.26,20.78,0,0,23248.45
2025-03-05 15:00:00,22.81,67.51,560.04,22.68,0,0,24291.17
2025-03-05 16:00:00,18.98,68.57,421.46,21.65,0,0,25092.79
2025-03-05 17:00:00,17.35,69.38,210.35,18.36,0,0,25937.8
2025-03-05 18:00:00,18.82,67.07,0.0,15.36,0,0,27031.55
2025-03-05 19:00:00,14.35,69.52,0.0,21.78,0,0,28675.67
2025-03-05 20:00:00,16.91,69.26,0.0,23.93,0,0,29135.94
2025-03-05 21:00:00,14.76,74.02,12.87,17.72,0,0,27992.35
2025-03-05 22:00:00,12.9,76.8,9.7,21.5,0,0,26385.14
2025-03-05 23:00:00,9.66,78.22,51.26,25.26,0,0,26921.37
2025-03-06 00:00:00,12.59,67.25,0.0,20.78,0,0,23270.51
2025-03-06 01:00:00,9.91,85.38,9.62,18.21,0,0,24470.48
2025-03-06 02:00:00,8.26,84.91,58.87,23.24,0,0,23478.52
2025-03-06 03:00:00,5.03,85.26,0.0,17.01,0,0,23730.75
2025-03-06 04:00:00,10.32,86.34,3.63,15.05,0,0,20353.16
2025-03-06 05:00:00,14.06,71.44,0.0,22.44,0,0,22329.61
2025-03-06 06:00:00,14.65,82.37,2.05,18.17,0,0,22921.49
2025-03-06 07:00:00,11.88,73.45,177.16,18.49,0,0,25571.58
2025-03-06 08:00:00,12.82,77.42,406.1,17.4,0,0,26909.36
2025-03-06 09:00:00,16.04,68.47,540.98,17.94,0,0,26559.67
2025-03-06 10:00:00,14.7,74.83,634.67,24.51,0,0,27901.55
2025-03-06 11:00:00,18.24,73.13,754.98,25.42,0,0,25635.87
2025-03-06 12:00:00,20.11,69.28,764.34,25.88,0,0,23930.96
2025-03-06 13:00:00,21.74,71.29,757.78,23.41,0,0,23922.27
2025-03-06 14:00:00,19.85,70.53,629.36,21.23,0,0,23981.3
2025-03-06 15:00:00,19.83,68.06,546.52,14.58,0,0,24737.49
2025-03-06 16:00:00,18.45,69.13,399.26,18.94,0,0,24302.84
2025-03-06 17:00:00,18.04,75.01,186.08,27.14,0,0,27488.89
2025-03-06 18:00:00,18.33,68.89,0.0,18.07,0,0,26726.76
2025-03-06 19:00:00,18.36,75.14,0.0,24.9,0,0,29251.53
2025-03-06 20:00:00,18.14,76.56,30.7,19.79,0,0,28216.92
2025-03-06 21:00:00,13.75,68.95,28.15,10.22,0,0,28773.33
2025-03-06 22:00:00,16.59,77.6,0.0,21.84,0,0,27574.62
2025-03-06 23:00:00,12.21,85.25,0.0,24.03,0,0,25057.86
2025-03-07 00:00:00,11.8,78.39,0.0,19.29,0,0,24843.22
2025-03-07 01:00:00,9.7,81.67,0.0,23.77,0,0,24483.26
2025-03-07 02:00:00,6.18,86.59,11.16,13.62,0,0,25015.8
2025-03-07 03:00:00,11.96,76.13,0.0,14.61,0,0,21012.77
2025-03-07 04:00:00,11.87,78.05,0.0,20.18,0,0,25351.7
2025-03-07 05:00:00,10.53,73.27,27.61,21.13,0,0,22252.68
2025-03-07 06:00:00,11.96,77.79,3.51,24.21,0,0,23647.21
2025-03-07 07:00:00,13.8,77.57,208.31,21.7,0,0,25378.47
2025-03-07 08:00:00,11.26,79.93,338.28,15.28,0,0,27383.71
2025-03-07 09:00:00,14.42,79.28,478.78,20.2,0,0,26512.87
2025-03-07 10:00:00,18.09,68.62,624.67,21.56,0,0,27913.23
2025-03-07 11:00:00,15.61,71.82,724.8,12.9,0,0,25732.38
2025-03-07 12:00:00,19.43,78.1,777.21,19.31,0,0,25449.07
2025-03-07 13:00:00,17.26,71.86,678.26,18.28,0,0,24742.62
2025-03-07 14:00:00,21.04,69.86,700.43,17.17,0,0,24771.68
2025-03-07 15:00:00,20.31,69.45,543.65,21.2,0,0,23569.28
2025-03-07 16:00:00,17.29,69.15,415.41,15.43,0,0,24147.01
2025-03-07 17:00:00,21.8,74.87,175.28,20.92,0,0,27247.05
2025-03-07 18:00:00,17.58,70.07,12.6,21.42,0,0,26348.35
2025-03-07 19:00:00,16.41,68.72,2.13,23.25,0,0,28140.29
2025-03-07 20:00:00,17.03,70.87,20.44,15.53,0,0,29528.11
2025-03-07 21:00:00,17.44,64.3,0.0,14.19,0,0,28882.97
2025-03-07 22:00:00,12.25,74.37,11.83,20.44,0,0,26984.91
2025-03-07 23:00:00,12.98,72.45,27.55,18.46,0,0,26186.04
2025-03-08 00:00:00,12.78,78.97,0.0,29.48,1,0,20847.77
2025-03-08 01:00:00,12.46,74.09,6.06,20.92,1,0,19826.24
2025-03-08 02:00:00,11.03,81.62,0.0,19.52,1,0,18927.02
2025-03-08 03:00:00,9.88,84.7,17.56,18.71,1,0,18265.56
2025-03-08 04:00:00,9.22,82.83,48.87,15.05,1,0,17669.16
2025-03-08 05:00:00,11.37,76.91,0.0,21.29,1,0,16846.73
2025-03-08 06:00:00,10.08,79.49,0.0,19.04,1,0,20305.86
2025-03-08 07:00:00,7.79,74.89,220.18,19.04,1,0,23520.33
2025-03-08 08:00:00,15.04,73.93,383.61,19.65,1,0,22679.64
2025-03-08 09:00:00,17.17,69.11,545.52,20.09,1,0,21879.79
2025-03-08 10:00:00,12.58,79.46,653.3,13.23,1,0,22544.15
2025-03-08 11:00:00,16.23,83.68,728.86,22.25,1,0,22516.13
2025-03-08 12:00:00,20.19,71.83,763.48,16.35,1,0,20130.51
2025-03-08 13:00:00,23.58,58.81,740.6,18.83,1,0,21069.26
2025-03-08 14:00:00,20.41,68.19,633.54,23.82,1,0,20208.54
2025-03-08 15:00:00,19.23,71.18,539.75,25.54,1,0,20600.58
2025-03-08 16:00:00,20.04,70.31,422.04,13.36,1,0,20587.7
2025-03-08 17:00:00,22.35,64.96,187.69,19.42,1,0,21179.69
2025-03-08 18:00:00,17.92,72.85,0.0,20.27,1,0,24167.8
2025-03-08 19:00:00,16.61,68.08,0.0,14.04,1,0,25055.97
2025-03-08 20:00:00,15.97,69.85,0.0,22.13,1,0,25494.07
2025-03-08 21:00:00,13.83,78.14,0.0,19.72,1,0,25116.23
2025-03-08 22:00:00,14.47,70.91,3.48,20.0,1,0,23562.3
2025-03-08 23:00:00,15.97,75.78,0.0,16.1,1,0,22531.44
2025-03-09 00:00:00,12.77,71.03,0.0,20.61,1,0,19829.88
2025-03-09 01:00:00,10.93,85.22,3.84,22.1,1,0,20994.31
2025-03-09 02:00:00,10.36,75.58,0.0,19.61,1,0,20174.71
2025-03-09 03:00:00,7.91,79.99,0.0,17.37,1,0,19464.69
2025-03-09 04:00:00,12.48,78.09,16.77,17.64,1,0,16858.93
2025-03-09 05:00:00,11.25,75.61,0.0,19.94,1,0,17189.14
2025-03-09 06:00:00,11.86,77.9,0.0,19.34,1,0,19701.46
2025-03-09 07:00:00,18.97,73.23,153.88,22.33,1,0,22460.59
2025-03-09 08:00:00,14.96,78.38,372.04,17.49,1,0,22025.15
2025-03-09 09:00:00,14.37,78.23,554.03,14.9,1,0,24013.84
2025-03-09 10:00:00,16.25,72.69,668.25,20.43,1,0,22609.33
2025-03-09 11:00:00,20.29,69.15,802.0,17.5,1,0,21676.45
2025-03-09 12:00:00,19.46,79.88,795.56,21.91,1,0,20301.32
2025-03-09 13:00:00,17.46,76.09,718.93,19.19,1,0,20127.82
2025-03-09 14:00:00,22.2,64.33,635.52,21.46,1,0,20918.47
2025-03-09 15:00:00,19.52,70.83,611.0,15.62,1,0,21114.01
2025-03-09 16:00:00,23.92,65.13,410.76,19.67,1,0,21186.84
2025-03-09 17:00:00,21.99,67.67,213.61,16.72,1,0,21592.29
2025-03-09 18:00:00,18.45,66.48,1.87,14.9,1,0,22518.22
2025-03-09 19:00:00,20.52,67.88,6.84,16.15,1,0,24565.82
2025-03-09 20:00:00,17.14,79.82,0.0,17.26,1,0,24837.78
2025-03-09 21:00:00,17.25,74.79,3.93,23.52,1,0,24662.94
2025-03-09 22:00:00,15.3,64.27,1.78,17.17,1,0,23026.73
2025-03-09 23:00:00,11.7,82.34,0.0,14.72,1,0,21772.42
2025-03-10 00:00:00,11.2,82.28,0.0,19.47,0,0,24147.45
2025-03-10 01:00:00,13.42,74.48,37.88,19.12,0,0,23567.81
2025-03-10 02:00:00,10.46,81.46,0.0,17.29,0,0,26562.48
2025-03-10 03:00:00,10.17,75.41,51.78,18.45,0,0,26660.45
2025-03-10 04:00:00,9.35,77.7,0.0,22.43,0,0,21452.45
2025-03-10 05:00:00,12.33,82.9,0.0,21.36,0,0,22140.62
2025-03-10 06:00:00,16.07,72.45,0.0,21.06,0,0,23355.49
2025-03-10 07:00:00,11.47,70.2,169.32,14.87,0,0,26011.36
2025-03-10 08:00:00,14.65,74.56,364.8,29.12,0,0,26396.23
2025-03-10 09:00:00,18.44,71.09,553.07,22.69,0,0,27004.82
2025-03-10 10:00:00,17.05,77.45,674.39,20.82,0,0,26856.13
2025-03-10 11:00:00,19.21,70.77,727.76,14.94,0,0,25762.55
2025-03-10 12:00:00,17.52,70.55,715.32,22.33,0,0,25478.83
2025-03-10 13:00:00,21.0,73.28,781.69,17.26,0,0,23780.93
2025-03-10 14:00:00,20.39,70.13,660.58,18.33,0,0,24057.75
2025-03-10 15:00:00,22.67,64.6,517.28,13.13,0,0,24948.97
2025-03-10 16:00:00,22.86,72.05,392.38,14.67,0,0,24885.44
2025-03-10 17:00:00,24.89,66.37,204.66,20.55,0,0,26048.89
2025-03-10 18:00:00,20.47,69.59,0.0,22.54,0,0,27490.95
2025-03-10 19:00:00,18.98,71.63,3.71,21.41,0,0,28120.82
2025-03-10 20:00:00,17.54,67.93,0.0,21.29,0,0,28756.56
2025-03-10 21:00:00,15.26,72.16,19.0,18.79,0,0,27821.39
2025-03-10 22:00:00,15.21,74.33,0.0,17.59,0,0,27470.26
2025-03-10 23:00:00,12.86,75.65,0.0,20.03,0,0,26382.84
2025-03-11 00:00:00,12.84,81.53,16.22,21.73,0,0,24334.59
2025-03-11 01:00:00,14.12,76.16,30.1,18.87,0,0,24082.24
2025-03-11 02:00:00,9.43,82.93,39.64,23.09,0,0,24150.23
2025-03-11 03:00:00,13.13,76.22,26.39,18.1,0,0,20827.77
2025-03-11 04:00:00,13.62,79.97,0.0,15.43,0,0,20012.27
2025-03-11 05:00:00,11.53,79.21,0.0,18.82,0,0,22028.69
2025-03-11 06:00:00,8.72,80.21,35.13,19.23,0,0,23919.81
2025-03-11 07:00:00,12.48,76.71,234.47,18.57,0,0,24369.72
2025-03-11 08:00:00,17.12,68.77,369.97,23.34,0,0,26579.37
2025-03-11 09:00:00,16.03,75.6,570.0,21.68,0,0,27176.82
2025-03-11 10:00:00,15.57,73.83,661.6,13.85,0,0,26991.13
2025-03-11 11:00:00,17.67,70.09,784.71,24.23,0,0,25244.45
2025-03-11 12:00:00,21.12,73.42,760.66,9.26,0,0,25023.12
2025-03-11 13:00:00,21.39,63.75,796.64,26.39,0,0,23885.3
2025-03-11 14:00:00,20.47,67.89,689.55,17.85,0,0,24913.7
2025-03-11 15:00:00,20.41,73.74,591.91,18.19,0,0,23473.86
2025-03-11 16:00:00,20.2,71.08,375.17,18.65,0,0,24654.68
2025-03-11 17:00:00,18.74,70.94,210.33,20.2,0,0,25567.98
2025-03-11 18:00:00,22.52,68.74,0.0,18.86,0,0,27486.0
2025-03-11 19:00:00,17.99,72.53,21.1,18.39,0,0,29456.09
2025-03-11 20:00:00,19.56,64.33,22.48,23.44,0,0,29673.04
2025-03-11 21:00:00,18.81,69.67,59.93,20.84,0,0,28770.15
2025-03-11 22:00:00,16.58,79.54,12.05,15.5,0,0,27785.23
2025-03-11 23:00:00,12.8,73.84,18.1,21.45,0,0,26333.55
2025-03-12 00:00:00,13.45,74.62,0.0,20.53,0,0,24011.94
2025-03-12 01:00:00,11.88,75.14,13.53,16.79,0,0,23606.82
2025-03-12 02:00:00,9.8,78.83,0.0,21.47,0,0,23435.75
2025-03-12 03:00:00,11.84,75.01,2.9,18.14,0,0,19688.79
2025-03-12 04:00:00,9.3,81.58,4.36,17.92,0,0,20896.52
2025-03-12 05:00:00,14.06,76.14,0.0,17.82,0,0,21212.82
2025-03-12 06:00:00,11.88,80.4,1.57,10.2,0,0,22810.09
2025-03-12 07:00:00,14.12,71.09,191.45,16.85,0,0,24948.47
2025-03-12 08:00:00,15.47,72.72,378.48,21.19,0,0,27043.32
2025-03-12 09:00:00,15.79,72.89,575.59,18.62,0,0,27731.52
2025-03-12 10:00:00,18.61,73.07,676.37,14.2,0,0,27263.31
2025-03-12 11:00:00,17.9,68.72,758.18,22.07,0,0,25282.01
2025-03-12 12:00:00,21.36,72.44,739.51,17.65,0,0,23861.22
2025-03-12 13:00:00,18.16,76.4,760.09,14.42,0,0,24778.07
2025-03-12 14:00:00,21.31,64.87,685.25,26.42,0,0,23632.79
2025-03-12 15:00:00,24.75,63.76,538.72,15.01,0,0,23933.69
2025-03-12 16:00:00,19.28,68.52,440.1,21.77,0,0,24159.2
2025-03-12 17:00:00,19.37,81.1,143.6,16.0,0,0,26533.84
2025-03-12 18:00:00,20.72,67.63,19.61,19.17,0,0,27473.74
2025-03-12 19:00:00,19.08,77.54,17.82,15.54,0,0,29076.37
2025-03-12 20:00:00,18.18,66.57,13.54,14.36,0,0,35246.85
2025-03-12 21:00:00,17.14,68.62,4.41,20.52,0,0,28826.19
2025-03-12 22:00:00,16.1,70.76,13.77,20.11,0,0,27994.17
2025-03-12 23:00:00,15.75,70.44,21.7,22.7,0,0,25007.67
2025-03-13 00:00:00,13.64,74.65,0.0,18.41,0,0,23131.31
2025-03-13 01:00:00,11.67,74.66,7.48,26.3,0,0,22660.07
2025-03-13 02:00:00,12.82,73.18,0.0,19.47,0,0,22477.76
2025-03-13 03:00:00,14.86,79.26,0.0,20.51,0,0,21062.92
2025-03-13 04:00:00,11.37,82.66,17.93,13.77,0,0,19897.15
2025-03-13 05:00:00,10.35,82.48,0.0,16.38,0,0,21367.69
2025-03-13 06:00:00,14.89,76.69,0.0,20.35,0,0,23807.89
2025-03-13 07:00:00,13.72,76.02,187.95,18.23,0,0,24684.38
2025-03-13 08:00:00,11.23,75.9,369.15,19.18,0,0,27188.42
2025-03-13 09:00:00,17.96,68.02,576.01,15.67,0,0,27027.33
2025-03-13 10:00:00,16.77,74.36,677.8,18.95,0,0,27672.1
2025-03-13 11:00:00,18.77,66.41,786.28,18.94,0,0,26205.44
2025-03-13 12:00:00,20.57,65.51,761.57,14.4,0,0,23873.49
2025-03-13 13:00:00,21.11,73.61,773.57,20.78,0,0,30295.65
2025-03-13 14:00:00,22.54,75.32,744.96,12.58,0,0,22764.01
2025-03-13 15:00:00,20.65,70.99,559.2,19.17,0,0,24835.62
2025-03-13 16:00:00,22.19,72.45,410.66,24.71,0,0,26076.09
2025-03-13 17:00:00,20.3,68.75,218.76,20.91,0,0,24368.38
2025-03-13 18:00:00,21.3,63.48,0.0,20.89,0,0,26408.31
2025-03-13 19:00:00,20.05,72.4,14.65,15.39,0,0,28962.49
2025-03-13 20:00:00,16.05,75.83,7.66,24.72,0,0,29488.0
2025-03-13 21:00:00,18.39,71.74,0.0,23.35,0,0,28586.68
2025-03-13 22:00:00,14.18,74.27,0.0,15.57,0,0,26206.47
2025-03-13 23:00:00,15.39,78.0,17.35,16.87,0,0,25995.83
2025-03-14 00:00:00,13.75,71.68,0.0,22.75,0,0,24413.84
2025-03-14 01:00:00,15.6,70.86,53.34,24.64,0,0,25189.43
2025-03-14 02:00:00,11.39,73.72,2.85,13.93,0,0,23197.08
2025-03-14 03:00:00,10.99,78.45,0.0,14.84,0,0,20173.37
2025-03-14 04:00:00,11.76,73.06,0.0,17.85,0,0,20087.31
2025-03-14 05:00:00,11.75,74.69,0.0,10.76,0,0,21396.21
2025-03-14 06:00:00,14.53,72.1,60.31,18.42,0,0,22536.27
2025-03-14 07:00:00,11.21,76.87,179.87,22.51,0,0,25846.46
2025-03-14 08:00:00,13.43,69.96,387.31,13.32,0,0,27256.83
2025-03-14 09:00:00,14.7,75.12,538.4,18.8,0,0,28277.33
2025-03-14 10:00:00,19.63,75.32,688.35,16.32,0,0,27481.18
2025-03-14 11:00:00,22.2,68.56,740.78,24.09,0,0,25982.3
2025-03-14 12:00:00,19.97,76.19,751.95,16.36,0,0,24368.13
2025-03-14 13:00:00,20.65,74.75,748.95,23.67,0,0,23414.72
2025-03-14 14:00:00,21.58,71.69,668.38,16.26,0,0,24257.72
2025-03-14 15:00:00,23.71,66.96,537.04,21.05,0,0,23987.84
2025-03-14 16:00:00,19.78,70.29,376.74,19.24,0,0,24545.66
2025-03-14 17:00:00,21.38,71.81,231.61,17.87,0,0,26514.83
2025-03-14 18:00:00,21.91,66.71,0.0,15.59,0,0,28225.72
2025-03-14 19:00:00,20.02,62.45,0.0,19.49,0,0,28050.74
2025-03-14 20:00:00,18.26,73.53,0.0,16.81,0,0,29363.22
2025-03-14 21:00:00,18.42,66.9,1.36,15.94,0,0,28572.15
2025-03-14 22:00:00,10.46,74.74,0.0,23.51,0,0,28042.16
2025-03-14 23:00:00,15.34,74.19,40.65,20.27,0,0,24312.51
2025-03-15 00:00:00,12.09,76.74,21.69,20.43,1,0,19311.87
2025-03-15 01:00:00,9.18,74.09,35.75,16.81,1,0,20726.43
2025-03-15 02:00:00,12.9,77.05,9.8,17.53,1,0,19384.1
2025-03-15 03:00:00,14.28,79.01,0.0,17.31,1,0,17672.63
2025-03-15 04:00:00,11.73,72.93,38.38,19.36,1,0,17523.24
2025-03-15 05:00:00,14.19,80.32,0.0,20.43,1,0,17951.28
2025-03-15 06:00:00,16.17,67.21,0.0,18.07,1,0,20365.68
2025-03-15 07:00:00,16.67,81.47,206.43,15.41,1,0,22331.23
2025-03-15 08:00:00,18.46,69.74,425.7,20.84,1,0,22285.39
2025-03-15 09:00:00,18.14,72.26,579.64,18.3,1,0,23926.46
2025-03-15 10:00:00,18.24,64.02,700.32,13.14,1,0,23246.04
2025-03-15 11:00:00,16.42,72.97,748.04,10.71,1,0,23555.45
2025-03-15 12:00:00,19.9,71.0,774.3,19.22,1,0,20546.78
2025-03-15 13:00:00,19.62,70.0,764.48,15.28,1,0,20541.06
2025-03-15 14:00:00,25.54,62.76,674.41,19.69,1,0,20335.79
2025-03-15 15:00:00,21.49,64.87,575.54,15.46,1,0,19980.37
2025-03-15 16:00:00,21.86,72.85,412.0,18.65,1,0,21284.15
2025-03-15 17:00:00,22.13,68.21,217.31,16.86,1,0,22051.42
2025-03-15 18:00:00,20.42,75.79,0.0,24.31,1,0,23587.48
2025-03-15 19:00:00,22.36,65.77,3.2,21.51,1,0,24863.51
2025-03-15 20:00:00,16.98,70.98,0.0,22.9,1,0,24921.83
2025-03-15 21:00:00,17.16,75.82,4.2,18.26,1,0,24368.02
2025-03-15 22:00:00,14.18,68.75,0.0,21.06,1,0,22604.51
2025-03-15 23:00:00,11.93,72.41,0.0,18.5,1,0,21468.57
2025-03-16 00:00:00,12.36,81.27,11.58,23.14,1,0,20224.49
2025-03-16 01:00:00,12.6,71.97,0.0,17.75,1,0,19966.12
2025-03-16 02:00:00,11.39,70.47,14.37,13.11,1,0,19457.25
2025-03-16 03:00:00,10.75,85.8,0.0,11.0,1,0,18341.12
2025-03-16 04:00:00,9.63,73.76,35.4,23.84,1,0,18821.16
2025-03-16 05:00:00,12.51,77.48,25.03,19.67,1,0,17190.78
2025-03-16 06:00:00,10.75,78.6,7.42,19.9,1,0,19706.58
2025-03-16 07:00:00,15.86,62.48,197.7,23.21,1,0,20789.95
2025-03-16 08:00:00,15.85,72.67,413.54,12.22,1,0,23609.93
2025-03-16 09:00:00,14.37,76.86,564.5,16.74,1,0,23025.48
2025-03-16 10:00:00,17.73,73.46,685.32,17.17,1,0,23666.53
2025-03-16 11:00:00,18.14,75.29,783.79,20.6,1,0,22871.73
2025-03-16 12:00:00,21.1,67.46,820.12,15.58,1,0,21334.11
2025-03-16 13:00:00,23.74,69.48,726.41,13.8,1,0,20807.43
2025-03-16 14:00:00,18.45,68.64,653.1,13.76,1,0,20523.18
2025-03-16 15:00:00,22.2,62.38,535.18,22.02,1,0,20406.66
2025-03-16 16:00:00,21.54,63.42,354.67,15.4,1,0,20749.24
2025-03-16 17:00:00,22.53,61.87,201.46,16.07,1,0,21822.0
2025-03-16 18:00:00,20.91,73.22,15.0,20.22,1,0,24421.38
2025-03-16 19:00:00,18.14,65.62,0.0,15.55,1,0,23848.47
2025-03-16 20:00:00,17.71,73.16,0.0,12.03,1,0,25208.0
2025-03-16 21:00:00,15.56,72.93,28.16,12.46,1,0,24988.02
2025-03-16 22:00:00,17.64,71.71,3.51,17.8,1,0,23050.69
2025-03-16 23:00:00,14.53,80.38,8.57,19.74,1,0,22188.2
2025-03-17 00:00:00,17.07,70.88,28.86,17.11,0,0,22858.96
2025-03-17 01:00:00,12.74,78.98,0.0,19.32,0,0,24200.16
2025-03-17 02:00:00,11.08,78.18,51.51,12.17,0,0,23189.12
2025-03-17 03:00:00,9.46,78.88,0.0,12.41,0,0,21655.34
2025-03-17 04:00:00,9.11,89.0,49.95,25.71,0,0,20655.56
2025-03-17 05:00:00,10.0,73.23,0.0,22.13,0,0,22197.41
2025-03-17 06:00:00,14.13,80.44,12.94,20.51,0,0,22237.36
2025-03-17 07:00:00,15.6,76.59,187.45,15.51,0,0,24482.76
2025-03-17 08:00:00,13.04,74.35,421.14,16.98,0,0,26764.79
2025-03-17 09:00:00,18.79,77.61,544.04,17.81,0,0,28459.78
2025-03-17 10:00:00,17.61,64.76,688.22,22.42,0,0,27376.1
2025-03-17 11:00:00,19.95,67.96,743.24,19.23,0,0,25376.41
2025-03-17 12:00:00,23.62,61.91,809.73,19.66,0,0,23689.43
2025-03-17 13:00:00,23.13,68.83,743.11,17.23,0,0,24282.21
2025-03-17 14:00:00,21.53,64.17,723.04,20.59,0,0,24278.79
2025-03-17 15:00:00,20.58,71.21,531.1,18.87,0,0,24203.02
2025-03-17 16:00:00,18.14,70.93,359.51,17.97,0,0,25919.49
2025-03-17 17:00:00,20.22,67.88,227.3,15.22,0,0,25699.92
2025-03-17 18:00:00,20.34,71.25,0.0,17.42,0,0,25852.55
2025-03-17 19:00:00,17.91,70.81,0.0,14.04,0,0,28589.09
2025-03-17 20:00:00,18.24,67.23,0.0,17.68,0,0,29795.52
2025-03-17 21:00:00,17.32,83.62,0.0,18.13,0,0,29105.22
2025-03-17 22:00:00,15.48,72.12,0.0,9.4,0,0,27221.08
2025-03-17 23:00:00,13.51,66.97,31.62,17.01,0,0,25563.15
2025-03-18 00:00:00,14.14,71.91,25.08,13.51,0,0,22537.2
2025-03-18 01:00:00,13.84,70.47,5.79,19.38,0,0,23394.64
2025-03-18 02:00:00,10.58,81.78,27.81,19.86,0,0,22433.09
2025-03-18 03:00:00,14.91,75.87,0.0,16.14,0,0,20895.77
2025-03-18 04:00:00,12.36,78.47,0.0,19.55,0,0,20373.6
2025-03-18 05:00:00,13.08,74.75,9.9,19.7,0,0,21774.96
2025-03-18 06:00:00,15.11,73.28,0.0,16.83,0,0,22362.52
2025-03-18 07:00:00,15.29,72.76,197.79,23.0,0,0,24294.68
2025-03-18 08:00:00,17.79,71.66,364.0,15.09,0,0,26426.56
2025-03-18 09:00:00,17.89,75.24,505.18,22.78,0,0,26994.91
2025-03-18 10:00:00,17.56,73.54,702.9,16.84,0,0,26423.2
2025-03-18 11:00:00,20.52,71.53,767.25,14.68,0,0,26736.15
2025-03-18 12:00:00,18.85,73.03,810.58,16.4,0,0,24879.26
2025-03-18 13:00:00,21.9,71.83,750.24,13.78,0,0,25537.28
2025-03-18 14:00:00,22.14,69.23,664.63,20.38,0,0,24113.37
2025-03-18 15:00:00,22.0,69.64,557.38,12.02,0,0,23488.61
2025-03-18 16:00:00,21.97,72.98,415.37,22.49,0,0,24220.02
2025-03-18 17:00:00,18.31,68.86,198.17,14.35,0,0,26451.57
2025-03-18 18:00:00,19.92,66.65,20.04,20.56,0,0,26598.92
2025-03-18 19:00:00,20.04,65.22,0.0,17.72,0,0,29216.35
2025-03-18 20:00:00,18.95,71.68,0.0,18.58,0,0,29268.11
2025-03-18 21:00:00,15.52,66.62,0.0,15.57,0,0,28249.35
2025-03-18 22:00:00,18.36,73.32,30.66,18.87,0,0,28237.16
2025-03-18 23:00:00,13.31,75.58,5.19,18.1,0,0,25403.02
2025-03-19 00:00:00,15.77,78.35,43.65,12.34,0,0,23299.03
2025-03-19 01:00:00,14.0,72.71,0.0,14.07,0,0,23287.61
2025-03-19 02:00:00,11.57,76.77,3.25,15.55,0,0,21962.93
2025-03-19 03:00:00,15.76,78.3,4.48,14.8,0,0,22173.49
2025-03-19 04:00:00,10.59,84.0,15.5,21.83,0,0,21188.75
2025-03-19 05:00:00,14.89,71.88,0.0,17.46,0,0,20584.32
2025-03-19 06:00:00,15.83,74.48,42.11,14.72,0,0,22674.67
2025-03-19 07:00:00,13.86,76.7,204.7,15.72,0,0,23823.12
2025-03-19 08:00:00,18.78,72.59,367.64,15.67,0,0,26888.95
2025-03-19 09:00:00,17.11,71.55,557.96,16.43,0,0,26987.46
2025-03-19 10:00:00,19.38,75.68,676.02,13.68,0,0,27016.93
2025-03-19 11:00:00,20.53,61.96,832.31,14.59,0,0,24518.88
2025-03-19 12:00:00,20.86,67.54,815.89,20.12,0,0,24765.4
2025-03-19 13:00:00,23.35,68.78,763.98,18.09,0,0,25359.36
2025-03-19 14:00:00,23.82,68.39,681.05,16.91,0,0,24150.55
2025-03-19 15:00:00,19.42,75.93,582.14,17.45,0,0,23746.79
2025-03-19 16:00:00,24.74,70.53,419.79,17.28,0,0,24938.83
2025-03-19 17:00:00,18.9,69.85,131.59,16.71,0,0,25743.91
2025-03-19 18:00:00,22.96,72.54,16.07,19.25,0,0,28760.61
2025-03-19 19:00:00,22.09,65.26,0.7,18.99,0,0,28637.39
2025-03-19 20:00:00,16.89,76.52,0.0,11.94,0,0,28717.86
2025-03-19 21:00:00,16.82,80.1,22.01,16.98,0,0,28867.68
2025-03-19 22:00:00,14.28,80.01,56.15,12.17,0,0,27463.02
2025-03-19 23:00:00,14.68,75.21,13.92,19.66,0,0,31746.49
2025-03-20 00:00:00,13.67,74.37,27.51,19.93,0,0,24328.2
2025-03-20 01:00:00,14.83,68.54,45.1,15.11,0,0,24609.98
2025-03-20 02:00:00,15.28,75.49,0.0,16.84,0,0,21816.5
2025-03-20 03:00:00,15.27,69.8,0.0,9.86,0,0,20287.5
2025-03-20 04:00:00,11.91,74.11,16.42,20.65,0,0,18859.92
2025-03-20 05:00:00,13.05,71.49,0.0,19.73,0,0,21398.34
2025-03-20 06:00:00,11.19,76.09,0.0,21.27,0,0,22617.56
2025-03-20 07:00:00,13.81,75.46,202.81,22.45,0,0,25715.41
2025-03-20 08:00:00,18.2,72.71,413.76,12.96,0,0,26480.07
2025-03-20 09:00:00,20.66,67.0,555.7,20.36,0,0,28594.92
2025-03-20 10:00:00,16.83,77.13,665.48,22.43,0,0,26027.94
2025-03-20 11:00:00,19.19,69.9,758.59,12.02,0,0,26461.86
2025-03-20 12:00:00,21.24,65.73,790.65,16.65,0,0,25370.29
2025-03-20 13:00:00,22.59,68.57,715.94,15.98,0,0,24597.5
2025-03-20 14:00:00,21.13,76.84,681.58,20.24,0,0,23389.14
2025-03-20 15:00:00,23.52,68.17,525.81,8.87,0,0,30880.89
2025-03-20 16:00:00,21.73,66.99,412.05,23.6,0,0,24827.81
2025-03-20 17:00:00,22.06,62.04,165.74,16.85,0,0,24596.0
2025-03-20 18:00:00,22.27,67.08,25.32,20.45,0,0,28348.8
2025-03-20 19:00:00,20.27,70.7,0.0,17.04,0,0,28629.09
2025-03-20 20:00:00,18.26,70.02,0.0,18.97,0,0,30462.79
2025-03-20 21:00:00,17.56,65.53,7.36,9.12,0,0,28809.75
2025-03-20 22:00:00,16.3,69.93,0.0,15.9,0,0,27974.43
2025-03-20 23:00:00,14.59,80.69,6.97,20.21,0,0,25226.9
2025-03-21 00:00:00,13.95,81.18,0.0,18.06,0,0,23976.34
2025-03-21 01:00:00,16.5,69.6,0.0,11.32,0,0,23432.45
2025-03-21 02:00:00,14.13,77.97,10.13,17.27,0,0,21993.34
2025-03-21 03:00:00,12.42,72.11,0.0,14.19,0,0,20168.76
2025-03-21 04:00:00,14.37,80.68,0.0,13.88,0,0,18060.84
2025-03-21 05:00:00,13.02,77.26,6.21,11.73,0,0,20418.53
2025-03-21 06:00:00,16.53,76.92,0.0,19.22,0,0,23438.97
2025-03-21 07:00:00,16.12,66.63,209.34,20.95,0,0,24228.87
2025-03-21 08:00:00,16.46,75.9,404.45,24.47,0,0,26027.35
2025-03-21 09:00:00,18.76,71.09,561.83,11.89,0,0,26540.39
2025-03-21 10:00:00,16.42,76.63,701.55,19.74,0,0,27095.5
2025-03-21 11:00:00,18.42,75.08,767.95,19.97,0,0,25216.24
2025-03-21 12:00:00,19.34,70.86,742.34,15.02,0,0,25576.01
2025-03-21 13:00:00,22.54,65.31,721.82,13.84,0,0,24732.73
2025-03-21 14:00:00,25.9,67.81,734.54,13.25,0,0,25057.04
2025-03-21 15:00:00,26.97,63.49,560.4,15.21,0,0,25999.02
2025-03-21 16:00:00,23.93,62.97,420.02,17.76,0,0,24249.42
2025-03-21 17:00:00,23.18,63.46,196.48,21.81,0,0,25289.92
2025-03-21 18:00:00,18.24,65.68,0.0,20.92,0,0,27798.09
2025-03-21 19:00:00,19.47,68.44,0.0,11.4,0,0,29447.44
2025-03-21 20:00:00,17.83,76.36,61.65,14.29,0,0,29956.47
2025-03-21 21:00:00,16.83,73.56,6.33,21.6,0,0,28547.85
2025-03-21 22:00:00,16.35,71.17,0.0,14.49,0,0,27081.56
2025-03-21 23:00:00,14.6,78.08,0.0,16.85,0,0,25179.95
2025-03-22 00:00:00,11.05,74.73,49.34,10.89,1,0,20982.85
2025-03-22 01:00:00,15.16,74.74,0.0,20.89,1,0,18563.11
2025-03-22 02:00:00,11.38,77.04,18.61,10.16,1,0,17565.2
2025-03-22 03:00:00,13.58,78.89,21.4,11.1,1,0,16320.53
2025-03-22 04:00:00,17.05,66.35,0.0,20.53,1,0,21982.45
2025-03-22 05:00:00,12.16,73.66,16.81,23.57,1,0,18705.17
2025-03-22 06:00:00,10.05,72.4,0.0,15.84,1,0,20633.82
2025-03-22 07:00:00,15.13,73.34,180.69,16.69,1,0,20586.31
2025-03-22 08:00:00,18.83,75.9,426.01,20.03,1,0,22710.84
2025-03-22 09:00:00,21.67,66.48,557.34,17.87,1,0,24304.86
2025-03-22 10:00:00,17.23,70.45,700.4,15.55,1,0,23240.89
2025-03-22 11:00:00,21.54,72.1,777.01,15.16,1,0,23301.76
2025-03-22 12:00:00,20.84,73.52,809.74,11.37,1,0,20991.1
2025-03-22 13:00:00,22.28,67.59,727.83,17.67,1,0,20191.09
2025-03-22 14:00:00,27.73,65.78,672.81,16.53,1,0,21629.96
2025-03-22 15:00:00,20.44,65.3,553.18,15.32,1,0,20628.15
2025-03-22 16:00:00,23.43,72.42,376.11,13.35,1,0,21641.98
2025-03-22 17:00:00,23.32,75.61,216.17,13.7,1,0,21982.25
2025-03-22 18:00:00,23.63,68.82,29.67,19.02,1,0,23002.71
2025-03-22 19:00:00,20.82,60.92,33.63,19.94,1,0,25342.41
2025-03-22 20:00:00,19.99,67.78,0.0,15.71,1,0,25418.78
2025-03-22 21:00:00,17.44,74.76,7.3,15.34,1,0,24451.94
2025-03-22 22:00:00,17.34,70.71,11.14,13.87,1,0,22737.25
2025-03-22 23:00:00,15.03,79.56,15.53,20.13,1,0,21752.36
2025-03-23 00:00:00,15.92,76.02,0.0,16.76,1,0,20568.7
2025-03-23 01:00:00,13.35,73.16,45.51,17.94,1,0,19330.83
2025-03-23 02:00:00,14.19,75.36,23.16,17.91,1,0,18071.25
2025-03-23 03:00:00,13.29,72.46,23.82,15.58,1,0,17311.59
2025-03-23 04:00:00,15.54,73.28,30.09,12.58,1,0,17014.14
2025-03-23 05:00:00,13.92,73.25,13.35,13.17,1,0,18709.17
2025-03-23 06:00:00,11.61,82.25,0.0,20.6,1,0,18848.83
2025-03-23 07:00:00,18.11,80.17,202.27,14.11,1,0,21512.79
2025-03-23 08:00:00,15.42,68.4,356.19,15.22,1,0,22599.27
2025-03-23 09:00:00,17.16,64.86,572.48,12.68,1,0,23203.93
2025-03-23 10:00:00,18.56,70.32,684.21,12.4,1,0,23916.35
2025-03-23 11:00:00,23.31,60.95,766.84,13.96,1,0,21980.2
2025-03-23 12:00:00,18.03,71.96,825.04,22.56,1,0,20471.56
2025-03-23 13:00:00,28.32,65.51,756.43,18.96,1,0,23464.6
2025-03-23 14:00:00,25.07,71.41,682.13,14.81,1,0,21328.0
2025-03-23 15:00:00,23.74,67.44,562.66,20.44,1,0,19962.02
2025-03-23 16:00:00,23.07,66.46,351.47,16.12,1,0,20258.13
2025-03-23 17:00:00,23.19,59.22,199.09,21.39,1,0,22184.66
2025-03-23 18:00:00,22.81,67.58,0.0,24.39,1,0,23214.11
2025-03-23 19:00:00,22.0,68.49,0.0,20.25,1,0,24219.79
2025-03-23 20:00:00,20.64,71.98,21.38,16.98,1,0,25761.59
2025-03-23 21:00:00,18.5,68.52,11.18,19.1,1,0,24140.69
2025-03-23 22:00:00,16.69,71.24,0.0,16.71,1,0,23509.55
2025-03-23 23:00:00,15.57,68.07,1.02,10.23,1,0,22681.27
2025-03-24 00:00:00,14.65,65.65,0.0,14.16,0,0,23616.52
2025-03-24 01:00:00,16.25,68.94,0.0,13.12,0,0,22149.97
2025-03-24 02:00:00,14.78,68.42,73.26,14.08,0,0,21941.68
2025-03-24 03:00:00,8.25,81.92,46.15,22.73,0,0,22524.42
2025-03-24 04:00:00,14.89,72.53,1.32,20.38,0,0,20706.22
2025-03-24 05:00:00,14.56,72.74,4.0,17.99,0,0,20629.51
2025-03-24 06:00:00,14.97,70.59,0.0,19.29,0,0,24103.65
2025-03-24 07:00:00,15.34,61.26,185.97,9.83,0,0,24291.53
2025-03-24 08:00:00,19.27,76.69,407.04,19.0,0,0,26906.33
2025-03-24 09:00:00,20.24,65.78,549.72,19.74,0,0,27317.59
2025-03-24 10:00:00,18.44,69.75,711.94,8.61,0,0,27835.33
2025-03-24 11:00:00,21.77,62.59,808.09,19.13,0,0,24839.09
2025-03-24 12:00:00,20.32,73.6,804.29,11.47,0,0,25059.45
2025-03-24 13:00:00,20.39,70.22,771.39,9.56,0,0,24096.47
2025-03-24 14:00:00,22.24,64.68,647.31,21.09,0,0,25109.3
2025-03-24 15:00:00,25.09,63.85,581.53,12.93,0,0,24074.36
2025-03-24 16:00:00,25.08,72.14,369.39,13.95,0,0,25373.07
2025-03-24 17:00:00,23.79,66.3,195.56,19.92,0,0,25240.85
2025-03-24 18:00:00,23.38,66.23,23.99,15.38,0,0,27458.16
2025-03-24 19:00:00,21.97,64.46,25.74,15.82,0,0,28613.65
2025-03-24 20:00:00,18.68,63.61,0.0,15.74,0,0,29249.6
2025-03-24 21:00:00,19.32,69.97,0.0,17.67,0,0,27561.9
2025-03-24 22:00:00,18.68,72.49,0.0,15.66,0,0,27605.4
2025-03-24 23:00:00,17.4,76.74,0.0,16.85,0,0,25082.13
2025-03-25 00:00:00,17.34,63.4,0.0,14.49,0,0,23111.11
2025-03-25 01:00:00,15.68,69.39,0.0,17.48,0,0,22327.95
2025-03-25 02:00:00,14.54,72.59,17.08,17.35,0,0,21517.25
2025-03-25 03:00:00,15.66,73.89,9.86,22.89,0,0,21059.06
2025-03-25 04:00:00,13.86,74.95,14.01,14.91,0,0,20347.53
2025-03-25 05:00:00,12.82,75.98,0.0,15.6,0,0,21399.68
2025-03-25 06:00:00,14.91,76.21,0.0,17.08,0,0,22316.1
2025-03-25 07:00:00,14.9,70.98,207.59,19.62,0,0,25275.37
2025-03-25 08:00:00,16.23,77.13,400.05,12.43,0,0,26399.64
2025-03-25 09:00:00,18.48,73.1,559.8,16.61,0,0,28093.62
2025-03-25 10:00:00,18.6,69.98,682.89,7.47,0,0,27236.63
2025-03-25 11:00:00,20.68,75.79,812.5,15.3,0,0,25370.22
2025-03-25 12:00:00,18.86,77.25,807.54,20.0,0,0,25459.16
2025-03-25 13:00:00,23.45,70.63,819.0,13.71,0,0,24585.0
2025-03-25 14:00:00,23.57,54.71,721.85,16.87,0,0,23213.81
2025-03-25 15:00:00,22.27,74.27,606.07,14.4,0,0,23163.84
2025-03-25 16:00:00,24.75,68.9,371.58,13.24,0,0,24080.2
2025-03-25 17:00:00,24.75,73.75,221.08,19.65,0,0,27068.5
2025-03-25 18:00:00,19.38,75.51,0.0,12.59,0,0,26675.87
2025-03-25 19:00:00,19.86,76.44,0.0,17.27,0,0,30073.22
2025-03-25 20:00:00,18.65,74.73,37.4,17.33,0,0,28806.24
2025-03-25 21:00:00,17.04,78.06,0.0,13.27,0,0,28090.72
2025-03-25 22:00:00,18.94,78.93,0.0,16.79,0,0,27907.89
2025-03-25 23:00:00,15.89,74.57,0.0,12.98,0,0,26387.18
2025-03-26 00:00:00,14.92,68.28,0.0,17.87,0,0,24198.24
2025-03-26 01:00:00,11.0,76.87,0.0,11.44,0,0,24058.36
2025-03-26 02:00:00,15.25,75.83,0.0,14.85,0,0,21682.62
2025-03-26 03:00:00,11.71,77.76,43.27,15.16,0,0,21327.85
2025-03-26 04:00:00,14.21,70.22,0.0,19.94,0,0,20210.26
2025-03-26 05:00:00,15.1,67.89,41.48,16.53,0,0,26988.57
2025-03-26 06:00:00,17.85,68.97,21.22,19.38,0,0,23045.14
2025-03-26 07:00:00,14.08,78.56,216.36,17.98,0,0,25825.18
2025-03-26 08:00:00,12.21,83.33,417.55,17.96,0,0,27054.34
2025-03-26 09:00:00,19.27,74.32,564.39,14.88,0,0,26070.48
2025-03-26 10:00:00,23.47,71.11,722.97,19.62,0,0,27539.02
2025-03-26 11:00:00,23.67,66.37,784.68,14.8,0,0,26326.47
2025-03-26 12:00:00,22.85,60.47,756.07,9.99,0,0,24536.4
2025-03-26 13:00:00,22.38,66.04,777.91,15.29,0,0,24331.11
2025-03-26 14:00:00,25.22,64.27,710.42,17.63,0,0,24615.59
2025-03-26 15:00:00,22.18,66.05,556.82,10.42,0,0,22963.68
2025-03-26 16:00:00,24.62,66.06,402.0,12.94,0,0,24644.25
2025-03-26 17:00:00,24.18,68.0,191.14,11.73,0,0,25576.36
2025-03-26 18:00:00,24.38,69.47,0.0,18.8,0,0,27311.43
2025-03-26 19:00:00,26.4,63.13,0.0,21.9,0,0,29650.76
2025-03-26 20:00:00,20.94,61.54,0.0,15.31,0,0,29930.85
2025-03-26 21:00:00,18.02,69.85,16.73,17.9,0,0,28327.8
2025-03-26 22:00:00,17.6,72.33,0.0,17.81,0,0,27927.47
2025-03-26 23:00:00,13.25,80.97,0.0,21.48,0,0,26185.82
2025-03-27 00:00:00,14.35,72.81,0.0,13.55,0,0,24721.23
2025-03-27 01:00:00,14.07,77.39,0.0,15.07,0,0,24465.86
2025-03-27 02:00:00,13.36,77.14,0.0,14.64,0,0,23334.97
2025-03-27 03:00:00,14.41,75.21,10.1,16.1,0,0,19963.1
2025-03-27 04:00:00,12.83,80.18,0.0,24.6,0,0,20277.98
2025-03-27 05:00:00,16.82,70.22,28.31,15.94,0,0,20501.71
2025-03-27 06:00:00,15.6,71.66,0.0,12.84,0,0,25115.83
2025-03-27 07:00:00,16.62,72.99,204.24,11.79,0,0,25534.91
2025-03-27 08:00:00,17.25,69.91,399.28,20.22,0,0,27720.24
2025-03-27 09:00:00,19.42,72.55,570.64,12.83,0,0,27756.04
2025-03-27 10:00:00,21.92,65.42,692.33,18.16,0,0,25246.68
2025-03-27 11:00:00,20.08,70.83,760.49,13.46,0,0,25287.64
2025-03-27 12:00:00,21.49,68.26,806.94,11.4,0,0,24337.16
2025-03-27 13:00:00,22.92,68.23,782.82,17.95,0,0,24001.63
2025-03-27 14:00:00,21.54,66.78,672.28,13.63,0,0,24349.08
2025-03-27 15:00:00,22.66,66.25,575.19,17.32,0,0,24576.2
2025-03-27 16:00:00,23.11,67.59,428.98,17.58,0,0,23037.57
2025-03-27 17:00:00,25.04,66.27,224.28,17.75,0,0,25970.4
2025-03-27 18:00:00,23.14,67.16,23.31,14.9,0,0,27020.1
2025-03-27 19:00:00,21.98,75.04,4.3,18.24,0,0,29751.41
2025-03-27 20:00:00,21.96,64.27,0.0,12.61,0,0,29884.96
2025-03-27 21:00:00,18.89,70.74,0.0,7.25,0,0,28734.73
2025-03-27 22:00:00,18.54,65.02,8.0,18.31,0,0,27481.31
2025-03-27 23:00:00,16.45,74.68,23.57,16.41,0,0,24689.02
2025-03-28 00:00:00,16.28,68.89,69.65,13.49,0,0,24266.83
2025-03-28 01:00:00,13.96,74.32,24.55,10.48,0,0,23081.79
2025-03-28 02:00:00,10.12,77.4,0.0,8.5,0,0,22335.44
2025-03-28 03:00:00,14.1,76.43,0.0,15.81,0,0,21588.0
2025-03-28 04:00:00,17.07,70.43,56.96,21.4,0,0,20232.09
2025-03-28 05:00:00,16.67,70.62,0.0,15.14,0,0,20535.74
2025-03-28 06:00:00,17.54,77.96,1.19,14.36,0,0,22590.78
2025-03-28 07:00:00,19.06,71.98,182.77,15.54,0,0,25373.6
2025-03-28 08:00:00,18.2,69.38,438.59,23.25,0,0,26986.95
2025-03-28 09:00:00,19.69,69.28,577.44,18.26,0,0,27492.18
2025-03-28 10:00:00,19.52,77.01,672.53,12.36,0,0,26177.54
2025-03-28 11:00:00,21.27,67.92,746.86,15.73,0,0,25110.91
2025-03-28 12:00:00,23.98,63.66,806.61,16.79,0,0,24296.39
2025-03-28 13:00:00,25.83,62.01,772.81,11.93,0,0,24896.33
2025-03-28 14:00:00,23.92,64.28,712.7,18.28,0,0,24088.51
2025-03-28 15:00:00,23.53,64.45,578.6,12.76,0,0,24146.35
2025-03-28 16:00:00,24.17,61.13,392.85,10.34,0,0,24695.59
2025-03-28 17:00:00,24.75,61.23,193.18,15.89,0,0,27219.34
2025-03-28 18:00:00,20.27,66.44,0.0,15.34,0,0,27887.94
2025-03-28 19:00:00,17.7,74.44,0.0,15.62,0,0,29626.07
2025-03-28 20:00:00,19.64,68.8,0.0,12.95,0,0,29801.77
2025-03-28 21:00:00,17.14,71.75,0.41,13.44,0,0,28900.79
2025-03-28 22:00:00,17.13,77.66,0.0,19.58,0,0,32101.74
2025-03-28 23:00:00,16.57,78.27,15.77,17.17,0,0,25932.37
2025-03-29 00:00:00,15.19,73.2,0.0,12.07,1,0,20786.6
2025-03-29 01:00:00,17.82,69.44,0.0,8.59,1,0,19204.21
2025-03-29 02:00:00,15.3,70.77,0.0,12.22,1,0,19344.21
2025-03-29 03:00:00,15.08,77.2,6.06,15.97,1,0,17732.28
2025-03-29 04:00:00,15.83,72.93,2.08,13.21,1,0,15871.52
2025-03-29 05:00:00,13.16,74.61,10.55,12.93,1,0,17878.75
2025-03-29 06:00:00,17.87,68.66,22.46,13.36,1,0,18687.05
2025-03-29 07:00:00,16.9,69.71,239.52,15.16,1,0,21017.65
2025-03-29 08:00:00,19.45,71.78,406.82,18.16,1,0,22676.22
2025-03-29 09:00:00,17.61,66.89,538.51,15.42,1,0,22372.48
2025-03-29 10:00:00,18.04,75.74,685.55,15.64,1,0,22880.83
2025-03-29 11:00:00,23.51,64.71,747.03,14.63,1,0,21971.92
2025-03-29 12:00:00,23.75,66.03,841.8,13.67,1,0,21556.17
2025-03-29 13:00:00,22.25,62.63,821.82,18.55,1,0,20321.99
2025-03-29 14:00:00,22.8,67.43,708.54,18.02,1,0,20676.47
2025-03-29 15:00:00,26.56,62.78,586.7,22.58,1,0,21613.72
2025-03-29 16:00:00,22.23,67.79,405.96,17.56,1,0,26829.9
2025-03-29 17:00:00,26.83,69.74,216.04,13.67,1,0,22061.25
2025-03-29 18:00:00,21.45,69.41,0.0,12.25,1,0,23162.99
2025-03-29 19:00:00,23.19,63.95,0.0,18.75,1,0,25009.61
2025-03-29 20:00:00,20.24,66.94,0.0,12.57,1,0,24468.08
2025-03-29 21:00:00,20.62,71.82,7.03,18.25,1,0,24384.11
2025-03-29 22:00:00,17.27,77.65,0.0,12.76,1,0,23189.71
2025-03-29 23:00:00,16.75,74.05,48.67,16.64,1,0,22634.34
2025-03-30 00:00:00,16.28,76.1,22.92,11.5,1,0,20280.98
2025-03-30 01:00:00,13.61,78.19,7.11,17.94,1,0,20025.31
2025-03-30 02:00:00,16.25,79.05,0.0,10.89,1,0,18867.5
2025-03-30 03:00:00,13.82,67.76,41.9,16.16,1,0,17303.69
2025-03-30 04:00:00,14.5,77.62,0.0,14.52,1,0,16308.72
2025-03-30 05:00:00,13.62,79.68,8.29,15.57,1,0,17637.73
2025-03-30 06:00:00,11.59,72.21,1.06,13.82,1,0,19863.2
2025-03-30 07:00:00,16.9,69.25,196.87,13.74,1,0,21445.4
2025-03-30 08:00:00,22.79,64.09,400.76,15.75,1,0,23741.38
2025-03-30 09:00:00,21.15,66.05,516.42,11.7,1,0,23966.9
2025-03-30 10:00:00,21.0,67.17,653.87,11.68,1,0,23722.12
2025-03-30 11:00:00,21.77,69.38,781.19,13.95,1,0,20606.43
2025-03-30 12:00:00,23.32,70.47,838.9,13.82,1,0,22091.94
2025-03-30 13:00:00,25.06,69.77,781.16,11.69,1,0,21086.35
2025-03-30 14:00:00,22.45,64.44,674.55,18.44,1,0,20763.86
2025-03-30 15:00:00,26.75,60.55,529.4,14.04,1,0,22374.43
2025-03-30 16:00:00,25.86,69.99,419.46,14.42,1,0,21716.3
2025-03-30 17:00:00,25.36,67.76,192.8,10.56,1,0,21646.89
2025-03-30 18:00:00,24.07,66.67,16.08,22.46,1,0,24182.1
2025-03-30 19:00:00,22.28,69.84,9.75,23.7,1,0,24026.33
2025-03-30 20:00:00,22.25,67.86,11.96,12.48,1,0,24434.28
2025-03-30 21:00:00,20.81,71.37,0.84,19.5,1,0,24373.38
2025-03-30 22:00:00,17.81,70.63,9.59,14.89,1,0,22984.63
2025-03-30 23:00:00,16.21,74.49,0.0,20.82,1,0,21920.22
2025-03-31 00:00:00,16.59,67.03,0.0,16.18,0,0,23773.12
2025-03-31 01:00:00,18.4,68.69,0.0,15.35,0,0,24214.52
2025-03-31 02:00:00,12.88,73.7,0.0,6.25,0,0,22502.24
2025-03-31 03:00:00,12.3,75.43,0.0,11.92,0,0,20176.18
2025-03-31 04:00:00,15.41,70.42,37.98,15.07,0,0,19585.94
2025-03-31 05:00:00,15.71,71.73,18.25,15.7,0,0,20715.95
2025-03-31 06:00:00,16.72,66.89,5.69,10.75,0,0,22733.91
2025-03-31 07:00:00,17.88,74.1,188.68,12.45,0,0,24801.18
2025-03-31 08:00:00,18.25,71.24,424.89,16.94,0,0,26083.5
2025-03-31 09:00:00,22.63,60.81,562.64,10.16,0,0,32709.01
2025-03-31 10:00:00,18.36,68.14,732.11,15.47,0,0,26663.58
2025-03-31 11:00:00,20.95,70.49,748.12,19.33,0,0,25178.29
2025-03-31 12:00:00,23.29,64.87,781.16,16.35,0,0,25098.35
2025-03-31 13:00:00,21.32,66.02,751.47,16.17,0,0,24806.31
2025-03-31 14:00:00,24.46,65.69,655.69,7.93,0,0,24059.49
2025-03-31 15:00:00,27.94,64.23,542.19,12.12,0,0,27745.08
2025-03-31 16:00:00,24.81,59.93,402.53,22.19,0,0,26421.18
2025-03-31 17:00:00,24.69,67.98,189.23,12.9,0,0,26295.49
2025-03-31 18:00:00,21.21,65.71,0.0,19.43,0,0,27031.2
2025-03-31 19:00:00,21.34,68.72,26.86,12.86,0,0,29028.55
2025-03-31 20:00:00,20.56,69.35,0.0,14.03,0,0,28704.11
2025-03-31 21:00:00,19.37,68.46,14.73,16.8,0,0,28287.02
2025-03-31 22:00:00,20.96,65.04,0.78,15.35,0,0,26242.17
2025-03-31 23:00:00,18.45,70.25,52.93,16.34,0,0,25377.09
2025-04-01 00:00:00,14.61,81.35,24.92,11.93,0,0,23035.82
2025-04-01 01:00:00,16.26,67.92,0.0,10.81,0,0,23744.52
2025-04-01 02:00:00,16.22,80.17,0.0,11.69,0,0,21716.72
2025-04-01 03:00:00,17.2,71.48,37.57,12.93,0,0,20913.56
2025-04-01 04:00:00,18.16,71.8,0.0,13.99,0,0,20540.4
2025-04-01 05:00:00,13.99,71.06,4.77,18.42,0,0,21729.64
2025-04-01 06:00:00,15.15,71.28,0.0,15.1,0,0,22753.91
2025-04-01 07:00:00,15.38,72.15,198.47,16.49,0,0,25337.68
2025-04-01 08:00:00,18.43,67.23,408.84,15.29,0,0,27022.26
2025-04-01 09:00:00,20.99,68.27,570.42,10.89,0,0,28299.91
2025-04-01 10:00:00,23.22,65.47,704.25,14.85,0,0,27469.03
2025-04-01 11:00:00,22.51,75.14,776.21,15.25,0,0,26644.13
2025-04-01 12:00:00,23.11,62.54,810.44,17.45,0,0,23700.77
2025-04-01 13:00:00,24.75,66.14,775.07,11.05,0,0,27249.09
2025-04-01 14:00:00,23.47,67.87,676.33,7.65,0,0,24786.04
2025-04-01 15:00:00,28.91,57.7,565.78,15.41,0,0,27843.06
2025-04-01 16:00:00,22.08,70.88,382.14,16.03,0,0,24664.06
2025-04-01 17:00:00,24.81,64.08,187.54,14.16,0,0,25713.29
2025-04-01 18:00:00,27.33,53.43,0.0,14.89,0,0,29679.59
2025-04-01 19:00:00,22.66,70.25,0.0,17.87,0,0,27567.01
2025-04-01 20:00:00,21.1,64.54,0.88,13.18,0,0,30014.92
2025-04-01 21:00:00,19.5,66.26,22.91,13.82,0,0,28912.68
2025-04-01 22:00:00,18.53,74.07,0.0,15.07,0,0,27018.17
2025-04-01 23:00:00,20.12,68.5,4.92,10.52,0,0,26112.18
2025-04-02 00:00:00,12.84,80.12,2.95,14.05,0,0,23586.02
2025-04-02 01:00:00,18.78,75.94,0.0,14.36,0,0,23357.75
2025-04-02 02:00:00,12.96,73.76,1.84,20.31,0,0,22173.62
2025-04-02 03:00:00,14.87,77.79,25.07,13.54,0,0,21217.7
2025-04-02 04:00:00,14.75,71.7,4.66,15.28,0,0,20157.73
2025-04-02 05:00:00,17.08,81.56,5.66,17.8,0,0,19727.34
2025-04-02 06:00:00,13.94,72.68,0.0,11.65,0,0,22078.78
2025-04-02 07:00:00,18.68,75.29,256.27,19.4,0,0,24431.06
2025-04-02 08:00:00,22.7,70.95,383.77,20.76,0,0,27096.39
2025-04-02 09:00:00,17.9,73.15,523.97,14.48,0,0,27835.0
2025-04-02 10:00:00,21.99,65.53,714.3,12.69,0,0,28045.45
2025-04-02 11:00:00,21.66,67.9,769.84,20.28,0,0,25137.58
2025-04-02 12:00:00,24.65,57.2,792.39,17.37,0,0,25805.15
2025-04-02 13:00:00,24.72,66.65,759.07,14.87,0,0,23194.34
2025-04-02 14:00:00,24.03,67.77,739.58,19.58,0,0,24128.89
2025-04-02 15:00:00,26.23,64.93,574.53,19.2,0,0,25433.46
2025-04-02 16:00:00,28.43,50.52,413.73,13.4,0,0,27672.09
2025-04-02 17:00:00,24.34,61.03,211.11,15.45,0,0,25651.39
2025-04-02 18:00:00,25.18,62.35,6.75,16.6,0,0,27819.35
2025-04-02 19:00:00,20.52,70.7,34.97,14.68,0,0,28050.84
2025-04-02 20:00:00,19.93,71.22,0.0,9.71,0,0,30062.35
2025-04-02 21:00:00,21.2,68.24,0.0,11.3,0,0,29016.1
2025-04-02 22:00:00,21.73,70.98,21.7,9.83,0,0,27571.37
2025-04-02 23:00:00,18.49,67.25,12.42,16.31,0,0,25604.23
2025-04-03 00:00:00,16.46,75.63,2.7,10.23,0,0,23623.77
2025-04-03 01:00:00,16.23,75.29,11.77,15.05,0,0,23679.96
2025-04-03 02:00:00,13.48,77.38,0.0,20.78,0,0,23237.16
2025-04-03 03:00:00,16.65,72.29,0.52,19.37,0,0,19827.89
2025-04-03 04:00:00,17.32,79.73,0.0,7.94,0,0,19115.62
2025-04-03 05:00:00,15.41,76.1,0.0,9.9,0,0,21141.3
2025-04-03 06:00:00,16.18,69.56,29.73,11.66,0,0,22767.71
2025-04-03 07:00:00,18.54,72.31,171.7,10.28,0,0,25216.43
2025-04-03 08:00:00,18.48,74.38,458.93,8.58,0,0,26784.17
2025-04-03 09:00:00,20.44,67.25,587.49,14.33,0,0,27877.36
2025-04-03 10:00:00,25.63,69.29,648.21,16.84,0,0,27423.58
2025-04-03 11:00:00,22.61,69.18,766.96,17.71,0,0,25011.62
2025-04-03 12:00:00,23.45,57.53,795.6,12.71,0,0,24269.38
2025-04-03 13:00:00,23.72,67.85,782.36,13.42,0,0,24150.93
2025-04-03 14:00:00,26.73,62.32,667.93,15.62,0,0,24672.36
2025-04-03 15:00:00,25.23,67.44,566.36,13.99,0,0,24658.4
2025-04-03 16:00:00,24.22,69.98,396.88,17.21,0,0,24820.45
2025-04-03 17:00:00,27.27,64.24,188.57,15.88,0,0,27336.48
2025-04-03 18:00:00,26.65,70.68,0.0,13.06,0,0,28786.71
2025-04-03 19:00:00,21.98,67.5,22.97,7.87,0,0,27804.45
2025-04-03 20:00:00,18.49,73.86,0.0,19.62,0,0,28880.43
2025-04-03 21:00:00,22.37,71.09,11.95,11.97,0,0,28110.98
2025-04-03 22:00:00,18.03,71.38,19.94,15.62,0,0,27907.83
2025-04-03 23:00:00,19.48,73.58,0.0,7.66,0,0,27284.6
2025-04-04 00:00:00,13.68,73.31,1.31,14.13,0,0,23264.42
2025-04-04 01:00:00,18.04,70.07,29.09,14.52,0,0,23185.98
2025-04-04 02:00:00,13.75,70.38,0.0,14.69,0,0,21752.95
2025-04-04 03:00:00,17.08,73.59,0.0,24.71,0,0,20877.55
2025-04-04 04:00:00,15.96,74.94,0.0,11.96,0,0,19658.8
2025-04-04 05:00:00,14.72,79.47,29.13,17.04,0,0,21152.08
2025-04-04 06:00:00,16.49,76.32,32.31,16.0,0,0,23415.91
2025-04-04 07:00:00,19.5,69.31,172.04,11.79,0,0,24340.28
2025-04-04 08:00:00,19.66,65.59,424.93,16.98,0,0,26976.12
2025-04-04 09:00:00,21.81,70.1,585.84,13.59,0,0,26306.91
2025-04-04 10:00:00,25.61,69.39,731.27,17.23,0,0,27431.31
2025-04-04 11:00:00,20.45,72.62,781.94,21.03,0,0,25586.57
2025-04-04 12:00:00,27.21,67.85,798.45,14.69,0,0,26369.98
2025-04-04 13:00:00,25.28,64.4,800.94,13.18,0,0,24510.11
2025-04-04 14:00:00,23.97,64.56,709.9,17.85,0,0,23793.66
2025-04-04 15:00:00,23.37,64.02,621.49,19.05,0,0,24077.57
2025-04-04 16:00:00,25.25,65.05,423.74,11.07,0,0,25342.38
2025-04-04 17:00:00,26.75,63.61,210.78,12.58,0,0,27346.08
2025-04-04 18:00:00,24.07,67.16,0.0,16.53,0,0,27417.57
2025-04-04 19:00:00,25.98,64.1,0.0,13.7,0,0,29342.51
2025-04-04 20:00:00,19.44,69.97,0.0,10.82,0,0,30202.22
2025-04-04 21:00:00,20.74,66.23,0.0,16.06,0,0,29845.21
2025-04-04 22:00:00,17.21,76.28,23.15,16.52,0,0,26498.45
2025-04-04 23:00:00,18.92,71.28,0.0,12.99,0,0,25892.36
2025-04-05 00:00:00,19.03,70.18,25.54,14.17,1,0,19957.12
2025-04-05 01:00:00,15.88,70.72,8.44,11.94,1,0,20439.69
2025-04-05 02:00:00,11.45,72.37,0.0,10.12,1,0,23029.29
2025-04-05 03:00:00,16.33,78.53,2.19,12.22,1,0,17658.26
2025-04-05 04:00:00,16.92,74.99,11.8,14.22,1,0,17367.85
2025-04-05 05:00:00,17.37,65.87,3.48,8.8,1,0,17629.63
2025-04-05 06:00:00,19.66,73.36,3.77,12.47,1,0,25066.05
2025-04-05 07:00:00,16.54,76.8,187.61,14.27,1,0,21696.73
2025-04-05 08:00:00,20.9,69.69,388.76,18.14,1,0,23385.24
2025-04-05 09:00:00,23.11,73.59,621.56,12.86,1,0,23208.73
2025-04-05 10:00:00,19.06,71.71,722.81,9.6,1,0,22835.91
2025-04-05 11:00:00,24.04,60.7,735.09,13.22,1,0,22457.53
2025-04-05 12:00:00,23.6,68.22,739.99,11.98,1,0,21527.64
2025-04-05 13:00:00,25.15,66.34,773.84,15.89,1,0,20138.41
2025-04-05 14:00:00,26.42,61.81,714.44,12.78,1,0,21560.74
2025-04-05 15:00:00,25.09,67.71,552.1,4.47,1,0,21228.98
2025-04-05 16:00:00,24.58,59.21,425.12,26.88,1,0,21072.31
2025-04-05 17:00:00,25.36,69.14,208.33,14.46,1,0,22588.94
2025-04-05 18:00:00,22.55,64.19,0.0,14.27,1,0,23178.34
2025-04-05 19:00:00,21.51,64.7,18.9,8.56,1,0,23065.29
2025-04-05 20:00:00,23.49,66.4,0.0,8.83,1,0,24222.92
2025-04-05 21:00:00,18.9,72.72,0.0,13.64,1,0,25159.41
2025-04-05 22:00:00,20.87,69.87,16.75,15.13,1,0,23076.68
2025-04-05 23:00:00,19.3,67.66,0.0,16.42,1,0,22041.05
2025-04-06 00:00:00,14.53,72.9,47.72,14.58,1,0,20259.04
2025-04-06 01:00:00,15.62,69.41,17.35,9.6,1,0,19301.61
2025-04-06 02:00:00,18.49,70.46,15.72,4.99,1,0,18569.53
2025-04-06 03:00:00,14.41,79.33,0.0,13.4,1,0,17837.51
2025-04-06 04:00:00,15.51,74.02,21.87,11.88,1,0,17326.27
2025-04-06 05:00:00,17.68,75.53,0.0,9.33,1,0,19245.49
2025-04-06 06:00:00,19.05,76.68,7.06,16.65,1,0,19225.56
2025-04-06 07:00:00,18.22,69.25,183.8,8.24,1,0,22451.32
2025-04-06 08:00:00,18.8,70.33,425.32,15.91,1,0,22220.42
2025-04-06 09:00:00,23.73,75.33,572.01,8.82,1,0,23669.68
2025-04-06 10:00:00,25.6,70.74,741.23,14.22,1,0,23569.08
2025-04-06 11:00:00,25.44,58.41,831.26,17.02,1,0,22307.13
2025-04-06 12:00:00,24.86,67.17,817.75,12.57,1,0,21280.26
2025-04-06 13:00:00,24.05,66.36,773.16,19.67,1,0,24547.51
2025-04-06 14:00:00,24.51,69.25,668.01,20.47,1,0,25746.45
2025-04-06 15:00:00,27.11,60.62,587.36,14.58,1,0,26238.86
2025-04-06 16:00:00,26.76,60.56,404.59,15.65,1,0,22425.39
2025-04-06 17:00:00,28.03,60.07,220.16,17.47,1,0,24461.52
2025-04-06 18:00:00,25.88,62.42,43.24,15.66,1,0,24814.62
2025-04-06 19:00:00,20.97,72.39,0.0,15.28,1,0,25157.32
2025-04-06 20:00:00,24.36,61.35,0.0,11.92,1,0,25508.91
2025-04-06 21:00:00,19.38,68.07,0.0,7.85,1,0,24111.15
2025-04-06 22:00:00,19.19,63.57,20.53,8.89,1,0,22724.78
2025-04-06 23:00:00,19.12,74.82,13.87,22.09,1,0,21177.67
2025-04-07 00:00:00,21.44,73.79,0.0,14.68,0,0,23034.68
2025-04-07 01:00:00,22.65,66.31,18.91,12.69,0,0,23337.97
2025-04-07 02:00:00,17.64,70.93,0.0,17.97,0,0,21730.86
2025-04-07 03:00:00,16.05,75.37,0.0,10.93,0,0,21513.25
2025-04-07 04:00:00,17.51,78.14,0.0,15.59,0,0,19677.94
2025-04-07 05:00:00,18.65,72.85,0.0,13.82,0,0,21029.54
2025-04-07 06:00:00,17.27,69.67,22.25,15.16,0,0,22811.62
2025-04-07 07:00:00,22.11,61.63,213.71,12.37,0,0,24223.26
2025-04-07 08:00:00,20.5,65.09,443.16,10.17,0,0,27507.77
2025-04-07 09:00:00,22.28,68.24,558.12,10.67,0,0,27925.11
2025-04-07 10:00:00,23.87,63.9,688.07,10.8,0,0,27486.56
2025-04-07 11:00:00,24.64,66.6,801.11,13.54,0,0,26351.21
2025-04-07 12:00:00,26.43,62.0,795.77,8.1,0,0,25448.65
2025-04-07 13:00:00,24.6,61.63,808.2,9.18,0,0,23926.76
2025-04-07 14:00:00,25.21,60.6,704.65,14.02,0,0,24831.03
2025-04-07 15:00:00,24.4,72.29,505.48,13.1,0,0,25337.98
2025-04-07 16:00:00,27.0,67.26,428.46,14.21,0,0,26570.12
2025-04-07 17:00:00,27.11,70.52,229.37,13.39,0,0,28079.93
2025-04-07 18:00:00,25.74,66.99,23.78,22.36,0,0,27708.51
2025-04-07 19:00:00,26.89,62.08,0.0,13.99,0,0,31058.25
2025-04-07 20:00:00,22.66,72.9,0.0,12.22,0,0,29227.35
2025-04-07 21:00:00,22.58,67.55,0.0,13.9,0,0,29009.84
2025-04-07 22:00:00,18.12,72.58,0.0,17.12,0,0,27097.91
2025-04-07 23:00:00,18.18,71.47,43.55,13.37,0,0,26363.54
2025-04-08 00:00:00,19.3,58.84,0.0,15.74,0,0,24423.75
2025-04-08 01:00:00,18.79,77.51,0.0,14.73,0,0,22378.98
2025-04-08 02:00:00,16.23,75.36,13.8,12.33,0,0,23065.12
2025-04-08 03:00:00,16.46,74.51,14.23,13.73,0,0,22278.42
2025-04-08 04:00:00,14.03,75.13,0.0,18.94,0,0,19823.3
2025-04-08 05:00:00,16.61,73.7,0.0,14.2,0,0,20885.85
2025-04-08 06:00:00,19.65,67.93,0.0,9.9,0,0,23789.27
2025-04-08 07:00:00,20.12,72.36,216.36,12.23,0,0,25179.16
2025-04-08 08:00:00,21.19,63.7,391.43,5.95,0,0,26797.05
2025-04-08 09:00:00,21.68,69.23,564.16,13.83,0,0,28706.08
2025-04-08 10:00:00,22.89,69.65,638.52,17.94,0,0,26079.43
2025-04-08 11:00:00,22.9,66.6,762.39,8.65,0,0,25284.13
2025-04-08 12:00:00,26.38,65.74,825.18,13.87,0,0,26179.46
2025-04-08 13:00:00,26.67,60.03,805.37,16.8,0,0,29504.36
2025-04-08 14:00:00,27.3,59.57,708.46,17.17,0,0,25680.06
2025-04-08 15:00:00,25.64,65.87,530.39,17.83,0,0,24657.57
2025-04-08 16:00:00,22.54,70.43,430.14,6.81,0,0,25370.49
2025-04-08 17:00:00,27.89,55.4,224.46,15.11,0,0,28529.94
2025-04-08 18:00:00,24.26,68.25,0.0,8.08,0,0,26287.21
2025-04-08 19:00:00,22.53,65.55,0.0,9.85,0,0,28403.2
2025-04-08 20:00:00,24.13,65.51,23.84,16.22,0,0,29068.07
2025-04-08 21:00:00,20.88,63.85,0.0,13.9,0,0,28712.96
2025-04-08 22:00:00,22.2,64.61,8.65,15.89,0,0,26622.51
2025-04-08 23:00:00,20.2,73.68,1.71,10.09,0,0,26079.16
2025-04-09 00:00:00,19.49,70.59,38.46,18.3,0,0,23385.73
2025-04-09 01:00:00,15.0,72.97,0.0,15.56,0,0,23721.49
2025-04-09 02:00:00,19.15,70.3,0.0,16.26,0,0,22201.82
2025-04-09 03:00:00,17.26,74.42,39.47,9.37,0,0,20101.25
2025-04-09 04:00:00,16.3,75.09,0.0,17.25,0,0,20956.64
2025-04-09 05:00:00,17.72,71.75,20.36,12.04,0,0,21889.79
2025-04-09 06:00:00,15.06,78.82,0.0,11.01,0,0,23172.36
2025-04-09 07:00:00,20.03,73.85,181.07,15.34,0,0,24980.28
2025-04-09 08:00:00,18.65,72.87,398.25,15.19,0,0,26113.05
2025-04-09 09:00:00,19.36,70.79,580.46,10.18,0,0,28169.27
2025-04-09 10:00:00,20.35,72.31,723.58,20.34,0,0,27494.44
2025-04-09 11:00:00,26.3,65.59,806.17,19.5,0,0,26338.53
2025-04-09 12:00:00,24.2,70.46,789.08,15.26,0,0,24367.38
2025-04-09 13:00:00,28.88,65.61,744.63,14.65,0,0,27739.05
2025-04-09 14:00:00,25.66,60.83,681.77,14.3,0,0,24018.6
2025-04-09 15:00:00,23.72,62.31,533.63,7.72,0,0,23843.63
2025-04-09 16:00:00,24.61,63.05,392.79,13.54,0,0,24225.24
2025-04-09 17:00:00,28.35,66.39,197.59,13.49,0,0,27827.74
2025-04-09 18:00:00,25.05,59.15,18.19,11.13,0,0,27211.34
2025-04-09 19:00:00,23.31,68.6,0.0,12.06,0,0,29442.64
2025-04-09 20:00:00,23.38,68.41,0.0,4.81,0,0,28359.54
2025-04-09 21:00:00,22.7,72.22,0.0,9.31,0,0,29135.5
2025-04-09 22:00:00,22.51,68.46,29.68,16.37,0,0,27503.58
2025-04-09 23:00:00,21.9,62.92,0.0,19.21,0,0,26415.01
2025-04-10 00:00:00,17.82,68.12,5.67,9.65,0,0,24004.04
2025-04-10 01:00:00,15.28,69.52,0.0,13.59,0,0,23092.64
2025-04-10 02:00:00,16.43,71.06,26.08,16.79,0,0,21673.73
2025-04-10 03:00:00,17.47,71.55,14.9,11.13,0,0,21377.52
2025-04-10 04:00:00,15.44,69.44,3.03,15.31,0,0,20377.28
2025-04-10 05:00:00,15.95,79.53,0.0,12.83,0,0,20647.73
2025-04-10 06:00:00,19.08,65.53,0.0,17.11,0,0,23574.43
2025-04-10 07:00:00,19.41,75.92,212.06,8.46,0,0,24845.94
2025-04-10 08:00:00,20.76,74.06,411.0,9.08,0,0,26799.03
2025-04-10 09:00:00,20.63,73.03,523.11,13.93,0,0,27080.14
2025-04-10 10:00:00,22.88,64.63,658.06,13.28,0,0,27306.72
2025-04-10 11:00:00,22.84,68.81,774.67,12.75,0,0,25150.73
2025-04-10 12:00:00,27.14,58.46,803.95,14.96,0,0,26270.21
2025-04-10 13:00:00,28.19,66.27,743.6,9.69,0,0,26384.58
2025-04-10 14:00:00,23.51,66.55,674.55,8.15,0,0,24286.78
2025-04-10 15:00:00,25.33,63.57,516.57,11.2,0,0,24986.72
2025-04-10 16:00:00,24.14,61.38,432.17,11.59,0,0,24046.13
2025-04-10 17:00:00,25.16,55.45,173.39,11.95,0,0,26446.69
2025-04-10 18:00:00,25.39,60.99,13.56,17.39,0,0,26891.9
2025-04-10 19:00:00,21.89,72.75,0.0,15.64,0,0,30278.52
2025-04-10 20:00:00,21.63,66.92,32.24,14.81,0,0,29167.54
2025-04-10 21:00:00,20.19,69.15,0.0,13.72,0,0,29535.75
2025-04-10 22:00:00,21.08,71.65,1.53,11.43,0,0,27466.68
2025-04-10 23:00:00,19.62,77.56,0.0,9.96,0,0,25942.76
2025-04-11 00:00:00,17.37,77.67,0.0,8.56,0,0,23079.01
2025-04-11 01:00:00,18.19,67.74,14.91,10.32,0,0,23887.12
2025-04-11 02:00:00,16.39,65.48,0.0,12.6,0,0,22235.3
2025-04-11 03:00:00,16.72,82.39,0.0,8.71,0,0,21039.34
2025-04-11 04:00:00,20.39,78.72,25.28,13.35,0,0,19995.3
2025-04-11 05:00:00,20.29,70.49,18.67,12.07,0,0,21052.8
2025-04-11 06:00:00,16.33,68.22,0.0,11.36,0,0,22406.98
2025-04-11 07:00:00,21.2,72.77,165.89,16.82,0,0,25036.39
2025-04-11 08:00:00,22.37,67.44,409.93,4.14,0,0,26526.71
2025-04-11 09:00:00,20.14,69.42,595.27,11.41,0,0,27014.43
2025-04-11 10:00:00,24.97,69.1,671.4,4.52,0,0,27353.34
2025-04-11 11:00:00,27.47,64.61,747.23,13.59,0,0,27976.85
2025-04-11 12:00:00,23.72,61.91,781.26,15.42,0,0,24945.79
2025-04-11 13:00:00,24.89,64.3,781.6,8.02,0,0,24459.0
2025-04-11 14:00:00,28.87,64.66,718.67,8.47,0,0,27559.95
2025-04-11 15:00:00,27.7,65.11,530.72,6.81,0,0,26540.99
2025-04-11 16:00:00,28.03,63.82,359.73,12.98,0,0,27223.31
2025-04-11 17:00:00,27.15,67.3,264.1,11.56,0,0,27582.94
2025-04-11 18:00:00,26.45,62.75,0.0,11.78,0,0,29278.26
2025-04-11 19:00:00,22.32,68.63,6.32,11.46,0,0,28070.44
2025-04-11 20:00:00,25.39,51.65,0.0,9.34,0,0,29808.76
2025-04-11 21:00:00,24.31,64.32,12.25,16.71,0,0,29132.11
2025-04-11 22:00:00,20.5,72.61,24.0,13.71,0,0,26307.14
2025-04-11 23:00:00,19.63,68.77,7.49,8.61,0,0,26684.27
2025-04-12 00:00:00,16.12,71.63,43.52,10.11,1,0,20427.04
2025-04-12 01:00:00,19.01,66.73,0.0,9.51,1,0,20460.04
2025-04-12 02:00:00,18.61,75.26,0.0,17.48,1,0,19600.97
2025-04-12 03:00:00,17.3,74.62,5.79,15.05,1,0,17891.78
2025-04-12 04:00:00,19.61,73.65,11.62,12.12,1,0,15594.94
2025-04-12 05:00:00,17.48,65.36,5.7,18.53,1,0,17919.03
2025-04-12 06:00:00,19.89,69.46,0.0,17.64,1,0,19673.82
2025-04-12 07:00:00,18.08,70.61,213.1,11.75,1,0,20658.94
2025-04-12 08:00:00,21.08,67.91,387.23,11.12,1,0,21616.4
2025-04-12 09:00:00,22.1,65.65,546.33,11.29,1,0,23652.18
2025-04-12 10:00:00,24.11,64.92,687.72,9.22,1,0,22114.87
2025-04-12 11:00:00,24.25,69.57,742.11,18.63,1,0,23303.78
2025-04-12 12:00:00,25.71,57.21,764.79,9.04,1,0,21828.54
2025-04-12 13:00:00,28.23,69.7,700.76,15.6,1,0,23697.14
2025-04-12 14:00:00,26.46,66.12,730.59,14.98,1,0,21521.6
2025-04-12 15:00:00,24.52,65.76,574.75,11.49,1,0,21206.66
2025-04-12 16:00:00,30.39,64.28,393.67,18.89,1,0,25072.63
2025-04-12 17:00:00,29.23,55.89,188.61,7.1,1,0,25566.44
2025-04-12 18:00:00,23.62,64.08,0.0,12.28,1,0,21910.62
2025-04-12 19:00:00,26.15,63.98,0.0,10.85,1,0,25928.26
2025-04-12 20:00:00,22.8,72.94,17.9,15.92,1,0,25509.7
2025-04-12 21:00:00,22.89,67.21,23.55,13.8,1,0,24425.47
2025-04-12 22:00:00,21.65,70.32,16.06,6.51,1,0,22969.57
2025-04-12 23:00:00,19.49,68.1,3.96,16.9,1,0,21723.33
2025-04-13 00:00:00,17.67,74.04,32.6,14.07,1,0,20445.21
2025-04-13 01:00:00,17.05,79.36,0.0,8.75,1,0,20627.18
2025-04-13 02:00:00,16.14,77.46,27.13,11.15,1,0,18525.9
2025-04-13 03:00:00,16.12,73.17,0.0,7.82,1,0,21253.55
2025-04-13 04:00:00,17.67,74.8,0.0,11.77,1,0,18661.1
2025-04-13 05:00:00,17.0,75.01,0.0,12.9,1,0,18259.55
2025-04-13 06:00:00,20.31,71.75,0.0,11.2,1,0,19281.81
2025-04-13 07:00:00,22.8,71.93,221.42,10.79,1,0,22138.15
2025-04-13 08:00:00,20.28,74.17,377.35,6.73,1,0,23386.59
2025-04-13 09:00:00,23.05,66.75,534.09,13.55,1,0,23672.08
2025-04-13 10:00:00,24.81,68.24,703.6,5.63,1,0,22806.07
2025-04-13 11:00:00,25.97,63.09,773.06,12.48,1,0,23088.19
2025-04-13 12:00:00,26.29,60.65,815.91,6.07,1,0,22677.92
2025-04-13 13:00:00,28.29,61.46,777.68,12.55,1,0,21746.04
2025-04-13 14:00:00,28.32,62.21,666.93,12.35,1,0,22913.95
2025-04-13 15:00:00,25.39,58.5,561.82,13.78,1,0,21245.06
2025-04-13 16:00:00,29.01,65.33,399.05,15.39,1,0,24020.55
2025-04-13 17:00:00,28.55,51.24,181.97,16.04,1,0,24395.13
2025-04-13 18:00:00,24.78,76.56,0.0,6.73,1,0,24196.2
2025-04-13 19:00:00,25.19,71.34,0.0,12.17,1,0,24738.35
2025-04-13 20:00:00,25.14,64.33,50.91,19.41,1,0,25402.1
2025-04-13 21:00:00,22.24,68.02,0.0,12.79,1,0,24730.86
2025-04-13 22:00:00,23.26,68.28,30.82,9.46,1,0,23119.79
2025-04-13 23:00:00,24.37,63.71,0.0,12.09,1,0,21081.19
2025-04-14 00:00:00,17.88,72.68,22.22,10.84,0,0,23976.14
2025-04-14 01:00:00,16.01,73.02,22.56,8.07,0,0,23485.43
2025-04-14 02:00:00,18.54,70.94,23.81,15.23,0,0,21966.32
2025-04-14 03:00:00,19.12,71.52,9.7,14.23,0,0,20647.75
2025-04-14 04:00:00,17.58,66.92,34.43,7.51,0,0,17987.35
2025-04-14 05:00:00,21.11,69.16,9.46,11.86,0,0,21753.73
2025-04-14 06:00:00,16.88,73.46,42.84,10.2,0,0,23569.31
2025-04-14 07:00:00,21.57,69.1,164.07,6.58,0,0,24266.17
2025-04-14 08:00:00,20.44,68.74,403.91,7.23,0,0,26360.58
2025-04-14 09:00:00,25.92,69.22,565.98,7.75,0,0,29238.61
2025-04-14 10:00:00,27.71,61.65,661.1,11.98,0,0,28350.69
2025-04-14 11:00:00,23.95,67.35,777.96,10.58,0,0,26107.96
2025-04-14 12:00:00,25.37,70.36,753.15,8.83,0,0,24968.1
2025-04-14 13:00:00,28.7,61.85,747.12,10.81,0,0,27539.63
2025-04-14 14:00:00,26.96,64.59,634.53,14.8,0,0,25691.51
2025-04-14 15:00:00,27.74,62.65,597.87,13.43,0,0,26233.0
2025-04-14 16:00:00,27.7,68.02,389.41,15.69,0,0,27131.13
2025-04-14 17:00:00,23.7,65.64,258.74,11.38,0,0,25465.19
2025-04-14 18:00:00,26.34,69.43,20.07,17.79,0,0,27273.95
2025-04-14 19:00:00,24.08,65.91,11.2,13.4,0,0,28258.93
2025-04-14 20:00:00,23.23,63.66,0.0,10.47,0,0,32437.44
2025-04-14 21:00:00,25.42,67.84,0.0,12.51,0,0,28343.12
2025-04-14 22:00:00,19.27,69.44,13.07,7.81,0,0,27576.03
2025-04-14 23:00:00,21.79,70.87,0.0,11.11,0,0,25673.29
2025-04-15 00:00:00,18.99,59.99,0.0,13.5,0,0,24067.02
2025-04-15 01:00:00,18.2,71.64,0.0,14.14,0,0,23677.37
2025-04-15 02:00:00,19.62,68.5,0.0,10.56,0,0,22695.38
2025-04-15 03:00:00,18.64,66.97,45.52,21.57,0,0,20998.25
2025-04-15 04:00:00,19.23,68.48,55.33,11.4,0,0,19417.52
2025-04-15 05:00:00,20.44,67.31,5.12,6.13,0,0,21344.96
2025-04-15 06:00:00,18.9,70.8,3.72,16.25,0,0,23127.81
2025-04-15 07:00:00,19.43,65.04,195.76,14.12,0,0,26559.33
2025-04-15 08:00:00,19.78,71.46,371.06,12.81,0,0,26804.78
2025-04-15 09:00:00,21.55,74.07,592.18,10.37,0,0,27721.93
2025-04-15 10:00:00,29.63,62.46,730.0,13.38,0,0,30819.0
2025-04-15 11:00:00,27.77,66.24,739.63,17.67,0,0,28020.76
2025-04-15 12:00:00,24.14,70.65,786.78,12.71,0,0,24789.19
2025-04-15 13:00:00,24.98,70.46,750.72,6.85,0,0,24283.48
2025-04-15 14:00:00,28.73,69.62,672.66,2.0,0,0,27276.42
2025-04-15 15:00:00,29.02,59.89,587.45,13.35,0,0,27974.72
2025-04-15 16:00:00,28.85,59.16,361.62,8.55,0,0,27631.12
2025-04-15 17:00:00,26.9,66.92,215.83,11.65,0,0,27827.19
2025-04-15 18:00:00,26.34,67.13,18.21,9.17,0,0,28898.0
2025-04-15 19:00:00,26.12,67.59,0.0,8.92,0,0,29232.91
2025-04-15 20:00:00,24.48,73.53,22.33,9.32,0,0,28984.0
2025-04-15 21:00:00,19.04,70.91,3.69,9.64,0,0,29145.03
2025-04-15 22:00:00,21.32,70.52,30.43,14.72,0,0,26954.02
2025-04-15 23:00:00,19.0,66.98,0.0,14.01,0,0,25105.88
2025-04-16 00:00:00,20.02,78.52,0.0,7.59,0,0,24952.94
2025-04-16 01:00:00,24.28,64.8,0.0,8.07,0,0,22761.3
2025-04-16 02:00:00,19.07,69.6,0.0,13.15,0,0,21213.34
2025-04-16 03:00:00,17.67,70.71,0.0,15.5,0,0,20224.35
2025-04-16 04:00:00,20.07,67.36,0.0,15.45,0,0,20204.83
2025-04-16 05:00:00,19.78,67.28,23.71,8.31,0,0,21016.08
2025-04-16 06:00:00,20.46,67.49,0.0,15.28,0,0,24210.33
2025-04-16 07:00:00,21.83,62.89,183.28,5.6,0,0,24636.31
2025-04-16 08:00:00,25.64,61.78,414.02,11.11,0,0,27608.79
2025-04-16 09:00:00,21.2,76.72,516.17,13.53,0,0,28206.57
2025-04-16 10:00:00,25.38,68.1,629.93,4.54,0,0,27041.84
2025-04-16 11:00:00,24.07,70.04,751.31,19.15,0,0,26261.15
2025-04-16 12:00:00,27.77,67.72,750.98,16.46,0,0,25783.9
2025-04-16 13:00:00,25.91,72.02,725.11,14.08,0,0,26216.22
2025-04-16 14:00:00,27.32,56.33,696.05,8.44,0,0,26585.01
2025-04-16 15:00:00,27.71,58.14,578.52,11.58,0,0,25949.51
2025-04-16 16:00:00,29.82,57.95,413.31,14.59,0,0,29398.95
2025-04-16 17:00:00,29.22,59.82,231.46,7.89,0,0,30153.0
2025-04-16 18:00:00,24.53,64.72,31.03,11.19,0,0,26625.74
2025-04-16 19:00:00,25.84,62.96,0.0,15.01,0,0,29238.52
2025-04-16 20:00:00,23.25,67.95,11.26,6.59,0,0,30374.95
2025-04-16 21:00:00,20.97,69.27,0.0,12.98,0,0,28897.59
2025-04-16 22:00:00,21.55,65.71,0.0,5.68,0,0,27619.43
2025-04-16 23:00:00,20.18,61.14,14.01,8.52,0,0,25831.22
2025-04-17 00:00:00,24.28,62.18,0.0,9.88,0,0,24466.95
2025-04-17 01:00:00,19.89,67.9,0.0,13.44,0,0,23672.29
2025-04-17 02:00:00,16.13,72.49,15.84,9.19,0,0,22272.72
2025-04-17 03:00:00,17.43,67.79,12.19,12.08,0,0,19367.65
2025-04-17 04:00:00,20.45,67.63,3.42,9.24,0,0,20470.27
2025-04-17 05:00:00,22.87,62.89,0.0,9.79,0,0,21442.28
2025-04-17 06:00:00,17.05,72.15,18.6,16.02,0,0,22177.94
2025-04-17 07:00:00,17.56,67.9,220.28,7.62,0,0,24374.23
2025-04-17 08:00:00,25.52,61.64,394.83,14.3,0,0,27723.33
2025-04-17 09:00:00,24.14,61.04,525.92,11.64,0,0,27617.86
2025-04-17 10:00:00,23.17,66.53,669.53,9.63,0,0,25676.1
2025-04-17 11:00:00,26.9,60.32,779.57,7.38,0,0,26761.04
2025-04-17 12:00:00,22.23,71.62,818.57,7.63,0,0,24986.79
2025-04-17 13:00:00,27.78,64.62,750.46,9.06,0,0,26895.52
2025-04-17 14:00:00,28.86,61.75,673.92,11.12,0,0,26903.46
2025-04-17 15:00:00,30.11,57.71,551.31,13.76,0,0,28569.27
2025-04-17 16:00:00,26.45,65.72,399.57,10.59,0,0,25347.14
2025-04-17 17:00:00,27.93,65.63,188.75,10.83,0,0,28974.41
2025-04-17 18:00:00,25.31,65.79,0.0,11.35,0,0,27922.77
2025-04-17 19:00:00,26.4,70.65,29.82,13.31,0,0,29558.56
2025-04-17 20:00:00,23.12,69.03,44.87,13.9,0,0,28748.4
2025-04-17 21:00:00,22.71,71.22,0.0,6.79,0,0,28030.26
2025-04-17 22:00:00,20.36,70.21,0.0,10.66,0,0,28513.43
2025-04-17 23:00:00,22.11,70.8,0.0,15.94,0,0,25672.81
2025-04-18 00:00:00,21.66,65.32,0.0,6.87,0,0,23577.27
2025-04-18 01:00:00,18.89,69.17,24.89,11.73,0,0,23200.28
2025-04-18 02:00:00,18.89,72.4,1.37,10.88,0,0,21794.04
2025-04-18 03:00:00,16.04,74.93,0.0,9.49,0,0,20664.2
2025-04-18 04:00:00,18.28,73.58,0.0,17.04,0,0,20076.97
2025-04-18 05:00:00,19.23,75.09,21.64,11.6,0,0,20978.02
2025-04-18 06:00:00,24.83,59.95,14.99,16.76,0,0,22407.19
2025-04-18 07:00:00,19.15,66.87,229.3,11.49,0,0,25715.84
2025-04-18 08:00:00,24.99,66.43,367.54,13.08,0,0,26755.58
2025-04-18 09:00:00,25.44,62.21,599.97,9.45,0,0,27587.89
2025-04-18 10:00:00,25.45,78.61,634.93,9.49,0,0,27050.68
2025-04-18 11:00:00,29.31,63.68,774.53,12.91,0,0,28714.8
2025-04-18 12:00:00,27.85,62.62,735.75,12.97,0,0,27216.65
2025-04-18 13:00:00,28.68,60.13,737.03,13.57,0,0,27836.17
2025-04-18 14:00:00,28.38,60.54,717.55,12.79,0,0,26369.92
2025-04-18 15:00:00,30.85,60.36,574.79,6.8,0,0,28263.06
2025-04-18 16:00:00,30.45,61.04,378.09,8.65,0,0,28853.13
2025-04-18 17:00:00,26.85,62.01,189.81,14.45,0,0,26955.37
2025-04-18 18:00:00,24.81,64.58,2.52,4.62,0,0,26771.24
2025-04-18 19:00:00,25.78,70.18,12.85,12.5,0,0,29202.9
2025-04-18 20:00:00,23.5,72.39,31.29,11.08,0,0,29141.51
2025-04-18 21:00:00,23.53,67.83,0.0,14.45,0,0,28843.66
2025-04-18 22:00:00,24.58,60.51,0.0,12.93,0,0,26535.45
2025-04-18 23:00:00,20.32,71.87,3.92,9.15,0,0,26162.66
2025-04-19 00:00:00,20.24,76.0,0.0,8.82,1,0,21341.02
2025-04-19 01:00:00,19.63,75.81,0.0,9.48,1,0,20766.98
2025-04-19 02:00:00,20.55,72.44,7.44,13.34,1,0,18493.5
2025-04-19 03:00:00,14.81,80.36,0.0,3.25,1,0,18058.32
2025-04-19 04:00:00,17.93,72.08,7.66,11.86,1,0,17403.79
2025-04-19 05:00:00,19.9,72.6,0.0,8.22,1,0,17794.74
2025-04-19 06:00:00,22.48,65.04,12.17,11.97,1,0,19651.15
2025-04-19 07:00:00,20.47,70.75,169.33,12.51,1,0,21809.38
2025-04-19 08:00:00,19.18,76.06,370.04,5.49,1,0,23353.89
2025-04-19 09:00:00,24.97,63.17,546.51,10.51,1,0,23084.75
2025-04-19 10:00:00,24.0,62.95,720.32,11.85,1,0,23401.76
2025-04-19 11:00:00,24.21,66.6,774.47,11.61,1,0,23038.92
2025-04-19 12:00:00,26.26,63.46,808.4,10.88,1,0,22526.0
2025-04-19 13:00:00,27.85,65.53,790.27,7.03,1,0,23536.46
2025-04-19 14:00:00,27.59,61.36,766.85,7.57,1,0,20554.4
2025-04-19 15:00:00,24.88,72.48,553.62,6.48,1,0,21225.97
2025-04-19 16:00:00,30.3,55.57,426.25,13.25,1,0,25128.25
2025-04-19 17:00:00,30.48,65.58,227.58,10.9,1,0,26671.94
2025-04-19 18:00:00,28.56,59.24,24.9,11.12,1,0,24958.97
2025-04-19 19:00:00,24.3,58.95,44.36,5.34,1,0,24244.15
2025-04-19 20:00:00,24.78,66.65,0.0,11.19,1,0,25850.07
2025-04-19 21:00:00,23.84,65.53,0.0,13.52,1,0,23836.89
2025-04-19 22:00:00,23.64,62.29,7.99,4.86,1,0,23393.04
2025-04-19 23:00:00,22.55,60.98,0.0,9.43,1,0,21906.74
2025-04-20 00:00:00,19.2,70.69,7.96,5.65,1,0,20134.06
2025-04-20 01:00:00,19.87,74.02,39.07,9.67,1,0,20210.31
2025-04-20 02:00:00,20.05,72.29,0.0,7.99,1,0,18148.05
2025-04-20 03:00:00,21.68,68.71,0.0,12.48,1,0,17116.61
2025-04-20 04:00:00,20.49,71.47,4.36,11.74,1,0,16955.61
2025-04-20 05:00:00,21.15,68.86,0.0,15.66,1,0,17042.26
2025-04-20 06:00:00,20.67,63.68,0.0,10.95,1,0,20336.19
2025-04-20 07:00:00,24.09,60.64,187.21,12.33,1,0,20854.48
2025-04-20 08:00:00,23.5,66.04,406.86,9.19,1,0,23290.81
2025-04-20 09:00:00,22.51,67.1,587.02,7.28,1,0,22783.02
2025-04-20 10:00:00,27.88,66.31,646.07,14.06,1,0,25316.05
2025-04-20 11:00:00,27.81,66.0,723.81,15.49,1,0,22773.62
2025-04-20 12:00:00,26.79,66.31,780.1,13.61,1,0,23185.16
2025-04-20 13:00:00,27.52,62.11,700.9,11.6,1,0,23041.55
2025-04-20 14:00:00,29.42,56.0,663.81,7.73,1,0,23292.92
2025-04-20 15:00:00,29.89,62.75,507.68,15.14,1,0,23634.36
2025-04-20 16:00:00,29.24,63.78,423.9,13.17,1,0,24334.41
2025-04-20 17:00:00,28.95,52.39,182.48,18.23,1,0,23691.18
2025-04-20 18:00:00,30.65,57.08,41.32,7.1,1,0,27501.0
2025-04-20 19:00:00,28.48,59.6,27.84,14.16,1,0,26393.63
2025-04-20 20:00:00,25.69,65.35,0.0,13.07,1,0,25491.81
2025-04-20 21:00:00,25.75,61.61,0.0,9.95,1,0,24719.49
2025-04-20 22:00:00,20.9,69.04,0.0,15.92,1,0,22716.59
2025-04-20 23:00:00,22.27,67.11,0.0,12.55,1,0,23025.87
2025-04-21 00:00:00,23.98,65.78,8.65,7.71,0,0,24344.31
2025-04-21 01:00:00,19.54,67.55,0.0,10.57,0,0,22376.98
2025-04-21 02:00:00,17.9,69.33,18.66,7.66,0,0,21634.4
2025-04-21 03:00:00,18.08,67.41,6.63,9.35,0,0,21291.09
2025-04-21 04:00:00,17.47,73.8,0.0,13.45,0,0,24152.9
2025-04-21 05:00:00,18.52,73.62,0.0,14.45,0,0,20067.97
2025-04-21 06:00:00,20.06,66.86,0.0,11.76,0,0,23437.73
2025-04-21 07:00:00,19.23,76.78,180.71,8.36,0,0,25308.03
2025-04-21 08:00:00,22.99,66.05,390.01,12.32,0,0,25537.55
2025-04-21 09:00:00,25.88,70.83,551.63,13.52,0,0,28010.21
2025-04-21 10:00:00,23.92,63.9,679.53,4.08,0,0,26871.21
2025-04-21 11:00:00,29.49,53.35,794.78,11.39,0,0,29608.81
2025-04-21 12:00:00,28.71,63.77,773.79,10.32,0,0,26951.54
2025-04-21 13:00:00,30.44,61.6,775.74,14.32,0,0,28523.95
2025-04-21 14:00:00,27.9,63.03,678.73,12.34,0,0,26012.92
2025-04-21 15:00:00,30.8,57.71,543.54,12.68,0,0,29057.84
2025-04-21 16:00:00,27.12,63.45,385.57,9.3,0,0,26073.99
2025-04-21 17:00:00,30.19,58.78,199.66,10.99,0,0,30198.31
2025-04-21 18:00:00,28.1,61.5,6.99,14.29,0,0,30012.82
2025-04-21 19:00:00,27.75,66.39,0.0,10.76,0,0,32182.16
2025-04-21 20:00:00,23.44,67.64,0.0,11.6,0,0,30066.08
2025-04-21 21:00:00,22.65,70.05,16.36,5.61,0,0,29709.69
2025-04-21 22:00:00,24.04,65.44,22.45,10.75,0,0,27026.43
2025-04-21 23:00:00,20.05,68.59,18.64,3.94,0,0,25133.04
2025-04-22 00:00:00,21.76,63.8,3.87,9.03,0,0,24357.88
2025-04-22 01:00:00,17.67,70.62,19.18,11.05,0,0,23328.35
2025-04-22 02:00:00,21.16,55.67,17.84,13.52,0,0,22678.38
2025-04-22 03:00:00,17.24,70.12,19.69,7.33,0,0,20160.26
2025-04-22 04:00:00,20.63,69.11,0.0,12.14,0,0,20475.84
2025-04-22 05:00:00,21.26,71.12,0.0,15.97,0,0,20854.36
2025-04-22 06:00:00,19.67,69.22,0.0,8.59,0,0,22684.05
2025-04-22 07:00:00,23.01,68.68,200.09,5.42,0,0,24897.37
2025-04-22 08:00:00,23.64,58.0,381.33,11.85,0,0,27118.42
2025-04-22 09:00:00,23.49,66.63,500.92,6.66,0,0,27976.24
2025-04-22 10:00:00,23.94,59.74,714.0,7.97,0,0,30130.6
2025-04-22 11:00:00,23.43,62.08,741.5,14.06,0,0,26020.76
2025-04-22 12:00:00,28.63,61.48,779.07,17.4,0,0,27957.18
2025-04-22 13:00:00,25.97,69.73,779.47,7.33,0,0,25590.46
2025-04-22 14:00:00,29.46,62.97,612.33,8.25,0,0,28507.27
2025-04-22 15:00:00,28.99,61.98,535.04,9.29,0,0,28719.14
2025-04-22 16:00:00,30.51,60.46,377.7,8.91,0,0,34290.57
2025-04-22 17:00:00,28.25,59.72,192.11,17.6,0,0,29342.71
2025-04-22 18:00:00,27.4,61.16,0.0,8.98,0,0,29299.12
2025-04-22 19:00:00,28.28,64.26,36.18,9.47,0,0,30776.89
2025-04-22 20:00:00,26.36,58.73,16.84,16.49,0,0,30188.59
2025-04-22 21:00:00,25.03,67.85,23.95,12.85,0,0,29490.62
2025-04-22 22:00:00,24.01,64.84,1.18,14.28,0,0,27806.77
2025-04-22 23:00:00,19.2,74.02,0.0,7.66,0,0,25125.01
2025-04-23 00:00:00,22.49,71.6,0.0,8.83,0,0,23340.43
2025-04-23 01:00:00,21.44,62.01,0.0,7.04,0,0,22992.36
2025-04-23 02:00:00,18.0,69.47,8.99,13.49,0,0,21642.49
2025-04-23 03:00:00,19.22,67.28,0.79,14.97,0,0,19511.7
2025-04-23 04:00:00,19.76,62.97,0.0,8.58,0,0,18611.71
2025-04-23 05:00:00,20.09,65.79,0.0,9.41,0,0,20720.09
2025-04-23 06:00:00,21.73,78.21,50.29,9.56,0,0,23147.49
2025-04-23 07:00:00,24.74,68.17,179.31,5.27,0,0,31442.71
2025-04-23 08:00:00,25.32,72.88,409.34,8.33,0,0,26392.73
2025-04-23 09:00:00,22.3,71.25,546.14,13.39,0,0,26598.58
2025-04-23 10:00:00,27.08,60.66,667.3,7.62,0,0,28251.68
2025-04-23 11:00:00,29.56,59.87,775.39,11.01,0,0,33525.68
2025-04-23 12:00:00,28.89,64.35,808.85,6.11,0,0,28634.8
2025-04-23 13:00:00,30.96,61.89,739.99,10.18,0,0,30054.27
2025-04-23 14:00:00,33.11,55.89,688.8,8.71,0,0,31754.92
2025-04-23 15:00:00,31.51,53.6,555.19,6.41,0,0,30438.69
2025-04-23 16:00:00,29.94,74.21,386.33,13.45,0,0,28434.84
2025-04-23 17:00:00,30.87,59.65,204.99,13.65,0,0,31066.83
2025-04-23 18:00:00,28.46,61.08,0.0,7.29,0,0,30092.3
2025-04-23 19:00:00,27.21,63.96,0.0,9.93,0,0,31502.66
2025-04-23 20:00:00,25.32,64.24,0.0,10.84,0,0,30299.42
2025-04-23 21:00:00,27.48,63.76,22.53,4.33,0,0,30304.54
2025-04-23 22:00:00,21.9,73.44,0.0,5.79,0,0,26841.56
2025-04-23 23:00:00,24.92,65.07,0.0,15.19,0,0,25852.64
2025-04-24 00:00:00,22.23,63.34,0.0,6.81,0,0,22820.05
2025-04-24 01:00:00,18.02,71.14,0.0,14.94,0,0,23189.37
2025-04-24 02:00:00,20.7,67.51,0.0,5.83,0,0,22110.3
2025-04-24 03:00:00,16.08,79.22,0.94,12.85,0,0,21037.0
2025-04-24 04:00:00,21.16,73.64,0.0,9.45,0,0,20452.14
2025-04-24 05:00:00,22.13,68.51,49.5,9.94,0,0,21032.56
2025-04-24 06:00:00,20.26,64.65,14.37,17.04,0,0,21924.14
2025-04-24 07:00:00,22.59,62.77,212.48,6.15,0,0,24342.08
2025-04-24 08:00:00,27.09,63.68,343.78,12.62,0,0,28049.14
2025-04-24 09:00:00,23.95,67.79,535.16,12.48,0,0,27897.04
2025-04-24 10:00:00,24.25,64.68,654.43,22.28,0,0,27404.63
2025-04-24 11:00:00,30.03,59.05,723.84,6.77,0,0,29966.04
2025-04-24 12:00:00,31.93,56.89,749.72,8.35,0,0,32759.73
2025-04-24 13:00:00,29.2,61.63,698.29,13.4,0,0,28764.5
2025-04-24 14:00:00,31.51,50.11,634.7,9.84,0,0,30875.57
2025-04-24 15:00:00,32.28,54.54,566.12,8.92,0,0,31565.28
2025-04-24 16:00:00,28.36,59.97,381.29,13.89,0,0,27749.87
2025-04-24 17:00:00,28.32,67.34,186.56,9.61,0,0,28706.85
2025-04-24 18:00:00,30.62,57.19,0.0,7.42,0,0,31121.65
2025-04-24 19:00:00,30.4,61.36,29.18,13.08,0,0,32892.23
2025-04-24 20:00:00,27.17,64.45,0.11,11.85,0,0,31060.46
2025-04-24 21:00:00,23.28,72.24,13.51,9.45,0,0,28936.85
2025-04-24 22:00:00,27.15,68.62,0.0,9.28,0,0,28944.3
2025-04-24 23:00:00,21.41,68.5,0.0,7.34,0,0,25962.57
2025-04-25 00:00:00,20.93,67.26,8.85,12.94,0,0,22469.81
2025-04-25 01:00:00,21.35,66.13,47.32,9.14,0,0,23667.57
2025-04-25 02:00:00,23.03,66.31,35.74,7.71,0,0,22244.07
2025-04-25 03:00:00,21.6,66.82,14.57,5.9,0,0,20611.91
2025-04-25 04:00:00,20.98,71.33,3.79,11.78,0,0,20657.02
2025-04-25 05:00:00,21.57,70.27,35.03,8.62,0,0,20288.67
2025-04-25 06:00:00,21.61,70.92,19.87,3.36,0,0,22829.66
2025-04-25 07:00:00,23.57,71.82,141.18,6.19,0,0,25320.64
2025-04-25 08:00:00,19.22,78.15,357.17,9.59,0,0,26245.18
2025-04-25 09:00:00,24.53,66.42,550.83,9.68,0,0,26298.33
2025-04-25 10:00:00,26.79,68.29,619.6,9.55,0,0,27626.94
2025-04-25 11:00:00,25.49,63.65,718.46,9.06,0,0,26325.41
2025-04-25 12:00:00,29.3,66.37,749.54,5.24,0,0,28213.04
2025-04-25 13:00:00,29.03,66.12,734.49,7.34,0,0,27573.19
2025-04-25 14:00:00,33.05,62.29,657.08,14.55,0,0,31490.35
2025-04-25 15:00:00,32.9,58.77,535.15,14.03,0,0,31014.03
2025-04-25 16:00:00,29.06,59.17,404.15,12.43,0,0,28193.07
2025-04-25 17:00:00,29.12,56.21,191.89,12.12,0,0,29094.01
2025-04-25 18:00:00,28.47,62.22,0.0,13.57,0,0,30556.57
2025-04-25 19:00:00,26.75,70.06,0.0,6.48,0,0,29755.08
2025-04-25 20:00:00,26.71,62.72,25.61,10.52,0,0,29544.62
2025-04-25 21:00:00,23.7,69.81,0.0,6.48,0,0,27160.83
2025-04-25 22:00:00,21.74,71.81,0.0,6.54,0,0,27074.96
2025-04-25 23:00:00,23.69,65.54,5.33,11.69,0,0,25868.73
2025-04-26 00:00:00,22.86,72.69,0.0,13.59,1,0,20110.41
2025-04-26 01:00:00,19.49,58.82,0.0,9.59,1,0,19470.71
2025-04-26 02:00:00,22.05,63.26,6.46,16.04,1,0,17838.73
2025-04-26 03:00:00,19.13,67.12,0.0,11.01,1,0,16395.6
2025-04-26 04:00:00,20.89,65.92,57.79,7.55,1,0,17284.85
2025-04-26 05:00:00,22.41,69.18,0.0,6.47,1,0,17675.09
2025-04-26 06:00:00,21.67,69.66,15.45,13.84,1,0,19299.81
2025-04-26 07:00:00,23.58,68.35,149.26,10.72,1,0,20363.26
2025-04-26 08:00:00,23.04,69.65,360.6,12.64,1,0,22151.62
2025-04-26 09:00:00,24.91,61.78,513.23,2.0,1,0,23618.65
2025-04-26 10:00:00,26.19,59.56,637.99,11.13,1,0,23948.41
2025-04-26 11:00:00,26.42,65.81,748.59,8.48,1,0,22800.38
2025-04-26 12:00:00,28.48,59.85,790.13,5.39,1,0,24354.77
2025-04-26 13:00:00,26.81,57.59,746.82,10.05,1,0,21459.6
2025-04-26 14:00:00,29.21,65.6,656.19,14.09,1,0,24312.93
2025-04-26 15:00:00,29.75,66.81,524.63,18.2,1,0,24190.01
2025-04-26 16:00:00,29.63,67.56,409.96,11.12,1,0,24436.6
2025-04-26 17:00:00,29.16,62.5,249.58,7.79,1,0,25461.01
2025-04-26 18:00:00,28.69,64.68,3.38,7.58,1,0,25387.08
2025-04-26 19:00:00,28.63,67.71,23.48,13.64,1,0,26821.62
2025-04-26 20:00:00,28.13,60.12,8.58,6.78,1,0,26406.35
2025-04-26 21:00:00,24.09,70.76,18.89,12.45,1,0,25141.84
2025-04-26 22:00:00,21.8,69.48,0.0,11.3,1,0,23453.61
2025-04-26 23:00:00,20.89,72.85,0.0,10.91,1,0,22631.32
2025-04-27 00:00:00,21.05,69.8,9.89,4.66,1,0,20394.57
2025-04-27 01:00:00,20.5,74.74,30.31,8.9,1,0,20555.03
2025-04-27 02:00:00,19.25,71.57,0.0,5.04,1,0,18387.39
2025-04-27 03:00:00,18.13,65.75,0.0,8.09,1,0,18265.4
2025-04-27 04:00:00,19.81,75.98,0.0,13.36,1,0,16787.54
2025-04-27 05:00:00,21.46,64.9,25.25,14.45,1,0,17824.67
2025-04-27 06:00:00,23.0,72.31,0.0,10.89,1,0,20009.52
2025-04-27 07:00:00,21.96,67.88,167.63,8.15,1,0,22878.5
2025-04-27 08:00:00,23.42,71.63,384.57,15.7,1,0,28357.88
2025-04-27 09:00:00,23.79,71.13,535.45,8.1,1,0,23946.42
2025-04-27 10:00:00,26.7,65.69,674.2,6.17,1,0,23709.54
2025-04-27 11:00:00,26.43,66.25,704.68,12.58,1,0,23015.06
2025-04-27 12:00:00,30.03,62.66,753.22,11.75,1,0,24684.59
2025-04-27 13:00:00,26.58,56.02,765.28,8.25,1,0,22606.94
2025-04-27 14:00:00,29.64,61.8,629.52,10.5,1,0,23744.56
2025-04-27 15:00:00,31.0,55.64,575.27,11.69,1,0,26046.8
2025-04-27 16:00:00,30.62,61.13,353.99,10.86,1,0,24402.62
2025-04-27 17:00:00,34.64,52.25,218.28,11.75,1,0,31214.56
2025-04-27 18:00:00,29.63,56.59,0.0,8.38,1,0,26008.4
2025-04-27 19:00:00,26.15,70.88,0.0,11.99,1,0,25905.98
2025-04-27 20:00:00,26.58,68.36,0.0,10.21,1,0,25588.21
2025-04-27 21:00:00,22.26,67.95,13.62,8.49,1,0,24927.6
2025-04-27 22:00:00,24.02,67.12,0.0,9.29,1,0,22610.78
2025-04-27 23:00:00,21.46,67.69,27.96,9.8,1,0,22591.46
2025-04-28 00:00:00,23.77,68.89,35.89,4.97,0,0,24386.37
2025-04-28 01:00:00,20.34,66.99,0.0,7.8,0,0,22948.44
2025-04-28 02:00:00,20.62,73.42,0.0,10.25,0,0,22579.43
2025-04-28 03:00:00,19.52,69.42,0.0,5.3,0,0,21349.58
2025-04-28 04:00:00,23.96,64.76,0.0,7.86,0,0,19454.11
2025-04-28 05:00:00,20.75,69.41,27.61,18.37,0,0,20296.17
2025-04-28 06:00:00,25.42,62.76,14.01,6.07,0,0,22819.36
2025-04-28 07:00:00,24.62,67.16,182.65,8.68,0,0,24507.31
2025-04-28 08:00:00,25.23,63.14,378.89,7.11,0,0,26532.21
2025-04-28 09:00:00,26.32,66.19,571.33,9.62,0,0,29158.36
2025-04-28 10:00:00,27.66,67.97,704.44,7.17,0,0,29422.22
2025-04-28 11:00:00,24.69,62.9,738.98,9.17,0,0,24881.4
2025-04-28 12:00:00,28.69,61.66,691.85,7.51,0,0,27459.69
2025-04-28 13:00:00,31.51,61.49,739.93,13.72,0,0,29456.89
2025-04-28 14:00:00,30.4,58.9,680.11,10.31,0,0,29397.19
2025-04-28 15:00:00,28.13,64.54,541.84,6.52,0,0,26460.0
2025-04-28 16:00:00,30.39,62.87,397.33,12.97,0,0,28452.6
2025-04-28 17:00:00,33.06,62.58,205.2,6.67,0,0,33712.3
2025-04-28 18:00:00,31.44,57.28,0.0,4.55,0,0,33604.1
2025-04-28 19:00:00,28.05,58.98,0.0,10.02,0,0,30665.81
2025-04-28 20:00:00,28.67,60.97,0.0,16.7,0,0,32317.72
2025-04-28 21:00:00,25.0,61.63,26.64,3.63,0,0,28587.18
2025-04-28 22:00:00,21.3,71.09,0.0,5.37,0,0,28144.55
2025-04-28 23:00:00,21.5,64.0,11.4,12.66,0,0,25505.21
2025-04-29 00:00:00,25.13,74.72,7.59,7.66,0,0,23749.81
2025-04-29 01:00:00,21.03,74.26,39.65,12.05,0,0,23305.52
2025-04-29 02:00:00,20.59,69.52,0.0,6.98,0,0,22068.77
2025-04-29 03:00:00,20.32,73.18,0.0,10.41,0,0,21181.27
2025-04-29 04:00:00,24.45,59.45,16.17,16.02,0,0,20945.23
2025-04-29 05:00:00,24.45,76.09,53.45,5.73,0,0,21864.16
2025-04-29 06:00:00,26.31,61.96,17.81,13.49,0,0,23812.83
2025-04-29 07:00:00,23.07,66.76,175.77,12.29,0,0,25334.09
2025-04-29 08:00:00,25.09,58.0,350.56,4.7,0,0,28129.75
2025-04-29 09:00:00,23.13,69.13,510.2,11.87,0,0,28465.6
2025-04-29 10:00:00,29.81,56.75,704.13,10.17,0,0,30494.36
2025-04-29 11:00:00,26.25,64.78,721.31,10.23,0,0,27219.0
2025-04-29 12:00:00,29.78,59.02,738.66,11.09,0,0,29131.16
2025-04-29 13:00:00,28.21,58.3,725.53,8.69,0,0,27429.9
2025-04-29 14:00:00,29.62,58.12,646.12,10.16,0,0,28834.53
2025-04-29 15:00:00,29.35,62.49,573.21,10.76,0,0,27215.05
2025-04-29 16:00:00,29.59,56.24,352.25,12.52,0,0,28176.98
2025-04-29 17:00:00,29.21,58.72,224.98,4.57,0,0,29879.62
2025-04-29 18:00:00,28.4,65.09,3.05,14.43,0,0,30174.7
2025-04-29 19:00:00,29.86,71.54,30.18,5.87,0,0,31561.32
2025-04-29 20:00:00,25.16,67.27,39.57,12.58,0,0,28813.76
2025-04-29 21:00:00,26.25,60.71,2.12,10.19,0,0,30321.49
2025-04-29 22:00:00,26.75,62.46,0.0,5.43,0,0,29268.68
2025-04-29 23:00:00,22.43,67.94,1.65,11.76,0,0,24908.42
2025-04-30 00:00:00,21.22,67.5,0.0,6.49,0,0,24551.41
2025-04-30 01:00:00,21.31,72.43,0.0,13.54,0,0,23210.74
2025-04-30 02:00:00,23.34,67.86,38.81,7.32,0,0,21539.07
2025-04-30 03:00:00,21.4,72.37,6.14,4.57,0,0,20369.56
2025-04-30 04:00:00,20.26,68.51,0.0,15.17,0,0,19259.48
2025-04-30 05:00:00,22.59,72.97,0.0,10.44,0,0,20567.93
2025-04-30 06:00:00,20.53,68.86,0.0,12.84,0,0,21768.86
2025-04-30 07:00:00,24.78,61.81,213.9,6.82,0,0,25310.97
2025-04-30 08:00:00,25.49,73.77,360.53,3.18,0,0,27751.78
2025-04-30 09:00:00,25.5,57.75,520.38,15.67,0,0,27173.3
2025-04-30 10:00:00,25.83,61.8,663.46,9.78,0,0,27739.39
2025-04-30 11:00:00,26.95,61.24,713.48,11.52,0,0,26809.94
2025-04-30 12:00:00,30.55,70.54,765.67,12.1,0,0,30100.66
2025-04-30 13:00:00,32.59,65.9,728.76,8.63,0,0,29985.88
2025-04-30 14:00:00,29.73,67.22,649.15,10.6,0,0,28600.39
2025-04-30 15:00:00,31.88,57.99,492.43,15.38,0,0,29453.08
2025-04-30 16:00:00,27.12,73.3,355.51,9.69,0,0,26274.87
2025-04-30 17:00:00,29.33,63.08,209.7,13.1,0,0,28946.51
2025-04-30 18:00:00,29.53,65.33,0.0,2.83,0,0,30921.8
2025-04-30 19:00:00,26.91,64.5,30.13,13.74,0,0,29365.52
2025-04-30 20:00:00,25.66,64.71,58.66,4.48,0,0,31246.37
2025-04-30 21:00:00,24.85,64.63,16.41,13.34,0,0,28270.28
2025-04-30 22:00:00,25.28,64.41,37.32,11.17,0,0,27008.67
2025-04-30 23:00:00,23.21,69.54,18.02,9.47,0,0,26952.22
2025-05-01 00:00:00,18.68,72.66,0.0,9.35,0,0,24046.71
2025-05-01 01:00:00,18.1,71.58,5.0,8.82,0,0,22523.62
2025-05-01 02:00:00,20.32,75.75,50.33,6.83,0,0,22119.97
2025-05-01 03:00:00,22.07,56.27,0.0,8.98,0,0,20580.53
2025-05-01 04:00:00,16.47,75.22,0.0,17.43,0,0,18957.29
2025-05-01 05:00:00,21.01,71.96,0.0,14.26,0,0,20475.4
2025-05-01 06:00:00,21.76,73.0,0.0,6.65,0,0,22966.49
2025-05-01 07:00:00,26.24,64.12,168.69,10.64,0,0,26989.34
2025-05-01 08:00:00,24.26,67.0,416.19,10.04,0,0,26722.28
2025-05-01 09:00:00,26.93,67.71,534.81,9.2,0,0,28920.11
2025-05-01 10:00:00,27.79,68.95,672.67,6.19,0,0,28638.77
2025-05-01 11:00:00,24.91,64.38,715.71,11.26,0,0,26788.39
2025-05-01 12:00:00,31.16,61.02,720.18,12.66,0,0,30925.45
2025-05-01 13:00:00,30.96,66.85,690.44,6.78,0,0,30100.82
2025-05-01 14:00:00,31.99,50.71,625.68,16.55,0,0,30701.98
2025-05-01 15:00:00,38.31,50.76,538.09,15.03,0,0,38375.73
2025-05-01 16:00:00,27.32,69.28,387.34,11.62,0,0,27274.73
2025-05-01 17:00:00,33.68,62.06,208.85,5.39,0,0,34426.32
2025-05-01 18:00:00,29.26,63.76,0.0,11.11,0,0,30688.21
2025-05-01 19:00:00,29.26,59.87,0.0,10.69,0,0,32698.1
2025-05-01 20:00:00,27.46,59.76,0.0,11.5,0,0,31581.3
2025-05-01 21:00:00,25.48,62.7,10.04,15.27,0,0,33817.55
2025-05-01 22:00:00,23.92,72.66,11.98,9.09,0,0,27127.4
2025-05-01 23:00:00,24.34,63.58,0.0,16.87,0,0,24614.89
2025-05-02 00:00:00,20.17,70.25,24.2,11.03,0,0,23892.87
2025-05-02 01:00:00,23.46,63.87,58.47,8.59,0,0,24203.47
2025-05-02 02:00:00,20.86,72.6,20.87,18.01,0,0,21036.53
2025-05-02 03:00:00,19.4,68.39,0.0,12.51,0,0,20817.36
2025-05-02 04:00:00,20.8,68.89,0.0,8.02,0,0,20488.77
2025-05-02 05:00:00,24.37,59.33,0.0,9.9,0,0,21574.59
2025-05-02 06:00:00,21.94,61.8,0.0,11.83,0,0,22498.62
2025-05-02 07:00:00,24.58,65.91,199.2,9.08,0,0,30522.47
2025-05-02 08:00:00,23.83,61.25,344.17,10.08,0,0,26418.05
2025-05-02 09:00:00,27.8,71.4,479.73,6.75,0,0,30464.48
2025-05-02 10:00:00,28.96,53.69,650.9,3.71,0,0,29111.37
2025-05-02 11:00:00,32.26,55.77,720.39,9.98,0,0,31842.09
2025-05-02 12:00:00,29.66,61.37,730.98,10.1,0,0,28435.83
2025-05-02 13:00:00,31.97,57.77,687.8,11.45,0,0,30111.33
2025-05-02 14:00:00,31.44,55.29,652.65,7.59,0,0,29962.23
2025-05-02 15:00:00,33.77,53.78,502.22,4.92,0,0,33889.38
2025-05-02 16:00:00,29.97,57.06,369.15,6.23,0,0,28231.72
2025-05-02 17:00:00,32.11,57.95,237.01,13.3,0,0,32346.79
2025-05-02 18:00:00,29.62,69.15,16.28,7.27,0,0,31241.38
2025-05-02 19:00:00,28.82,62.37,0.0,8.06,0,0,31766.42
2025-05-02 20:00:00,27.9,67.62,0.0,8.51,0,0,30776.49
2025-05-02 21:00:00,26.89,65.83,3.8,7.44,0,0,29930.06
2025-05-02 22:00:00,24.93,70.02,0.0,7.18,0,0,27211.31
2025-05-02 23:00:00,24.32,54.91,0.0,6.56,0,0,26258.69
2025-05-03 00:00:00,25.93,63.45,13.31,14.42,1,0,21239.85
2025-05-03 01:00:00,24.07,71.57,8.02,11.9,1,0,18835.07
2025-05-03 02:00:00,23.36,64.69,11.26,13.89,1,0,18621.49
2025-05-03 03:00:00,20.81,76.32,6.58,14.59,1,0,17298.52
2025-05-03 04:00:00,20.2,75.76,0.0,2.0,1,0,18316.68
2025-05-03 05:00:00,24.02,64.51,0.0,10.72,1,0,18013.97
2025-05-03 06:00:00,24.67,63.78,12.9,7.47,1,0,18987.95
2025-05-03 07:00:00,26.78,59.84,230.22,13.43,1,0,22058.42
2025-05-03 08:00:00,24.25,63.66,358.33,6.92,1,0,22570.08
2025-05-03 09:00:00,26.21,59.48,498.96,5.83,1,0,24446.52
2025-05-03 10:00:00,24.97,67.24,613.98,4.5,1,0,23491.21
2025-05-03 11:00:00,28.42,56.6,694.79,8.46,1,0,24404.29
2025-05-03 12:00:00,31.96,61.65,746.79,12.72,1,0,26435.74
2025-05-03 13:00:00,30.12,63.4,662.96,10.42,1,0,24290.02
2025-05-03 14:00:00,32.61,52.01,653.34,5.31,1,0,26584.77
2025-05-03 15:00:00,31.29,66.04,540.58,17.05,1,0,24301.46
2025-05-03 16:00:00,32.04,61.22,325.91,11.79,1,0,26580.85
2025-05-03 17:00:00,28.89,65.0,167.49,12.24,1,0,24259.46
2025-05-03 18:00:00,30.32,57.68,1.99,14.02,1,0,31112.28
2025-05-03 19:00:00,23.74,69.12,0.0,3.78,1,0,26097.3
2025-05-03 20:00:00,27.59,67.67,12.99,6.33,1,0,27012.97
2025-05-03 21:00:00,23.69,66.28,0.0,12.4,1,0,24534.19
2025-05-03 22:00:00,27.5,71.26,31.62,6.68,1,0,24667.19
2025-05-03 23:00:00,25.53,65.2,0.0,8.56,1,0,22896.33
2025-05-04 00:00:00,24.12,70.86,0.0,9.16,1,0,24457.65
2025-05-04 01:00:00,25.23,66.47,0.0,4.97,1,0,20002.02
2025-05-04 02:00:00,20.28,72.09,18.39,8.17,1,0,18254.22
2025-05-04 03:00:00,24.96,58.85,0.74,12.64,1,0,18349.07
2025-05-04 04:00:00,23.67,68.18,15.84,11.99,1,0,16508.74
2025-05-04 05:00:00,22.06,65.21,15.33,13.33,1,0,18538.89
2025-05-04 06:00:00,25.33,61.82,0.0,12.97,1,0,19882.86
2025-05-04 07:00:00,22.33,74.88,162.53,10.86,1,0,25719.19
2025-05-04 08:00:00,24.04,65.51,343.53,10.58,1,0,23042.16
2025-05-04 09:00:00,25.72,60.84,501.51,10.32,1,0,24637.75
2025-05-04 10:00:00,27.16,62.12,628.7,7.24,1,0,23750.4
2025-05-04 11:00:00,27.42,58.12,737.93,5.83,1,0,24133.8
2025-05-04 12:00:00,32.55,64.44,768.06,7.02,1,0,25962.98
2025-05-04 13:00:00,30.68,57.61,705.63,8.3,1,0,24915.63
2025-05-04 14:00:00,32.28,61.07,632.93,7.14,1,0,25973.8
2025-05-04 15:00:00,30.79,65.71,504.28,10.89,1,0,24072.83
2025-05-04 16:00:00,28.37,60.47,371.28,10.14,1,0,22760.91
2025-05-04 17:00:00,31.63,61.66,196.1,10.52,1,0,26680.2
2025-05-04 18:00:00,26.91,59.66,20.16,10.67,1,0,24387.79
2025-05-04 19:00:00,29.19,71.51,19.96,13.62,1,0,27146.36
2025-05-04 20:00:00,25.65,68.66,0.0,9.41,1,0,25689.26
2025-05-04 21:00:00,30.39,59.88,0.0,12.97,1,0,27990.54
2025-05-04 22:00:00,27.16,60.46,34.6,11.24,1,0,24368.07
2025-05-04 23:00:00,24.51,65.49,0.0,13.39,1,0,21832.32
2025-05-05 00:00:00,25.75,63.47,28.48,15.01,0,0,24675.69
2025-05-05 01:00:00,21.15,76.78,0.0,11.38,0,0,23890.64
2025-05-05 02:00:00,23.15,62.26,4.37,9.73,0,0,22758.56
2025-05-05 03:00:00,22.37,68.41,0.0,9.7,0,0,20888.12
2025-05-05 04:00:00,22.65,67.54,0.0,7.72,0,0,20333.93
2025-05-05 05:00:00,24.97,65.06,18.14,7.6,0,0,21477.16
2025-05-05 06:00:00,24.79,65.25,22.05,12.52,0,0,23006.48
2025-05-05 07:00:00,25.03,65.01,190.73,5.99,0,0,26055.16
2025-05-05 08:00:00,22.73,71.04,336.5,15.01,0,0,26205.22
2025-05-05 09:00:00,25.28,67.68,520.37,8.83,0,0,26599.48
2025-05-05 10:00:00,28.08,64.4,667.41,19.38,0,0,28740.9
2025-05-05 11:00:00,29.67,49.16,752.92,6.94,0,0,30670.36
2025-05-05 12:00:00,28.51,63.54,726.45,10.24,0,0,27433.29
2025-05-05 13:00:00,35.68,49.27,667.85,8.13,0,0,35729.86
2025-05-05 14:00:00,34.57,59.47,656.99,6.59,0,0,33710.99
2025-05-05 15:00:00,33.09,64.12,512.38,13.09,0,0,32468.99
2025-05-05 16:00:00,31.97,55.52,390.76,5.49,0,0,31281.6
2025-05-05 17:00:00,30.95,59.1,197.1,7.0,0,0,31062.51
2025-05-05 18:00:00,28.83,59.66,0.0,11.41,0,0,30874.47
2025-05-05 19:00:00,29.65,66.26,1.46,11.97,0,0,32492.17
2025-05-05 20:00:00,28.76,62.5,32.71,4.49,0,0,32815.68
2025-05-05 21:00:00,24.77,72.62,0.0,11.4,0,0,28959.22
2025-05-05 22:00:00,26.31,65.98,0.0,9.81,0,0,28343.52
2025-05-05 23:00:00,24.23,67.16,0.0,6.15,0,0,25291.49
2025-05-06 00:00:00,20.22,70.07,0.0,6.53,0,0,23696.58
2025-05-06 01:00:00,21.31,72.09,0.0,2.18,0,0,22987.08
2025-05-06 02:00:00,21.62,61.59,20.5,15.3,0,0,22938.13
2025-05-06 03:00:00,25.59,65.31,0.0,12.85,0,0,20265.97
2025-05-06 04:00:00,23.37,66.69,38.84,4.78,0,0,20632.28
2025-05-06 05:00:00,20.46,72.49,0.0,12.09,0,0,19834.5
2025-05-06 06:00:00,24.53,65.17,58.29,7.28,0,0,23460.28
2025-05-06 07:00:00,21.91,64.13,232.22,12.5,0,0,24591.24
2025-05-06 08:00:00,27.85,62.96,368.8,7.56,0,0,29427.54
2025-05-06 09:00:00,26.35,59.95,475.38,8.02,0,0,28498.75
2025-05-06 10:00:00,28.32,54.81,631.28,8.28,0,0,32415.03
2025-05-06 11:00:00,32.08,62.04,695.98,6.99,0,0,33300.65
2025-05-06 12:00:00,28.41,64.75,698.68,14.19,0,0,28039.21
2025-05-06 13:00:00,29.01,63.76,712.92,12.44,0,0,27892.95
2025-05-06 14:00:00,30.97,65.34,612.08,9.68,0,0,29042.77
2025-05-06 15:00:00,34.06,54.69,498.7,12.88,0,0,33874.93
2025-05-06 16:00:00,29.29,55.91,360.18,3.6,0,0,27493.51
2025-05-06 17:00:00,26.43,63.93,174.71,4.99,0,0,25497.22
2025-05-06 18:00:00,29.92,59.68,51.95,10.95,0,0,30537.54
2025-05-06 19:00:00,30.69,57.01,0.0,11.87,0,0,33289.65
2025-05-06 20:00:00,30.65,60.1,11.02,10.27,0,0,34000.97
2025-05-06 21:00:00,26.36,61.83,3.64,2.7,0,0,29682.49
2025-05-06 22:00:00,25.16,58.01,8.82,5.58,0,0,27478.98
2025-05-06 23:00:00,26.77,62.14,10.73,10.75,0,0,26765.19
2025-05-07 00:00:00,20.48,65.02,22.03,17.73,0,0,22461.35
2025-05-07 01:00:00,22.35,68.81,6.66,13.5,0,0,23463.77
2025-05-07 02:00:00,22.89,64.77,5.62,14.75,0,0,22031.64
2025-05-07 03:00:00,23.19,71.58,1.46,10.42,0,0,20281.13
2025-05-07 04:00:00,21.63,74.95,0.0,10.4,0,0,20962.98
2025-05-07 05:00:00,23.11,69.92,0.0,5.62,0,0,20810.86
2025-05-07 06:00:00,19.36,64.37,0.0,12.56,0,0,23021.69
2025-05-07 07:00:00,23.69,72.7,194.09,8.98,0,0,25653.07
2025-05-07 08:00:00,26.9,70.09,373.36,11.66,0,0,27329.63
2025-05-07 09:00:00,25.61,65.03,518.3,9.34,0,0,28096.69
2025-05-07 10:00:00,28.78,67.39,623.44,10.21,0,0,30567.45
2025-05-07 11:00:00,30.68,58.18,700.43,8.93,0,0,36919.77
2025-05-07 12:00:00,30.3,53.27,712.77,10.02,0,0,28550.85
2025-05-07 13:00:00,32.02,56.14,709.69,12.73,0,0,30491.03
2025-05-07 14:00:00,30.48,67.49,623.74,4.8,0,0,29045.86
2025-05-07 15:00:00,32.01,53.23,518.31,4.01,0,0,29418.44
2025-05-07 16:00:00,33.31,58.02,388.33,10.72,0,0,31996.79
2025-05-07 17:00:00,31.99,59.35,170.33,14.27,0,0,33582.39
2025-05-07 18:00:00,29.86,59.07,14.92,15.16,0,0,31806.2
2025-05-07 19:00:00,30.28,58.97,0.83,4.95,0,0,34411.99
2025-05-07 20:00:00,29.96,61.32,50.53,7.82,0,0,34321.61
2025-05-07 21:00:00,23.69,64.43,0.0,4.06,0,0,29109.82
2025-05-07 22:00:00,28.17,56.96,17.38,7.31,0,0,29672.17
2025-05-07 23:00:00,24.27,67.02,0.38,13.16,0,0,26081.31
2025-05-08 00:00:00,24.79,69.98,0.0,9.13,0,0,25006.79
2025-05-08 01:00:00,25.39,68.63,0.0,7.87,0,0,24391.33
2025-05-08 02:00:00,20.26,66.53,22.01,11.09,0,0,22312.1
2025-05-08 03:00:00,21.29,63.83,0.0,6.4,0,0,20621.73
2025-05-08 04:00:00,22.21,66.87,0.0,14.75,0,0,20378.17
2025-05-08 05:00:00,21.82,74.63,0.0,9.2,0,0,20622.44
2025-05-08 06:00:00,27.15,66.15,0.0,7.77,0,0,24996.92
2025-05-08 07:00:00,23.52,69.65,190.32,11.23,0,0,24682.09
2025-05-08 08:00:00,25.27,68.82,400.07,12.47,0,0,27022.14
2025-05-08 09:00:00,27.93,64.55,530.19,14.76,0,0,29133.24
2025-05-08 10:00:00,26.69,64.46,664.2,8.44,0,0,28017.54
2025-05-08 11:00:00,29.35,64.23,683.93,12.98,0,0,28993.89
2025-05-08 12:00:00,31.67,57.31,719.01,9.53,0,0,32021.61
2025-05-08 13:00:00,31.29,54.18,671.86,7.04,0,0,29376.82
2025-05-08 14:00:00,32.22,61.89,608.68,6.46,0,0,31153.07
2025-05-08 15:00:00,31.61,64.5,487.78,5.34,0,0,29704.42
2025-05-08 16:00:00,29.67,56.82,328.63,6.58,0,0,28737.19
2025-05-08 17:00:00,32.47,62.06,221.17,13.08,0,0,33063.05
2025-05-08 18:00:00,34.26,63.89,0.0,11.65,0,0,35493.52
2025-05-08 19:00:00,30.1,60.9,34.25,4.83,0,0,32349.54
2025-05-08 20:00:00,29.26,58.39,31.15,3.07,0,0,32432.33
2025-05-08 21:00:00,28.81,62.56,12.49,5.29,0,0,31127.39
2025-05-08 22:00:00,23.98,64.22,0.0,6.46,0,0,27390.57
2025-05-08 23:00:00,28.13,60.22,0.0,8.12,0,0,28445.21
2025-05-09 00:00:00,24.57,67.62,0.0,13.24,0,0,23287.59
2025-05-09 01:00:00,26.35,57.87,15.63,7.21,0,0,24524.2
2025-05-09 02:00:00,21.6,62.78,0.08,15.01,0,0,21928.03
2025-05-09 03:00:00,26.02,64.66,0.0,3.25,0,0,21556.06
2025-05-09 04:00:00,24.31,66.03,28.71,7.91,0,0,19704.35
2025-05-09 05:00:00,24.41,67.41,42.11,11.88,0,0,21373.08
2025-05-09 06:00:00,24.63,73.33,0.0,12.1,0,0,24210.1
2025-05-09 07:00:00,24.8,66.1,188.69,7.96,0,0,25870.62
2025-05-09 08:00:00,28.61,64.64,321.52,12.64,0,0,30639.72
2025-05-09 09:00:00,28.0,58.9,497.68,11.97,0,0,28949.78
2025-05-09 10:00:00,25.5,68.12,634.98,6.74,0,0,27096.59
2025-05-09 11:00:00,28.23,60.49,702.86,10.23,0,0,28754.62
2025-05-09 12:00:00,30.95,60.43,705.78,11.59,0,0,31084.61
2025-05-09 13:00:00,32.63,58.2,687.14,6.99,0,0,31961.94
2025-05-09 14:00:00,32.47,62.91,611.04,15.06,0,0,30537.25
2025-05-09 15:00:00,34.94,51.31,501.08,6.21,0,0,34241.46
2025-05-09 16:00:00,29.06,52.71,369.82,9.64,0,0,28320.73
2025-05-09 17:00:00,32.33,58.05,136.77,4.76,0,0,32598.31
2025-05-09 18:00:00,28.01,64.67,0.0,9.49,0,0,29213.95
2025-05-09 19:00:00,31.61,60.16,8.75,5.4,0,0,34734.64
2025-05-09 20:00:00,28.87,66.95,0.0,8.1,0,0,32667.98
2025-05-09 21:00:00,28.5,64.1,0.0,3.58,0,0,30981.94
2025-05-09 22:00:00,24.9,63.33,0.0,11.93,0,0,28250.51
2025-05-09 23:00:00,27.55,53.9,0.0,10.38,0,0,27508.84
2025-05-10 00:00:00,26.26,63.42,0.15,12.9,1,0,21101.45
2025-05-10 01:00:00,24.65,69.93,3.23,7.87,1,0,20656.48
2025-05-10 02:00:00,22.86,65.86,0.0,13.06,1,0,18791.88
2025-05-10 03:00:00,23.97,66.54,16.32,9.23,1,0,18260.92
2025-05-10 04:00:00,21.82,70.05,0.0,9.49,1,0,16377.14
2025-05-10 05:00:00,25.14,61.31,48.32,16.49,1,0,18433.36
2025-05-10 06:00:00,27.36,65.87,0.0,7.39,1,0,21658.4
2025-05-10 07:00:00,27.35,69.93,163.18,13.39,1,0,22395.93
2025-05-10 08:00:00,25.32,64.52,352.06,10.77,1,0,23070.57
2025-05-10 09:00:00,28.58,57.76,515.39,7.09,1,0,25720.32
2025-05-10 10:00:00,26.89,63.53,569.8,4.49,1,0,24319.3
2025-05-10 11:00:00,31.46,50.79,669.19,5.48,1,0,27248.37
2025-05-10 12:00:00,32.27,60.3,729.04,13.05,1,0,26293.47
2025-05-10 13:00:00,28.89,63.81,666.22,15.16,1,0,23294.76
2025-05-10 14:00:00,30.66,67.11,652.82,9.41,1,0,25784.55
2025-05-10 15:00:00,32.42,58.05,493.71,9.59,1,0,27271.88
2025-05-10 16:00:00,32.21,60.64,334.65,11.81,1,0,27308.79
2025-05-10 17:00:00,30.08,57.48,200.12,9.35,1,0,25518.39
2025-05-10 18:00:00,32.16,57.63,40.19,12.94,1,0,30327.74
2025-05-10 19:00:00,30.88,54.11,10.41,10.11,1,0,29652.36
2025-05-10 20:00:00,28.87,61.24,31.51,9.57,1,0,27800.08
2025-05-10 21:00:00,26.56,62.87,41.92,6.64,1,0,25731.9
2025-05-10 22:00:00,28.52,63.53,0.0,5.78,1,0,25361.21
2025-05-10 23:00:00,28.41,59.94,23.46,2.0,1,0,24512.31
2025-05-11 00:00:00,23.7,67.0,0.0,13.38,1,0,20646.91
2025-05-11 01:00:00,22.67,66.26,10.62,8.55,1,0,20294.75
2025-05-11 02:00:00,24.16,64.93,0.0,7.66,1,0,18774.76
2025-05-11 03:00:00,22.46,68.11,31.07,2.23,1,0,16665.79
2025-05-11 04:00:00,23.02,67.44,29.31,6.82,1,0,17203.29
2025-05-11 05:00:00,25.11,68.45,14.24,6.36,1,0,18598.88
2025-05-11 06:00:00,21.13,68.5,7.46,6.28,1,0,18900.03
2025-05-11 07:00:00,27.98,61.42,196.46,10.22,1,0,23321.94
2025-05-11 08:00:00,26.94,63.03,356.52,9.49,1,0,24950.83
2025-05-11 09:00:00,27.36,60.52,500.48,4.29,1,0,24146.58
2025-05-11 10:00:00,29.24,60.24,650.9,4.52,1,0,25734.64
2025-05-11 11:00:00,30.54,68.64,724.83,4.51,1,0,27035.55
2025-05-11 12:00:00,28.52,58.68,706.41,15.4,1,0,23591.81
2025-05-11 13:00:00,35.13,55.27,691.7,14.28,1,0,29228.41
2025-05-11 14:00:00,33.01,56.74,616.88,6.08,1,0,27084.01
2025-05-11 15:00:00,33.9,56.5,461.72,2.14,1,0,28704.72
2025-05-11 16:00:00,34.65,55.49,346.57,9.51,1,0,29300.22
2025-05-11 17:00:00,30.6,61.58,223.74,9.22,1,0,26502.94
2025-05-11 18:00:00,32.49,51.92,0.0,10.17,1,0,29434.51
2025-05-11 19:00:00,30.12,65.04,52.86,11.65,1,0,28493.25
2025-05-11 20:00:00,30.92,62.7,29.3,10.64,1,0,29999.93
2025-05-11 21:00:00,24.28,61.18,10.04,5.15,1,0,24376.98
2025-05-11 22:00:00,26.63,54.96,14.02,10.09,1,0,23726.96
2025-05-11 23:00:00,24.52,62.02,0.0,12.05,1,0,22331.49
2025-05-12 00:00:00,25.52,64.06,0.0,6.5,0,0,24338.14
2025-05-12 01:00:00,24.8,76.0,36.03,10.08,0,0,23279.16
2025-05-12 02:00:00,22.18,70.21,0.0,7.1,0,0,22545.83
2025-05-12 03:00:00,22.0,60.97,26.53,16.02,0,0,21564.03
2025-05-12 04:00:00,23.25,64.32,0.0,4.39,0,0,19953.79
2025-05-12 05:00:00,22.34,67.68,0.0,13.08,0,0,20973.76
2025-05-12 06:00:00,26.26,65.38,47.53,3.19,0,0,23259.27
2025-05-12 07:00:00,25.12,60.13,182.32,15.31,0,0,25368.16
2025-05-12 08:00:00,21.75,67.89,339.32,5.04,0,0,26943.48
2025-05-12 09:00:00,27.61,60.28,532.97,9.7,0,0,29518.19
2025-05-12 10:00:00,27.71,58.65,642.17,3.33,0,0,28865.94
2025-05-12 11:00:00,27.84,63.98,704.53,4.31,0,0,28520.04
2025-05-12 12:00:00,29.59,64.46,691.31,12.17,0,0,28701.08
2025-05-12 13:00:00,32.81,61.84,674.34,12.63,0,0,33443.19
2025-05-12 14:00:00,35.5,58.35,618.82,9.87,0,0,35295.28
2025-05-12 15:00:00,33.84,55.55,516.26,11.63,0,0,31275.45
2025-05-12 16:00:00,32.02,62.04,340.07,12.69,0,0,30571.94
2025-05-12 17:00:00,33.43,59.15,186.88,6.64,0,0,34414.63
2025-05-12 18:00:00,30.99,60.64,6.68,4.14,0,0,32283.66
2025-05-12 19:00:00,29.53,58.98,32.17,8.98,0,0,32296.27
2025-05-12 20:00:00,27.5,61.26,18.86,7.01,0,0,30662.61
2025-05-12 21:00:00,25.13,65.68,0.0,10.39,0,0,28925.9
2025-05-12 22:00:00,26.29,74.1,0.0,10.95,0,0,28525.9
2025-05-12 23:00:00,26.07,65.74,0.0,6.65,0,0,26955.36
2025-05-13 00:00:00,24.75,63.28,14.2,11.48,0,0,23384.88
2025-05-13 01:00:00,23.38,63.63,23.08,11.3,0,0,23862.4
2025-05-13 02:00:00,21.92,66.3,2.54,11.55,0,0,21429.29
2025-05-13 03:00:00,24.55,74.61,0.0,7.59,0,0,21152.91
2025-05-13 04:00:00,21.26,67.27,1.73,11.74,0,0,20273.34
2025-05-13 05:00:00,25.52,68.66,5.22,10.83,0,0,20948.19
2025-05-13 06:00:00,23.12,65.69,0.0,11.26,0,0,22298.98
2025-05-13 07:00:00,24.6,66.9,150.98,14.89,0,0,25536.82
2025-05-13 08:00:00,24.52,69.1,299.28,10.16,0,0,26559.69
2025-05-13 09:00:00,27.55,60.92,527.41,6.89,0,0,29358.23
2025-05-13 10:00:00,31.51,57.08,619.55,5.13,0,0,33360.75
2025-05-13 11:00:00,31.88,65.94,686.24,12.96,0,0,32492.69
2025-05-13 12:00:00,33.75,61.56,732.7,10.27,0,0,32881.17
2025-05-13 13:00:00,33.73,60.81,645.79,14.86,0,0,32888.29
2025-05-13 14:00:00,31.3,62.98,563.75,2.0,0,0,29222.17
2025-05-13 15:00:00,32.86,60.26,505.33,12.2,0,0,32382.88
2025-05-13 16:00:00,31.88,67.38,357.87,8.1,0,0,32128.37
2025-05-13 17:00:00,35.18,56.51,138.17,7.78,0,0,35838.43
2025-05-13 18:00:00,29.84,63.45,8.99,6.34,0,0,31450.41
2025-05-13 19:00:00,32.56,52.89,0.0,12.16,0,0,36648.5
2025-05-13 20:00:00,31.36,56.48,0.0,11.16,0,0,35298.33
2025-05-13 21:00:00,31.75,54.62,0.0,5.02,0,0,35450.85
2025-05-13 22:00:00,26.42,69.32,0.0,9.59,0,0,28522.07
2025-05-13 23:00:00,27.24,53.27,0.0,11.49,0,0,26858.37
2025-05-14 00:00:00,29.2,60.11,0.0,9.63,0,0,27408.51
2025-05-14 01:00:00,23.19,55.15,13.93,12.88,0,0,24071.62
2025-05-14 02:00:00,21.04,65.74,0.0,7.99,0,0,22407.97
2025-05-14 03:00:00,20.25,67.81,15.97,2.0,0,0,21789.14
2025-05-14 04:00:00,25.08,70.97,0.0,9.66,0,0,19260.56
2025-05-14 05:00:00,20.91,70.77,0.0,9.64,0,0,21214.65
2025-05-14 06:00:00,24.42,62.69,13.9,10.09,0,0,22653.4
2025-05-14 07:00:00,26.92,68.04,172.54,12.88,0,0,26080.01
2025-05-14 08:00:00,27.67,63.17,369.38,2.17,0,0,29775.23
2025-05-14 09:00:00,29.4,61.69,447.38,8.17,0,0,30998.1
2025-05-14 10:00:00,30.32,55.9,621.45,5.77,0,0,31367.71
2025-05-14 11:00:00,33.43,53.95,656.78,4.78,0,0,34303.36
2025-05-14 12:00:00,30.45,57.29,678.08,8.75,0,0,28159.07
2025-05-14 13:00:00,31.74,59.62,697.53,11.46,0,0,31356.37
2025-05-14 14:00:00,32.07,59.45,632.22,10.06,0,0,31961.95
2025-05-14 15:00:00,35.12,62.57,518.36,6.6,0,0,35364.82
2025-05-14 16:00:00,35.08,57.97,399.21,8.49,0,0,35477.97
2025-05-14 17:00:00,33.77,46.78,211.93,12.26,0,0,34364.51
2025-05-14 18:00:00,34.3,58.18,0.0,11.39,0,0,36050.81
2025-05-14 19:00:00,29.01,56.09,3.54,7.07,0,0,32940.54
2025-05-14 20:00:00,32.92,54.51,0.0,6.84,0,0,37737.13
2025-05-14 21:00:00,31.37,56.52,50.73,3.0,0,0,34940.3
2025-05-14 22:00:00,28.66,59.55,27.62,7.5,0,0,30533.42
2025-05-14 23:00:00,29.34,56.09,0.0,2.93,0,0,29612.46
2025-05-15 00:00:00,22.28,68.76,21.95,16.23,0,0,23495.1
2025-05-15 01:00:00,23.53,61.18,0.0,6.01,0,0,24964.65
2025-05-15 02:00:00,22.65,69.04,6.26,12.88,0,0,22018.02
2025-05-15 03:00:00,25.1,74.36,0.0,15.36,0,0,20823.82
2025-05-15 04:00:00,22.08,62.81,0.0,9.76,0,0,20782.66
2025-05-15 05:00:00,25.83,63.61,19.61,8.65,0,0,21717.89
2025-05-15 06:00:00,27.73,52.95,22.71,4.37,0,0,25129.67
2025-05-15 07:00:00,27.55,62.0,190.49,7.23,0,0,28064.24
2025-05-15 08:00:00,28.02,65.35,341.34,14.61,0,0,29646.64
2025-05-15 09:00:00,27.02,66.56,457.53,10.23,0,0,29536.3
2025-05-15 10:00:00,28.57,62.6,570.1,9.1,0,0,28935.74
2025-05-15 11:00:00,33.55,61.36,644.02,13.59,0,0,34493.66
2025-05-15 12:00:00,33.74,67.82,685.98,11.44,0,0,32809.96
2025-05-15 13:00:00,33.06,65.1,695.15,8.48,0,0,31775.5
2025-05-15 14:00:00,32.88,56.32,625.65,9.76,0,0,31821.4
2025-05-15 15:00:00,30.15,55.06,447.98,6.31,0,0,28683.55
2025-05-15 16:00:00,31.7,57.85,328.58,7.04,0,0,31344.51
2025-05-15 17:00:00,36.57,51.3,161.05,8.28,0,0,44844.85
2025-05-15 18:00:00,30.03,62.78,0.0,10.95,0,0,32216.8
2025-05-15 19:00:00,31.64,54.8,14.15,4.63,0,0,34084.3
2025-05-15 20:00:00,31.91,58.99,0.0,9.27,0,0,37455.3
2025-05-15 21:00:00,26.54,67.47,0.0,7.64,0,0,30074.16
2025-05-15 22:00:00,27.84,62.54,33.65,5.85,0,0,30375.61
2025-05-15 23:00:00,27.99,59.02,2.21,7.65,0,0,26531.2
2025-05-16 00:00:00,25.46,69.79,0.0,2.0,0,0,24218.43
2025-05-16 01:00:00,29.8,53.66,14.3,6.35,0,0,26483.19
2025-05-16 02:00:00,21.14,67.66,26.47,5.16,0,0,21643.79
2025-05-16 03:00:00,25.88,64.54,7.41,8.02,0,0,21565.86
2025-05-16 04:00:00,23.83,66.62,17.23,2.0,0,0,19836.68
2025-05-16 05:00:00,26.03,65.29,0.0,9.67,0,0,22715.73
2025-05-16 06:00:00,26.23,66.83,0.0,12.19,0,0,25157.23
2025-05-16 07:00:00,25.15,65.22,180.65,8.59,0,0,24899.21
2025-05-16 08:00:00,28.09,61.25,324.71,10.75,0,0,28949.47
2025-05-16 09:00:00,25.63,63.3,471.63,7.21,0,0,27452.71
2025-05-16 10:00:00,31.35,57.34,629.47,3.56,0,0,33482.26
2025-05-16 11:00:00,32.01,62.34,713.86,9.01,0,0,32437.92
2025-05-16 12:00:00,33.65,55.13,726.88,11.38,0,0,33368.55
2025-05-16 13:00:00,35.2,59.71,630.58,4.37,0,0,35087.91
2025-05-16 14:00:00,34.46,57.06,559.52,7.38,0,0,33539.66
2025-05-16 15:00:00,34.24,55.1,456.06,8.14,0,0,33027.99
2025-05-16 16:00:00,32.21,61.48,346.9,18.98,0,0,31554.12
2025-05-16 17:00:00,32.02,56.27,107.61,9.79,0,0,32161.53
2025-05-16 18:00:00,34.64,59.38,0.0,2.33,0,0,37429.18
2025-05-16 19:00:00,34.06,58.2,35.18,2.0,0,0,36890.34
2025-05-16 20:00:00,29.84,58.76,24.56,11.56,0,0,33755.88
2025-05-16 21:00:00,29.05,63.97,0.0,17.7,0,0,31754.78
2025-05-16 22:00:00,26.05,66.74,0.0,8.02,0,0,28340.4
2025-05-16 23:00:00,28.58,66.91,14.18,7.81,0,0,29280.63
2025-05-17 00:00:00,26.8,67.74,23.38,10.52,1,0,21110.3
2025-05-17 01:00:00,28.3,64.5,0.0,6.22,1,0,22870.67
2025-05-17 02:00:00,22.73,63.03,0.0,2.0,1,0,17741.63
2025-05-17 03:00:00,23.46,76.68,0.0,12.65,1,0,21638.66
2025-05-17 04:00:00,24.72,60.14,0.0,6.87,1,0,18020.07
2025-05-17 05:00:00,25.97,68.42,0.0,12.69,1,0,17973.76
2025-05-17 06:00:00,25.21,67.04,0.0,6.35,1,0,19323.85
2025-05-17 07:00:00,25.07,60.74,145.06,9.44,1,0,20693.72
2025-05-17 08:00:00,29.43,61.02,357.27,12.01,1,0,26541.07
2025-05-17 09:00:00,30.43,60.3,494.49,12.76,1,0,27178.19
2025-05-17 10:00:00,28.78,67.32,608.22,9.83,1,0,25282.0
2025-05-17 11:00:00,34.08,54.47,639.79,9.66,1,0,28952.67
2025-05-17 12:00:00,34.78,55.65,632.64,11.18,1,0,30791.19
2025-05-17 13:00:00,33.71,48.32,670.67,10.64,1,0,27330.41
2025-05-17 14:00:00,34.11,64.24,574.23,4.5,1,0,28302.34
2025-05-17 15:00:00,35.13,52.1,460.15,4.56,1,0,29706.54
2025-05-17 16:00:00,32.42,60.13,309.69,2.0,1,0,26748.49
2025-05-17 17:00:00,33.52,57.43,169.69,11.7,1,0,28665.5
2025-05-17 18:00:00,28.8,61.69,39.43,7.63,1,0,25640.17
2025-05-17 19:00:00,33.21,61.35,0.0,11.89,1,0,31696.84
2025-05-17 20:00:00,27.62,69.83,0.0,10.43,1,0,26606.11
2025-05-17 21:00:00,31.84,60.35,16.3,5.51,1,0,30969.03
2025-05-17 22:00:00,27.25,66.1,4.32,8.59,1,0,24232.9
2025-05-17 23:00:00,26.26,65.68,0.0,7.42,1,0,23295.13
2025-05-18 00:00:00,24.64,69.89,16.56,6.9,1,0,19262.16
2025-05-18 01:00:00,24.45,64.14,53.21,12.24,1,0,19418.5
2025-05-18 02:00:00,27.03,67.97,0.0,17.82,1,0,19699.79
2025-05-18 03:00:00,19.82,74.6,0.0,12.94,1,0,16906.15
2025-05-18 04:00:00,26.77,68.24,0.0,8.94,1,0,18422.07
2025-05-18 05:00:00,25.58,62.34,0.0,13.44,1,0,18279.39
2025-05-18 06:00:00,23.59,66.1,24.76,15.03,1,0,18054.86
2025-05-18 07:00:00,24.87,66.57,177.94,4.16,1,0,22884.76
2025-05-18 08:00:00,31.03,54.59,373.46,13.32,1,0,27493.0
2025-05-18 09:00:00,27.6,69.54,499.7,11.73,1,0,25095.5
2025-05-18 10:00:00,28.52,62.28,629.12,13.19,1,0,26191.27
2025-05-18 11:00:00,33.85,58.67,683.24,11.88,1,0,30070.0
2025-05-18 12:00:00,33.45,55.59,667.24,8.24,1,0,27933.84
2025-05-18 13:00:00,31.94,53.95,655.9,16.15,1,0,24834.47
2025-05-18 14:00:00,34.52,54.52,564.85,10.22,1,0,29115.63
2025-05-18 15:00:00,32.46,59.66,473.17,7.51,1,0,26002.21
2025-05-18 16:00:00,36.11,58.19,340.2,10.8,1,0,31957.83
2025-05-18 17:00:00,35.54,56.66,173.18,12.44,1,0,30848.87
2025-05-18 18:00:00,33.79,58.98,33.56,9.36,1,0,30375.5
2025-05-18 19:00:00,32.45,57.45,0.0,10.41,1,0,29657.58
2025-05-18 20:00:00,33.77,59.59,0.0,9.34,1,0,31666.18
2025-05-18 21:00:00,29.3,67.56,0.0,6.72,1,0,27508.07
2025-05-18 22:00:00,25.88,67.53,16.38,6.16,1,0,23783.42
2025-05-18 23:00:00,27.61,66.39,0.0,4.12,1,0,23358.09
2025-05-19 00:00:00,29.68,62.46,0.0,14.37,0,0,29142.92
2025-05-19 01:00:00,23.31,61.01,33.19,8.28,0,0,23731.26
2025-05-19 02:00:00,23.98,62.24,7.31,2.0,0,0,22210.34
2025-05-19 03:00:00,25.21,67.13,0.0,10.45,0,0,19363.37
2025-05-19 04:00:00,24.54,65.87,0.0,10.37,0,0,20721.97
2025-05-19 05:00:00,23.37,68.73,0.0,2.53,0,0,22914.72
2025-05-19 06:00:00,27.95,69.55,0.0,6.15,0,0,25206.87
2025-05-19 07:00:00,31.14,62.88,169.13,5.99,0,0,30142.59
2025-05-19 08:00:00,28.52,67.37,342.94,6.46,0,0,29757.48
2025-05-19 09:00:00,27.84,63.32,499.1,13.3,0,0,28793.92
2025-05-19 10:00:00,27.97,59.6,584.55,8.54,0,0,29622.69
2025-05-19 11:00:00,32.43,58.58,683.22,7.56,0,0,33812.54
2025-05-19 12:00:00,34.99,53.29,712.44,12.99,0,0,34688.5
2025-05-19 13:00:00,34.65,63.05,669.28,10.79,0,0,33721.24
2025-05-19 14:00:00,34.29,60.3,612.86,2.96,0,0,33464.09
2025-05-19 15:00:00,33.4,60.02,450.63,6.9,0,0,32169.44
2025-05-19 16:00:00,32.33,63.85,307.42,10.19,0,0,30682.0
2025-05-19 17:00:00,35.3,48.15,186.96,5.79,0,0,36302.74
2025-05-19 18:00:00,34.64,59.18,0.0,16.16,0,0,36822.05
2025-05-19 19:00:00,29.18,56.5,0.0,9.45,0,0,33216.78
2025-05-19 20:00:00,33.62,57.71,19.28,6.42,0,0,38777.16
2025-05-19 21:00:00,30.5,59.3,35.33,5.13,0,0,34591.18
2025-05-19 22:00:00,30.69,63.03,0.0,12.3,0,0,32892.25
2025-05-19 23:00:00,24.55,66.82,0.0,6.79,0,0,26053.83
2025-05-20 00:00:00,23.63,72.11,8.01,10.42,0,0,23268.59
2025-05-20 01:00:00,25.03,63.07,0.0,5.06,0,0,24534.87
2025-05-20 02:00:00,25.7,67.71,0.0,9.34,0,0,23120.46
2025-05-20 03:00:00,27.86,63.57,0.0,6.87,0,0,22190.84
2025-05-20 04:00:00,26.07,58.0,0.0,7.99,0,0,20379.23
2025-05-20 05:00:00,24.86,61.95,2.21,6.3,0,0,20403.98
2025-05-20 06:00:00,24.24,65.58,0.0,12.68,0,0,21690.23
2025-05-20 07:00:00,29.34,66.04,154.52,7.37,0,0,29019.79
2025-05-20 08:00:00,26.59,65.92,314.93,8.59,0,0,27266.86
2025-05-20 09:00:00,32.56,54.03,431.3,8.76,0,0,34180.1
2025-05-20 10:00:00,30.41,60.07,586.38,14.73,0,0,31717.5
2025-05-20 11:00:00,34.99,64.58,666.86,12.21,0,0,36016.64
2025-05-20 12:00:00,34.38,57.5,687.13,11.86,0,0,33839.03
2025-05-20 13:00:00,33.71,56.35,637.93,3.57,0,0,33884.6
2025-05-20 14:00:00,33.52,59.8,557.56,6.79,0,0,31520.99
2025-05-20 15:00:00,34.01,60.44,490.41,13.25,0,0,32318.05
2025-05-20 16:00:00,35.23,54.47,349.59,4.99,0,0,35713.83
2025-05-20 17:00:00,34.09,59.33,178.13,9.39,0,0,34515.44
2025-05-20 18:00:00,32.09,57.8,43.61,5.36,0,0,33535.98
2025-05-20 19:00:00,31.83,62.23,0.0,5.71,0,0,34478.0
2025-05-20 20:00:00,31.06,60.72,0.0,14.97,0,0,35163.81
2025-05-20 21:00:00,25.79,66.72,0.0,11.61,0,0,29744.76
2025-05-20 22:00:00,29.16,58.72,0.0,12.53,0,0,30868.7
2025-05-20 23:00:00,25.36,61.89,16.53,11.83,0,0,25906.45
2025-05-21 00:00:00,24.17,70.03,0.0,8.64,0,0,23373.29
2025-05-21 01:00:00,22.42,67.5,12.75,6.71,0,0,23232.88
2025-05-21 02:00:00,21.72,69.59,46.05,7.72,0,0,22831.93
2025-05-21 03:00:00,22.34,66.67,0.0,8.46,0,0,21753.06
2025-05-21 04:00:00,23.68,70.28,0.0,15.35,0,0,20776.64
2025-05-21 05:00:00,28.97,59.5,12.03,4.45,0,0,24569.4
2025-05-21 06:00:00,25.3,64.69,4.17,7.19,0,0,24090.19
2025-05-21 07:00:00,27.6,66.3,153.04,5.94,0,0,26417.67
2025-05-21 08:00:00,29.21,66.4,340.96,12.83,0,0,29839.69
2025-05-21 09:00:00,30.02,58.89,487.8,15.62,0,0,32134.72
2025-05-21 10:00:00,30.94,67.99,549.7,10.21,0,0,32193.24
2025-05-21 11:00:00,30.13,62.14,631.97,10.5,0,0,30452.09
2025-05-21 12:00:00,35.93,51.49,698.98,9.45,0,0,37068.17
2025-05-21 13:00:00,37.37,55.84,621.46,10.66,0,0,38532.54
2025-05-21 14:00:00,31.58,58.05,575.03,11.84,0,0,29441.14
2025-05-21 15:00:00,32.94,60.09,402.54,10.62,0,0,31924.39
2025-05-21 16:00:00,34.11,57.13,293.99,10.88,0,0,33309.83
2025-05-21 17:00:00,32.38,59.16,175.29,11.85,0,0,32260.39
2025-05-21 18:00:00,34.23,53.55,30.7,2.91,0,0,35545.01
2025-05-21 19:00:00,30.97,64.09,0.0,9.14,0,0,34284.22
2025-05-21 20:00:00,34.97,51.9,1.86,10.2,0,0,42557.53
2025-05-21 21:00:00,31.93,54.83,0.0,10.59,0,0,35553.04
2025-05-21 22:00:00,28.87,63.49,23.83,8.53,0,0,31396.27
2025-05-21 23:00:00,29.13,68.19,0.0,9.69,0,0,29556.57
2025-05-22 00:00:00,28.39,61.04,10.75,6.66,0,0,26604.21
2025-05-22 01:00:00,24.59,68.67,0.0,2.97,0,0,24485.17
2025-05-22 02:00:00,23.64,71.02,5.58,12.62,0,0,22416.52
2025-05-22 03:00:00,25.08,68.69,1.72,5.21,0,0,20530.75
2025-05-22 04:00:00,26.66,62.76,0.0,8.62,0,0,21457.57
2025-05-22 05:00:00,25.86,60.36,11.95,6.56,0,0,23029.01
2025-05-22 06:00:00,23.57,57.96,1.09,14.73,0,0,22273.42
2025-05-22 07:00:00,25.99,63.56,166.68,8.9,0,0,25106.62
2025-05-22 08:00:00,28.51,67.05,319.5,8.09,0,0,30041.86
2025-05-22 09:00:00,29.8,56.68,466.38,11.8,0,0,31421.16
2025-05-22 10:00:00,34.78,59.5,574.38,16.73,0,0,36670.43
2025-05-22 11:00:00,29.94,57.25,609.71,10.6,0,0,29216.29
2025-05-22 12:00:00,34.39,57.47,648.09,7.86,0,0,33048.5
2025-05-22 13:00:00,36.95,57.58,608.06,11.62,0,0,36428.76
2025-05-22 14:00:00,38.86,50.39,567.83,3.67,0,0,41181.92
2025-05-22 15:00:00,34.21,57.89,449.63,9.34,0,0,33539.3
2025-05-22 16:00:00,35.65,54.25,347.68,16.16,0,0,34724.21
2025-05-22 17:00:00,35.3,59.05,186.82,9.73,0,0,37322.8
2025-05-22 18:00:00,33.83,58.49,0.0,9.56,0,0,36935.93
2025-05-22 19:00:00,32.26,59.19,0.0,9.25,0,0,36488.25
2025-05-22 20:00:00,32.02,65.42,15.96,7.79,0,0,35774.77
2025-05-22 21:00:00,25.38,67.81,0.0,10.28,0,0,29189.48
2025-05-22 22:00:00,29.87,58.36,0.0,11.89,0,0,31590.95
2025-05-22 23:00:00,27.67,62.75,0.0,8.02,0,0,28804.49
2025-05-23 00:00:00,26.16,64.15,21.36,2.0,0,0,24453.75
2025-05-23 01:00:00,29.45,61.82,22.57,10.86,0,0,26588.98
2025-05-23 02:00:00,24.05,76.45,0.0,16.7,0,0,22660.02
2025-05-23 03:00:00,24.37,67.55,19.15,7.92,0,0,21595.46
2025-05-23 04:00:00,28.85,53.89,0.0,4.08,0,0,23178.41
2025-05-23 05:00:00,24.27,63.99,33.19,11.6,0,0,21451.99
2025-05-23 06:00:00,25.57,57.26,0.0,15.34,0,0,23672.2
2025-05-23 07:00:00,27.33,62.08,172.17,11.09,0,0,26803.48
2025-05-23 08:00:00,30.31,52.77,317.74,15.27,0,0,30886.47
2025-05-23 09:00:00,30.47,57.09,495.58,12.01,0,0,31519.95
2025-05-23 10:00:00,29.06,55.76,537.7,11.71,0,0,29918.8
2025-05-23 11:00:00,31.64,61.06,666.17,7.42,0,0,31266.81
2025-05-23 12:00:00,32.54,58.72,661.41,10.23,0,0,32141.09
2025-05-23 13:00:00,34.28,58.36,644.87,9.13,0,0,34433.91
2025-05-23 14:00:00,35.69,55.46,555.99,9.01,0,0,35558.45
2025-05-23 15:00:00,35.85,50.16,427.98,8.34,0,0,35187.51
2025-05-23 16:00:00,31.73,61.5,349.02,10.02,0,0,31510.17
2025-05-23 17:00:00,36.34,62.98,176.41,4.7,0,0,38212.32
2025-05-23 18:00:00,34.08,58.96,34.04,12.07,0,0,36781.19
2025-05-23 19:00:00,35.09,54.72,0.0,6.16,0,0,38994.68
2025-05-23 20:00:00,32.19,53.32,0.0,8.36,0,0,36988.37
2025-05-23 21:00:00,32.08,55.5,34.7,10.39,0,0,36207.69
2025-05-23 22:00:00,29.64,63.14,47.8,5.99,0,0,31147.29
2025-05-23 23:00:00,30.02,65.27,0.23,2.35,0,0,30573.39
2025-05-24 00:00:00,27.65,64.16,0.0,7.95,1,0,22755.22
2025-05-24 01:00:00,25.74,68.03,20.26,4.28,1,0,20142.81
2025-05-24 02:00:00,29.51,64.27,0.0,11.79,1,0,22050.59
2025-05-24 03:00:00,26.84,65.87,14.98,5.26,1,0,18911.16
2025-05-24 04:00:00,26.45,61.56,0.0,14.49,1,0,17329.92
2025-05-24 05:00:00,23.62,67.44,39.1,9.27,1,0,18110.11
2025-05-24 06:00:00,24.39,62.66,0.0,9.5,1,0,20270.17
2025-05-24 07:00:00,28.27,62.63,179.24,2.36,1,0,23503.85
2025-05-24 08:00:00,29.21,63.03,310.84,9.8,1,0,25979.0
2025-05-24 09:00:00,29.14,68.49,449.83,9.01,1,0,27181.73
2025-05-24 10:00:00,31.79,54.15,549.25,4.75,1,0,27989.43
2025-05-24 11:00:00,35.6,57.89,642.56,9.6,1,0,31668.36
2025-05-24 12:00:00,35.03,62.4,669.07,7.9,1,0,29531.96
2025-05-24 13:00:00,32.52,61.77,638.04,8.53,1,0,26306.06
2025-05-24 14:00:00,34.87,59.95,556.85,9.38,1,0,29371.99
2025-05-24 15:00:00,33.8,59.93,460.38,7.64,1,0,28214.36
2025-05-24 16:00:00,34.38,62.25,345.5,10.16,1,0,29486.32
2025-05-24 17:00:00,33.83,53.2,190.46,8.99,1,0,29445.08
2025-05-24 18:00:00,32.92,52.83,0.0,10.95,1,0,30033.16
2025-05-24 19:00:00,30.49,60.53,0.0,7.44,1,0,29703.92
2025-05-24 20:00:00,31.31,51.18,0.0,5.57,1,0,30630.8
2025-05-24 21:00:00,29.24,66.61,16.73,6.81,1,0,27748.92
2025-05-24 22:00:00,23.68,71.57,0.0,14.34,1,0,23563.72
2025-05-24 23:00:00,31.44,57.97,17.98,12.64,1,0,26716.33
2025-05-25 00:00:00,28.82,60.58,0.0,13.61,1,0,22818.59
2025-05-25 01:00:00,25.39,64.86,6.5,13.85,1,0,20596.62
2025-05-25 02:00:00,25.6,65.17,22.51,7.73,1,0,19467.8
2025-05-25 03:00:00,23.28,67.56,0.0,10.4,1,0,18139.15
2025-05-25 04:00:00,28.62,64.47,62.84,9.63,1,0,20371.79
2025-05-25 05:00:00,29.48,60.78,29.77,11.67,1,0,20961.68
2025-05-25 06:00:00,27.14,67.35,0.03,8.35,1,0,19659.38
2025-05-25 07:00:00,29.74,63.02,145.1,9.69,1,0,26115.23
2025-05-25 08:00:00,29.41,59.1,315.95,9.61,1,0,25501.18
2025-05-25 09:00:00,27.99,68.15,455.1,11.22,1,0,25501.87
2025-05-25 10:00:00,30.95,54.71,565.84,11.66,1,0,27911.84
2025-05-25 11:00:00,33.13,57.81,656.34,9.69,1,0,29561.43
2025-05-25 12:00:00,33.11,62.07,628.75,9.8,1,0,28936.14
2025-05-25 13:00:00,34.33,54.21,632.89,10.15,1,0,28415.95
2025-05-25 14:00:00,35.06,57.68,522.51,15.12,1,0,30143.2
2025-05-25 15:00:00,35.25,58.45,442.67,3.31,1,0,29835.15
2025-05-25 16:00:00,35.32,52.77,329.74,5.97,1,0,31992.47
2025-05-25 17:00:00,32.81,58.18,183.09,11.72,1,0,29012.57
2025-05-25 18:00:00,32.64,58.0,0.0,10.31,1,0,29321.92
2025-05-25 19:00:00,30.58,58.27,0.0,10.28,1,0,28188.45
2025-05-25 20:00:00,33.45,67.1,36.51,11.7,1,0,30430.0
2025-05-25 21:00:00,26.6,61.01,29.05,10.11,1,0,26051.34
2025-05-25 22:00:00,31.18,63.96,5.21,7.4,1,0,28632.89
2025-05-25 23:00:00,30.39,59.08,0.0,11.56,1,0,26406.77
2025-05-26 00:00:00,26.46,59.84,62.78,9.51,0,0,26537.38
2025-05-26 01:00:00,21.52,69.04,0.0,7.87,0,0,22521.18
2025-05-26 02:00:00,25.06,68.04,0.0,11.85,0,0,22864.43
2025-05-26 03:00:00,25.42,68.8,0.0,11.72,0,0,22426.41
2025-05-26 04:00:00,23.89,72.75,9.41,10.19,0,0,20018.15
2025-05-26 05:00:00,25.28,77.03,9.66,15.45,0,0,22135.48
2025-05-26 06:00:00,29.76,62.22,23.77,14.08,0,0,26364.14
2025-05-26 07:00:00,29.24,59.03,141.23,12.94,0,0,32968.19
2025-05-26 08:00:00,27.58,64.99,309.74,18.42,0,0,33527.49
2025-05-26 09:00:00,27.66,62.04,499.86,8.92,0,0,30344.88
2025-05-26 10:00:00,31.25,63.58,555.64,7.81,0,0,32266.53
2025-05-26 11:00:00,32.66,53.42,609.16,12.45,0,0,34207.69
2025-05-26 12:00:00,34.97,66.0,611.57,8.55,0,0,34897.31
2025-05-26 13:00:00,33.91,60.91,626.12,9.48,0,0,32461.18
2025-05-26 14:00:00,36.29,48.6,575.8,5.99,0,0,35603.63
2025-05-26 15:00:00,39.02,50.05,470.96,11.56,0,0,40113.27
2025-05-26 16:00:00,36.84,58.11,311.09,4.29,0,0,37945.14
2025-05-26 17:00:00,34.78,61.4,173.41,9.1,0,0,35445.69
2025-05-26 18:00:00,33.75,52.54,41.79,9.38,0,0,35496.35
2025-05-26 19:00:00,32.4,61.69,26.77,7.91,0,0,36436.25
2025-05-26 20:00:00,33.96,49.65,0.0,3.29,0,0,36379.27
2025-05-26 21:00:00,29.41,61.17,0.0,3.26,0,0,32275.03
2025-05-26 22:00:00,29.33,66.05,7.42,6.83,0,0,30090.3
2025-05-26 23:00:00,28.13,60.48,19.96,11.32,0,0,27722.97
2025-05-27 00:00:00,26.24,58.36,0.0,10.53,0,0,25025.8
2025-05-27 01:00:00,23.88,67.09,0.0,9.46,0,0,29675.55
2025-05-27 02:00:00,26.44,61.79,0.0,6.42,0,0,23178.01
2025-05-27 03:00:00,25.57,67.51,2.61,10.71,0,0,22122.4
2025-05-27 04:00:00,26.75,60.38,0.0,3.22,0,0,21432.75
2025-05-27 05:00:00,25.39,62.06,32.26,2.0,0,0,22658.05
2025-05-27 06:00:00,29.35,53.5,3.7,8.67,0,0,27087.92
2025-05-27 07:00:00,26.61,64.73,140.95,7.61,0,0,25793.51
2025-05-27 08:00:00,32.47,58.13,337.69,13.06,0,0,35145.73
2025-05-27 09:00:00,27.54,58.46,413.53,10.07,0,0,29654.62
2025-05-27 10:00:00,32.76,59.29,577.28,15.3,0,0,35619.92
2025-05-27 11:00:00,34.04,61.47,632.84,7.6,0,0,34695.18
2025-05-27 12:00:00,32.79,57.63,664.25,11.22,0,0,32440.3
2025-05-27 13:00:00,35.78,56.87,604.1,8.64,0,0,35973.06
2025-05-27 14:00:00,37.82,55.06,532.77,14.35,0,0,38423.48
2025-05-27 15:00:00,31.69,54.66,447.23,8.8,0,0,31239.38
2025-05-27 16:00:00,36.42,63.45,312.64,12.51,0,0,38350.36
2025-05-27 17:00:00,30.53,58.64,146.61,5.75,0,0,29156.49
2025-05-27 18:00:00,32.48,61.39,0.0,8.07,0,0,34966.63
2025-05-27 19:00:00,36.12,58.57,0.0,9.22,0,0,40191.0
2025-05-27 20:00:00,30.93,59.6,0.0,13.94,0,0,36150.55
2025-05-27 21:00:00,28.57,64.71,16.95,2.0,0,0,32087.33
2025-05-27 22:00:00,29.03,62.86,0.0,8.35,0,0,31003.29
2025-05-27 23:00:00,31.91,53.61,0.0,8.24,0,0,32647.24
2025-05-28 00:00:00,23.99,65.08,0.0,2.34,0,0,24078.12
2025-05-28 01:00:00,24.6,63.41,0.0,7.98,0,0,24060.22
2025-05-28 02:00:00,28.69,60.33,48.4,4.21,0,0,24820.2
2025-05-28 03:00:00,29.17,56.53,0.0,2.0,0,0,24369.98
2025-05-28 04:00:00,25.81,69.28,15.26,8.69,0,0,21264.53
2025-05-28 05:00:00,24.26,72.57,4.07,8.57,0,0,21893.07
2025-05-28 06:00:00,31.06,63.96,0.0,8.75,0,0,28456.12
2025-05-28 07:00:00,31.2,65.0,206.27,10.49,0,0,30598.01
2025-05-28 08:00:00,30.75,58.95,329.02,6.53,0,0,31864.56
2025-05-28 09:00:00,29.36,59.03,421.93,15.88,0,0,30348.44
2025-05-28 10:00:00,32.03,56.06,539.55,9.49,0,0,34021.24
2025-05-28 11:00:00,33.04,60.84,573.85,14.11,0,0,32640.72
2025-05-28 12:00:00,34.96,57.44,669.49,3.73,0,0,35337.82
2025-05-28 13:00:00,37.77,53.7,579.89,6.69,0,0,38652.01
2025-05-28 14:00:00,37.24,59.66,527.18,12.01,0,0,36655.62
2025-05-28 15:00:00,33.89,59.12,422.88,8.81,0,0,32154.6
2025-05-28 16:00:00,38.13,50.33,313.93,5.85,0,0,39079.12
2025-05-28 17:00:00,35.72,53.13,195.72,3.17,0,0,36914.7
2025-05-28 18:00:00,35.6,58.69,44.73,12.17,0,0,39482.67
2025-05-28 19:00:00,35.96,59.8,0.0,11.89,0,0,40472.98
2025-05-28 20:00:00,30.12,63.1,9.46,10.46,0,0,34280.48
2025-05-28 21:00:00,30.76,67.9,2.05,7.87,0,0,41136.5
2025-05-28 22:00:00,28.57,68.83,0.0,5.71,0,0,30931.01
2025-05-28 23:00:00,25.5,66.81,60.56,9.42,0,0,26357.08
2025-05-29 00:00:00,28.05,59.4,34.07,5.1,0,0,25810.34
2025-05-29 01:00:00,31.15,54.73,4.73,7.07,0,0,29208.04
2025-05-29 02:00:00,22.82,65.91,39.55,14.12,0,0,21758.06
2025-05-29 03:00:00,25.91,67.69,30.3,3.22,0,0,22731.18
2025-05-29 04:00:00,27.29,70.75,2.05,12.07,0,0,22417.55
2025-05-29 05:00:00,26.86,65.5,8.15,14.93,0,0,22572.44
2025-05-29 06:00:00,27.22,68.18,37.8,12.56,0,0,25060.85
2025-05-29 07:00:00,26.13,63.5,136.32,11.1,0,0,26209.51
2025-05-29 08:00:00,30.09,63.41,350.89,8.08,0,0,30954.07
2025-05-29 09:00:00,29.6,64.65,431.43,7.44,0,0,31687.8
2025-05-29 10:00:00,28.32,54.59,573.4,2.0,0,0,29472.39
2025-05-29 11:00:00,35.61,54.3,596.9,9.83,0,0,38254.22
2025-05-29 12:00:00,36.22,59.2,626.54,8.29,0,0,36394.09
2025-05-29 13:00:00,35.39,57.25,596.18,7.26,0,0,35477.99
2025-05-29 14:00:00,36.21,50.62,521.99,9.63,0,0,35653.83
2025-05-29 15:00:00,37.9,44.17,430.31,9.92,0,0,38273.33
2025-05-29 16:00:00,36.2,53.96,343.53,7.48,0,0,35617.32
2025-05-29 17:00:00,36.92,54.49,102.12,15.35,0,0,39129.3
2025-05-29 18:00:00,33.96,53.9,0.0,12.26,0,0,35956.38
2025-05-29 19:00:00,35.83,56.33,0.0,12.84,0,0,41065.35
2025-05-29 20:00:00,32.84,60.47,0.0,9.34,0,0,37310.98
2025-05-29 21:00:00,31.31,62.5,37.75,11.49,0,0,39126.16
2025-05-29 22:00:00,27.38,53.93,31.44,6.57,0,0,28290.12
2025-05-29 23:00:00,28.98,56.66,14.8,12.03,0,0,29447.73
2025-05-30 00:00:00,26.07,63.32,0.0,9.09,0,0,24325.54
2025-05-30 01:00:00,25.62,67.23,33.38,6.23,0,0,23051.63
2025-05-30 02:00:00,24.8,67.64,0.0,9.72,0,0,22715.05
2025-05-30 03:00:00,24.18,68.13,53.55,8.78,0,0,19942.49
2025-05-30 04:00:00,30.09,59.39,0.0,17.93,0,0,23088.88
2025-05-30 05:00:00,29.17,60.44,0.0,11.33,0,0,25276.47
2025-05-30 06:00:00,31.02,57.17,0.0,15.33,0,0,28018.48
2025-05-30 07:00:00,26.4,67.31,131.65,13.76,0,0,25140.67
2025-05-30 08:00:00,29.93,57.38,354.27,9.94,0,0,30401.41
2025-05-30 09:00:00,28.77,65.51,452.68,8.25,0,0,30087.57
2025-05-30 10:00:00,31.14,60.81,560.65,3.71,0,0,33237.13
2025-05-30 11:00:00,31.95,59.06,560.84,6.76,0,0,31182.72
2025-05-30 12:00:00,36.87,52.19,616.82,12.12,0,0,36915.36
2025-05-30 13:00:00,34.72,51.33,604.45,8.75,0,0,34867.93
2025-05-30 14:00:00,37.85,51.34,537.03,11.12,0,0,38285.83
2025-05-30 15:00:00,37.19,53.21,403.95,2.7,0,0,37872.76
2025-05-30 16:00:00,40.08,42.45,333.03,11.39,0,0,42384.52
2025-05-30 17:00:00,32.77,57.72,161.51,13.64,0,0,34554.93
2025-05-30 18:00:00,36.9,58.49,0.0,3.59,0,0,39544.45
2025-05-30 19:00:00,35.66,58.17,0.0,11.1,0,0,40305.52
2025-05-30 20:00:00,30.64,58.44,15.17,14.51,0,0,35457.66
2025-05-30 21:00:00,32.91,58.57,61.26,15.68,0,0,36239.08
2025-05-30 22:00:00,30.41,58.41,0.0,8.04,0,0,31578.5
2025-05-30 23:00:00,28.19,63.22,4.26,12.53,0,0,28839.03
2025-05-31 00:00:00,26.21,70.57,27.76,14.92,1,0,21772.95
2025-05-31 01:00:00,25.61,68.82,0.0,11.32,1,0,19860.7
2025-05-31 02:00:00,30.09,63.0,0.0,14.41,1,0,23558.33
2025-05-31 03:00:00,26.23,62.42,0.0,9.79,1,0,18527.17
2025-05-31 04:00:00,27.81,65.97,24.62,11.29,1,0,19268.77
2025-05-31 05:00:00,25.48,58.32,33.14,7.74,1,0,19270.64
2025-05-31 06:00:00,26.29,63.33,3.98,9.34,1,0,20940.14
2025-05-31 07:00:00,30.68,62.72,135.91,11.43,1,0,25635.9
2025-05-31 08:00:00,27.51,66.2,292.14,7.47,1,0,24022.98
2025-05-31 09:00:00,30.49,63.24,413.04,9.13,1,0,29208.28
2025-05-31 10:00:00,32.59,59.85,500.75,12.57,1,0,28552.67
2025-05-31 11:00:00,33.93,56.68,583.21,17.1,1,0,29722.51
2025-05-31 12:00:00,34.45,59.15,620.8,2.74,1,0,29568.1
2025-05-31 13:00:00,36.28,51.54,598.02,16.83,1,0,31304.58
2025-05-31 14:00:00,37.31,51.04,524.97,9.0,1,0,33485.79
2025-05-31 15:00:00,37.56,54.44,430.23,13.29,1,0,32565.6
2025-05-31 16:00:00,34.29,57.83,301.17,13.98,1,0,28962.19
2025-05-31 17:00:00,35.05,49.15,124.52,15.39,1,0,31787.01
2025-05-31 18:00:00,36.92,56.59,4.0,7.36,1,0,34261.96
2025-05-31 19:00:00,35.34,59.28,0.0,9.12,1,0,34294.45
2025-05-31 20:00:00,30.06,60.64,0.0,9.72,1,0,28909.48
2025-05-31 21:00:00,31.87,68.81,9.27,8.66,1,0,30540.98
2025-05-31 22:00:00,26.38,61.53,0.0,14.53,1,0,24663.4
2025-05-31 23:00:00,28.82,60.62,5.69,9.64,1,0,24316.37
2025-06-01 00:00:00,31.24,58.3,21.19,4.36,1,0,23862.24
2025-06-01 01:00:00,25.33,64.9,0.0,7.81,1,0,19161.31
2025-06-01 02:00:00,25.03,64.16,2.3,4.5,1,0,17960.79
2025-06-01 03:00:00,27.74,57.41,0.0,9.23,1,0,19406.17
2025-06-01 04:00:00,23.76,64.43,38.31,12.38,1,0,15516.92
2025-06-01 05:00:00,25.89,64.31,0.0,7.74,1,0,18403.64
2025-06-01 06:00:00,28.9,66.9,0.0,8.62,1,0,22347.96
2025-06-01 07:00:00,27.72,71.86,188.88,9.06,1,0,23749.44
2025-06-01 08:00:00,29.64,66.67,294.39,10.52,1,0,26448.9
2025-06-01 09:00:00,32.7,55.47,394.68,11.83,1,0,30202.61
2025-06-01 10:00:00,33.42,55.14,537.87,12.85,1,0,30214.6
2025-06-01 11:00:00,34.34,56.46,597.3,17.92,1,0,29763.92
2025-06-01 12:00:00,34.29,64.28,584.67,10.46,1,0,28986.93
2025-06-01 13:00:00,36.36,54.61,566.91,12.6,1,0,30486.44
2025-06-01 14:00:00,35.97,50.32,509.16,4.47,1,0,30595.91
2025-06-01 15:00:00,37.19,52.52,419.44,8.7,1,0,31036.17
2025-06-01 16:00:00,35.3,59.26,252.92,9.08,1,0,30878.81
2025-06-01 17:00:00,35.37,58.93,150.88,6.47,1,0,30530.71
2025-06-01 18:00:00,33.12,57.39,44.6,8.15,1,0,30043.05
2025-06-01 19:00:00,33.8,60.31,0.0,9.65,1,0,37337.32
2025-06-01 20:00:00,31.2,50.83,0.0,8.26,1,0,30591.8
2025-06-01 21:00:00,29.36,61.99,0.0,19.13,1,0,26536.46
2025-06-01 22:00:00,30.54,63.96,15.3,11.82,1,0,27165.47
2025-06-01 23:00:00,29.25,58.34,30.08,17.03,1,0,25286.77
2025-06-02 00:00:00,29.36,58.23,29.51,15.37,0,0,28626.45
2025-06-02 01:00:00,26.39,56.78,0.0,7.91,0,0,24445.6
2025-06-02 02:00:00,27.4,69.7,12.49,10.28,0,0,23704.45
2025-06-02 03:00:00,27.48,60.39,35.84,8.62,0,0,24003.12
2025-06-02 04:00:00,27.46,64.25,12.74,9.58,0,0,22511.5
2025-06-02 05:00:00,25.68,67.3,11.96,6.73,0,0,22540.1
2025-06-02 06:00:00,28.22,68.65,0.0,8.6,0,0,24778.82
2025-06-02 07:00:00,29.65,60.7,159.37,11.4,0,0,29415.62
2025-06-02 08:00:00,30.21,58.65,328.16,11.31,0,0,30615.42
2025-06-02 09:00:00,27.74,63.73,428.59,11.03,0,0,28791.55
2025-06-02 10:00:00,33.07,63.37,483.65,9.94,0,0,35166.48
2025-06-02 11:00:00,37.97,53.15,562.85,13.16,0,0,40865.5
2025-06-02 12:00:00,34.38,53.24,624.74,9.25,0,0,33989.46
2025-06-02 13:00:00,34.51,50.78,582.37,15.02,0,0,34879.4
2025-06-02 14:00:00,36.99,49.82,517.84,3.68,0,0,37054.52
2025-06-02 15:00:00,37.05,58.11,406.53,12.44,0,0,37342.22
2025-06-02 16:00:00,38.47,52.09,326.97,11.86,0,0,40132.86
2025-06-02 17:00:00,33.56,55.37,195.43,7.78,0,0,34076.92
2025-06-02 18:00:00,36.34,52.43,31.58,8.9,0,0,40399.82
2025-06-02 19:00:00,35.05,56.8,36.06,11.77,0,0,38600.41
2025-06-02 20:00:00,32.53,57.77,0.0,13.35,0,0,36171.54
2025-06-02 21:00:00,32.1,58.02,0.0,4.02,0,0,34723.68
2025-06-02 22:00:00,32.05,64.55,0.0,12.34,0,0,35145.18
2025-06-02 23:00:00,30.56,66.65,0.96,8.54,0,0,30468.61
2025-06-03 00:00:00,26.02,58.14,35.78,14.21,0,0,24224.39
2025-06-03 01:00:00,28.76,63.43,29.15,3.83,0,0,26225.97
2025-06-03 02:00:00,26.67,60.89,13.46,18.83,0,0,24084.77
2025-06-03 03:00:00,26.75,62.93,0.0,7.17,0,0,22552.54
2025-06-03 04:00:00,26.92,65.01,0.0,15.28,0,0,21193.8
2025-06-03 05:00:00,27.02,62.83,6.01,10.03,0,0,22297.67
2025-06-03 06:00:00,30.23,61.71,22.01,7.41,0,0,26578.65
2025-06-03 07:00:00,28.97,64.62,150.32,11.2,0,0,28498.34
2025-06-03 08:00:00,28.31,63.7,342.1,13.87,0,0,30294.74
2025-06-03 09:00:00,30.91,57.59,389.05,4.84,0,0,32371.97
2025-06-03 10:00:00,33.23,55.58,479.42,12.73,0,0,35402.57
2025-06-03 11:00:00,36.33,49.54,551.81,10.23,0,0,37637.89
2025-06-03 12:00:00,36.24,51.97,570.91,12.29,0,0,36160.81
2025-06-03 13:00:00,34.42,64.87,581.57,10.31,0,0,34270.63
2025-06-03 14:00:00,40.92,48.0,499.08,8.27,0,0,44975.73
2025-06-03 15:00:00,37.09,49.85,377.41,6.38,0,0,37929.94
2025-06-03 16:00:00,38.74,54.41,316.52,12.63,0,0,40305.98
2025-06-03 17:00:00,35.67,55.46,108.31,12.61,0,0,36841.01
2025-06-03 18:00:00,36.11,54.72,0.0,12.59,0,0,40481.33
2025-06-03 19:00:00,35.63,61.57,0.0,11.77,0,0,40279.67
2025-06-03 20:00:00,35.1,58.61,5.18,13.58,0,0,39494.4
2025-06-03 21:00:00,33.52,55.71,4.65,15.19,0,0,37211.24
2025-06-03 22:00:00,31.89,57.6,47.91,3.7,0,0,33871.81
2025-06-03 23:00:00,28.55,60.29,22.85,2.08,0,0,28969.74
2025-06-04 00:00:00,27.17,67.05,36.04,16.42,0,0,26524.63
2025-06-04 01:00:00,28.01,61.56,7.22,5.71,0,0,26565.45
2025-06-04 02:00:00,28.59,55.1,0.0,6.6,0,0,25248.47
2025-06-04 03:00:00,26.34,64.1,3.2,9.4,0,0,21804.55
2025-06-04 04:00:00,28.83,55.9,14.81,4.61,0,0,23451.25
2025-06-04 05:00:00,30.02,69.72,17.6,9.07,0,0,24893.72
2025-06-04 06:00:00,26.55,60.24,0.0,7.09,0,0,24864.11
2025-06-04 07:00:00,27.73,62.4,162.95,9.59,0,0,27161.89
2025-06-04 08:00:00,30.19,61.86,267.86,11.38,0,0,31617.57
2025-06-04 09:00:00,32.29,57.78,385.71,9.2,0,0,35458.2
2025-06-04 10:00:00,32.09,57.96,476.45,9.02,0,0,33951.52
2025-06-04 11:00:00,36.67,56.68,563.13,11.31,0,0,38657.81
2025-06-04 12:00:00,36.04,61.67,552.92,14.06,0,0,36251.28
2025-06-04 13:00:00,36.14,58.54,551.9,16.01,0,0,36151.7
2025-06-04 14:00:00,33.98,63.33,526.91,9.64,0,0,32369.61
2025-06-04 15:00:00,34.37,52.88,386.06,16.79,0,0,34103.6
2025-06-04 16:00:00,37.07,55.91,278.57,13.47,0,0,36654.88
2025-06-04 17:00:00,32.23,59.61,152.52,6.09,0,0,33214.68
2025-06-04 18:00:00,37.1,56.01,6.17,5.99,0,0,41152.67
2025-06-04 19:00:00,33.95,62.95,0.0,8.38,0,0,44477.09
2025-06-04 20:00:00,38.87,52.13,19.67,15.46,0,0,45186.03
2025-06-04 21:00:00,35.89,54.08,14.76,8.65,0,0,40435.31
2025-06-04 22:00:00,30.12,63.03,28.5,3.78,0,0,30608.07
2025-06-04 23:00:00,29.05,54.74,0.0,9.6,0,0,29670.12
2025-06-05 00:00:00,30.11,59.95,0.0,3.61,0,0,28145.26
2025-06-05 01:00:00,30.59,59.93,0.0,6.85,0,0,29250.23
2025-06-05 02:00:00,24.08,62.65,7.68,8.49,0,0,22466.69
2025-06-05 03:00:00,23.64,70.95,0.0,11.06,0,0,20884.18
2025-06-05 04:00:00,25.91,60.43,0.0,14.13,0,0,21132.68
2025-06-05 05:00:00,28.58,61.73,0.0,12.97,0,0,23240.92
2025-06-05 06:00:00,29.22,62.87,0.0,6.41,0,0,26204.25
2025-06-05 07:00:00,31.28,65.26,154.11,9.24,0,0,30913.86
2025-06-05 08:00:00,28.4,62.4,252.79,10.81,0,0,29345.53
2025-06-05 09:00:00,27.69,66.82,415.02,9.62,0,0,29223.22
2025-06-05 10:00:00,34.7,59.57,515.92,9.6,0,0,36724.64
2025-06-05 11:00:00,32.87,58.91,542.05,4.51,0,0,33405.12
2025-06-05 12:00:00,31.76,55.06,624.26,6.51,0,0,32533.78
2025-06-05 13:00:00,36.45,49.46,557.01,9.13,0,0,36435.84
2025-06-05 14:00:00,38.12,54.12,459.98,2.0,0,0,38548.43
2025-06-05 15:00:00,36.64,52.85,400.41,12.78,0,0,36818.33
2025-06-05 16:00:00,35.86,59.4,289.67,5.74,0,0,37271.13
2025-06-05 17:00:00,35.9,58.67,160.36,12.95,0,0,38414.46
2025-06-05 18:00:00,34.73,56.0,0.0,12.64,0,0,38591.78
2025-06-05 19:00:00,31.93,54.63,0.0,8.64,0,0,35336.49
2025-06-05 20:00:00,31.87,61.36,0.0,14.04,0,0,36289.59
2025-06-05 21:00:00,32.8,54.41,0.0,13.14,0,0,35664.12
2025-06-05 22:00:00,31.14,56.94,0.0,9.46,0,0,32639.84
2025-06-05 23:00:00,29.66,57.39,0.0,9.06,0,0,29012.03
2025-06-06 00:00:00,26.65,63.46,0.0,14.52,0,0,25459.36
2025-06-06 01:00:00,27.32,68.09,16.49,11.5,0,0,25186.91
2025-06-06 02:00:00,23.23,67.07,41.21,14.34,0,0,22350.7
2025-06-06 03:00:00,27.3,61.66,18.89,2.32,0,0,21990.87
2025-06-06 04:00:00,29.72,55.15,32.65,11.03,0,0,24619.33
2025-06-06 05:00:00,24.99,67.72,24.35,5.16,0,0,19719.07
2025-06-06 06:00:00,27.38,60.24,20.83,10.59,0,0,24690.84
2025-06-06 07:00:00,30.07,61.41,139.08,13.18,0,0,29439.39
2025-06-06 08:00:00,32.94,56.94,288.52,16.77,0,0,33151.96
2025-06-06 09:00:00,31.17,63.3,392.54,7.4,0,0,33290.14
2025-06-06 10:00:00,32.02,58.55,488.16,8.84,0,0,33396.52
2025-06-06 11:00:00,30.93,59.93,552.28,10.35,0,0,31460.92
2025-06-06 12:00:00,35.7,57.81,587.84,7.27,0,0,44116.02
2025-06-06 13:00:00,39.98,60.45,561.16,14.11,0,0,42262.8
2025-06-06 14:00:00,37.3,57.98,489.59,10.44,0,0,38385.1
2025-06-06 15:00:00,36.93,54.41,404.44,11.11,0,0,38238.8
2025-06-06 16:00:00,37.38,54.37,295.84,12.85,0,0,38821.76
2025-06-06 17:00:00,36.28,53.25,164.21,10.43,0,0,37370.37
2025-06-06 18:00:00,34.05,53.56,0.0,7.82,0,0,35354.1
2025-06-06 19:00:00,35.96,53.42,0.0,10.46,0,0,40788.31
2025-06-06 20:00:00,33.67,54.61,27.68,7.69,0,0,37830.33
2025-06-06 21:00:00,32.01,61.8,0.0,11.06,0,0,36225.66
2025-06-06 22:00:00,28.92,57.69,0.0,14.17,0,0,30251.86
2025-06-06 23:00:00,31.82,64.69,0.0,6.57,0,0,32090.22
2025-06-07 00:00:00,29.75,64.23,0.0,5.47,1,0,22944.33
2025-06-07 01:00:00,26.76,64.0,13.95,11.0,1,0,20800.02
2025-06-07 02:00:00,29.06,61.85,0.0,8.14,1,0,21115.16
2025-06-07 03:00:00,26.19,62.2,0.62,10.94,1,0,17917.84
2025-06-07 04:00:00,25.85,65.82,6.15,11.95,1,0,23050.74
2025-06-07 05:00:00,26.39,68.6,9.91,3.33,1,0,18390.69
2025-06-07 06:00:00,25.36,62.36,5.57,13.25,1,0,21669.91
2025-06-07 07:00:00,30.44,54.47,158.8,6.74,1,0,25958.72
2025-06-07 08:00:00,27.5,66.06,267.55,10.75,1,0,25157.6
2025-06-07 09:00:00,29.88,62.41,375.08,8.52,1,0,26829.5
2025-06-07 10:00:00,29.65,56.83,549.64,8.9,1,0,26334.46
2025-06-07 11:00:00,34.43,54.08,537.0,16.76,1,0,29796.74
2025-06-07 12:00:00,35.35,52.75,559.13,11.95,1,0,31982.35
2025-06-07 13:00:00,35.83,52.85,561.48,14.0,1,0,30327.48
2025-06-07 14:00:00,35.04,55.17,528.12,11.36,1,0,28954.21
2025-06-07 15:00:00,34.98,55.45,385.01,13.0,1,0,28901.62
2025-06-07 16:00:00,37.75,51.42,256.9,12.29,1,0,33416.39
2025-06-07 17:00:00,35.43,53.08,114.85,11.72,1,0,32146.9
2025-06-07 18:00:00,36.19,54.51,39.83,14.71,1,0,34157.9
2025-06-07 19:00:00,32.99,58.98,0.0,11.38,1,0,30603.38
2025-06-07 20:00:00,33.71,56.4,0.0,18.83,1,0,31913.15
2025-06-07 21:00:00,34.43,61.65,0.0,14.19,1,0,33484.31
2025-06-07 22:00:00,31.85,61.37,0.0,6.84,1,0,29998.15
2025-06-07 23:00:00,28.85,55.67,0.0,10.21,1,0,24508.19
2025-06-08 00:00:00,29.13,63.88,0.0,12.37,1,0,23958.04
2025-06-08 01:00:00,27.43,65.74,0.0,11.14,1,0,20509.69
2025-06-08 02:00:00,27.38,61.62,50.15,13.39,1,0,19915.21
2025-06-08 03:00:00,26.61,58.07,10.62,13.77,1,0,18060.65
2025-06-08 04:00:00,27.07,63.67,23.29,6.23,1,0,18697.37
2025-06-08 05:00:00,28.25,62.54,20.62,15.47,1,0,19923.53
2025-06-08 06:00:00,26.87,59.33,0.0,9.25,1,0,20945.43
2025-06-08 07:00:00,27.87,57.11,133.28,8.9,1,0,24093.13
2025-06-08 08:00:00,28.4,62.09,284.94,8.89,1,0,24686.31
2025-06-08 09:00:00,29.32,60.68,398.38,13.82,1,0,26483.2
2025-06-08 10:00:00,31.3,58.16,468.53,10.05,1,0,26903.32
2025-06-08 11:00:00,34.98,56.18,541.69,8.66,1,0,31462.82
2025-06-08 12:00:00,34.13,52.87,539.78,9.5,1,0,29588.97
2025-06-08 13:00:00,37.45,52.56,534.16,4.7,1,0,32634.09
2025-06-08 14:00:00,37.09,56.75,474.37,8.04,1,0,31903.45
2025-06-08 15:00:00,33.65,56.32,362.45,6.65,1,0,27561.87
2025-06-08 16:00:00,38.21,46.92,219.94,10.04,1,0,32885.83
2025-06-08 17:00:00,37.99,51.92,120.8,13.31,1,0,34590.39
2025-06-08 18:00:00,33.94,53.17,45.1,12.92,1,0,31326.46
2025-06-08 19:00:00,35.45,57.16,0.0,15.38,1,0,35167.3
2025-06-08 20:00:00,31.95,60.52,19.4,14.6,1,0,30315.88
2025-06-08 21:00:00,32.37,52.23,0.0,9.14,1,0,30624.01
2025-06-08 22:00:00,28.63,65.27,0.0,11.05,1,0,26469.82
2025-06-08 23:00:00,26.47,59.73,0.0,10.87,1,0,23670.9
2025-06-09 00:00:00,28.08,68.96,0.0,3.61,0,0,25890.49
2025-06-09 01:00:00,27.75,62.83,60.55,6.88,0,0,25332.61
2025-06-09 02:00:00,26.76,58.93,11.51,10.56,0,0,23256.99
2025-06-09 03:00:00,25.17,60.78,42.39,10.54,0,0,20549.36
2025-06-09 04:00:00,26.76,65.31,0.0,12.94,0,0,22405.51
2025-06-09 05:00:00,28.46,60.82,34.12,12.77,0,0,23805.99
2025-06-09 06:00:00,28.69,61.79,51.83,4.95,0,0,25943.88
2025-06-09 07:00:00,30.13,67.33,139.9,12.96,0,0,29732.53
2025-06-09 08:00:00,29.8,58.38,262.06,11.77,0,0,30928.33
2025-06-09 09:00:00,34.41,57.27,356.73,13.33,0,0,36889.32
2025-06-09 10:00:00,31.48,65.35,469.53,14.88,0,0,32384.51
2025-06-09 11:00:00,35.68,56.97,534.35,10.64,0,0,43308.84
2025-06-09 12:00:00,37.97,47.4,601.86,15.5,0,0,39056.96
2025-06-09 13:00:00,37.5,56.27,499.93,8.03,0,0,37586.26
2025-06-09 14:00:00,36.77,50.25,478.74,7.83,0,0,36919.62
2025-06-09 15:00:00,36.35,60.91,344.32,12.64,0,0,37900.77
2025-06-09 16:00:00,39.0,49.61,264.87,9.85,0,0,40447.44
2025-06-09 17:00:00,34.07,69.22,150.42,12.06,0,0,35357.43
2025-06-09 18:00:00,34.09,63.19,12.81,18.12,0,0,36312.57
2025-06-09 19:00:00,34.09,54.13,14.73,12.52,0,0,38149.62
2025-06-09 20:00:00,35.83,55.83,9.94,11.89,0,0,41606.83
2025-06-09 21:00:00,32.99,61.32,14.51,8.1,0,0,35464.55
2025-06-09 22:00:00,29.27,64.79,1.14,5.19,0,0,30315.97
2025-06-09 23:00:00,29.25,63.44,0.0,10.89,0,0,29918.88
2025-06-10 00:00:00,27.77,68.02,0.0,15.04,0,0,26092.32
2025-06-10 01:00:00,26.8,63.39,0.0,10.18,0,0,24900.67
2025-06-10 02:00:00,29.34,60.13,0.0,12.71,0,0,26297.57
2025-06-10 03:00:00,24.94,64.17,31.35,16.3,0,0,20448.05
2025-06-10 04:00:00,30.48,64.0,0.0,16.21,0,0,25547.72
2025-06-10 05:00:00,29.57,62.85,0.0,12.81,0,0,25361.6
2025-06-10 06:00:00,30.84,61.41,9.64,11.9,0,0,28338.28
2025-06-10 07:00:00,29.08,65.01,134.22,5.99,0,0,28817.99
2025-06-10 08:00:00,30.85,52.03,292.61,9.1,0,0,32767.63
2025-06-10 09:00:00,29.83,62.39,434.63,10.32,0,0,31211.54
2025-06-10 10:00:00,32.76,59.39,526.48,8.32,0,0,34833.17
2025-06-10 11:00:00,35.8,62.46,528.55,12.18,0,0,38395.92
2025-06-10 12:00:00,38.28,47.43,553.11,18.0,0,0,40317.6
2025-06-10 13:00:00,34.75,62.95,565.6,16.62,0,0,34126.62
2025-06-10 14:00:00,36.58,55.38,467.96,12.16,0,0,42251.38
2025-06-10 15:00:00,37.14,56.53,402.13,14.03,0,0,37800.62
2025-06-10 16:00:00,34.73,63.45,243.96,8.76,0,0,35643.37
2025-06-10 17:00:00,37.8,56.22,133.2,16.43,0,0,39898.82
2025-06-10 18:00:00,34.64,58.43,28.9,5.84,0,0,37897.68
2025-06-10 19:00:00,34.56,57.87,0.0,14.5,0,0,38258.85
2025-06-10 20:00:00,32.89,56.47,0.0,13.04,0,0,37314.47
2025-06-10 21:00:00,30.99,60.0,0.0,8.66,0,0,37075.48
2025-06-10 22:00:00,31.1,57.15,50.14,10.58,0,0,34060.43
2025-06-10 23:00:00,29.52,61.25,31.58,7.34,0,0,29452.17
2025-06-11 00:00:00,28.31,53.18,4.7,7.65,0,0,25778.4
2025-06-11 01:00:00,26.87,65.53,12.69,5.9,0,0,24876.69
2025-06-11 02:00:00,28.26,62.08,9.9,14.16,0,0,25169.73
2025-06-11 03:00:00,30.49,59.21,34.61,15.69,0,0,25534.88
2025-06-11 04:00:00,27.93,63.74,0.0,3.91,0,0,27571.41
2025-06-11 05:00:00,29.97,55.29,18.31,17.91,0,0,25911.39
2025-06-11 06:00:00,26.47,71.89,26.94,11.43,0,0,24989.41
2025-06-11 07:00:00,30.29,60.33,169.69,12.49,0,0,28669.21
2025-06-11 08:00:00,29.24,61.1,212.64,6.32,0,0,29762.87
2025-06-11 09:00:00,29.85,57.27,365.61,16.1,0,0,31514.44
2025-06-11 10:00:00,32.47,58.87,440.65,12.17,0,0,37503.2
2025-06-11 11:00:00,37.16,60.1,523.64,15.46,0,0,39568.67
2025-06-11 12:00:00,37.76,58.16,487.84,15.75,0,0,40305.17
2025-06-11 13:00:00,37.28,57.87,468.76,16.15,0,0,37615.41
2025-06-11 14:00:00,34.58,59.06,520.39,9.2,0,0,34927.34
2025-06-11 15:00:00,37.16,53.12,396.04,10.75,0,0,36725.76
2025-06-11 16:00:00,37.88,48.11,272.15,9.33,0,0,39549.86
2025-06-11 17:00:00,37.16,53.75,148.4,14.61,0,0,38828.95
2025-06-11 18:00:00,32.73,57.6,3.66,12.64,0,0,35052.86
2025-06-11 19:00:00,33.41,62.13,24.93,15.22,0,0,35969.43
2025-06-11 20:00:00,33.69,58.92,0.0,15.37,0,0,37280.77
2025-06-11 21:00:00,33.48,64.32,4.67,5.43,0,0,37509.53
2025-06-11 22:00:00,27.26,68.26,5.69,16.2,0,0,28701.9
2025-06-11 23:00:00,29.72,59.43,0.0,14.8,0,0,29587.68
2025-06-12 00:00:00,29.33,54.42,31.92,10.35,0,0,28652.17
2025-06-12 01:00:00,29.81,66.71,0.0,12.87,0,0,27532.29
2025-06-12 02:00:00,29.03,67.31,25.44,11.21,0,0,26119.51
2025-06-12 03:00:00,28.66,56.74,2.87,13.8,0,0,23220.87
2025-06-12 04:00:00,26.34,70.33,40.84,10.34,0,0,20280.26
2025-06-12 05:00:00,24.84,67.17,0.0,13.32,0,0,21164.31
2025-06-12 06:00:00,28.37,63.11,0.0,11.88,0,0,24730.32
2025-06-12 07:00:00,31.91,65.74,114.99,10.13,0,0,31101.25
2025-06-12 08:00:00,33.82,62.94,269.21,12.31,0,0,35738.57
2025-06-12 09:00:00,33.89,60.1,414.55,21.12,0,0,36276.06
2025-06-12 10:00:00,34.68,58.68,500.35,9.25,0,0,37098.68
2025-06-12 11:00:00,35.79,58.25,455.89,10.77,0,0,37638.21
2025-06-12 12:00:00,35.14,54.77,538.01,9.31,0,0,34552.68
2025-06-12 13:00:00,36.7,54.75,433.32,9.67,0,0,36397.52
2025-06-12 14:00:00,40.44,47.99,480.4,14.5,0,0,41243.46
2025-06-12 15:00:00,35.91,54.35,403.97,14.15,0,0,35629.91
2025-06-12 16:00:00,40.35,50.22,264.88,11.62,0,0,43621.39
2025-06-12 17:00:00,36.36,52.73,139.73,15.24,0,0,39017.44
2025-06-12 18:00:00,38.53,53.87,1.84,14.42,0,0,42963.43
2025-06-12 19:00:00,32.58,57.38,0.0,11.08,0,0,36969.15
2025-06-12 20:00:00,34.96,58.54,10.79,6.28,0,0,40050.39
2025-06-12 21:00:00,31.28,53.36,0.0,14.55,0,0,34615.26
2025-06-12 22:00:00,28.77,61.65,23.26,12.24,0,0,30021.78
2025-06-12 23:00:00,30.5,61.08,0.0,11.72,0,0,29064.43
2025-06-13 00:00:00,30.99,58.87,0.0,10.19,0,0,29997.92
2025-06-13 01:00:00,26.85,63.15,0.0,14.43,0,0,24765.37
2025-06-13 02:00:00,25.18,59.0,0.0,13.04,0,0,23512.87
2025-06-13 03:00:00,27.54,64.64,32.81,10.99,0,0,22117.3
2025-06-13 04:00:00,27.72,65.64,0.0,7.53,0,0,23782.99
2025-06-13 05:00:00,29.36,63.55,8.46,15.56,0,0,24457.79
2025-06-13 06:00:00,30.88,64.36,44.58,13.94,0,0,27777.6
2025-06-13 07:00:00,30.1,61.72,121.87,12.71,0,0,29400.64
2025-06-13 08:00:00,34.75,58.64,246.93,2.52,0,0,36926.39
2025-06-13 09:00:00,33.11,58.83,368.1,11.69,0,0,35306.26
2025-06-13 10:00:00,33.37,60.72,455.61,10.98,0,0,34831.53
2025-06-13 11:00:00,32.3,52.62,554.53,9.66,0,0,31508.28
2025-06-13 12:00:00,35.77,52.23,564.39,14.46,0,0,35682.86
2025-06-13 13:00:00,36.43,61.56,522.87,14.32,0,0,37316.87
2025-06-13 14:00:00,39.26,42.82,491.11,13.35,0,0,40189.32
2025-06-13 15:00:00,38.54,52.75,366.95,15.45,0,0,38653.48
2025-06-13 16:00:00,35.41,60.82,270.1,8.24,0,0,34979.05
2025-06-13 17:00:00,37.34,54.02,128.41,10.23,0,0,39425.07
2025-06-13 18:00:00,37.45,52.67,0.0,12.08,0,0,40703.52
2025-06-13 19:00:00,37.95,54.36,30.1,9.64,0,0,43286.29
2025-06-13 20:00:00,35.6,54.55,13.29,14.37,0,0,40165.44
2025-06-13 21:00:00,34.07,57.46,0.45,9.99,0,0,38620.58
2025-06-13 22:00:00,31.52,56.9,0.0,16.36,0,0,33620.73
2025-06-13 23:00:00,30.9,64.62,0.0,8.56,0,0,32493.27
2025-06-14 00:00:00,31.51,65.33,0.0,19.46,1,0,25074.42
2025-06-14 01:00:00,26.07,64.0,8.4,19.1,1,0,20434.02
2025-06-14 02:00:00,27.34,57.85,0.0,11.67,1,0,21205.55
2025-06-14 03:00:00,26.4,62.14,0.0,16.01,1,0,18845.84
2025-06-14 04:00:00,28.65,61.48,0.0,10.6,1,0,18959.81
2025-06-14 05:00:00,30.68,62.41,0.0,15.55,1,0,22455.36
2025-06-14 06:00:00,28.19,58.6,0.0,11.38,1,0,21965.43
2025-06-14 07:00:00,25.99,61.53,93.94,7.5,1,0,20937.18
2025-06-14 08:00:00,30.76,62.36,255.68,2.0,1,0,26701.36
2025-06-14 09:00:00,34.44,60.76,382.23,11.06,1,0,31635.7
2025-06-14 10:00:00,35.06,53.96,408.1,12.98,1,0,32727.69
2025-06-14 11:00:00,36.07,50.2,500.41,16.66,1,0,32451.46
2025-06-14 12:00:00,35.83,68.89,525.71,12.13,1,0,30480.05
2025-06-14 13:00:00,34.82,59.8,476.27,15.51,1,0,28750.67
2025-06-14 14:00:00,38.55,52.24,484.75,10.41,1,0,34221.03
2025-06-14 15:00:00,36.29,58.82,357.12,10.82,1,0,29373.25
2025-06-14 16:00:00,41.56,50.1,256.81,15.69,1,0,37851.82
2025-06-14 17:00:00,38.15,57.13,130.21,3.37,1,0,35515.23
2025-06-14 18:00:00,35.29,56.88,0.0,12.05,1,0,32569.08
2025-06-14 19:00:00,34.2,57.59,25.22,10.6,1,0,31921.86
2025-06-14 20:00:00,33.92,57.02,0.0,16.76,1,0,31870.88
2025-06-14 21:00:00,32.36,53.09,0.0,10.15,1,0,30983.96
2025-06-14 22:00:00,33.51,65.59,14.94,13.81,1,0,30413.5
2025-06-14 23:00:00,30.63,56.67,36.52,15.23,1,0,25999.97
2025-06-15 00:00:00,28.03,57.33,0.0,6.96,1,0,22556.9
2025-06-15 01:00:00,31.96,58.38,0.0,11.7,1,0,25451.76
2025-06-15 02:00:00,28.14,58.83,34.56,10.67,1,0,21064.39
2025-06-15 03:00:00,29.27,61.45,11.59,15.5,1,0,19791.24
2025-06-15 04:00:00,26.96,66.49,16.78,14.55,1,0,17690.97
2025-06-15 05:00:00,29.21,65.69,0.0,11.37,1,0,21287.81
2025-06-15 06:00:00,29.91,64.34,0.0,8.52,1,0,23475.32
2025-06-15 07:00:00,26.98,62.5,128.34,15.82,1,0,22938.68
2025-06-15 08:00:00,35.22,56.5,234.6,11.95,1,0,31457.01
2025-06-15 09:00:00,35.21,57.94,320.24,6.52,1,0,32896.31
2025-06-15 10:00:00,33.46,50.85,430.72,6.82,1,0,29747.9
2025-06-15 11:00:00,33.4,60.22,528.5,13.71,1,0,29781.58
2025-06-15 12:00:00,37.05,48.83,513.57,7.72,1,0,31857.21
2025-06-15 13:00:00,37.37,62.53,529.0,18.69,1,0,31955.95
2025-06-15 14:00:00,38.35,51.87,447.96,8.9,1,0,33341.7
2025-06-15 15:00:00,38.23,52.85,342.99,12.18,1,0,33948.97
2025-06-15 16:00:00,38.63,50.15,287.99,12.74,1,0,34320.59
2025-06-15 17:00:00,39.82,49.64,137.85,9.63,1,0,36850.28
2025-06-15 18:00:00,37.44,63.4,24.05,4.34,1,0,34750.23
2025-06-15 19:00:00,33.49,61.62,0.0,12.85,1,0,31805.6
2025-06-15 20:00:00,36.63,48.84,25.97,9.55,1,0,35783.86
2025-06-15 21:00:00,35.84,61.76,26.72,12.59,1,0,33809.17
2025-06-15 22:00:00,37.26,59.24,7.24,11.76,1,0,34859.63
2025-06-15 23:00:00,28.36,61.35,0.0,13.1,1,0,24316.29
2025-06-16 00:00:00,29.87,62.34,0.0,17.84,0,0,29529.9
2025-06-16 01:00:00,24.89,65.54,15.28,10.46,0,0,23211.97
2025-06-16 02:00:00,29.14,69.66,5.86,10.73,0,0,25094.03
2025-06-16 03:00:00,26.98,60.53,15.03,6.54,0,0,22473.83
2025-06-16 04:00:00,31.6,60.14,25.31,11.69,0,0,25466.93
2025-06-16 05:00:00,27.25,61.76,0.0,13.8,0,0,22038.37
2025-06-16 06:00:00,26.39,58.52,0.0,10.68,0,0,23181.6
2025-06-16 07:00:00,29.62,70.11,129.89,13.83,0,0,28543.11
2025-06-16 08:00:00,28.12,57.97,244.49,11.75,0,0,28805.37
2025-06-16 09:00:00,34.32,57.99,377.06,7.81,0,0,36079.22
2025-06-16 10:00:00,30.55,53.54,410.88,13.46,0,0,31680.18
2025-06-16 11:00:00,35.52,54.44,513.75,11.65,0,0,35331.84
2025-06-16 12:00:00,32.77,60.19,539.31,12.8,0,0,32558.33
2025-06-16 13:00:00,36.72,51.65,488.25,10.39,0,0,36677.0
2025-06-16 14:00:00,40.76,53.66,439.26,10.08,0,0,42918.85
2025-06-16 15:00:00,38.62,52.17,338.23,12.92,0,0,40274.93
2025-06-16 16:00:00,36.24,60.02,239.17,11.56,0,0,37077.16
2025-06-16 17:00:00,37.24,59.93,120.62,18.4,0,0,38924.62
2025-06-16 18:00:00,36.54,52.77,36.07,15.17,0,0,40151.81
2025-06-16 19:00:00,36.32,55.62,0.0,14.28,0,0,42065.45
2025-06-16 20:00:00,31.8,60.11,0.0,11.75,0,0,35132.61
2025-06-16 21:00:00,34.04,59.84,6.38,5.28,0,0,38414.87
2025-06-16 22:00:00,26.81,63.93,20.66,9.54,0,0,28043.84
2025-06-16 23:00:00,29.34,62.35,0.0,10.1,0,0,30181.11
2025-06-17 00:00:00,28.64,61.25,36.73,11.6,0,0,26336.31
2025-06-17 01:00:00,29.86,61.59,19.44,12.44,0,0,27006.6
2025-06-17 02:00:00,28.26,67.76,0.0,14.86,0,0,25567.61
2025-06-17 03:00:00,25.52,67.62,0.0,13.52,0,0,21790.03
2025-06-17 04:00:00,26.45,67.0,5.66,16.62,0,0,20786.24
2025-06-17 05:00:00,29.08,64.72,0.0,11.47,0,0,24429.0
2025-06-17 06:00:00,29.37,60.95,8.41,13.46,0,0,26183.28
2025-06-17 07:00:00,29.51,62.72,85.06,13.76,0,0,27900.8
2025-06-17 08:00:00,30.89,55.86,274.99,13.42,0,0,32177.61
2025-06-17 09:00:00,34.3,62.21,375.39,17.05,0,0,36655.15
2025-06-17 10:00:00,33.41,46.8,444.6,15.37,0,0,34602.55
2025-06-17 11:00:00,35.39,55.8,464.92,7.94,0,0,37537.07
2025-06-17 12:00:00,40.49,56.12,503.06,12.16,0,0,42815.99
2025-06-17 13:00:00,34.82,51.21,468.98,12.51,0,0,34459.47
2025-06-17 14:00:00,34.55,58.5,406.21,20.09,0,0,34564.2
2025-06-17 15:00:00,39.46,49.76,344.24,11.41,0,0,41046.93
2025-06-17 16:00:00,36.66,53.53,266.86,9.12,0,0,36964.47
2025-06-17 17:00:00,36.81,58.65,130.2,14.09,0,0,38894.26
2025-06-17 18:00:00,35.18,57.13,36.27,14.3,0,0,38234.2
2025-06-17 19:00:00,35.08,48.29,19.14,12.3,0,0,39888.34
2025-06-17 20:00:00,37.22,50.6,16.47,11.79,0,0,44235.01
2025-06-17 21:00:00,34.5,60.85,0.0,15.88,0,0,38236.47
2025-06-17 22:00:00,33.31,59.82,0.0,9.57,0,0,35593.91
2025-06-17 23:00:00,28.0,69.79,0.0,11.37,0,0,27349.15
2025-06-18 00:00:00,27.52,69.96,0.0,10.92,0,0,26254.54
2025-06-18 01:00:00,23.69,65.31,0.0,16.58,0,0,23458.3
2025-06-18 02:00:00,26.84,73.86,0.0,13.75,0,0,23541.19
2025-06-18 03:00:00,29.85,61.23,26.53,9.02,0,0,24477.03
2025-06-18 04:00:00,29.23,57.84,11.88,9.38,0,0,23351.31
2025-06-18 05:00:00,28.4,59.91,25.18,19.31,0,0,23864.45
2025-06-18 06:00:00,29.55,52.38,0.0,16.54,0,0,26196.01
2025-06-18 07:00:00,29.39,67.98,128.82,15.7,0,0,28617.03
2025-06-18 08:00:00,32.2,65.4,270.23,12.8,0,0,33574.11
2025-06-18 09:00:00,34.51,52.88,385.64,18.03,0,0,36165.65
2025-06-18 10:00:00,31.52,58.72,387.49,8.89,0,0,32242.14
2025-06-18 11:00:00,36.17,55.83,466.57,15.39,0,0,37358.01
2025-06-18 12:00:00,38.34,49.65,517.98,11.2,0,0,41012.74
2025-06-18 13:00:00,36.71,47.94,470.55,11.88,0,0,36484.37
2025-06-18 14:00:00,39.22,51.86,403.43,15.29,0,0,40661.64
2025-06-18 15:00:00,43.2,47.84,309.23,12.25,0,0,46797.95
2025-06-18 16:00:00,37.77,52.45,222.34,11.23,0,0,38582.49
2025-06-18 17:00:00,38.17,54.54,85.15,11.02,0,0,39798.84
2025-06-18 18:00:00,35.34,61.91,1.46,5.8,0,0,38594.4
2025-06-18 19:00:00,35.96,54.42,22.41,15.42,0,0,39683.36
2025-06-18 20:00:00,35.25,56.96,0.0,9.23,0,0,40788.01
2025-06-18 21:00:00,33.48,60.78,6.44,19.26,0,0,37504.71
2025-06-18 22:00:00,30.0,63.22,21.13,11.75,0,0,31586.92
2025-06-18 23:00:00,31.0,57.64,0.0,17.34,0,0,31773.63
2025-06-19 00:00:00,32.3,59.32,0.0,6.62,0,0,32737.6
2025-06-19 01:00:00,29.68,63.48,9.66,15.51,0,0,27620.78
2025-06-19 02:00:00,30.11,56.39,0.0,16.41,0,0,25890.43
2025-06-19 03:00:00,27.78,68.05,0.0,17.51,0,0,23902.07
2025-06-19 04:00:00,29.73,66.97,0.0,7.6,0,0,24197.53
2025-06-19 05:00:00,29.38,58.67,2.17,10.49,0,0,26011.5
2025-06-19 06:00:00,27.96,63.61,12.75,14.97,0,0,25008.72
2025-06-19 07:00:00,31.28,62.42,185.4,13.47,0,0,31660.71
2025-06-19 08:00:00,30.13,58.7,245.51,13.97,0,0,31235.29
2025-06-19 09:00:00,32.07,61.06,381.01,11.69,0,0,35808.63
2025-06-19 10:00:00,34.84,57.3,429.32,18.38,0,0,36914.45
2025-06-19 11:00:00,36.24,49.51,466.38,22.08,0,0,39838.23
2025-06-19 12:00:00,34.6,58.7,489.12,13.31,0,0,34882.62
2025-06-19 13:00:00,39.43,48.11,438.33,14.53,0,0,41721.08
2025-06-19 14:00:00,39.07,56.59,428.02,13.14,0,0,41566.68
2025-06-19 15:00:00,36.94,52.07,293.43,17.44,0,0,36843.82
2025-06-19 16:00:00,35.27,55.61,221.14,15.85,0,0,36101.3
2025-06-19 17:00:00,37.28,59.94,128.38,9.22,0,0,39203.16
2025-06-19 18:00:00,35.94,57.64,29.85,10.8,0,0,39097.04
2025-06-19 19:00:00,35.91,51.36,35.77,9.42,0,0,40528.15
2025-06-19 20:00:00,33.85,53.48,0.0,22.38,0,0,38695.4
2025-06-19 21:00:00,29.59,58.97,3.89,15.17,0,0,33078.94
2025-06-19 22:00:00,31.21,61.49,24.61,10.86,0,0,32574.54
2025-06-19 23:00:00,30.16,62.29,0.0,10.58,0,0,30334.01
2025-06-20 00:00:00,30.88,56.84,10.12,15.96,0,0,27563.52
2025-06-20 01:00:00,27.69,58.41,0.0,16.31,0,0,26107.4
2025-06-20 02:00:00,31.47,60.8,0.0,15.94,0,0,29213.07
2025-06-20 03:00:00,24.84,64.92,0.0,11.66,0,0,21106.18
2025-06-20 04:00:00,30.81,68.9,10.88,14.22,0,0,24177.05
2025-06-20 05:00:00,28.54,62.46,13.76,13.53,0,0,24321.18
2025-06-20 06:00:00,31.29,67.1,22.28,9.87,0,0,28190.21
2025-06-20 07:00:00,30.92,55.49,132.59,9.9,0,0,30542.42
2025-06-20 08:00:00,34.04,51.07,243.63,14.59,0,0,36316.4
2025-06-20 09:00:00,32.58,54.2,384.82,13.83,0,0,35051.06
2025-06-20 10:00:00,32.59,63.43,376.43,15.08,0,0,34897.3
2025-06-20 11:00:00,38.34,60.52,504.75,15.91,0,0,41102.7
2025-06-20 12:00:00,36.61,51.92,471.42,18.39,0,0,37519.18
2025-06-20 13:00:00,38.01,51.95,476.63,10.43,0,0,39439.82
2025-06-20 14:00:00,40.33,47.03,406.4,15.35,0,0,42433.49
2025-06-20 15:00:00,36.42,47.98,320.91,15.77,0,0,36152.04
2025-06-20 16:00:00,39.18,55.61,251.45,12.05,0,0,41558.54
2025-06-20 17:00:00,36.55,56.0,149.94,13.57,0,0,37588.61
2025-06-20 18:00:00,36.58,55.12,11.83,12.14,0,0,39863.53
2025-06-20 19:00:00,35.91,50.08,0.0,20.53,0,0,39578.6
2025-06-20 20:00:00,31.87,65.88,90.28,13.51,0,0,35511.92
2025-06-20 21:00:00,31.88,57.29,29.96,14.73,0,0,34904.36
2025-06-20 22:00:00,34.42,59.16,23.33,12.22,0,0,36269.4
2025-06-20 23:00:00,32.37,53.05,0.0,11.47,0,0,33468.83
2025-06-21 00:00:00,29.7,60.51,0.0,8.79,1,0,24316.14
2025-06-21 01:00:00,29.45,62.66,0.0,17.2,1,0,23871.55
2025-06-21 02:00:00,27.99,64.12,27.04,16.04,1,0,20773.95
2025-06-21 03:00:00,30.79,60.91,0.0,12.29,1,0,21714.85
2025-06-21 04:00:00,28.16,64.63,0.0,10.19,1,0,19717.54
2025-06-21 05:00:00,29.43,56.99,13.49,13.98,1,0,21068.98
2025-06-21 06:00:00,31.87,60.11,7.98,11.6,1,0,25033.05
2025-06-21 07:00:00,29.45,61.95,102.88,12.57,1,0,22891.32
2025-06-21 08:00:00,34.86,57.55,208.67,8.92,1,0,31911.59
2025-06-21 09:00:00,30.59,60.76,369.64,14.11,1,0,27945.16
2025-06-21 10:00:00,37.57,49.09,417.61,14.18,1,0,34846.89
2025-06-21 11:00:00,35.18,51.07,421.74,17.18,1,0,31469.47
2025-06-21 12:00:00,36.45,46.34,439.57,12.82,1,0,31989.78
2025-06-21 13:00:00,34.28,60.42,446.79,12.18,1,0,28143.29
2025-06-21 14:00:00,37.36,57.69,427.0,7.9,1,0,32022.98
2025-06-21 15:00:00,36.48,58.54,348.56,17.2,1,0,30527.84
2025-06-21 16:00:00,37.08,55.86,264.25,16.47,1,0,33298.88
2025-06-21 17:00:00,37.43,45.78,84.88,13.45,1,0,34309.52
2025-06-21 18:00:00,38.61,49.14,5.6,8.69,1,0,35989.96
2025-06-21 19:00:00,36.22,56.08,35.65,9.1,1,0,35180.26
2025-06-21 20:00:00,35.2,56.86,33.32,11.43,1,0,34291.23
2025-06-21 21:00:00,31.38,58.87,8.97,16.72,1,0,29014.39
2025-06-21 22:00:00,30.47,62.05,58.7,14.36,1,0,27393.71
2025-06-21 23:00:00,34.08,57.37,15.23,8.12,1,0,30230.79
2025-06-22 00:00:00,28.55,62.79,26.07,14.96,1,0,23319.65
2025-06-22 01:00:00,32.06,56.59,1.11,10.61,1,0,26961.15
2025-06-22 02:00:00,28.15,66.59,0.0,11.72,1,0,21076.02
2025-06-22 03:00:00,28.42,60.7,0.0,16.95,1,0,19815.68
2025-06-22 04:00:00,30.51,55.22,4.54,16.23,1,0,21525.49
2025-06-22 05:00:00,31.37,56.68,0.0,17.37,1,0,22629.0
2025-06-22 06:00:00,29.68,59.89,0.0,13.47,1,0,22531.68
2025-06-22 07:00:00,30.21,64.79,94.74,16.64,1,0,24605.59
2025-06-22 08:00:00,32.02,59.01,224.6,11.5,1,0,26118.72
2025-06-22 09:00:00,34.02,56.64,347.07,12.65,1,0,31517.98
2025-06-22 10:00:00,36.31,50.33,402.41,12.41,1,0,32213.07
2025-06-22 11:00:00,35.92,58.81,447.47,13.63,1,0,31244.9
2025-06-22 12:00:00,38.06,51.14,440.45,9.05,1,0,33820.03
2025-06-22 13:00:00,40.69,50.98,449.85,12.76,1,0,36519.26
2025-06-22 14:00:00,38.93,58.88,435.79,18.63,1,0,35602.52
2025-06-22 15:00:00,38.97,54.96,332.78,9.72,1,0,33392.47
2025-06-22 16:00:00,35.51,49.53,194.88,8.9,1,0,31888.71
2025-06-22 17:00:00,33.01,51.21,89.09,9.18,1,0,29405.72
2025-06-22 18:00:00,37.65,53.86,14.72,22.86,1,0,35863.25
2025-06-22 19:00:00,35.74,50.98,0.0,15.18,1,0,35134.82
2025-06-22 20:00:00,33.78,60.19,0.0,12.6,1,0,32760.67
2025-06-22 21:00:00,33.85,57.7,0.0,13.79,1,0,30918.39
2025-06-22 22:00:00,32.01,59.85,12.59,14.35,1,0,29127.13
2025-06-22 23:00:00,32.94,55.53,0.0,11.31,1,0,27471.72
2025-06-23 00:00:00,30.09,67.88,0.0,11.94,0,0,27887.37
2025-06-23 01:00:00,27.8,74.35,0.0,13.2,0,0,25505.49
2025-06-23 02:00:00,30.43,59.5,23.04,11.22,0,0,26365.45
2025-06-23 03:00:00,28.08,64.14,0.0,12.36,0,0,23806.82
2025-06-23 04:00:00,29.59,61.76,15.2,14.99,0,0,23795.91
2025-06-23 05:00:00,28.29,61.5,0.0,10.26,0,0,23878.02
2025-06-23 06:00:00,28.77,58.78,43.35,22.89,0,0,32832.58
2025-06-23 07:00:00,31.13,55.64,150.56,16.39,0,0,30740.21
2025-06-23 08:00:00,32.2,54.48,181.41,9.31,0,0,32986.81
2025-06-23 09:00:00,34.34,58.71,304.03,5.08,0,0,36176.76
2025-06-23 10:00:00,34.29,55.06,408.86,11.35,0,0,36260.3
2025-06-23 11:00:00,32.67,48.28,409.71,16.15,0,0,32501.92
2025-06-23 12:00:00,36.23,57.17,455.03,15.47,0,0,37764.47
2025-06-23 13:00:00,39.23,52.54,453.37,13.36,0,0,39958.89
2025-06-23 14:00:00,37.77,59.39,392.3,11.65,0,0,39976.23
2025-06-23 15:00:00,38.03,55.27,337.55,10.59,0,0,39182.78
2025-06-23 16:00:00,40.08,46.01,211.83,12.34,0,0,42748.68
2025-06-23 17:00:00,36.52,46.21,62.52,10.21,0,0,37927.77
2025-06-23 18:00:00,34.23,54.32,24.55,12.36,0,0,37084.08
2025-06-23 19:00:00,35.69,53.38,24.4,18.41,0,0,40031.43
2025-06-23 20:00:00,33.9,61.26,62.59,11.05,0,0,38583.66
2025-06-23 21:00:00,31.74,59.4,0.0,15.89,0,0,35621.4
2025-06-23 22:00:00,31.87,63.85,18.77,16.42,0,0,34143.52
2025-06-23 23:00:00,31.86,54.03,0.0,9.97,0,0,32952.31
2025-06-24 00:00:00,29.98,64.88,43.91,11.01,0,0,28465.79
2025-06-24 01:00:00,29.76,64.1,12.2,17.7,0,0,26773.43
2025-06-24 02:00:00,31.97,51.15,0.0,10.72,0,0,27342.11
2025-06-24 03:00:00,27.92,68.16,19.51,13.76,0,0,23190.53
2025-06-24 04:00:00,29.2,62.09,0.0,21.1,0,0,23695.07
2025-06-24 05:00:00,28.29,64.11,7.51,17.39,0,0,24863.83
2025-06-24 06:00:00,28.47,58.92,5.15,14.26,0,0,25714.4
2025-06-24 07:00:00,29.98,66.12,160.46,16.9,0,0,29658.42
2025-06-24 08:00:00,31.38,55.01,271.12,13.76,0,0,33110.2
2025-06-24 09:00:00,34.18,60.57,304.33,17.52,0,0,37061.93
2025-06-24 10:00:00,39.06,56.13,417.46,6.8,0,0,43838.66
2025-06-24 11:00:00,34.74,52.84,444.99,13.47,0,0,35267.57
2025-06-24 12:00:00,36.32,63.25,416.18,6.66,0,0,36353.09
2025-06-24 13:00:00,37.75,54.95,418.71,14.52,0,0,38384.48
2025-06-24 14:00:00,39.08,55.44,449.41,13.13,0,0,39064.05
2025-06-24 15:00:00,39.01,46.78,328.2,18.72,0,0,40476.42
2025-06-24 16:00:00,40.67,59.87,250.74,16.45,0,0,43238.15
2025-06-24 17:00:00,33.5,52.95,111.56,12.12,0,0,34367.49
2025-06-24 18:00:00,32.77,62.61,0.0,12.54,0,0,34619.52
2025-06-24 19:00:00,35.14,52.39,0.68,15.29,0,0,38740.81
2025-06-24 20:00:00,36.8,52.4,0.0,11.95,0,0,43252.49
2025-06-24 21:00:00,30.72,63.51,0.0,13.84,0,0,33975.36
2025-06-24 22:00:00,26.83,67.96,0.0,18.57,0,0,29343.02
2025-06-24 23:00:00,32.06,54.06,17.7,11.06,0,0,32501.71
2025-06-25 00:00:00,30.49,64.92,0.0,12.6,0,0,28956.97
2025-06-25 01:00:00,27.3,67.61,0.64,13.09,0,0,24261.39
2025-06-25 02:00:00,26.99,59.96,5.87,25.22,0,0,24600.74
2025-06-25 03:00:00,26.84,70.24,7.83,16.29,0,0,22758.55
2025-06-25 04:00:00,28.96,56.11,28.66,18.13,0,0,23304.88
2025-06-25 05:00:00,28.13,60.18,0.0,16.85,0,0,23657.41
2025-06-25 06:00:00,30.94,62.07,14.26,17.09,0,0,28945.66
2025-06-25 07:00:00,25.95,61.23,133.96,15.82,0,0,25736.72
2025-06-25 08:00:00,30.75,61.38,246.98,15.44,0,0,30871.46
2025-06-25 09:00:00,31.56,60.56,279.1,9.09,0,0,33255.26
2025-06-25 10:00:00,34.42,56.27,391.46,15.42,0,0,36632.0
2025-06-25 11:00:00,35.12,59.72,472.41,13.79,0,0,36295.54
2025-06-25 12:00:00,38.56,52.38,442.19,16.07,0,0,41189.34
2025-06-25 13:00:00,34.57,57.81,441.6,13.92,0,0,33404.98
2025-06-25 14:00:00,38.5,57.94,404.6,16.84,0,0,39031.02
2025-06-25 15:00:00,39.59,55.53,288.79,17.45,0,0,40732.86
2025-06-25 16:00:00,41.76,53.56,268.18,3.97,0,0,45765.62
2025-06-25 17:00:00,37.05,50.06,127.57,12.65,0,0,38061.13
2025-06-25 18:00:00,37.71,56.16,12.99,7.66,0,0,42070.66
2025-06-25 19:00:00,32.84,54.93,0.0,15.0,0,0,35789.69
2025-06-25 20:00:00,30.58,55.35,19.86,13.11,0,0,33913.09
2025-06-25 21:00:00,35.11,56.11,12.66,18.91,0,0,40510.33
2025-06-25 22:00:00,32.28,55.33,40.6,14.89,0,0,34996.62
2025-06-25 23:00:00,33.21,61.27,0.0,12.47,0,0,33867.43
2025-06-26 00:00:00,27.63,66.39,0.0,17.66,0,0,25059.76
2025-06-26 01:00:00,30.25,53.16,0.0,13.26,0,0,29210.48
2025-06-26 02:00:00,32.18,55.72,0.0,12.63,0,0,28815.8
2025-06-26 03:00:00,29.4,55.7,0.0,15.75,0,0,24585.48
2025-06-26 04:00:00,29.31,59.77,32.25,20.02,0,0,24248.97
2025-06-26 05:00:00,29.33,63.42,33.19,17.36,0,0,23314.02
2025-06-26 06:00:00,27.28,62.48,0.0,16.36,0,0,24358.91
2025-06-26 07:00:00,33.58,55.42,103.5,24.0,0,0,33566.33
2025-06-26 08:00:00,31.25,65.08,173.52,11.81,0,0,32542.31
2025-06-26 09:00:00,34.55,47.69,326.98,11.73,0,0,36372.59
2025-06-26 10:00:00,32.12,64.04,420.49,14.88,0,0,33840.0
2025-06-26 11:00:00,34.02,55.2,406.97,19.68,0,0,34863.88
2025-06-26 12:00:00,39.76,51.9,434.9,11.08,0,0,43308.96
2025-06-26 13:00:00,37.35,52.28,433.75,20.51,0,0,38617.32
2025-06-26 14:00:00,41.09,57.19,422.27,9.34,0,0,47841.07
2025-06-26 15:00:00,38.5,48.43,314.58,13.95,0,0,39580.18
2025-06-26 16:00:00,35.15,56.41,223.79,14.98,0,0,35965.6
2025-06-26 17:00:00,39.58,54.49,117.8,11.28,0,0,43124.32
2025-06-26 18:00:00,36.11,49.06,0.0,12.2,0,0,38349.13
2025-06-26 19:00:00,37.4,50.66,0.0,17.16,0,0,44001.13
2025-06-26 20:00:00,34.98,55.93,0.0,19.42,0,0,39184.76
2025-06-26 21:00:00,30.86,56.68,25.32,6.97,0,0,35686.86
2025-06-26 22:00:00,32.64,55.36,0.0,15.0,0,0,34910.26
2025-06-26 23:00:00,35.09,55.02,0.0,13.98,0,0,35851.09
2025-06-27 00:00:00,31.04,62.66,0.0,14.96,0,0,27720.02
2025-06-27 01:00:00,29.26,60.3,0.0,13.47,0,0,27396.65
2025-06-27 02:00:00,30.8,64.59,42.55,10.06,0,0,26351.68
2025-06-27 03:00:00,29.07,57.85,0.0,19.98,0,0,24334.3
2025-06-27 04:00:00,29.24,56.68,0.0,18.64,0,0,24844.42
2025-06-27 05:00:00,27.39,71.05,0.63,14.22,0,0,22107.83
2025-06-27 06:00:00,30.57,57.86,43.88,12.87,0,0,28368.16
2025-06-27 07:00:00,33.05,53.01,98.97,12.45,0,0,32411.74
2025-06-27 08:00:00,30.89,53.23,185.95,5.53,0,0,32791.13
2025-06-27 09:00:00,36.25,59.68,292.21,15.82,0,0,39620.35
2025-06-27 10:00:00,34.82,55.3,376.44,17.31,0,0,37057.99
2025-06-27 11:00:00,34.59,55.85,433.48,15.06,0,0,36382.22
2025-06-27 12:00:00,39.02,52.25,456.13,14.28,0,0,41456.75
2025-06-27 13:00:00,37.5,58.3,390.13,15.05,0,0,37668.04
2025-06-27 14:00:00,39.89,51.38,349.45,11.6,0,0,42928.41
2025-06-27 15:00:00,38.16,63.03,296.65,12.83,0,0,38186.58
2025-06-27 16:00:00,38.41,53.97,232.59,14.0,0,0,40242.92
2025-06-27 17:00:00,38.91,57.23,80.04,17.02,0,0,41345.87
2025-06-27 18:00:00,37.75,57.25,0.0,19.41,0,0,40680.85
2025-06-27 19:00:00,32.6,58.51,0.0,13.78,0,0,35363.76
2025-06-27 20:00:00,32.97,55.98,23.54,10.92,0,0,37171.69
2025-06-27 21:00:00,35.36,57.5,13.21,14.71,0,0,39931.53
2025-06-27 22:00:00,32.16,61.1,22.59,21.62,0,0,34740.07
2025-06-27 23:00:00,30.25,58.48,33.47,11.23,0,0,31307.23
2025-06-28 00:00:00,27.75,63.69,0.0,17.89,1,0,22290.81
2025-06-28 01:00:00,27.46,68.23,0.0,19.47,1,0,21195.22
2025-06-28 02:00:00,25.27,73.54,0.0,13.53,1,0,19933.15
2025-06-28 03:00:00,28.55,65.72,0.0,12.34,1,0,19671.46
2025-06-28 04:00:00,27.83,70.4,0.0,16.8,1,0,17915.34
2025-06-28 05:00:00,27.66,60.59,0.0,16.03,1,0,20218.3
2025-06-28 06:00:00,30.08,63.74,19.69,17.22,1,0,24122.52
2025-06-28 07:00:00,31.89,64.65,110.18,22.05,1,0,26267.86
2025-06-28 08:00:00,36.21,51.83,199.78,15.38,1,0,34294.38
2025-06-28 09:00:00,31.01,58.15,296.97,10.62,1,0,28311.02
2025-06-28 10:00:00,37.12,61.54,341.29,15.02,1,0,34562.93
2025-06-28 11:00:00,37.99,49.91,435.27,15.64,1,0,34065.54
2025-06-28 12:00:00,35.87,50.35,404.44,19.23,1,0,31555.91
2025-06-28 13:00:00,38.43,59.52,381.14,14.1,1,0,32672.93
2025-06-28 14:00:00,37.74,58.82,387.72,13.36,1,0,32429.25
2025-06-28 15:00:00,39.07,54.57,314.23,9.99,1,0,34030.41
2025-06-28 16:00:00,41.28,50.67,168.95,16.71,1,0,37126.39
2025-06-28 17:00:00,39.15,51.01,131.14,26.51,1,0,36480.02
2025-06-28 18:00:00,38.19,54.76,0.0,14.01,1,0,36190.65
2025-06-28 19:00:00,35.46,62.41,0.0,16.37,1,0,34389.58
2025-06-28 20:00:00,32.36,59.83,4.68,12.87,1,0,30806.56
2025-06-28 21:00:00,33.36,66.64,14.67,10.31,1,0,32130.94
2025-06-28 22:00:00,34.61,53.26,11.14,16.31,1,0,31638.94
2025-06-28 23:00:00,28.49,62.28,0.0,14.89,1,0,24011.49
2025-06-29 00:00:00,28.34,61.0,0.0,6.65,1,0,22131.36
2025-06-29 01:00:00,29.67,56.96,10.31,20.64,1,0,21916.33
2025-06-29 02:00:00,27.17,62.93,0.0,16.46,1,0,24270.58
2025-06-29 03:00:00,27.35,65.05,45.13,15.26,1,0,19876.72
2025-06-29 04:00:00,28.18,64.73,14.66,13.52,1,0,21113.0
2025-06-29 05:00:00,26.99,72.39,0.0,16.42,1,0,18936.88
2025-06-29 06:00:00,28.49,64.22,0.0,16.58,1,0,21503.31
2025-06-29 07:00:00,32.54,63.31,109.19,16.4,1,0,26357.4
2025-06-29 08:00:00,30.13,61.15,241.09,18.74,1,0,27174.06
2025-06-29 09:00:00,30.9,66.9,330.29,19.53,1,0,28302.58
2025-06-29 10:00:00,33.94,67.05,351.41,22.02,1,0,31523.82
2025-06-29 11:00:00,37.59,56.29,379.65,12.07,1,0,33291.76
2025-06-29 12:00:00,36.96,50.77,390.67,12.99,1,0,32695.69
2025-06-29 13:00:00,37.27,52.26,409.3,16.26,1,0,31831.6
2025-06-29 14:00:00,38.69,54.31,418.91,12.27,1,0,34760.55
2025-06-29 15:00:00,35.63,57.76,308.49,12.84,1,0,30503.76
2025-06-29 16:00:00,39.5,55.24,168.76,16.66,1,0,34495.05
2025-06-29 17:00:00,38.8,54.92,89.83,18.15,1,0,35367.23
2025-06-29 18:00:00,36.57,55.11,0.0,19.47,1,0,32650.09
2025-06-29 19:00:00,38.09,51.17,0.0,14.33,1,0,36373.0
2025-06-29 20:00:00,33.04,59.87,0.0,16.62,1,0,30980.55
2025-06-29 21:00:00,35.81,63.19,9.23,15.85,1,0,33866.4
2025-06-29 22:00:00,32.76,62.6,17.05,15.06,1,0,29391.81
2025-06-29 23:00:00,30.67,62.54,27.29,12.14,1,0,26286.12
2025-06-30 00:00:00,30.24,64.9,13.11,11.91,0,0,28463.05
2025-06-30 01:00:00,29.29,60.15,0.0,17.54,0,0,26905.67
2025-06-30 02:00:00,31.18,57.9,0.0,12.29,0,0,27998.4
2025-06-30 03:00:00,26.88,60.82,0.0,8.99,0,0,21404.82
2025-06-30 04:00:00,27.61,62.65,3.68,15.1,0,0,22160.26
2025-06-30 05:00:00,31.35,58.1,21.54,20.3,0,0,27671.87
2025-06-30 06:00:00,29.21,66.54,1.08,5.43,0,0,26379.87
2025-06-30 07:00:00,32.93,56.46,107.47,14.2,0,0,33111.23
2025-06-30 08:00:00,35.58,52.77,211.11,17.57,0,0,38217.18
2025-06-30 09:00:00,33.09,65.99,283.77,8.83,0,0,35887.1
2025-06-30 10:00:00,36.33,53.5,357.53,14.46,0,0,39365.66
2025-06-30 11:00:00,34.24,57.8,424.49,11.22,0,0,35680.81
2025-06-30 12:00:00,38.71,54.97,408.23,11.68,0,0,40895.49
2025-06-30 13:00:00,38.5,48.8,395.59,13.8,0,0,40139.76
2025-06-30 14:00:00,39.49,57.4,354.51,11.28,0,0,41413.54
2025-06-30 15:00:00,37.65,56.66,322.59,10.99,0,0,37756.86
2025-06-30 16:00:00,35.65,62.15,177.46,15.0,0,0,35238.75
2025-06-30 17:00:00,39.05,50.14,150.6,23.0,0,0,41870.73
2025-06-30 18:00:00,33.64,58.12,0.0,17.86,0,0,36896.37
2025-06-30 19:00:00,35.74,55.99,0.0,18.75,0,0,40122.85
2025-06-30 20:00:00,36.8,55.94,18.62,18.0,0,0,42601.65
2025-06-30 21:00:00,34.16,51.44,25.76,12.77,0,0,36803.8
2025-06-30 22:00:00,36.03,56.02,0.0,16.3,0,0,39252.43
2025-06-30 23:00:00,33.16,52.45,0.0,19.05,0,0,33782.85
2025-07-01 00:00:00,29.14,63.21,6.95,18.32,0,0,25535.25
2025-07-01 01:00:00,29.57,52.87,58.61,16.1,0,0,27388.43
2025-07-01 02:00:00,28.93,54.56,31.16,17.24,0,0,24364.82
2025-07-01 03:00:00,26.0,67.87,0.0,24.04,0,0,21136.54
2025-07-01 04:00:00,27.33,61.22,0.0,18.36,0,0,22531.69
2025-07-01 05:00:00,28.51,58.39,2.04,14.32,0,0,23913.15
2025-07-01 06:00:00,26.65,69.1,9.06,15.16,0,0,24006.94
2025-07-01 07:00:00,31.43,61.02,94.85,11.73,0,0,30651.13
2025-07-01 08:00:00,32.11,62.59,180.45,23.63,0,0,33184.2
2025-07-01 09:00:00,30.84,59.58,289.26,21.03,0,0,32777.36
2025-07-01 10:00:00,35.87,66.44,325.84,15.71,0,0,37743.18
2025-07-01 11:00:00,37.64,51.71,436.51,23.05,0,0,40673.74
2025-07-01 12:00:00,37.79,60.97,441.36,17.63,0,0,38408.9
2025-07-01 13:00:00,37.59,53.92,406.14,13.91,0,0,37203.42
2025-07-01 14:00:00,39.74,45.62,351.63,18.59,0,0,42169.94
2025-07-01 15:00:00,40.07,53.87,268.77,16.81,0,0,41908.42
2025-07-01 16:00:00,39.23,53.95,201.2,18.35,0,0,41389.48
2025-07-01 17:00:00,36.69,50.77,145.4,10.63,0,0,38951.18
2025-07-01 18:00:00,37.88,50.22,21.72,12.58,0,0,41376.53
2025-07-01 19:00:00,38.5,53.25,5.09,20.63,0,0,44400.18
2025-07-01 20:00:00,34.07,58.74,23.1,21.34,0,0,39031.85
2025-07-01 21:00:00,37.62,44.26,13.64,20.37,0,0,44037.68
2025-07-01 22:00:00,31.61,63.76,9.91,23.18,0,0,33073.3
2025-07-01 23:00:00,31.41,57.75,24.51,17.44,0,0,31324.32
2025-07-02 00:00:00,29.13,56.46,12.93,17.4,0,0,27629.38
2025-07-02 01:00:00,29.95,64.81,21.46,12.43,0,0,27722.62
2025-07-02 02:00:00,25.91,64.59,4.03,13.6,0,0,22932.41
2025-07-02 03:00:00,27.9,67.75,0.0,8.67,0,0,24071.47
2025-07-02 04:00:00,27.08,65.38,0.0,14.5,0,0,20595.8
2025-07-02 05:00:00,29.79,61.18,0.0,8.42,0,0,24127.65
2025-07-02 06:00:00,32.13,58.47,0.0,19.41,0,0,28577.64
2025-07-02 07:00:00,32.54,60.64,79.84,16.99,0,0,33090.9
2025-07-02 08:00:00,28.32,60.86,174.76,8.54,0,0,29804.76
2025-07-02 09:00:00,37.55,50.79,267.72,14.96,0,0,40592.83
2025-07-02 10:00:00,35.7,58.31,382.48,22.51,0,0,38204.26
2025-07-02 11:00:00,34.98,55.94,379.11,15.19,0,0,36107.14
2025-07-02 12:00:00,37.7,54.2,402.6,12.13,0,0,37583.02
2025-07-02 13:00:00,38.53,57.68,389.88,9.38,0,0,39881.29
2025-07-02 14:00:00,37.51,53.79,383.12,9.48,0,0,37300.79
2025-07-02 15:00:00,39.24,52.74,266.02,17.5,0,0,41323.82
2025-07-02 16:00:00,37.62,51.74,192.72,14.11,0,0,38115.67
2025-07-02 17:00:00,37.48,55.99,99.98,14.4,0,0,39834.06
2025-07-02 18:00:00,36.18,56.84,28.41,14.12,0,0,40181.74
2025-07-02 19:00:00,33.8,61.18,33.6,15.14,0,0,38245.66
2025-07-02 20:00:00,35.44,53.79,11.86,11.33,0,0,40791.1
2025-07-02 21:00:00,34.93,54.73,30.82,16.73,0,0,39060.91
2025-07-02 22:00:00,33.51,61.01,4.44,10.65,0,0,34746.02
2025-07-02 23:00:00,32.86,59.43,0.0,12.98,0,0,33067.27
2025-07-03 00:00:00,30.95,56.52,29.47,19.37,0,0,29011.48
2025-07-03 01:00:00,28.62,67.47,12.19,17.15,0,0,26088.92
2025-07-03 02:00:00,30.59,53.68,0.0,18.23,0,0,26133.34
2025-07-03 03:00:00,26.46,67.32,24.94,23.36,0,0,29136.49
2025-07-03 04:00:00,27.46,58.23,0.0,15.63,0,0,21222.24
2025-07-03 05:00:00,27.84,70.49,0.0,15.91,0,0,24224.52
2025-07-03 06:00:00,32.32,52.73,22.33,14.91,0,0,29987.48
2025-07-03 07:00:00,33.1,62.82,98.63,14.28,0,0,33638.39
2025-07-03 08:00:00,33.49,57.53,204.56,12.3,0,0,35782.33
2025-07-03 09:00:00,35.84,54.28,292.09,16.13,0,0,40345.23
2025-07-03 10:00:00,33.62,58.48,317.89,17.08,0,0,35604.11
2025-07-03 11:00:00,37.03,57.2,386.02,17.27,0,0,38781.33
2025-07-03 12:00:00,37.22,50.88,423.41,16.06,0,0,38060.5
2025-07-03 13:00:00,39.76,48.95,352.48,19.08,0,0,42670.1
2025-07-03 14:00:00,38.53,55.92,348.71,15.94,0,0,38760.9
2025-07-03 15:00:00,38.21,46.78,254.8,14.4,0,0,38690.61
2025-07-03 16:00:00,39.71,49.92,220.37,12.59,0,0,42261.61
2025-07-03 17:00:00,39.81,64.33,126.15,10.41,0,0,43209.06
2025-07-03 18:00:00,36.24,51.51,0.0,20.95,0,0,40055.08
2025-07-03 19:00:00,36.3,59.92,55.24,13.39,0,0,40159.8
2025-07-03 20:00:00,33.3,55.69,27.67,12.6,0,0,37574.51
2025-07-03 21:00:00,29.41,63.57,17.67,14.37,0,0,32432.89
2025-07-03 22:00:00,32.97,60.94,16.27,14.86,0,0,34342.65
2025-07-03 23:00:00,32.5,63.27,24.6,21.57,0,0,33482.09
2025-07-04 00:00:00,30.87,59.42,0.0,14.89,0,0,29010.13
2025-07-04 01:00:00,26.09,72.47,4.87,25.26,0,0,24183.62
2025-07-04 02:00:00,28.47,60.02,9.58,16.26,0,0,24473.67
2025-07-04 03:00:00,24.94,66.49,0.0,23.24,0,0,20785.88
2025-07-04 04:00:00,31.57,60.57,11.62,19.17,0,0,25413.57
2025-07-04 05:00:00,27.65,58.63,30.79,17.31,0,0,23621.3
2025-07-04 06:00:00,32.65,57.47,0.0,21.56,0,0,30963.39
2025-07-04 07:00:00,33.13,58.83,97.71,19.97,0,0,34131.54
2025-07-04 08:00:00,31.02,58.35,170.88,18.26,0,0,32481.09
2025-07-04 09:00:00,31.89,69.06,226.0,24.15,0,0,33648.6
2025-07-04 10:00:00,35.86,52.37,350.98,14.3,0,0,38204.65
2025-07-04 11:00:00,34.91,61.3,369.1,12.56,0,0,36348.71
2025-07-04 12:00:00,37.65,57.54,383.98,13.68,0,0,39074.3
2025-07-04 13:00:00,37.39,54.29,345.08,22.17,0,0,42086.84
2025-07-04 14:00:00,35.55,52.54,326.87,21.12,0,0,35059.61
2025-07-04 15:00:00,34.92,53.5,298.09,14.2,0,0,35258.04
2025-07-04 16:00:00,39.17,50.68,191.42,7.8,0,0,40968.25
2025-07-04 17:00:00,37.25,47.33,99.8,15.32,0,0,40224.24
2025-07-04 18:00:00,36.47,51.16,5.19,12.5,0,0,39875.31
2025-07-04 19:00:00,37.68,48.16,0.0,14.31,0,0,42820.71
2025-07-04 20:00:00,37.34,59.78,15.62,12.35,0,0,42686.59
2025-07-04 21:00:00,33.44,60.38,0.0,10.41,0,0,37049.11
2025-07-04 22:00:00,32.02,62.33,0.0,22.63,0,0,34212.53
2025-07-04 23:00:00,32.33,61.26,0.0,13.65,0,0,32460.2
2025-07-05 00:00:00,27.97,63.49,0.0,21.19,1,0,22822.37
2025-07-05 01:00:00,30.02,66.82,0.0,15.47,1,0,23233.22
2025-07-05 02:00:00,30.11,58.46,0.0,12.29,1,0,22544.59
2025-07-05 03:00:00,30.18,61.26,0.0,18.03,1,0,20602.41
2025-07-05 04:00:00,25.64,67.91,25.14,14.88,1,0,17967.09
2025-07-05 05:00:00,28.25,57.29,20.85,15.52,1,0,19866.2
2025-07-05 06:00:00,28.83,74.44,0.0,16.75,1,0,23231.01
2025-07-05 07:00:00,31.63,59.65,85.33,13.4,1,0,27002.33
2025-07-05 08:00:00,33.52,58.4,173.47,10.57,1,0,29972.88
2025-07-05 09:00:00,36.65,60.04,258.06,16.07,1,0,34928.0
2025-07-05 10:00:00,34.35,60.74,290.55,19.62,1,0,31237.18
2025-07-05 11:00:00,35.56,56.15,339.12,13.09,1,0,32042.06
2025-07-05 12:00:00,39.56,52.92,397.42,16.79,1,0,35058.84
2025-07-05 13:00:00,38.81,47.05,370.65,21.52,1,0,34464.67
2025-07-05 14:00:00,41.06,48.82,366.41,15.93,1,0,37456.6
2025-07-05 15:00:00,39.47,54.55,258.33,16.55,1,0,34040.81
2025-07-05 16:00:00,36.7,56.75,178.92,16.44,1,0,32854.22
2025-07-05 17:00:00,35.88,60.59,87.1,13.86,1,0,31004.91
2025-07-05 18:00:00,34.69,56.3,0.0,12.77,1,0,30835.96
2025-07-05 19:00:00,37.64,48.57,0.0,12.79,1,0,34698.05
2025-07-05 20:00:00,37.38,58.58,6.77,17.54,1,0,37076.12
2025-07-05 21:00:00,37.28,60.19,0.73,18.9,1,0,35024.29
2025-07-05 22:00:00,34.17,60.84,0.0,19.07,1,0,30755.22
2025-07-05 23:00:00,33.54,57.16,31.28,14.92,1,0,29622.38
2025-07-06 00:00:00,29.39,65.73,47.41,20.28,1,0,23515.01
2025-07-06 01:00:00,27.56,76.91,29.16,17.53,1,0,21147.28
2025-07-06 02:00:00,30.67,60.86,13.95,16.7,1,0,22100.58
2025-07-06 03:00:00,29.72,56.01,19.04,4.76,1,0,20964.05
2025-07-06 04:00:00,29.33,59.26,46.41,13.59,1,0,20680.44
2025-07-06 05:00:00,30.34,63.2,19.01,11.13,1,0,22237.69
2025-07-06 06:00:00,31.01,53.67,0.0,18.65,1,0,25277.44
2025-07-06 07:00:00,33.78,58.28,105.32,16.78,1,0,28363.32
2025-07-06 08:00:00,35.0,58.02,200.18,12.7,1,0,30725.76
2025-07-06 09:00:00,34.95,62.69,236.09,17.52,1,0,32297.75
2025-07-06 10:00:00,36.78,60.14,312.48,11.47,1,0,33993.72
2025-07-06 11:00:00,37.39,57.81,383.98,12.8,1,0,33630.05
2025-07-06 12:00:00,36.67,46.35,323.46,13.97,1,0,31384.47
2025-07-06 13:00:00,39.66,55.99,325.21,18.34,1,0,33582.08
2025-07-06 14:00:00,36.29,58.16,315.19,21.35,1,0,30181.35
2025-07-06 15:00:00,40.86,52.25,269.8,14.4,1,0,37324.67
2025-07-06 16:00:00,36.65,48.09,150.58,21.08,1,0,31997.65
2025-07-06 17:00:00,38.81,49.96,92.35,16.62,1,0,36093.2
2025-07-06 18:00:00,35.98,50.95,28.84,17.28,1,0,33421.55
2025-07-06 19:00:00,37.46,46.23,1.72,16.23,1,0,36798.71
2025-07-06 20:00:00,35.2,56.31,23.48,15.76,1,0,34607.22
2025-07-06 21:00:00,31.1,56.82,0.0,17.99,1,0,29204.43
2025-07-06 22:00:00,33.43,68.41,0.0,19.04,1,0,30294.02
2025-07-06 23:00:00,30.43,59.94,21.22,13.36,1,0,24067.86
2025-07-07 00:00:00,32.03,64.35,9.23,15.99,0,0,29971.44
2025-07-07 01:00:00,29.65,55.04,0.0,22.5,0,0,26881.3
2025-07-07 02:00:00,29.86,59.01,0.0,17.27,0,0,26288.25
2025-07-07 03:00:00,27.26,63.85,39.11,17.66,0,0,21904.51
2025-07-07 04:00:00,28.09,59.09,0.0,20.74,0,0,23130.56
2025-07-07 05:00:00,28.83,60.36,23.36,14.9,0,0,23534.88
2025-07-07 06:00:00,31.99,58.34,0.0,16.53,0,0,30214.15
2025-07-07 07:00:00,34.5,56.01,93.66,19.51,0,0,34190.99
2025-07-07 08:00:00,31.24,67.3,188.46,20.99,0,0,32053.57
2025-07-07 09:00:00,35.92,57.18,203.58,8.38,0,0,38665.75
2025-07-07 10:00:00,31.37,61.69,277.09,14.08,0,0,32431.16
2025-07-07 11:00:00,34.33,59.26,352.0,13.16,0,0,36016.63
2025-07-07 12:00:00,35.79,58.24,344.08,16.22,0,0,36021.23
2025-07-07 13:00:00,35.88,55.38,374.76,13.42,0,0,35637.15
2025-07-07 14:00:00,35.96,54.35,273.51,18.98,0,0,35324.42
2025-07-07 15:00:00,39.72,52.92,270.24,17.26,0,0,41459.72
2025-07-07 16:00:00,38.43,58.04,146.69,19.77,0,0,40235.24
2025-07-07 17:00:00,38.99,57.41,84.94,19.99,0,0,41866.24
2025-07-07 18:00:00,38.76,52.15,0.0,19.03,0,0,43099.04
2025-07-07 19:00:00,36.96,57.81,47.56,15.48,0,0,42649.07
2025-07-07 20:00:00,36.46,54.41,0.0,17.02,0,0,42084.43
2025-07-07 21:00:00,33.86,57.66,0.0,15.04,0,0,36941.98
2025-07-07 22:00:00,30.55,58.61,0.0,11.88,0,0,32163.64
2025-07-07 23:00:00,33.39,57.22,39.99,19.99,0,0,37509.35
2025-07-08 00:00:00,29.4,66.91,10.03,16.56,0,0,27866.43
2025-07-08 01:00:00,27.98,63.19,3.42,11.59,0,0,25777.06
2025-07-08 02:00:00,28.84,62.59,36.86,18.73,0,0,26087.4
2025-07-08 03:00:00,27.35,57.6,3.69,16.07,0,0,22099.72
2025-07-08 04:00:00,28.41,61.19,5.49,9.64,0,0,22680.79
2025-07-08 05:00:00,30.28,59.78,3.29,12.05,0,0,24870.6
2025-07-08 06:00:00,31.08,56.71,14.09,14.4,0,0,28422.83
2025-07-08 07:00:00,29.87,61.2,79.66,17.59,0,0,28302.56
2025-07-08 08:00:00,31.82,57.65,172.31,19.61,0,0,33322.53
2025-07-08 09:00:00,35.92,55.99,271.52,19.49,0,0,39071.58
2025-07-08 10:00:00,36.18,55.92,314.66,18.96,0,0,39064.94
2025-07-08 11:00:00,40.23,47.97,340.37,16.73,0,0,44510.94
2025-07-08 12:00:00,39.65,50.72,320.32,22.88,0,0,42195.07
2025-07-08 13:00:00,40.38,51.97,380.68,19.3,0,0,41871.44
2025-07-08 14:00:00,36.32,60.05,291.19,17.63,0,0,35958.98
2025-07-08 15:00:00,40.37,52.69,275.94,18.84,0,0,42628.01
2025-07-08 16:00:00,38.73,50.5,182.06,15.46,0,0,40346.15
2025-07-08 17:00:00,37.33,56.0,59.63,16.65,0,0,39333.93
2025-07-08 18:00:00,37.83,60.78,31.31,9.57,0,0,42822.39
2025-07-08 19:00:00,38.19,57.3,6.36,15.5,0,0,43899.4
2025-07-08 20:00:00,36.19,57.62,33.38,23.01,0,0,41767.11
2025-07-08 21:00:00,32.41,61.73,0.0,17.37,0,0,34564.25
2025-07-08 22:00:00,34.03,63.13,17.6,17.23,0,0,36878.91
2025-07-08 23:00:00,30.34,65.0,0.0,20.35,0,0,32297.15
2025-07-09 00:00:00,30.85,62.5,0.0,18.3,0,0,29922.39
2025-07-09 01:00:00,29.12,66.07,0.0,14.3,0,0,26469.34
2025-07-09 02:00:00,28.77,57.78,0.0,17.13,0,0,26769.56
2025-07-09 03:00:00,30.38,54.65,11.8,13.08,0,0,25452.08
2025-07-09 04:00:00,27.3,64.06,0.0,17.69,0,0,22060.67
2025-07-09 05:00:00,33.17,58.42,21.6,14.12,0,0,28748.43
2025-07-09 06:00:00,27.18,61.36,0.0,20.3,0,0,24505.64
2025-07-09 07:00:00,30.42,63.93,112.33,15.27,0,0,28417.75
2025-07-09 08:00:00,33.37,50.52,206.99,14.17,0,0,35518.28
2025-07-09 09:00:00,35.05,54.32,271.77,16.66,0,0,37703.78
2025-07-09 10:00:00,35.11,54.46,293.21,18.33,0,0,37343.43
2025-07-09 11:00:00,36.39,48.7,283.49,12.83,0,0,38280.24
2025-07-09 12:00:00,38.27,59.54,363.05,15.23,0,0,39616.37
2025-07-09 13:00:00,37.91,48.44,333.49,17.42,0,0,38980.44
2025-07-09 14:00:00,41.33,48.45,277.35,21.74,0,0,44914.76
2025-07-09 15:00:00,40.51,55.17,232.52,8.2,0,0,43172.24
2025-07-09 16:00:00,40.4,54.22,210.11,19.21,0,0,43124.36
2025-07-09 17:00:00,36.59,50.64,61.77,15.71,0,0,38300.08
2025-07-09 18:00:00,37.39,57.08,11.71,15.32,0,0,41237.83
2025-07-09 19:00:00,35.96,56.8,5.45,14.67,0,0,40004.07
2025-07-09 20:00:00,33.48,67.2,0.0,15.78,0,0,37981.95
2025-07-09 21:00:00,34.65,58.43,16.11,19.22,0,0,39179.84
2025-07-09 22:00:00,31.74,58.87,40.81,15.17,0,0,33613.29
2025-07-09 23:00:00,32.68,55.16,0.0,22.86,0,0,32855.1
2025-07-10 00:00:00,28.54,59.34,0.0,19.43,0,0,26520.33
2025-07-10 01:00:00,32.76,55.21,15.55,17.94,0,0,31206.36
2025-07-10 02:00:00,27.56,68.68,22.96,16.67,0,0,23505.78
2025-07-10 03:00:00,29.39,61.62,0.0,21.41,0,0,23883.95
2025-07-10 04:00:00,30.6,62.72,0.0,21.92,0,0,23947.07
2025-07-10 05:00:00,28.64,68.28,0.0,13.18,0,0,23952.48
2025-07-10 06:00:00,32.0,49.77,0.0,14.79,0,0,30069.62
2025-07-10 07:00:00,29.29,66.75,59.95,19.47,0,0,29583.52
2025-07-10 08:00:00,35.32,56.43,187.96,20.53,0,0,38601.39
2025-07-10 09:00:00,34.03,59.11,235.51,16.2,0,0,36082.33
2025-07-10 10:00:00,34.22,53.89,288.83,14.65,0,0,36430.18
2025-07-10 11:00:00,35.96,52.62,329.81,17.52,0,0,37226.69
2025-07-10 12:00:00,38.99,54.86,319.93,22.42,0,0,42074.19
2025-07-10 13:00:00,37.28,63.99,368.87,17.39,0,0,38710.24
2025-07-10 14:00:00,37.48,58.28,328.36,12.82,0,0,38130.55
2025-07-10 15:00:00,38.6,58.32,282.06,17.63,0,0,39459.86
2025-07-10 16:00:00,36.71,54.19,187.93,19.99,0,0,35273.23
2025-07-10 17:00:00,41.61,48.15,87.7,16.89,0,0,45341.9
2025-07-10 18:00:00,36.52,52.01,40.37,21.65,0,0,38625.21
2025-07-10 19:00:00,38.0,51.85,0.0,20.28,0,0,42604.15
2025-07-10 20:00:00,35.67,47.69,0.0,17.03,0,0,42003.68
2025-07-10 21:00:00,32.23,56.09,0.0,17.4,0,0,34811.5
2025-07-10 22:00:00,32.7,56.33,13.07,10.8,0,0,34016.06
2025-07-10 23:00:00,32.91,57.68,0.0,21.48,0,0,32816.34
2025-07-11 00:00:00,30.12,61.42,0.0,16.29,0,0,29951.28
2025-07-11 01:00:00,31.82,60.81,0.0,16.04,0,0,29612.22
2025-07-11 02:00:00,31.01,60.03,12.03,15.52,0,0,28238.08
2025-07-11 03:00:00,30.65,58.09,0.0,19.04,0,0,25839.38
2025-07-11 04:00:00,28.34,54.64,0.0,13.49,0,0,21452.9
2025-07-11 05:00:00,27.73,60.74,30.43,14.0,0,0,24122.86
2025-07-11 06:00:00,29.36,57.69,29.51,17.26,0,0,26895.58
2025-07-11 07:00:00,31.85,61.2,96.03,15.25,0,0,31405.73
2025-07-11 08:00:00,33.69,61.32,174.33,18.61,0,0,36559.99
2025-07-11 09:00:00,30.09,64.67,223.52,15.38,0,0,31641.64
2025-07-11 10:00:00,35.28,59.28,270.69,23.02,0,0,37605.7
2025-07-11 11:00:00,36.78,54.36,314.41,19.87,0,0,38443.86
2025-07-11 12:00:00,37.03,52.59,297.04,19.82,0,0,38720.29
2025-07-11 13:00:00,40.65,48.43,329.78,15.32,0,0,43672.84
2025-07-11 14:00:00,39.59,46.34,291.23,25.86,0,0,41466.72
2025-07-11 15:00:00,41.36,54.74,213.46,15.9,0,0,43634.36
2025-07-11 16:00:00,38.44,52.71,206.66,14.94,0,0,39869.33
2025-07-11 17:00:00,40.02,47.0,101.85,19.91,0,0,42963.01
2025-07-11 18:00:00,40.48,48.26,17.3,18.12,0,0,46699.8
2025-07-11 19:00:00,38.86,49.56,0.0,14.58,0,0,43847.02
2025-07-11 20:00:00,33.33,58.18,0.0,25.13,0,0,38692.36
2025-07-11 21:00:00,33.54,62.08,15.68,20.86,0,0,38114.26
2025-07-11 22:00:00,32.08,57.74,3.82,17.45,0,0,33359.46
2025-07-11 23:00:00,32.38,49.85,40.05,25.84,0,0,32494.85
2025-07-12 00:00:00,31.69,58.72,0.0,20.47,1,0,25036.29
2025-07-12 01:00:00,28.15,62.04,0.0,17.59,1,0,22259.31
2025-07-12 02:00:00,29.29,60.74,15.86,25.62,1,0,22836.16
2025-07-12 03:00:00,25.36,62.67,0.0,19.94,1,0,18819.16
2025-07-12 04:00:00,31.76,60.29,23.11,19.78,1,0,22071.96
2025-07-12 05:00:00,28.74,62.4,0.0,16.28,1,0,21235.51
2025-07-12 06:00:00,30.56,60.4,15.96,17.8,1,0,24457.65
2025-07-12 07:00:00,30.94,61.8,68.71,16.19,1,0,25756.44
2025-07-12 08:00:00,34.76,55.0,175.96,22.67,1,0,31298.59
2025-07-12 09:00:00,28.89,60.05,254.68,12.0,1,0,27071.06
2025-07-12 10:00:00,35.26,61.79,287.97,22.41,1,0,32709.11
2025-07-12 11:00:00,36.3,57.57,286.92,14.56,1,0,33073.31
2025-07-12 12:00:00,36.71,58.27,305.67,17.43,1,0,33599.62
2025-07-12 13:00:00,41.43,55.62,298.7,16.6,1,0,38130.01
2025-07-12 14:00:00,37.23,56.6,236.76,15.81,1,0,32213.26
2025-07-12 15:00:00,40.38,55.37,260.18,20.04,1,0,37174.64
2025-07-12 16:00:00,39.47,46.16,166.8,17.61,1,0,36757.73
2025-07-12 17:00:00,40.6,52.28,56.53,15.29,1,0,37505.89
2025-07-12 18:00:00,36.33,54.57,36.39,18.17,1,0,33490.73
2025-07-12 19:00:00,35.18,63.05,0.0,15.19,1,0,32875.36
2025-07-12 20:00:00,37.26,58.18,6.26,15.75,1,0,36839.15
2025-07-12 21:00:00,34.76,54.19,0.0,12.39,1,0,33628.74
2025-07-12 22:00:00,29.92,62.56,0.0,16.05,1,0,26203.32
2025-07-12 23:00:00,30.52,61.2,0.0,19.36,1,0,26777.86
2025-07-13 00:00:00,31.15,61.78,0.0,17.95,1,0,24679.92
2025-07-13 01:00:00,31.16,55.88,22.46,24.17,1,0,24213.17
2025-07-13 02:00:00,27.93,64.3,8.66,26.96,1,0,21586.55
2025-07-13 03:00:00,23.74,65.72,3.51,16.19,1,0,17217.35
2025-07-13 04:00:00,30.1,62.04,0.0,14.9,1,0,19877.52
2025-07-13 05:00:00,27.46,60.39,31.75,21.77,1,0,19951.65
2025-07-13 06:00:00,26.82,61.52,5.59,18.99,1,0,20673.5
2025-07-13 07:00:00,26.39,68.94,80.18,21.79,1,0,23106.29
2025-07-13 08:00:00,34.16,53.05,188.98,19.21,1,0,31165.63
2025-07-13 09:00:00,34.22,53.29,258.4,17.14,1,0,30127.45
2025-07-13 10:00:00,34.87,56.41,307.15,17.16,1,0,32422.57
2025-07-13 11:00:00,38.99,49.82,304.2,19.33,1,0,36949.62
2025-07-13 12:00:00,38.67,49.66,296.24,17.08,1,0,35099.86
2025-07-13 13:00:00,41.23,51.31,335.1,22.09,1,0,38187.57
2025-07-13 14:00:00,36.31,49.3,244.15,13.26,1,0,30699.06
2025-07-13 15:00:00,38.92,48.94,275.9,22.07,1,0,33997.03
2025-07-13 16:00:00,35.91,63.9,161.37,11.26,1,0,31048.99
2025-07-13 17:00:00,37.9,55.73,56.64,18.32,1,0,34873.54
2025-07-13 18:00:00,37.07,51.65,0.0,16.66,1,0,35119.46
2025-07-13 19:00:00,37.61,55.82,0.0,12.51,1,0,36226.81
2025-07-13 20:00:00,35.36,58.45,3.51,10.61,1,0,33947.45
2025-07-13 21:00:00,35.11,60.38,0.0,13.98,1,0,32487.13
2025-07-13 22:00:00,33.96,56.93,0.0,17.98,1,0,31277.61
2025-07-13 23:00:00,35.37,60.07,0.0,15.71,1,0,30899.07
2025-07-14 00:00:00,29.87,52.96,0.0,14.36,0,0,27806.85
2025-07-14 01:00:00,27.95,58.62,14.73,22.73,0,0,26807.4
2025-07-14 02:00:00,29.59,62.02,0.0,13.69,0,0,26473.21
2025-07-14 03:00:00,27.53,64.54,0.0,20.38,0,0,22936.25
2025-07-14 04:00:00,31.81,55.72,0.0,14.89,0,0,30229.08
2025-07-14 05:00:00,29.14,62.81,0.0,14.07,0,0,25327.62
2025-07-14 06:00:00,29.42,59.03,0.0,15.89,0,0,25642.92
2025-07-14 07:00:00,30.63,59.33,89.37,20.17,0,0,29737.97
2025-07-14 08:00:00,33.97,61.53,161.47,13.2,0,0,35628.37
2025-07-14 09:00:00,33.69,61.31,242.25,19.01,0,0,35453.4
2025-07-14 10:00:00,34.11,53.31,260.33,14.64,0,0,35950.36
2025-07-14 11:00:00,39.47,48.25,257.36,15.27,0,0,41767.67
2025-07-14 12:00:00,35.97,53.98,339.37,19.4,0,0,37087.61
2025-07-14 13:00:00,38.37,53.36,280.47,25.61,0,0,39175.6
2025-07-14 14:00:00,39.98,49.39,244.77,14.81,0,0,42042.55
2025-07-14 15:00:00,36.04,59.73,221.37,20.52,0,0,36088.47
2025-07-14 16:00:00,39.67,53.69,164.85,16.91,0,0,42405.83
2025-07-14 17:00:00,36.41,56.86,68.15,16.34,0,0,36520.52
2025-07-14 18:00:00,38.99,47.84,0.0,21.75,0,0,43849.02
2025-07-14 19:00:00,34.74,61.4,0.0,15.05,0,0,38677.37
2025-07-14 20:00:00,36.52,43.85,35.41,13.96,0,0,47423.16
2025-07-14 21:00:00,35.97,58.96,0.0,19.61,0,0,39792.49
2025-07-14 22:00:00,34.23,60.93,0.0,23.58,0,0,36925.96
2025-07-14 23:00:00,31.93,57.53,0.0,20.62,0,0,33072.74
2025-07-15 00:00:00,30.01,66.08,0.0,13.25,0,0,28270.71
2025-07-15 01:00:00,28.59,62.02,5.95,16.03,0,0,25788.62
2025-07-15 02:00:00,31.78,59.65,12.1,21.61,0,0,28033.04
2025-07-15 03:00:00,27.7,64.43,3.1,23.71,0,0,23241.56
2025-07-15 04:00:00,27.26,76.21,0.0,18.98,0,0,22200.01
2025-07-15 05:00:00,30.83,65.63,0.0,16.15,0,0,26388.74
2025-07-15 06:00:00,28.99,64.71,18.35,23.94,0,0,26250.76
2025-07-15 07:00:00,29.75,57.57,51.03,17.92,0,0,29310.36
2025-07-15 08:00:00,30.07,61.51,142.3,16.06,0,0,31130.39
2025-07-15 09:00:00,33.09,54.97,232.64,15.47,0,0,35079.06
2025-07-15 10:00:00,35.11,59.69,288.51,14.0,0,0,37958.03
2025-07-15 11:00:00,36.9,55.35,292.56,28.1,0,0,39045.37
2025-07-15 12:00:00,39.21,48.21,297.6,23.15,0,0,42188.39
2025-07-15 13:00:00,39.24,53.01,264.33,15.88,0,0,41595.34
2025-07-15 14:00:00,38.45,50.0,279.77,24.24,0,0,39675.8
2025-07-15 15:00:00,38.6,53.86,250.67,20.05,0,0,40249.44
2025-07-15 16:00:00,39.71,48.82,218.07,19.84,0,0,41485.39
2025-07-15 17:00:00,40.58,51.59,89.35,15.67,0,0,44508.84
2025-07-15 18:00:00,37.72,57.05,0.0,16.38,0,0,41825.02
2025-07-15 19:00:00,35.62,55.73,0.0,18.03,0,0,39037.36
2025-07-15 20:00:00,33.47,56.31,0.0,11.3,0,0,38113.2
2025-07-15 21:00:00,31.36,60.59,4.42,16.48,0,0,34012.83
2025-07-15 22:00:00,33.87,60.31,58.76,18.2,0,0,35633.01
2025-07-15 23:00:00,32.5,54.32,31.77,22.76,0,0,32566.79
2025-07-16 00:00:00,31.44,60.75,27.91,16.2,0,0,29691.08
2025-07-16 01:00:00,29.38,66.83,6.14,21.2,0,0,26146.67
2025-07-16 02:00:00,31.64,61.82,8.99,11.14,0,0,28864.79
2025-07-16 03:00:00,28.07,62.97,0.0,22.44,0,0,23298.49
2025-07-16 04:00:00,30.83,62.81,19.06,15.2,0,0,26494.22
2025-07-16 05:00:00,29.54,63.22,0.0,18.81,0,0,24993.68
2025-07-16 06:00:00,29.31,64.64,0.0,19.78,0,0,26956.61
2025-07-16 07:00:00,32.51,50.65,69.87,19.09,0,0,31718.28
2025-07-16 08:00:00,33.38,51.74,141.67,17.98,0,0,34250.94
2025-07-16 09:00:00,34.58,60.9,195.03,14.01,0,0,37662.61
2025-07-16 10:00:00,35.38,50.14,261.19,15.24,0,0,37127.26
2025-07-16 11:00:00,36.37,56.87,276.97,21.84,0,0,38490.99
2025-07-16 12:00:00,41.78,48.99,303.7,16.26,0,0,46667.51
2025-07-16 13:00:00,40.4,47.66,253.75,17.99,0,0,43348.76
2025-07-16 14:00:00,40.07,53.34,255.49,13.13,0,0,42428.24
2025-07-16 15:00:00,39.14,53.58,185.57,21.36,0,0,40881.81
2025-07-16 16:00:00,40.58,59.92,134.56,13.74,0,0,43269.36
2025-07-16 17:00:00,39.2,50.22,81.54,21.56,0,0,42262.17
2025-07-16 18:00:00,37.52,59.99,0.0,14.64,0,0,40934.21
2025-07-16 19:00:00,35.89,57.11,0.0,21.91,0,0,39590.86
2025-07-16 20:00:00,35.09,53.77,14.22,18.39,0,0,40001.57
2025-07-16 21:00:00,28.23,65.79,0.0,16.4,0,0,32164.12
2025-07-16 22:00:00,33.03,60.54,44.45,23.96,0,0,34276.72
2025-07-16 23:00:00,30.56,60.64,30.11,18.11,0,0,31588.57
2025-07-17 00:00:00,33.25,59.14,0.0,17.26,0,0,32682.94
2025-07-17 01:00:00,29.62,58.95,0.0,21.71,0,0,27507.75
2025-07-17 02:00:00,26.95,60.44,5.05,13.35,0,0,24002.96
2025-07-17 03:00:00,28.83,65.09,0.0,9.68,0,0,23752.29
2025-07-17 04:00:00,27.21,62.62,0.0,22.58,0,0,21817.7
2025-07-17 05:00:00,30.44,60.28,0.0,15.6,0,0,25431.63
2025-07-17 06:00:00,30.91,61.3,0.0,21.55,0,0,28281.28
2025-07-17 07:00:00,33.14,59.24,78.59,18.69,0,0,33142.95
2025-07-17 08:00:00,31.2,54.2,131.9,14.45,0,0,33623.66
2025-07-17 09:00:00,33.98,62.56,240.12,20.65,0,0,36833.38
2025-07-17 10:00:00,32.76,59.0,217.7,17.09,0,0,34267.17
2025-07-17 11:00:00,37.68,53.28,256.04,14.76,0,0,39938.77
2025-07-17 12:00:00,38.39,55.17,306.7,14.85,0,0,39606.73
2025-07-17 13:00:00,39.14,53.72,255.46,12.46,0,0,40355.06
2025-07-17 14:00:00,38.75,56.19,225.07,19.94,0,0,40552.54
2025-07-17 15:00:00,39.67,54.45,211.35,15.25,0,0,41227.41
2025-07-17 16:00:00,41.64,53.4,120.93,18.41,0,0,44882.64
2025-07-17 17:00:00,37.74,59.44,72.9,17.89,0,0,39697.07
2025-07-17 18:00:00,37.7,57.6,0.0,15.23,0,0,41098.18
2025-07-17 19:00:00,34.46,56.34,0.0,13.2,0,0,39212.96
2025-07-17 20:00:00,33.65,53.22,0.0,27.39,0,0,38157.5
2025-07-17 21:00:00,34.1,63.98,3.49,18.36,0,0,37820.12
2025-07-17 22:00:00,34.61,55.9,0.0,24.91,0,0,37182.32
2025-07-17 23:00:00,30.96,58.24,0.0,22.6,0,0,31259.36
2025-07-18 00:00:00,29.93,54.12,0.0,17.57,0,0,27578.67
2025-07-18 01:00:00,28.83,63.41,0.0,19.33,0,0,25575.24
2025-07-18 02:00:00,28.1,63.31,0.0,19.23,0,0,25549.34
2025-07-18 03:00:00,29.42,55.46,4.84,25.15,0,0,25086.61
2025-07-18 04:00:00,26.37,66.08,0.0,21.6,0,0,21418.08
2025-07-18 05:00:00,31.87,57.32,31.07,15.87,0,0,27938.3
2025-07-18 06:00:00,29.16,72.52,0.0,19.92,0,0,27683.33
2025-07-18 07:00:00,32.69,56.3,68.85,21.51,0,0,32145.22
2025-07-18 08:00:00,30.31,58.98,164.86,14.58,0,0,30697.48
2025-07-18 09:00:00,35.1,52.91,215.5,20.42,0,0,38395.28
2025-07-18 10:00:00,36.4,60.35,224.96,23.4,0,0,38326.3
2025-07-18 11:00:00,37.08,53.14,257.89,15.69,0,0,39133.27
2025-07-18 12:00:00,35.64,53.02,262.74,16.18,0,0,35829.21
2025-07-18 13:00:00,38.67,56.02,293.08,22.76,0,0,40414.01
2025-07-18 14:00:00,36.59,49.55,230.84,17.45,0,0,36396.57
2025-07-18 15:00:00,38.44,55.9,209.96,15.26,0,0,40394.82
2025-07-18 16:00:00,40.58,58.6,150.56,21.78,0,0,43033.46
2025-07-18 17:00:00,39.66,54.57,133.73,20.71,0,0,43526.6
2025-07-18 18:00:00,37.46,56.84,7.83,19.02,0,0,43961.43
2025-07-18 19:00:00,34.64,60.3,0.0,22.63,0,0,39077.91
2025-07-18 20:00:00,36.35,62.12,0.0,22.88,0,0,41088.53
2025-07-18 21:00:00,33.93,62.3,0.0,18.4,0,0,37765.49
2025-07-18 22:00:00,28.42,64.18,0.0,25.6,0,0,30955.93
2025-07-18 23:00:00,32.8,62.1,0.0,24.24,0,0,33353.24
2025-07-19 00:00:00,30.28,57.2,0.0,11.91,1,0,24935.32
2025-07-19 01:00:00,31.7,62.58,7.43,15.25,1,0,25068.81
2025-07-19 02:00:00,27.06,59.62,0.0,10.96,1,0,22991.95
2025-07-19 03:00:00,23.15,65.7,24.22,17.72,1,0,17735.48
2025-07-19 04:00:00,29.54,49.08,0.0,14.62,1,0,20703.88
2025-07-19 05:00:00,30.06,62.55,16.92,16.01,1,0,20292.55
2025-07-19 06:00:00,27.29,60.86,22.85,22.67,1,0,21404.92
2025-07-19 07:00:00,29.6,65.8,96.72,12.71,1,0,24061.56
2025-07-19 08:00:00,37.53,55.78,101.51,19.31,1,0,33890.88
2025-07-19 09:00:00,33.31,62.52,206.78,19.29,1,0,30613.25
2025-07-19 10:00:00,36.47,50.84,226.91,18.57,1,0,34343.63
2025-07-19 11:00:00,35.19,60.48,236.58,19.31,1,0,31091.53
2025-07-19 12:00:00,33.64,66.15,270.97,11.04,1,0,27453.46
2025-07-19 13:00:00,37.89,56.96,249.1,16.02,1,0,32525.96
2025-07-19 14:00:00,38.22,56.76,266.64,24.26,1,0,32998.61
2025-07-19 15:00:00,38.14,54.35,211.75,14.67,1,0,33408.61
2025-07-19 16:00:00,38.49,51.26,111.85,24.69,1,0,34112.38
2025-07-19 17:00:00,38.67,56.24,54.7,13.93,1,0,35602.37
2025-07-19 18:00:00,37.13,48.56,0.0,13.51,1,0,35263.17
2025-07-19 19:00:00,34.09,55.65,0.0,15.53,1,0,32516.0
2025-07-19 20:00:00,36.03,48.49,25.16,22.81,1,0,35680.74
2025-07-19 21:00:00,30.36,57.86,17.27,16.95,1,0,28327.6
2025-07-19 22:00:00,28.88,64.58,1.28,20.07,1,0,28086.67
2025-07-19 23:00:00,32.69,60.6,0.0,19.11,1,0,28531.17
2025-07-20 00:00:00,31.21,60.11,0.0,18.82,1,0,25476.67
2025-07-20 01:00:00,29.4,62.22,32.3,23.47,1,0,24117.73
2025-07-20 02:00:00,26.49,56.62,0.0,21.72,1,0,19951.52
2025-07-20 03:00:00,27.56,61.71,38.87,15.01,1,0,18918.74
2025-07-20 04:00:00,28.53,59.6,4.9,18.05,1,0,20327.01
2025-07-20 05:00:00,26.63,61.4,50.63,25.12,1,0,19815.73
2025-07-20 06:00:00,28.97,64.33,15.16,20.13,1,0,22417.42
2025-07-20 07:00:00,32.51,55.3,35.31,13.74,1,0,28576.06
2025-07-20 08:00:00,35.11,53.98,122.02,13.99,1,0,31655.61
2025-07-20 09:00:00,33.08,49.88,190.05,22.13,1,0,30622.97
2025-07-20 10:00:00,36.49,53.98,216.1,21.47,1,0,34483.26
2025-07-20 11:00:00,32.89,54.05,255.97,15.79,1,0,28454.96
2025-07-20 12:00:00,38.55,53.62,240.58,21.63,1,0,34566.74
2025-07-20 13:00:00,36.71,51.16,265.54,24.61,1,0,32137.6
2025-07-20 14:00:00,39.21,53.13,243.88,24.12,1,0,34341.78
2025-07-20 15:00:00,38.39,52.87,169.18,24.63,1,0,33078.01
2025-07-20 16:00:00,41.04,57.75,185.88,20.96,1,0,38503.48
2025-07-20 17:00:00,36.59,57.06,72.7,18.39,1,0,32822.7
2025-07-20 18:00:00,38.5,45.99,0.0,17.61,1,0,36045.61
2025-07-20 19:00:00,35.83,50.69,0.0,18.95,1,0,34368.15
2025-07-20 20:00:00,34.84,56.86,1.5,15.95,1,0,34022.65
2025-07-20 21:00:00,33.5,54.13,0.0,17.76,1,0,30622.16
2025-07-20 22:00:00,31.02,48.21,19.58,23.48,1,0,28290.35
2025-07-20 23:00:00,31.31,65.22,0.0,13.38,1,0,27050.1
2025-07-21 00:00:00,30.15,63.75,0.0,13.78,0,0,29369.53
2025-07-21 01:00:00,29.9,63.17,41.77,22.07,0,0,27393.02
2025-07-21 02:00:00,29.12,59.36,10.89,17.94,0,0,26515.38
2025-07-21 03:00:00,30.23,62.5,0.0,12.43,0,0,25245.8
2025-07-21 04:00:00,30.63,57.62,4.12,18.95,0,0,25114.59
2025-07-21 05:00:00,27.57,64.01,11.85,18.45,0,0,23176.33
2025-07-21 06:00:00,31.82,55.68,0.0,17.66,0,0,30658.18
2025-07-21 07:00:00,29.16,67.82,73.37,21.57,0,0,27785.45
2025-07-21 08:00:00,33.56,51.52,122.87,14.5,0,0,35570.6
2025-07-21 09:00:00,34.91,61.51,202.35,19.21,0,0,37733.33
2025-07-21 10:00:00,31.65,59.67,213.8,18.43,0,0,33057.05
2025-07-21 11:00:00,36.46,53.23,243.98,19.3,0,0,38582.47
2025-07-21 12:00:00,36.49,55.83,309.81,13.11,0,0,37951.58
2025-07-21 13:00:00,36.76,57.85,289.87,17.34,0,0,37442.81
2025-07-21 14:00:00,41.06,56.51,149.91,19.24,0,0,44485.04
2025-07-21 15:00:00,37.62,55.39,218.59,21.06,0,0,38203.05
2025-07-21 16:00:00,37.17,50.98,132.28,25.63,0,0,38158.42
2025-07-21 17:00:00,38.26,53.79,51.72,21.99,0,0,40222.81
2025-07-21 18:00:00,38.56,60.56,0.0,20.78,0,0,44174.94
2025-07-21 19:00:00,36.04,60.95,0.0,23.62,0,0,40537.16
2025-07-21 20:00:00,37.19,58.16,0.0,18.1,0,0,42781.07
2025-07-21 21:00:00,34.75,59.91,0.0,24.61,0,0,39264.02
2025-07-21 22:00:00,28.58,65.08,0.0,23.09,0,0,30962.25
2025-07-21 23:00:00,30.34,65.33,0.0,17.61,0,0,29993.52
2025-07-22 00:00:00,29.21,59.88,8.08,26.05,0,0,28112.31
2025-07-22 01:00:00,30.29,55.32,1.25,20.88,0,0,27746.36
2025-07-22 02:00:00,24.2,66.5,13.9,26.99,0,0,23164.6
2025-07-22 03:00:00,33.34,54.72,0.0,20.38,0,0,28550.86
2025-07-22 04:00:00,29.88,56.89,0.0,17.35,0,0,24708.18
2025-07-22 05:00:00,29.69,58.4,12.36,16.63,0,0,24977.68
2025-07-22 06:00:00,32.35,68.83,0.0,18.07,0,0,29195.26
2025-07-22 07:00:00,35.47,56.62,83.91,17.32,0,0,35218.53
2025-07-22 08:00:00,34.03,58.82,101.73,23.77,0,0,35374.8
2025-07-22 09:00:00,35.46,51.2,167.9,19.21,0,0,39107.45
2025-07-22 10:00:00,35.28,48.87,217.65,13.67,0,0,36436.52
2025-07-22 11:00:00,36.0,52.32,269.7,20.06,0,0,37761.99
2025-07-22 12:00:00,36.43,60.97,266.16,19.76,0,0,37306.53
2025-07-22 13:00:00,36.6,56.4,253.34,17.68,0,0,35770.92
2025-07-22 14:00:00,37.35,56.78,273.83,20.25,0,0,37309.29
2025-07-22 15:00:00,36.32,58.27,139.16,19.16,0,0,35936.05
2025-07-22 16:00:00,38.45,51.03,104.92,21.53,0,0,40159.66
2025-07-22 17:00:00,35.05,62.01,40.72,21.33,0,0,37162.57
2025-07-22 18:00:00,37.63,51.6,0.0,20.59,0,0,42165.52
2025-07-22 19:00:00,36.19,61.05,0.0,14.77,0,0,40638.17
2025-07-22 20:00:00,35.31,57.99,17.19,26.73,0,0,39742.17
2025-07-22 21:00:00,32.82,51.31,0.0,13.87,0,0,35358.39
2025-07-22 22:00:00,38.0,50.81,0.0,18.87,0,0,41780.29
2025-07-22 23:00:00,33.7,50.53,0.0,15.49,0,0,33830.55
2025-07-23 00:00:00,27.94,67.51,0.0,20.85,0,0,26150.25
2025-07-23 01:00:00,29.8,61.08,0.0,19.94,0,0,27433.76
2025-07-23 02:00:00,27.79,54.08,16.06,18.87,0,0,24103.45
2025-07-23 03:00:00,26.89,65.3,0.0,24.77,0,0,21929.15
2025-07-23 04:00:00,26.47,62.03,0.0,23.34,0,0,20790.6
2025-07-23 05:00:00,30.16,54.92,27.17,18.31,0,0,25102.43
2025-07-23 06:00:00,28.95,68.66,0.0,22.27,0,0,27170.31
2025-07-23 07:00:00,32.95,58.77,13.19,24.94,0,0,33151.14
2025-07-23 08:00:00,34.21,56.04,159.64,23.31,0,0,36439.76
2025-07-23 09:00:00,36.19,53.83,198.91,18.98,0,0,40149.45
2025-07-23 10:00:00,33.47,51.82,242.84,13.89,0,0,35894.09
2025-07-23 11:00:00,37.07,49.42,203.02,20.6,0,0,40019.93
2025-07-23 12:00:00,38.39,58.59,293.13,21.8,0,0,40452.82
2025-07-23 13:00:00,37.19,52.63,227.28,16.77,0,0,37862.83
2025-07-23 14:00:00,37.15,54.65,208.37,19.54,0,0,37146.41
2025-07-23 15:00:00,41.61,42.37,162.97,19.17,0,0,44202.7
2025-07-23 16:00:00,38.95,47.67,151.33,24.32,0,0,41476.51
2025-07-23 17:00:00,39.19,55.17,61.59,25.95,0,0,42248.66
2025-07-23 18:00:00,35.77,57.32,12.04,23.57,0,0,37874.89
2025-07-23 19:00:00,34.02,64.4,1.9,19.16,0,0,36538.25
2025-07-23 20:00:00,33.98,62.79,0.0,23.48,0,0,39888.64
2025-07-23 21:00:00,33.49,56.94,0.0,21.73,0,0,36572.48
2025-07-23 22:00:00,30.5,62.44,45.3,19.2,0,0,31719.05
2025-07-23 23:00:00,31.19,58.66,0.0,26.78,0,0,32173.78
2025-07-24 00:00:00,27.09,71.84,10.31,17.01,0,0,24694.2
2025-07-24 01:00:00,27.32,68.01,9.42,21.71,0,0,31813.94
2025-07-24 02:00:00,30.04,61.64,28.86,22.53,0,0,27729.6
2025-07-24 03:00:00,29.75,62.03,34.7,18.59,0,0,26150.41
2025-07-24 04:00:00,28.13,68.46,0.0,21.55,0,0,22265.37
2025-07-24 05:00:00,27.5,65.57,13.26,22.91,0,0,22928.55
2025-07-24 06:00:00,28.28,68.78,44.12,20.45,0,0,25360.76
2025-07-24 07:00:00,30.49,51.78,62.79,21.25,0,0,29942.52
2025-07-24 08:00:00,33.53,59.67,97.8,19.97,0,0,36054.26
2025-07-24 09:00:00,35.34,54.13,166.4,22.39,0,0,37386.28
2025-07-24 10:00:00,34.07,64.36,182.95,18.79,0,0,36491.4
2025-07-24 11:00:00,34.09,63.5,249.73,18.5,0,0,34806.64
2025-07-24 12:00:00,37.68,54.22,275.53,19.67,0,0,39878.41
2025-07-24 13:00:00,36.51,61.28,237.41,23.74,0,0,37589.05
2025-07-24 14:00:00,37.56,61.33,175.04,13.48,0,0,37876.49
2025-07-24 15:00:00,41.05,51.35,201.55,16.41,0,0,43728.48
2025-07-24 16:00:00,39.98,61.91,80.05,27.56,0,0,43122.2
2025-07-24 17:00:00,38.28,53.42,25.78,20.56,0,0,41543.23
2025-07-24 18:00:00,34.91,55.72,0.0,18.17,0,0,35961.64
2025-07-24 19:00:00,36.55,58.57,6.29,22.38,0,0,41968.65
2025-07-24 20:00:00,36.87,53.4,10.56,16.85,0,0,43573.07
2025-07-24 21:00:00,32.99,58.65,0.0,12.24,0,0,36748.49
2025-07-24 22:00:00,34.8,62.32,44.0,20.84,0,0,38037.11
2025-07-24 23:00:00,33.49,57.94,1.63,17.04,0,0,34976.39
2025-07-25 00:00:00,33.07,51.46,25.87,20.08,0,0,31809.53
2025-07-25 01:00:00,29.83,62.62,19.67,20.88,0,0,27992.62
2025-07-25 02:00:00,29.84,58.36,0.0,20.23,0,0,32141.32
2025-07-25 03:00:00,31.16,63.42,0.0,13.75,0,0,26255.99
2025-07-25 04:00:00,29.59,64.15,53.08,19.82,0,0,23504.85
2025-07-25 05:00:00,28.38,68.34,0.0,21.28,0,0,23805.24
2025-07-25 06:00:00,29.27,65.29,0.0,14.83,0,0,27772.76
2025-07-25 07:00:00,31.54,63.97,67.04,14.41,0,0,30537.92
2025-07-25 08:00:00,30.0,58.32,109.57,15.99,0,0,31500.61
2025-07-25 09:00:00,33.36,61.19,151.68,22.34,0,0,35875.75
2025-07-25 10:00:00,36.88,62.68,197.98,12.73,0,0,40935.87
2025-07-25 11:00:00,32.17,56.29,270.1,22.63,0,0,33605.62
2025-07-25 12:00:00,39.91,59.28,239.15,21.1,0,0,41865.65
2025-07-25 13:00:00,39.97,49.83,201.1,18.83,0,0,41662.41
2025-07-25 14:00:00,37.62,50.73,172.27,14.55,0,0,37893.47
2025-07-25 15:00:00,39.59,53.55,226.69,16.94,0,0,41105.86
2025-07-25 16:00:00,38.45,56.26,115.7,22.46,0,0,39866.42
2025-07-25 17:00:00,40.16,55.5,73.64,24.13,0,0,44099.24
2025-07-25 18:00:00,38.92,49.12,0.0,16.12,0,0,42893.24
2025-07-25 19:00:00,33.6,59.5,8.02,23.72,0,0,36892.2
2025-07-25 20:00:00,35.97,52.88,36.48,22.13,0,0,40691.52
2025-07-25 21:00:00,33.25,52.12,0.0,19.7,0,0,37228.75
2025-07-25 22:00:00,32.47,55.06,11.46,17.15,0,0,34383.4
2025-07-25 23:00:00,29.8,58.18,0.0,17.69,0,0,29722.49
2025-07-26 00:00:00,33.17,60.23,50.57,26.23,1,0,26475.09
2025-07-26 01:00:00,31.1,64.62,6.71,20.48,1,0,23460.87
2025-07-26 02:00:00,27.4,57.45,0.0,24.51,1,0,21537.66
2025-07-26 03:00:00,26.16,65.86,0.0,20.7,1,0,18266.87
2025-07-26 04:00:00,28.04,58.06,0.0,18.27,1,0,20867.73
2025-07-26 05:00:00,30.01,63.51,0.0,21.9,1,0,21989.19
2025-07-26 06:00:00,30.46,58.1,0.0,27.41,1,0,24793.34
2025-07-26 07:00:00,33.32,53.81,58.7,17.6,1,0,28933.01
2025-07-26 08:00:00,33.69,60.88,114.63,23.05,1,0,30206.56
2025-07-26 09:00:00,35.31,53.87,179.28,20.52,1,0,32127.71
2025-07-26 10:00:00,35.44,54.84,191.53,14.78,1,0,31598.04
2025-07-26 11:00:00,33.56,48.92,208.93,14.7,1,0,29836.98
2025-07-26 12:00:00,36.74,58.72,236.06,18.27,1,0,32128.56
2025-07-26 13:00:00,39.8,55.46,187.9,21.07,1,0,35898.31
2025-07-26 14:00:00,38.3,53.55,208.19,22.93,1,0,33904.31
2025-07-26 15:00:00,39.47,46.37,120.51,14.36,1,0,35276.27
2025-07-26 16:00:00,37.82,58.8,146.15,22.14,1,0,32981.61
2025-07-26 17:00:00,36.04,52.9,78.25,19.44,1,0,32610.15
2025-07-26 18:00:00,36.88,52.99,0.0,19.87,1,0,34171.6
2025-07-26 19:00:00,36.62,64.29,16.53,21.91,1,0,40521.7
2025-07-26 20:00:00,33.68,54.87,2.79,25.97,1,0,32854.18
2025-07-26 21:00:00,33.14,61.14,0.0,20.92,1,0,31216.2
2025-07-26 22:00:00,30.58,62.73,0.0,15.11,1,0,26232.2
2025-07-26 23:00:00,33.08,59.79,7.91,19.2,1,0,29259.03
2025-07-27 00:00:00,29.44,62.63,0.0,22.96,1,0,24248.05
2025-07-27 01:00:00,31.79,60.89,27.37,23.07,1,0,23984.84
2025-07-27 02:00:00,31.43,60.8,0.35,22.3,1,0,23178.12
2025-07-27 03:00:00,28.36,62.27,0.0,18.19,1,0,21239.72
2025-07-27 04:00:00,26.86,69.87,44.95,15.19,1,0,18445.19
2025-07-27 05:00:00,25.42,59.87,14.41,22.04,1,0,18277.6
2025-07-27 06:00:00,27.32,67.5,0.0,15.72,1,0,20808.54
2025-07-27 07:00:00,28.53,65.61,47.37,22.4,1,0,23127.15
2025-07-27 08:00:00,34.69,59.57,80.4,22.4,1,0,31098.07
2025-07-27 09:00:00,33.71,62.13,142.64,18.34,1,0,31331.23
2025-07-27 10:00:00,35.5,55.68,195.57,19.58,1,0,32293.74
2025-07-27 11:00:00,32.01,51.72,231.01,20.67,1,0,27881.04
2025-07-27 12:00:00,34.88,56.32,236.53,17.82,1,0,30876.33
2025-07-27 13:00:00,39.43,48.55,249.11,15.14,1,0,34617.66
2025-07-27 14:00:00,38.85,50.11,215.1,19.84,1,0,34295.97
2025-07-27 15:00:00,38.24,48.61,177.0,20.2,1,0,34064.12
2025-07-27 16:00:00,39.35,50.68,120.04,24.74,1,0,34697.22
2025-07-27 17:00:00,40.78,48.91,91.7,17.24,1,0,38270.98
2025-07-27 18:00:00,36.64,45.51,0.0,23.71,1,0,35219.73
2025-07-27 19:00:00,36.13,58.28,0.0,15.96,1,0,34447.53
2025-07-27 20:00:00,35.15,65.25,0.0,15.27,1,0,34746.14
2025-07-27 21:00:00,37.81,56.4,26.4,18.92,1,0,36675.86
2025-07-27 22:00:00,28.43,61.6,0.0,16.68,1,0,26759.52
2025-07-27 23:00:00,32.23,58.77,73.34,15.22,1,0,26627.81
2025-07-28 00:00:00,29.7,59.59,0.0,26.89,0,0,27870.98
2025-07-28 01:00:00,30.13,61.24,2.21,18.51,0,0,26813.39
2025-07-28 02:00:00,27.43,63.16,13.66,28.18,0,0,23659.4
2025-07-28 03:00:00,28.36,59.11,0.0,16.61,0,0,22980.8
2025-07-28 04:00:00,29.9,67.82,8.96,14.11,0,0,24077.22
2025-07-28 05:00:00,34.72,50.8,0.87,24.61,0,0,30171.33
2025-07-28 06:00:00,31.36,62.65,0.0,17.54,0,0,28719.6
2025-07-28 07:00:00,29.42,61.12,87.24,20.57,0,0,29145.71
2025-07-28 08:00:00,31.39,67.35,89.3,15.34,0,0,31620.7
2025-07-28 09:00:00,32.63,60.0,165.12,19.95,0,0,34344.27
2025-07-28 10:00:00,31.51,58.2,230.18,15.29,0,0,34565.63
2025-07-28 11:00:00,35.35,55.19,198.5,19.83,0,0,36847.59
2025-07-28 12:00:00,38.3,53.69,216.37,18.43,0,0,38750.37
2025-07-28 13:00:00,35.48,51.5,274.8,20.89,0,0,34361.98
2025-07-28 14:00:00,40.16,48.79,205.67,22.28,0,0,42350.18
2025-07-28 15:00:00,39.32,45.47,145.59,20.93,0,0,41056.52
2025-07-28 16:00:00,36.95,51.05,131.96,21.67,0,0,37483.72
2025-07-28 17:00:00,37.52,54.61,43.72,19.71,0,0,41177.14
2025-07-28 18:00:00,39.86,53.33,0.0,18.56,0,0,46641.21
2025-07-28 19:00:00,37.26,46.55,34.31,21.73,0,0,42259.96
2025-07-28 20:00:00,34.75,56.18,0.0,19.7,0,0,40083.37
2025-07-28 21:00:00,33.02,60.54,61.29,19.83,0,0,37219.83
2025-07-28 22:00:00,32.29,58.29,0.0,21.48,0,0,34893.78
2025-07-28 23:00:00,30.02,58.45,53.33,16.47,0,0,29690.34
2025-07-29 00:00:00,26.06,62.9,0.0,25.2,0,0,26010.15
2025-07-29 01:00:00,32.73,56.38,25.64,19.32,0,0,30700.93
2025-07-29 02:00:00,28.83,59.51,12.49,20.63,0,0,25617.57
2025-07-29 03:00:00,29.1,62.51,20.94,20.04,0,0,24132.32
2025-07-29 04:00:00,28.45,71.63,24.2,22.48,0,0,22751.33
2025-07-29 05:00:00,27.73,60.07,0.0,21.38,0,0,23307.61
2025-07-29 06:00:00,29.51,60.17,0.0,20.02,0,0,26013.13
2025-07-29 07:00:00,28.0,62.59,55.06,25.27,0,0,26243.08
2025-07-29 08:00:00,36.18,52.69,114.39,8.98,0,0,38665.29
2025-07-29 09:00:00,31.16,64.35,142.1,24.55,0,0,32456.92
2025-07-29 10:00:00,32.82,48.98,195.42,23.42,0,0,34833.2
2025-07-29 11:00:00,35.09,54.29,218.46,13.77,0,0,36557.46
2025-07-29 12:00:00,39.23,55.97,194.89,23.45,0,0,41389.9
2025-07-29 13:00:00,37.74,52.86,220.1,23.9,0,0,39514.78
2025-07-29 14:00:00,35.98,52.33,181.8,22.16,0,0,35830.9
2025-07-29 15:00:00,40.64,53.19,136.39,14.74,0,0,42174.72
2025-07-29 16:00:00,39.53,56.05,128.5,22.59,0,0,41674.49
2025-07-29 17:00:00,38.68,54.03,36.9,23.72,0,0,42283.1
2025-07-29 18:00:00,38.2,50.42,0.0,18.19,0,0,41106.9
2025-07-29 19:00:00,40.19,53.65,1.8,21.74,0,0,46929.29
2025-07-29 20:00:00,38.61,51.64,34.36,18.96,0,0,45501.67
2025-07-29 21:00:00,32.14,62.05,4.82,23.29,0,0,37269.68
2025-07-29 22:00:00,35.01,62.42,13.21,19.1,0,0,38490.4
2025-07-29 23:00:00,31.57,49.16,0.0,18.17,0,0,31895.15
2025-07-30 00:00:00,30.68,60.83,0.0,20.16,0,0,29199.75
2025-07-30 01:00:00,25.94,57.71,0.0,15.6,0,0,22941.88
2025-07-30 02:00:00,28.18,72.41,7.33,19.81,0,0,24067.34
2025-07-30 03:00:00,26.85,61.96,0.0,21.57,0,0,22617.96
2025-07-30 04:00:00,29.97,64.01,33.5,23.34,0,0,24427.89
2025-07-30 05:00:00,30.91,60.04,0.0,21.17,0,0,26433.02
2025-07-30 06:00:00,26.04,61.35,0.0,15.28,0,0,23905.55
2025-07-30 07:00:00,30.77,56.62,123.32,25.03,0,0,30255.21
2025-07-30 08:00:00,34.04,63.71,97.58,25.32,0,0,35937.72
2025-07-30 09:00:00,32.98,62.14,182.41,20.69,0,0,34502.78
2025-07-30 10:00:00,35.92,63.45,218.32,17.67,0,0,38445.49
2025-07-30 11:00:00,36.45,55.42,227.96,18.44,0,0,37380.41
2025-07-30 12:00:00,37.46,55.44,206.59,19.59,0,0,38256.08
2025-07-30 13:00:00,37.15,53.5,211.5,21.27,0,0,38447.61
2025-07-30 14:00:00,35.95,54.5,151.33,19.23,0,0,35674.93
2025-07-30 15:00:00,36.29,51.17,199.33,17.29,0,0,36799.49
2025-07-30 16:00:00,39.42,52.86,84.47,23.88,0,0,41719.72
2025-07-30 17:00:00,37.68,50.93,48.4,21.2,0,0,39741.59
2025-07-30 18:00:00,36.6,56.83,2.47,16.61,0,0,39289.55
2025-07-30 19:00:00,35.05,57.14,0.0,21.32,0,0,39017.48
2025-07-30 20:00:00,34.06,58.5,0.0,20.86,0,0,38716.46
2025-07-30 21:00:00,35.2,63.02,34.86,17.78,0,0,39860.41
2025-07-30 22:00:00,31.42,59.57,23.76,24.48,0,0,33266.51
2025-07-30 23:00:00,28.4,65.47,8.05,20.77,0,0,28950.31
2025-07-31 00:00:00,31.05,68.26,0.0,19.63,0,0,28281.65
2025-07-31 01:00:00,28.54,67.54,26.61,20.1,0,0,26772.21
2025-07-31 02:00:00,28.47,66.99,0.0,21.95,0,0,24276.36
2025-07-31 03:00:00,31.14,58.75,39.26,20.14,0,0,26906.69
2025-07-31 04:00:00,28.38,63.38,2.78,20.11,0,0,23105.33
2025-07-31 05:00:00,29.43,56.24,30.74,24.12,0,0,23473.22
2025-07-31 06:00:00,27.58,65.17,0.0,15.43,0,0,25496.34
2025-07-31 07:00:00,30.35,61.78,54.97,16.01,0,0,30451.02
2025-07-31 08:00:00,33.05,58.35,133.38,23.11,0,0,35420.78
2025-07-31 09:00:00,30.44,64.71,200.15,28.85,0,0,31738.15
2025-07-31 10:00:00,34.9,51.76,216.97,23.46,0,0,37295.57
2025-07-31 11:00:00,35.92,62.21,220.42,26.92,0,0,37882.93
2025-07-31 12:00:00,36.85,58.44,220.22,18.87,0,0,38234.97
2025-07-31 13:00:00,39.44,52.22,185.82,18.16,0,0,41452.64
2025-07-31 14:00:00,38.67,52.6,185.34,21.99,0,0,39558.81
2025-07-31 15:00:00,40.9,53.11,122.48,23.73,0,0,44193.75
2025-07-31 16:00:00,36.28,61.43,112.14,15.8,0,0,37538.84
2025-07-31 17:00:00,37.82,54.37,64.19,19.65,0,0,40102.78
2025-07-31 18:00:00,36.93,55.34,0.0,20.3,0,0,46399.09
2025-07-31 19:00:00,33.82,57.63,0.97,18.02,0,0,37164.99
2025-07-31 20:00:00,36.26,62.49,10.37,18.42,0,0,42505.97
2025-07-31 21:00:00,37.43,52.84,0.0,23.34,0,0,43302.88
2025-07-31 22:00:00,31.92,59.15,8.95,22.04,0,0,33754.23
2025-07-31 23:00:00,31.65,65.37,0.0,23.19,0,0,31772.01
2025-08-01 00:00:00,29.79,61.78,0.0,21.66,0,0,26771.15
2025-08-01 01:00:00,27.55,67.75,25.87,17.42,0,0,25293.03
2025-08-01 02:00:00,25.06,61.8,0.01,21.96,0,0,21777.66
2025-08-01 03:00:00,26.9,62.97,8.5,17.15,0,0,22335.5
2025-08-01 04:00:00,25.83,70.69,0.0,19.39,0,0,21593.28
2025-08-01 05:00:00,31.91,56.58,0.49,16.85,0,0,26750.54
2025-08-01 06:00:00,29.43,60.91,0.0,18.34,0,0,26859.29
2025-08-01 07:00:00,30.05,61.98,72.79,20.8,0,0,30136.39
2025-08-01 08:00:00,33.48,53.91,144.95,18.88,0,0,35289.67
2025-08-01 09:00:00,31.15,58.31,114.44,17.39,0,0,32677.36
2025-08-01 10:00:00,33.08,58.68,149.27,24.46,0,0,34807.53
2025-08-01 11:00:00,35.79,55.98,203.73,20.06,0,0,37870.21
2025-08-01 12:00:00,38.56,58.42,236.35,18.63,0,0,40503.59
2025-08-01 13:00:00,38.4,59.61,192.65,16.69,0,0,39556.0
2025-08-01 14:00:00,38.45,49.97,142.04,13.93,0,0,40246.93
2025-08-01 15:00:00,38.31,53.97,135.85,19.7,0,0,39749.5
2025-08-01 16:00:00,38.72,55.85,74.0,15.66,0,0,39761.97
2025-08-01 17:00:00,37.86,59.99,34.91,22.97,0,0,40674.02
2025-08-01 18:00:00,34.85,59.51,0.0,20.58,0,0,38104.47
2025-08-01 19:00:00,35.75,56.99,0.0,25.94,0,0,39444.23
2025-08-01 20:00:00,32.53,61.39,0.0,21.26,0,0,35187.18
2025-08-01 21:00:00,33.31,60.72,1.86,17.94,0,0,36307.16
2025-08-01 22:00:00,31.01,56.38,5.38,13.9,0,0,32657.46
2025-08-01 23:00:00,35.24,57.06,0.0,23.3,0,0,37126.62
2025-08-02 00:00:00,29.48,67.3,9.91,16.02,1,0,22887.09
2025-08-02 01:00:00,26.23,63.56,0.0,19.13,1,0,21069.07
2025-08-02 02:00:00,28.02,63.3,18.01,26.42,1,0,19038.09
2025-08-02 03:00:00,29.03,60.9,19.51,22.7,1,0,20571.25
2025-08-02 04:00:00,31.27,50.6,0.0,21.93,1,0,21610.04
2025-08-02 05:00:00,27.7,63.15,15.35,23.87,1,0,21000.38
2025-08-02 06:00:00,26.71,65.17,0.0,23.74,1,0,19460.69
2025-08-02 07:00:00,32.06,57.1,83.19,26.1,1,0,26963.29
2025-08-02 08:00:00,29.31,57.0,76.81,18.46,1,0,30722.85
2025-08-02 09:00:00,32.31,55.4,145.7,19.24,1,0,28856.03
2025-08-02 10:00:00,33.92,60.53,162.95,17.33,1,0,29387.25
2025-08-02 11:00:00,35.47,63.97,161.56,20.45,1,0,32775.6
2025-08-02 12:00:00,37.87,59.45,216.1,20.1,1,0,33153.39
2025-08-02 13:00:00,36.19,50.05,171.63,14.42,1,0,30695.61
2025-08-02 14:00:00,37.43,57.73,125.14,18.27,1,0,32226.81
2025-08-02 15:00:00,38.07,51.08,64.83,25.6,1,0,32454.33
2025-08-02 16:00:00,38.19,51.3,74.91,21.42,1,0,34452.81
2025-08-02 17:00:00,37.6,52.31,84.5,23.07,1,0,34306.87
2025-08-02 18:00:00,37.41,57.16,31.44,20.14,1,0,35563.35
2025-08-02 19:00:00,37.11,58.44,0.0,13.96,1,0,35086.53
2025-08-02 20:00:00,35.09,56.03,0.0,20.11,1,0,34719.71
2025-08-02 21:00:00,33.91,57.16,0.0,24.21,1,0,32754.73
2025-08-02 22:00:00,28.95,63.8,0.0,16.41,1,0,25849.8
2025-08-02 23:00:00,30.68,62.66,0.0,23.18,1,0,26770.17
2025-08-03 00:00:00,30.34,65.4,24.53,14.68,1,0,24397.77
2025-08-03 01:00:00,29.99,55.87,12.6,20.71,1,0,22448.13
2025-08-03 02:00:00,26.94,63.83,6.83,22.54,1,0,20053.49
2025-08-03 03:00:00,26.82,59.59,0.0,19.55,1,0,18533.72
2025-08-03 04:00:00,27.15,63.36,2.52,29.29,1,0,18537.53
2025-08-03 05:00:00,29.65,60.41,0.0,18.91,1,0,21836.72
2025-08-03 06:00:00,31.34,59.61,21.07,18.61,1,0,23365.07
2025-08-03 07:00:00,29.78,58.0,55.05,21.35,1,0,24539.37
2025-08-03 08:00:00,33.35,52.04,60.22,18.0,1,0,29199.67
2025-08-03 09:00:00,33.23,49.72,173.14,15.59,1,0,29670.95
2025-08-03 10:00:00,34.08,56.8,117.66,16.8,1,0,30135.83
2025-08-03 11:00:00,35.13,54.66,194.57,23.29,1,0,30925.1
2025-08-03 12:00:00,37.89,51.2,201.59,19.57,1,0,33750.32
2025-08-03 13:00:00,37.93,59.15,150.32,26.6,1,0,33239.82
2025-08-03 14:00:00,41.94,46.82,161.61,19.09,1,0,38508.79
2025-08-03 15:00:00,36.48,60.84,91.81,23.12,1,0,31587.04
2025-08-03 16:00:00,38.77,59.6,22.69,22.43,1,0,36075.68
2025-08-03 17:00:00,36.39,47.45,21.89,19.04,1,0,32465.92
2025-08-03 18:00:00,34.98,56.89,0.0,17.56,1,0,32678.22
2025-08-03 19:00:00,35.49,54.46,16.11,14.58,1,0,34528.72
2025-08-03 20:00:00,34.55,45.26,1.69,22.57,1,0,34515.42
2025-08-03 21:00:00,38.26,47.79,2.34,24.83,1,0,37714.56
2025-08-03 22:00:00,31.39,62.85,0.0,15.07,1,0,27631.01
2025-08-03 23:00:00,28.48,70.44,0.0,19.34,1,0,24508.81
2025-08-04 00:00:00,29.88,64.72,0.0,18.37,0,0,28176.07
2025-08-04 01:00:00,24.86,66.92,0.0,22.64,0,0,24125.9
2025-08-04 02:00:00,27.93,62.78,0.0,19.56,0,0,23964.16
2025-08-04 03:00:00,27.96,69.57,1.86,25.34,0,0,27174.95
2025-08-04 04:00:00,29.53,70.02,0.0,19.36,0,0,23878.0
2025-08-04 05:00:00,30.35,58.34,0.0,16.38,0,0,26182.31
2025-08-04 06:00:00,28.49,54.36,17.37,19.07,0,0,26009.2
2025-08-04 07:00:00,30.16,52.46,34.56,19.45,0,0,29682.72
2025-08-04 08:00:00,30.25,66.06,57.6,22.55,0,0,31513.86
2025-08-04 09:00:00,30.9,60.0,142.71,19.4,0,0,33175.85
2025-08-04 10:00:00,34.78,57.43,164.18,22.25,0,0,38289.35
2025-08-04 11:00:00,33.13,51.02,183.92,17.94,0,0,32389.4
2025-08-04 12:00:00,35.72,52.84,197.55,19.67,0,0,36486.38
2025-08-04 13:00:00,35.47,54.9,187.12,17.96,0,0,35286.95
2025-08-04 14:00:00,38.75,53.96,158.25,17.74,0,0,39845.47
2025-08-04 15:00:00,41.17,49.35,188.41,25.17,0,0,42464.19
2025-08-04 16:00:00,35.41,51.98,58.83,18.2,0,0,36042.26
2025-08-04 17:00:00,33.92,54.33,32.42,19.49,0,0,34618.83
2025-08-04 18:00:00,36.24,60.22,24.18,24.36,0,0,38883.73
2025-08-04 19:00:00,35.46,57.07,3.56,23.33,0,0,39870.59
2025-08-04 20:00:00,34.61,59.3,18.95,26.45,0,0,39137.06
2025-08-04 21:00:00,32.12,55.5,4.24,22.4,0,0,34389.34
2025-08-04 22:00:00,31.27,48.04,34.35,18.6,0,0,33073.59
2025-08-04 23:00:00,31.09,57.93,0.0,27.91,0,0,31640.19
2025-08-05 00:00:00,31.18,56.47,33.56,22.8,0,0,29058.62
2025-08-05 01:00:00,24.99,66.91,29.27,20.23,0,0,23824.37
2025-08-05 02:00:00,27.35,76.53,0.0,20.97,0,0,24120.94
2025-08-05 03:00:00,28.23,65.37,15.77,21.4,0,0,24003.58
2025-08-05 04:00:00,26.36,75.22,0.0,19.94,0,0,21098.27
2025-08-05 05:00:00,31.63,61.81,0.0,15.95,0,0,27581.69
2025-08-05 06:00:00,28.16,60.14,0.0,26.46,0,0,25308.3
2025-08-05 07:00:00,30.27,62.15,20.32,20.69,0,0,30997.93
2025-08-05 08:00:00,32.55,65.83,105.78,21.41,0,0,33701.92
2025-08-05 09:00:00,31.78,66.72,144.91,28.04,0,0,33294.95
2025-08-05 10:00:00,30.81,57.97,147.29,18.38,0,0,32061.1
2025-08-05 11:00:00,34.57,57.9,190.59,23.06,0,0,35097.44
2025-08-05 12:00:00,38.23,47.88,199.8,17.99,0,0,39012.87
2025-08-05 13:00:00,36.56,58.39,174.03,21.89,0,0,37279.36
2025-08-05 14:00:00,36.15,61.68,134.5,21.47,0,0,34086.14
2025-08-05 15:00:00,39.51,52.6,135.59,23.53,0,0,40826.58
2025-08-05 16:00:00,37.07,51.97,100.26,25.0,0,0,37170.07
2025-08-05 17:00:00,36.25,56.82,62.44,18.74,0,0,37982.59
2025-08-05 18:00:00,36.64,56.69,21.64,25.73,0,0,38580.27
2025-08-05 19:00:00,36.73,55.27,0.0,25.97,0,0,42008.1
2025-08-05 20:00:00,38.42,54.14,0.0,19.89,0,0,45260.25
2025-08-05 21:00:00,34.33,56.41,0.0,20.74,0,0,37246.09
2025-08-05 22:00:00,33.63,61.72,18.67,19.04,0,0,35998.83
2025-08-05 23:00:00,29.43,64.46,0.0,19.7,0,0,29841.6
2025-08-06 00:00:00,27.37,59.43,10.77,16.61,0,0,26311.15
2025-08-06 01:00:00,28.53,58.28,0.0,23.54,0,0,25244.91
2025-08-06 02:00:00,28.11,61.68,35.02,13.65,0,0,23641.84
2025-08-06 03:00:00,25.81,67.72,0.0,18.38,0,0,27164.63
2025-08-06 04:00:00,27.6,63.75,19.36,20.66,0,0,21570.2
2025-08-06 05:00:00,29.14,59.2,2.95,25.37,0,0,24061.4
2025-08-06 06:00:00,29.86,62.17,0.0,18.91,0,0,27550.44
2025-08-06 07:00:00,31.16,58.63,37.37,22.32,0,0,29931.93
2025-08-06 08:00:00,31.98,62.74,69.29,20.54,0,0,33128.94
2025-08-06 09:00:00,31.84,60.68,152.94,24.13,0,0,34390.04
2025-08-06 10:00:00,33.12,56.93,147.96,22.14,0,0,33927.19
2025-08-06 11:00:00,33.09,59.15,132.95,23.73,0,0,33325.53
2025-08-06 12:00:00,39.5,57.71,160.89,18.89,0,0,41077.14
2025-08-06 13:00:00,37.1,52.33,167.89,17.27,0,0,37093.32
2025-08-06 14:00:00,37.17,56.16,170.09,22.11,0,0,38330.68
2025-08-06 15:00:00,36.08,55.25,105.44,19.11,0,0,37025.32
2025-08-06 16:00:00,42.86,51.13,71.8,20.93,0,0,47542.98
2025-08-06 17:00:00,35.15,53.75,44.71,21.93,0,0,36692.45
2025-08-06 18:00:00,35.51,56.48,21.84,25.17,0,0,38722.91
2025-08-06 19:00:00,36.0,60.03,0.0,23.57,0,0,40164.68
2025-08-06 20:00:00,35.12,52.64,12.63,18.44,0,0,40174.46
2025-08-06 21:00:00,34.47,51.66,0.0,16.81,0,0,37651.69
2025-08-06 22:00:00,34.71,51.6,0.0,26.8,0,0,36674.81
2025-08-06 23:00:00,31.16,55.27,50.04,15.28,0,0,31285.32
2025-08-07 00:00:00,27.22,65.88,0.0,19.29,0,0,24891.3
2025-08-07 01:00:00,27.86,57.3,18.87,23.13,0,0,24779.92
2025-08-07 02:00:00,28.38,61.27,17.97,26.6,0,0,24465.45
2025-08-07 03:00:00,31.38,62.23,0.0,20.21,0,0,27284.26
2025-08-07 04:00:00,25.31,66.89,0.0,20.96,0,0,27557.92
2025-08-07 05:00:00,30.49,59.02,20.52,17.81,0,0,25765.53
2025-08-07 06:00:00,29.44,62.27,0.0,21.31,0,0,27092.58
2025-08-07 07:00:00,31.66,59.93,1.07,16.84,0,0,30896.97
2025-08-07 08:00:00,31.18,59.04,108.1,18.24,0,0,31035.63
2025-08-07 09:00:00,31.14,59.13,91.11,23.54,0,0,32425.92
2025-08-07 10:00:00,35.3,65.17,123.48,19.35,0,0,37526.77
2025-08-07 11:00:00,36.33,58.54,208.63,24.08,0,0,38107.89
2025-08-07 12:00:00,37.94,63.78,123.39,20.33,0,0,39316.42
2025-08-07 13:00:00,36.96,52.75,127.86,16.08,0,0,37207.07
2025-08-07 14:00:00,36.41,54.89,131.3,24.96,0,0,36076.28
2025-08-07 15:00:00,34.85,51.31,110.59,16.27,0,0,34625.17
2025-08-07 16:00:00,38.96,49.7,60.1,18.76,0,0,40032.19
2025-08-07 17:00:00,37.75,61.63,13.71,20.17,0,0,40618.63
2025-08-07 18:00:00,34.45,54.91,37.75,24.39,0,0,36568.01
2025-08-07 19:00:00,34.19,64.91,6.57,19.03,0,0,39465.7
2025-08-07 20:00:00,33.11,53.23,14.63,17.63,0,0,37173.69
2025-08-07 21:00:00,29.99,56.8,0.0,21.44,0,0,32831.24
2025-08-07 22:00:00,29.89,59.73,7.24,20.12,0,0,31156.35
2025-08-07 23:00:00,28.12,62.44,23.32,19.23,0,0,27973.12
2025-08-08 00:00:00,28.28,66.24,0.0,21.67,0,0,26866.43
2025-08-08 01:00:00,26.9,65.59,6.62,16.7,0,0,24809.8
2025-08-08 02:00:00,24.8,64.01,17.4,14.88,0,0,23076.82
2025-08-08 03:00:00,31.2,59.39,38.62,28.39,0,0,26636.84
2025-08-08 04:00:00,29.99,59.73,48.7,21.27,0,0,24364.35
2025-08-08 05:00:00,26.83,60.19,1.75,21.52,0,0,22656.93
2025-08-08 06:00:00,29.51,57.89,28.47,18.17,0,0,27561.58
2025-08-08 07:00:00,30.81,64.38,0.0,24.05,0,0,30729.32
2025-08-08 08:00:00,33.41,50.62,118.48,19.04,0,0,35239.62
2025-08-08 09:00:00,31.09,66.49,94.53,11.16,0,0,33225.39
2025-08-08 10:00:00,35.82,54.39,131.97,18.92,0,0,37703.79
2025-08-08 11:00:00,34.07,54.25,164.95,19.92,0,0,36579.07
2025-08-08 12:00:00,33.69,60.64,155.51,20.31,0,0,33742.34
2025-08-08 13:00:00,38.19,59.57,158.83,20.21,0,0,39643.8
2025-08-08 14:00:00,39.71,56.73,177.69,18.65,0,0,41458.94
2025-08-08 15:00:00,42.22,52.01,103.07,18.31,0,0,44282.01
2025-08-08 16:00:00,35.23,60.64,52.5,19.87,0,0,35243.75
2025-08-08 17:00:00,38.15,46.8,86.58,15.15,0,0,40754.28
2025-08-08 18:00:00,35.36,54.09,13.17,14.06,0,0,37651.55
2025-08-08 19:00:00,36.47,51.53,48.06,21.25,0,0,40734.22
2025-08-08 20:00:00,31.21,64.81,21.59,21.31,0,0,34891.98
2025-08-08 21:00:00,30.29,59.21,0.0,23.99,0,0,33959.84
2025-08-08 22:00:00,29.87,64.5,16.13,20.01,0,0,32317.74
2025-08-08 23:00:00,30.2,62.96,0.0,16.73,0,0,30406.11
2025-08-09 00:00:00,27.77,59.56,0.19,14.15,1,0,21755.84
2025-08-09 01:00:00,29.32,59.26,0.0,17.83,1,0,22672.52
2025-08-09 02:00:00,29.48,66.64,0.0,22.42,1,0,22142.62
2025-08-09 03:00:00,28.54,59.21,0.0,25.99,1,0,20204.9
2025-08-09 04:00:00,30.54,61.01,55.13,21.13,1,0,21470.34
2025-08-09 05:00:00,28.88,58.88,5.96,16.69,1,0,20246.25
2025-08-09 06:00:00,26.73,62.69,0.0,17.86,1,0,21046.96
2025-08-09 07:00:00,32.41,58.65,85.15,17.97,1,0,27621.85
2025-08-09 08:00:00,30.08,57.8,67.04,19.52,1,0,26248.76
2025-08-09 09:00:00,34.1,53.47,106.53,24.86,1,0,30011.83
2025-08-09 10:00:00,36.59,56.21,158.04,25.14,1,0,33046.04
2025-08-09 11:00:00,35.78,52.42,138.62,20.34,1,0,32667.77
2025-08-09 12:00:00,33.3,54.79,135.22,21.58,1,0,26864.87
2025-08-09 13:00:00,35.14,52.62,92.3,18.15,1,0,30438.37
2025-08-09 14:00:00,39.67,51.99,109.86,14.96,1,0,34077.92
2025-08-09 15:00:00,37.16,58.33,85.16,27.2,1,0,31525.6
2025-08-09 16:00:00,37.43,60.34,80.91,12.81,1,0,32546.5
2025-08-09 17:00:00,38.16,50.75,24.57,14.52,1,0,35770.67
2025-08-09 18:00:00,37.25,63.08,53.95,27.23,1,0,34781.26
2025-08-09 19:00:00,35.46,52.07,0.0,21.0,1,0,33727.42
2025-08-09 20:00:00,33.38,62.29,35.02,17.0,1,0,31453.58
2025-08-09 21:00:00,31.9,56.4,5.49,23.33,1,0,30311.58
2025-08-09 22:00:00,32.71,55.08,20.17,23.65,1,0,29177.0
2025-08-09 23:00:00,30.96,57.16,18.65,16.28,1,0,26301.55
2025-08-10 00:00:00,28.36,62.27,0.0,19.1,1,0,22328.99
2025-08-10 01:00:00,29.98,63.34,0.0,24.03,1,0,23943.32
2025-08-10 02:00:00,27.3,66.11,0.0,18.11,1,0,20904.37
2025-08-10 03:00:00,25.82,60.99,0.0,21.95,1,0,17693.08
2025-08-10 04:00:00,26.16,60.5,11.49,25.95,1,0,17469.26
2025-08-10 05:00:00,26.27,60.69,42.91,12.59,1,0,18244.11
2025-08-10 06:00:00,28.33,62.06,0.0,19.77,1,0,21932.87
2025-08-10 07:00:00,32.08,58.29,25.07,21.88,1,0,27582.25
2025-08-10 08:00:00,29.61,57.55,43.1,14.69,1,0,26223.15
2025-08-10 09:00:00,32.7,59.65,106.8,19.11,1,0,28192.46
2025-08-10 10:00:00,32.47,67.83,120.46,24.62,1,0,29435.2
2025-08-10 11:00:00,34.39,55.03,128.29,18.5,1,0,29153.86
2025-08-10 12:00:00,33.18,56.4,165.73,15.77,1,0,27372.06
2025-08-10 13:00:00,36.29,57.58,184.34,24.93,1,0,31083.51
2025-08-10 14:00:00,36.84,52.61,195.13,22.52,1,0,31458.63
2025-08-10 15:00:00,38.33,56.18,86.51,20.73,1,0,34095.99
2025-08-10 16:00:00,37.59,51.29,28.73,20.62,1,0,32596.71
2025-08-10 17:00:00,34.53,64.25,52.41,24.57,1,0,29551.61
2025-08-10 18:00:00,37.84,55.32,40.26,22.0,1,0,35313.47
2025-08-10 19:00:00,35.24,53.8,20.34,23.23,1,0,34242.71
2025-08-10 20:00:00,34.01,55.04,40.16,18.54,1,0,33161.41
2025-08-10 21:00:00,32.34,56.84,0.0,14.26,1,0,30474.28
2025-08-10 22:00:00,30.13,66.37,0.0,23.14,1,0,27867.8
2025-08-10 23:00:00,30.25,55.7,2.89,24.82,1,0,26539.79
2025-08-11 00:00:00,29.57,58.72,0.0,20.2,0,0,32671.76
2025-08-11 01:00:00,24.78,63.45,16.58,24.09,0,0,22796.39
2025-08-11 02:00:00,26.45,64.13,24.24,19.81,0,0,23886.17
2025-08-11 03:00:00,26.79,62.8,26.2,20.67,0,0,22018.91
2025-08-11 04:00:00,27.88,56.94,12.76,27.12,0,0,22082.92
2025-08-11 05:00:00,30.07,59.34,6.15,19.97,0,0,24897.55
2025-08-11 06:00:00,27.33,63.0,19.86,19.76,0,0,24703.05
2025-08-11 07:00:00,28.86,59.51,0.0,14.44,0,0,27896.93
2025-08-11 08:00:00,30.04,63.71,76.85,23.4,0,0,36938.82
2025-08-11 09:00:00,30.81,63.95,102.55,18.5,0,0,32527.34
2025-08-11 10:00:00,32.92,58.06,129.32,21.5,0,0,34744.58
2025-08-11 11:00:00,36.14,56.4,136.11,19.88,0,0,38103.81
2025-08-11 12:00:00,33.89,48.85,153.97,19.43,0,0,33466.78
2025-08-11 13:00:00,37.35,52.7,123.93,20.57,0,0,37487.89
2025-08-11 14:00:00,34.02,61.4,152.23,20.84,0,0,31856.19
2025-08-11 15:00:00,36.24,53.69,113.08,25.1,0,0,36841.44
2025-08-11 16:00:00,36.49,52.21,75.36,26.31,0,0,37246.43
2025-08-11 17:00:00,39.6,61.47,19.62,23.26,0,0,42857.39
2025-08-11 18:00:00,35.29,63.52,20.38,25.44,0,0,38851.33
2025-08-11 19:00:00,30.79,62.16,5.17,23.97,0,0,33160.91
2025-08-11 20:00:00,29.95,65.6,0.0,22.72,0,0,33784.7
2025-08-11 21:00:00,32.31,50.02,0.0,26.08,0,0,39700.34
2025-08-11 22:00:00,32.06,56.0,15.73,16.41,0,0,34359.16
2025-08-11 23:00:00,30.43,58.73,13.79,18.59,0,0,29092.56
2025-08-12 00:00:00,28.91,61.04,12.18,18.12,0,0,27574.84
2025-08-12 01:00:00,29.9,59.13,2.31,19.94,0,0,28031.1
2025-08-12 02:00:00,26.34,54.09,25.65,23.4,0,0,22701.49
2025-08-12 03:00:00,28.75,63.67,30.94,17.09,0,0,23841.35
2025-08-12 04:00:00,24.38,68.23,18.43,22.76,0,0,19546.95
2025-08-12 05:00:00,26.18,70.85,0.0,18.94,0,0,22236.84
2025-08-12 06:00:00,25.35,62.03,0.0,19.78,0,0,24011.25
2025-08-12 07:00:00,29.15,58.28,22.1,21.7,0,0,27928.17
2025-08-12 08:00:00,30.77,49.59,117.81,26.88,0,0,31079.51
2025-08-12 09:00:00,32.35,57.71,104.58,18.5,0,0,35129.5
2025-08-12 10:00:00,33.55,61.41,172.62,20.72,0,0,36657.84
2025-08-12 11:00:00,32.97,55.88,130.23,17.22,0,0,33822.04
2025-08-12 12:00:00,35.34,64.77,131.47,18.47,0,0,35975.06
2025-08-12 13:00:00,33.78,56.57,131.39,17.19,0,0,32771.95
2025-08-12 14:00:00,39.43,53.1,117.15,21.85,0,0,41147.71
2025-08-12 15:00:00,36.6,49.61,78.2,22.48,0,0,37087.49
2025-08-12 16:00:00,36.09,56.67,40.25,23.4,0,0,36502.61
2025-08-12 17:00:00,39.33,44.69,48.23,18.36,0,0,43419.69
2025-08-12 18:00:00,33.44,60.68,26.37,22.77,0,0,35746.63
2025-08-12 19:00:00,32.62,61.54,61.12,21.39,0,0,36324.07
2025-08-12 20:00:00,31.46,65.12,0.0,20.79,0,0,35291.59
2025-08-12 21:00:00,32.02,55.1,0.0,16.65,0,0,35363.93
2025-08-12 22:00:00,31.63,60.18,0.0,21.53,0,0,34220.79
2025-08-12 23:00:00,30.97,62.38,28.14,21.64,0,0,31224.07
2025-08-13 00:00:00,33.13,59.95,20.37,21.36,0,0,31850.74
2025-08-13 01:00:00,23.65,63.25,0.0,22.4,0,0,23457.32
2025-08-13 02:00:00,28.3,52.96,0.0,23.43,0,0,24619.39
2025-08-13 03:00:00,26.03,65.96,23.81,17.16,0,0,20711.94
2025-08-13 04:00:00,26.15,63.86,9.58,20.24,0,0,22047.36
2025-08-13 05:00:00,26.59,61.8,18.96,22.81,0,0,22934.51
2025-08-13 06:00:00,26.86,66.88,0.0,20.06,0,0,25264.04
2025-08-13 07:00:00,32.56,58.52,0.0,24.36,0,0,31637.04
2025-08-13 08:00:00,32.25,53.7,44.51,21.32,0,0,34562.35
2025-08-13 09:00:00,32.07,51.41,111.08,14.16,0,0,35360.22
2025-08-13 10:00:00,35.76,51.3,167.76,23.94,0,0,39047.67
2025-08-13 11:00:00,31.81,68.94,117.51,20.59,0,0,33170.27
2025-08-13 12:00:00,33.17,61.04,189.67,14.81,0,0,33255.39
2025-08-13 13:00:00,32.44,59.56,149.0,20.12,0,0,30757.48
2025-08-13 14:00:00,35.6,55.23,80.16,16.56,0,0,35629.76
2025-08-13 15:00:00,37.32,53.42,99.24,23.64,0,0,37254.35
2025-08-13 16:00:00,37.05,59.32,87.99,20.87,0,0,37624.43
2025-08-13 17:00:00,36.63,53.07,0.0,17.77,0,0,38644.0
2025-08-13 18:00:00,33.03,60.58,16.11,23.84,0,0,35232.76
2025-08-13 19:00:00,35.98,54.22,29.32,22.6,0,0,40874.32
2025-08-13 20:00:00,33.76,65.38,9.97,20.17,0,0,37041.81
2025-08-13 21:00:00,33.35,60.95,0.0,16.64,0,0,36934.86
2025-08-13 22:00:00,27.33,68.39,0.0,18.05,0,0,29523.79
2025-08-13 23:00:00,30.09,58.58,0.0,18.0,0,0,30665.88
2025-08-14 00:00:00,26.24,68.62,0.0,23.61,0,0,25396.32
2025-08-14 01:00:00,26.87,62.57,0.0,15.11,0,0,29177.91
2025-08-14 02:00:00,28.05,63.2,0.0,20.83,0,0,24389.16
2025-08-14 03:00:00,27.08,70.17,2.84,20.12,0,0,22694.82
2025-08-14 04:00:00,25.55,60.83,0.0,24.62,0,0,20463.58
2025-08-14 05:00:00,27.6,63.97,0.0,21.81,0,0,23604.12
2025-08-14 06:00:00,25.62,66.69,18.99,22.87,0,0,23905.48
2025-08-14 07:00:00,31.49,61.74,42.31,19.16,0,0,31026.93
2025-08-14 08:00:00,30.25,58.97,50.36,16.69,0,0,30862.01
2025-08-14 09:00:00,33.93,65.81,102.95,19.86,0,0,37128.14
2025-08-14 10:00:00,32.26,53.79,99.25,23.72,0,0,34158.61
2025-08-14 11:00:00,33.47,63.71,124.92,23.71,0,0,35497.96
2025-08-14 12:00:00,34.08,62.19,152.07,19.49,0,0,40992.59
2025-08-14 13:00:00,37.82,61.57,108.25,17.98,0,0,39069.06
2025-08-14 14:00:00,35.47,49.72,81.27,17.3,0,0,34166.09
2025-08-14 15:00:00,38.08,50.25,86.66,20.52,0,0,39264.49
2025-08-14 16:00:00,36.06,61.51,29.76,21.47,0,0,36372.83
2025-08-14 17:00:00,32.69,51.07,26.11,26.15,0,0,33680.32
2025-08-14 18:00:00,34.43,50.59,0.0,21.43,0,0,37140.02
2025-08-14 19:00:00,32.29,56.99,0.0,23.14,0,0,36365.7
2025-08-14 20:00:00,33.27,58.82,13.27,18.26,0,0,38966.27
2025-08-14 21:00:00,29.77,67.58,0.0,21.14,0,0,32397.87
2025-08-14 22:00:00,32.29,58.2,29.55,21.49,0,0,34822.82
2025-08-14 23:00:00,29.25,59.24,5.39,20.5,0,0,29773.0
2025-08-15 00:00:00,27.94,64.1,18.39,20.91,0,1,22225.54
2025-08-15 01:00:00,28.65,64.09,29.75,21.43,0,1,21506.7
2025-08-15 02:00:00,28.7,63.93,0.0,22.67,0,1,20568.11
2025-08-15 03:00:00,26.76,63.2,0.0,25.08,0,1,18256.17
2025-08-15 04:00:00,25.58,57.16,0.0,13.06,0,1,17139.16
2025-08-15 05:00:00,24.28,62.48,30.99,24.88,0,1,17760.38
2025-08-15 06:00:00,27.03,69.35,0.0,15.0,0,1,19131.73
2025-08-15 07:00:00,28.19,63.38,6.61,22.07,0,1,21897.45
2025-08-15 08:00:00,30.7,59.08,79.84,29.23,0,1,26604.55
2025-08-15 09:00:00,31.18,64.41,32.26,20.84,0,1,25168.21
2025-08-15 10:00:00,34.33,52.58,95.52,21.62,0,1,29075.55
2025-08-15 11:00:00,33.2,57.22,141.21,19.9,0,1,27128.19
2025-08-15 12:00:00,35.23,56.84,111.74,23.32,0,1,28247.95
2025-08-15 13:00:00,38.26,51.8,100.56,22.25,0,1,32501.96
2025-08-15 14:00:00,37.24,54.89,95.85,18.62,0,1,30440.36
2025-08-15 15:00:00,36.69,54.23,36.5,20.59,0,1,29340.51
2025-08-15 16:00:00,35.54,50.42,79.23,17.07,0,1,28264.42
2025-08-15 17:00:00,34.99,57.23,28.68,20.57,0,1,29085.17
2025-08-15 18:00:00,33.8,52.27,0.0,19.52,0,1,29633.38
2025-08-15 19:00:00,33.32,58.67,0.0,21.46,0,1,29687.63
2025-08-15 20:00:00,34.45,62.49,0.35,18.5,0,1,31203.2
2025-08-15 21:00:00,31.4,58.62,16.34,20.23,0,1,27293.63
2025-08-15 22:00:00,28.07,58.05,0.0,21.02,0,1,24071.39
2025-08-15 23:00:00,32.48,58.26,0.0,21.26,0,1,26516.4
2025-08-16 00:00:00,28.72,58.82,14.39,21.93,1,0,22371.65
2025-08-16 01:00:00,24.82,68.04,12.46,20.36,1,0,20709.21
2025-08-16 02:00:00,26.05,63.96,5.14,18.21,1,0,20752.27
2025-08-16 03:00:00,26.88,70.65,26.88,21.25,1,0,18916.46
2025-08-16 04:00:00,29.92,65.72,0.76,20.34,1,0,20827.07
2025-08-16 05:00:00,25.35,64.57,27.78,24.55,1,0,17525.11
2025-08-16 06:00:00,29.9,63.95,35.18,24.99,1,0,23582.28
2025-08-16 07:00:00,31.7,57.9,45.04,16.16,1,0,26914.95
2025-08-16 08:00:00,29.25,61.81,40.18,23.13,1,0,25579.34
2025-08-16 09:00:00,31.18,58.49,80.0,23.83,1,0,27610.69
2025-08-16 10:00:00,31.11,63.07,132.96,16.26,1,0,28791.66
2025-08-16 11:00:00,33.81,63.3,76.31,23.0,1,0,29631.92
2025-08-16 12:00:00,35.15,59.56,107.97,24.1,1,0,29445.6
2025-08-16 13:00:00,37.2,58.21,105.18,17.64,1,0,32638.76
2025-08-16 14:00:00,38.47,57.07,80.36,20.14,1,0,33746.64
2025-08-16 15:00:00,35.33,58.41,105.1,21.62,1,0,29838.66
2025-08-16 16:00:00,32.97,53.77,68.3,22.96,1,0,28217.74
2025-08-16 17:00:00,35.97,62.43,12.7,17.51,1,0,30169.12
2025-08-16 18:00:00,35.74,63.05,15.14,25.02,1,0,31734.55
2025-08-16 19:00:00,34.63,55.9,0.0,13.86,1,0,33798.27
2025-08-16 20:00:00,32.38,57.38,0.0,25.6,1,0,30924.18
2025-08-16 21:00:00,31.9,61.74,0.0,22.89,1,0,29694.9
2025-08-16 22:00:00,33.11,60.4,10.9,18.79,1,0,29062.84
2025-08-16 23:00:00,29.86,60.32,23.48,23.99,1,0,25575.75
2025-08-17 00:00:00,27.35,58.38,0.0,17.27,1,0,22037.57
2025-08-17 01:00:00,26.32,65.53,13.61,21.34,1,0,21696.15
2025-08-17 02:00:00,26.42,66.43,39.54,21.78,1,0,20094.93
2025-08-17 03:00:00,29.5,64.35,0.0,21.77,1,0,20648.64
2025-08-17 04:00:00,26.39,65.65,8.89,18.0,1,0,18271.97
2025-08-17 05:00:00,27.19,62.44,20.77,19.21,1,0,20006.59
2025-08-17 06:00:00,27.15,67.54,0.0,21.39,1,0,21551.27
2025-08-17 07:00:00,31.03,60.34,60.19,18.4,1,0,26368.23
2025-08-17 08:00:00,33.79,55.73,111.44,21.89,1,0,30391.85
2025-08-17 09:00:00,32.37,58.14,88.44,18.79,1,0,28896.94
2025-08-17 10:00:00,33.0,51.32,91.96,24.44,1,0,28824.36
2025-08-17 11:00:00,34.12,56.56,133.51,26.41,1,0,28953.01
2025-08-17 12:00:00,30.8,63.03,133.98,19.9,1,0,25703.8
2025-08-17 13:00:00,37.23,55.85,46.11,24.16,1,0,32444.34
2025-08-17 14:00:00,36.63,61.12,97.73,20.2,1,0,31964.19
2025-08-17 15:00:00,37.33,53.35,69.99,17.66,1,0,32607.72
2025-08-17 16:00:00,35.1,58.36,66.38,19.45,1,0,30635.01
2025-08-17 17:00:00,35.19,59.5,24.39,21.24,1,0,30856.41
2025-08-17 18:00:00,34.35,66.46,0.0,14.69,1,0,31794.68
2025-08-17 19:00:00,35.89,56.28,0.0,23.13,1,0,33728.04
2025-08-17 20:00:00,32.17,54.87,18.36,21.24,1,0,30754.49
2025-08-17 21:00:00,35.3,59.62,41.38,24.44,1,0,32487.56
2025-08-17 22:00:00,31.04,67.53,0.0,23.07,1,0,27864.45
2025-08-17 23:00:00,26.76,62.63,0.0,21.36,1,0,23899.32
2025-08-18 00:00:00,27.66,66.47,0.5,19.66,0,0,25982.49
2025-08-18 01:00:00,25.92,69.59,0.0,26.24,0,0,24632.09
2025-08-18 02:00:00,22.65,71.68,29.27,28.5,0,0,22381.25
2025-08-18 03:00:00,29.31,62.12,0.0,19.72,0,0,27361.66
2025-08-18 04:00:00,27.86,60.13,0.0,24.56,0,0,22201.25
2025-08-18 05:00:00,28.06,62.42,0.0,18.44,0,0,24175.75
2025-08-18 06:00:00,28.19,64.46,34.37,18.85,0,0,26004.3
2025-08-18 07:00:00,26.44,67.84,34.26,19.56,0,0,25900.77
2025-08-18 08:00:00,29.26,63.0,42.5,23.31,0,0,29450.65
2025-08-18 09:00:00,32.94,56.83,43.44,17.15,0,0,35273.86
2025-08-18 10:00:00,30.83,62.47,62.92,26.33,0,0,31770.22
2025-08-18 11:00:00,29.37,65.01,114.85,24.19,0,0,29342.73
2025-08-18 12:00:00,34.55,58.42,80.49,23.22,0,0,33584.3
2025-08-18 13:00:00,35.5,52.71,107.09,19.88,0,0,35976.61
2025-08-18 14:00:00,36.5,54.42,144.76,23.81,0,0,36516.67
2025-08-18 15:00:00,37.74,57.83,67.8,10.7,0,0,38582.39
2025-08-18 16:00:00,37.41,48.8,30.05,22.45,0,0,38005.29
2025-08-18 17:00:00,36.22,47.03,37.55,21.47,0,0,37666.92
2025-08-18 18:00:00,37.12,60.62,0.0,14.31,0,0,40786.22
2025-08-18 19:00:00,31.19,61.97,43.0,22.33,0,0,34045.05
2025-08-18 20:00:00,33.63,60.16,35.09,22.98,0,0,37898.71
2025-08-18 21:00:00,32.56,54.39,0.0,14.42,0,0,36953.24
2025-08-18 22:00:00,27.9,65.84,0.0,16.76,0,0,28500.86
2025-08-18 23:00:00,26.22,65.5,0.0,28.13,0,0,26922.65
2025-08-19 00:00:00,26.42,57.88,0.0,20.22,0,0,24479.01
2025-08-19 01:00:00,25.78,70.5,9.59,24.28,0,0,24945.95
2025-08-19 02:00:00,27.83,63.59,25.99,24.81,0,0,24328.99
2025-08-19 03:00:00,25.19,63.74,0.0,22.25,0,0,20464.91
2025-08-19 04:00:00,24.93,64.05,25.27,24.43,0,0,20202.16
2025-08-19 05:00:00,25.87,56.66,15.44,13.47,0,0,21988.62
2025-08-19 06:00:00,29.78,63.57,0.0,20.06,0,0,28861.08
2025-08-19 07:00:00,28.82,63.11,0.0,10.09,0,0,26894.56
2025-08-19 08:00:00,29.68,60.51,54.66,14.76,0,0,29991.72
2025-08-19 09:00:00,31.1,65.12,46.7,18.96,0,0,33810.21
2025-08-19 10:00:00,34.92,51.04,115.24,18.54,0,0,42262.53
2025-08-19 11:00:00,32.45,56.41,71.89,21.01,0,0,32867.89
2025-08-19 12:00:00,37.2,51.12,117.2,20.8,0,0,37957.68
2025-08-19 13:00:00,36.01,54.48,97.97,21.34,0,0,35601.11
2025-08-19 14:00:00,35.84,56.01,75.63,21.48,0,0,35524.96
2025-08-19 15:00:00,40.8,53.0,70.62,22.03,0,0,43169.96
2025-08-19 16:00:00,34.23,55.81,78.76,17.51,0,0,34753.58
2025-08-19 17:00:00,34.99,53.0,0.0,18.33,0,0,36990.87
2025-08-19 18:00:00,32.62,65.39,0.0,20.74,0,0,34884.71
2025-08-19 19:00:00,35.51,65.69,0.0,20.79,0,0,39759.12
2025-08-19 20:00:00,35.63,56.51,0.0,17.08,0,0,40894.41
2025-08-19 21:00:00,34.3,54.1,0.0,24.65,0,0,38790.78
2025-08-19 22:00:00,32.21,64.91,0.0,23.41,0,0,34762.62
2025-08-19 23:00:00,28.44,56.62,0.0,17.86,0,0,28804.91
2025-08-20 00:00:00,26.97,62.39,40.94,20.09,0,0,26381.06
2025-08-20 01:00:00,23.83,63.77,6.17,27.86,0,0,22938.15
2025-08-20 02:00:00,30.0,56.36,5.31,21.38,0,0,27244.66
2025-08-20 03:00:00,27.01,62.57,0.0,22.21,0,0,22773.09
2025-08-20 04:00:00,25.45,61.64,0.0,18.69,0,0,20206.21
2025-08-20 05:00:00,29.23,61.74,0.0,19.73,0,0,24643.04
2025-08-20 06:00:00,25.88,64.82,13.17,26.11,0,0,23978.81
2025-08-20 07:00:00,29.4,59.05,28.13,21.22,0,0,28734.25
2025-08-20 08:00:00,29.56,59.91,20.18,20.57,0,0,30550.65
2025-08-20 09:00:00,32.32,57.99,76.3,20.85,0,0,33389.54
2025-08-20 10:00:00,32.35,62.12,24.21,29.73,0,0,33455.47
2025-08-20 11:00:00,31.05,59.46,105.91,20.96,0,0,31074.82
2025-08-20 12:00:00,34.84,59.94,63.7,17.92,0,0,34548.39
2025-08-20 13:00:00,37.38,56.7,93.16,18.53,0,0,37455.65
2025-08-20 14:00:00,35.94,57.94,55.81,23.55,0,0,36467.96
2025-08-20 15:00:00,37.56,59.75,70.03,15.82,0,0,38208.54
2025-08-20 16:00:00,34.11,52.82,63.92,22.4,0,0,35316.75
2025-08-20 17:00:00,35.45,54.2,63.18,18.29,0,0,36905.79
2025-08-20 18:00:00,33.58,64.83,0.0,14.32,0,0,36486.83
2025-08-20 19:00:00,35.01,55.46,24.39,17.39,0,0,39087.57
2025-08-20 20:00:00,32.52,47.47,3.28,20.92,0,0,36219.6
2025-08-20 21:00:00,32.41,58.02,0.0,25.7,0,0,36040.82
2025-08-20 22:00:00,31.83,59.89,19.0,24.02,0,0,34503.64
2025-08-20 23:00:00,29.91,50.61,0.0,19.79,0,0,29934.49
2025-08-21 00:00:00,27.99,68.14,17.94,24.17,0,0,26507.27
2025-08-21 01:00:00,24.91,62.73,0.0,19.52,0,0,23785.4
2025-08-21 02:00:00,26.2,65.73,0.0,15.63,0,0,23143.81
2025-08-21 03:00:00,25.07,64.53,23.59,20.84,0,0,21056.3
2025-08-21 04:00:00,25.58,59.82,37.14,15.5,0,0,20026.41
2025-08-21 05:00:00,26.03,60.29,0.0,23.54,0,0,21854.41
2025-08-21 06:00:00,25.73,61.1,0.0,23.59,0,0,24116.74
2025-08-21 07:00:00,25.01,69.83,19.47,17.69,0,0,25652.63
2025-08-21 08:00:00,28.54,61.72,48.03,21.28,0,0,29789.35
2025-08-21 09:00:00,31.38,57.67,60.96,21.24,0,0,33749.7
2025-08-21 10:00:00,29.9,57.35,90.2,23.82,0,0,31282.91
2025-08-21 11:00:00,33.56,62.58,79.3,16.41,0,0,34255.17
2025-08-21 12:00:00,37.99,59.67,115.42,22.87,0,0,39935.9
2025-08-21 13:00:00,37.2,59.26,62.06,16.16,0,0,37833.09
2025-08-21 14:00:00,38.82,55.03,112.71,23.49,0,0,39915.95
2025-08-21 15:00:00,36.74,56.09,105.53,24.49,0,0,37367.55
2025-08-21 16:00:00,37.96,48.97,24.4,18.42,0,0,39352.09
2025-08-21 17:00:00,34.06,56.36,1.6,25.03,0,0,34700.08
2025-08-21 18:00:00,33.41,55.2,10.27,15.26,0,0,35694.57
2025-08-21 19:00:00,28.6,54.96,0.0,24.62,0,0,31887.5
2025-08-21 20:00:00,34.46,61.21,0.0,25.8,0,0,38409.2
2025-08-21 21:00:00,33.8,54.8,27.56,21.98,0,0,37828.79
2025-08-21 22:00:00,28.74,66.92,18.44,20.08,0,0,31591.27
2025-08-21 23:00:00,28.07,66.26,49.5,21.86,0,0,27598.25
2025-08-22 00:00:00,26.0,66.83,4.27,18.59,0,0,24384.55
2025-08-22 01:00:00,27.25,65.93,0.0,29.89,0,0,26913.49
2025-08-22 02:00:00,28.09,60.26,1.28,18.65,0,0,24136.18
2025-08-22 03:00:00,22.76,74.95,0.0,25.32,0,0,21569.91
2025-08-22 04:00:00,26.8,64.05,0.0,18.11,0,0,21329.67
2025-08-22 05:00:00,26.07,65.74,0.0,26.3,0,0,21926.34
2025-08-22 06:00:00,27.56,60.6,0.0,27.75,0,0,24915.6
2025-08-22 07:00:00,29.22,57.98,30.36,22.06,0,0,28926.23
2025-08-22 08:00:00,29.26,63.58,9.81,21.71,0,0,29325.67
2025-08-22 09:00:00,30.71,61.23,45.75,17.36,0,0,32651.17
2025-08-22 10:00:00,31.8,56.22,75.01,16.94,0,0,32988.06
2025-08-22 11:00:00,35.14,50.62,30.49,21.75,0,0,35133.07
2025-08-22 12:00:00,35.18,51.26,109.27,25.81,0,0,36113.44
2025-08-22 13:00:00,35.62,60.73,35.65,18.79,0,0,34097.75
2025-08-22 14:00:00,33.44,55.45,94.72,28.43,0,0,33807.67
2025-08-22 15:00:00,35.21,54.96,31.35,18.57,0,0,35294.69
2025-08-22 16:00:00,37.34,60.2,34.9,21.51,0,0,37557.71
2025-08-22 17:00:00,35.29,51.75,36.28,21.52,0,0,37409.09
2025-08-22 18:00:00,35.62,53.03,54.95,20.35,0,0,38060.58
2025-08-22 19:00:00,36.57,52.01,2.91,13.55,0,0,40961.28
2025-08-22 20:00:00,34.06,63.82,0.0,18.54,0,0,37426.76
2025-08-22 21:00:00,31.06,68.02,23.84,21.41,0,0,33736.14
2025-08-22 22:00:00,28.68,65.19,0.0,20.37,0,0,29850.12
2025-08-22 23:00:00,23.8,69.71,1.75,22.93,0,0,26317.38
2025-08-23 00:00:00,26.92,61.45,13.95,23.29,1,0,22306.48
2025-08-23 01:00:00,25.84,72.53,0.0,19.8,1,0,19690.04
2025-08-23 02:00:00,26.63,65.1,0.16,17.27,1,0,20154.34
2025-08-23 03:00:00,25.48,68.48,0.0,26.06,1,0,16907.75
2025-08-23 04:00:00,25.35,64.76,30.55,15.89,1,0,17644.74
2025-08-23 05:00:00,23.22,66.03,18.18,18.55,1,0,19228.38
2025-08-23 06:00:00,25.53,71.68,0.0,17.66,1,0,18883.15
2025-08-23 07:00:00,29.11,63.96,53.76,23.25,1,0,23601.74
2025-08-23 08:00:00,32.55,64.51,54.11,25.25,1,0,29360.71
2025-08-23 09:00:00,30.58,61.5,21.95,20.03,1,0,28079.74
2025-08-23 10:00:00,32.64,55.23,75.65,21.44,1,0,28505.78
2025-08-23 11:00:00,34.97,54.19,108.69,22.14,1,0,31652.6
2025-08-23 12:00:00,32.83,58.86,55.39,26.95,1,0,26935.72
2025-08-23 13:00:00,35.75,53.32,117.26,14.43,1,0,31390.23
2025-08-23 14:00:00,34.25,52.75,36.44,23.24,1,0,28748.13
2025-08-23 15:00:00,37.31,59.23,40.85,21.96,1,0,33043.59
2025-08-23 16:00:00,35.86,53.55,19.3,19.34,1,0,31091.87
2025-08-23 17:00:00,35.62,56.49,56.61,21.78,1,0,31875.39
2025-08-23 18:00:00,32.88,59.59,0.0,23.23,1,0,30150.21
2025-08-23 19:00:00,34.53,54.57,0.0,22.68,1,0,33531.88
2025-08-23 20:00:00,35.8,61.58,11.13,28.19,1,0,34799.02
2025-08-23 21:00:00,28.94,57.49,16.53,21.08,1,0,26697.97
2025-08-23 22:00:00,28.85,63.08,16.69,20.73,1,0,25868.91
2025-08-23 23:00:00,28.67,63.18,0.0,20.0,1,0,24025.31
2025-08-24 00:00:00,28.49,62.14,6.36,22.5,1,0,22270.7
2025-08-24 01:00:00,25.27,60.07,0.0,20.45,1,0,21298.32
2025-08-24 02:00:00,20.68,72.87,41.87,20.61,1,0,19277.9
2025-08-24 03:00:00,28.06,65.72,28.61,20.63,1,0,20073.16
2025-08-24 04:00:00,27.15,60.86,27.07,20.09,1,0,19179.23
2025-08-24 05:00:00,23.14,70.0,19.85,18.43,1,0,18224.41
2025-08-24 06:00:00,25.98,66.12,12.99,22.03,1,0,21482.07
2025-08-24 07:00:00,30.93,55.04,0.0,19.57,1,0,24508.23
2025-08-24 08:00:00,31.92,55.86,56.6,22.71,1,0,27597.9
2025-08-24 09:00:00,32.3,63.48,60.5,20.95,1,0,28747.68
2025-08-24 10:00:00,31.59,60.81,102.19,19.21,1,0,27161.03
2025-08-24 11:00:00,33.26,55.81,98.93,26.04,1,0,28858.14
2025-08-24 12:00:00,33.91,54.05,95.29,20.21,1,0,28735.49
2025-08-24 13:00:00,36.97,52.67,36.64,22.74,1,0,33078.08
2025-08-24 14:00:00,33.87,55.74,68.38,18.11,1,0,28607.44
2025-08-24 15:00:00,34.16,53.87,43.7,13.47,1,0,28127.38
2025-08-24 16:00:00,37.26,47.5,47.07,18.58,1,0,32896.23
2025-08-24 17:00:00,34.86,61.19,10.71,13.08,1,0,29370.45
2025-08-24 18:00:00,36.63,58.92,0.0,19.73,1,0,34082.84
2025-08-24 19:00:00,31.9,54.2,11.48,25.7,1,0,30030.02
2025-08-24 20:00:00,31.81,59.92,0.0,17.39,1,0,29845.53
2025-08-24 21:00:00,28.95,58.34,3.04,13.19,1,0,27160.22
2025-08-24 22:00:00,29.33,60.56,0.0,25.81,1,0,25863.77
2025-08-24 23:00:00,25.45,63.72,0.0,18.9,1,0,21777.77
2025-08-25 00:00:00,26.05,62.84,16.4,20.43,0,0,25181.52
2025-08-25 01:00:00,23.55,74.82,0.0,23.24,0,0,24010.93
2025-08-25 02:00:00,26.89,62.04,31.14,22.31,0,0,24026.09
2025-08-25 03:00:00,26.76,60.68,24.36,23.11,0,0,21843.64
2025-08-25 04:00:00,22.52,64.68,0.0,23.63,0,0,19623.6
2025-08-25 05:00:00,28.54,66.49,74.97,14.37,0,0,23573.71
2025-08-25 06:00:00,31.43,53.1,31.08,15.53,0,0,28703.15
2025-08-25 07:00:00,28.05,59.7,0.0,24.58,0,0,27000.88
2025-08-25 08:00:00,28.02,68.57,57.36,17.75,0,0,29890.52
2025-08-25 09:00:00,35.55,56.98,56.38,18.13,0,0,38456.17
2025-08-25 10:00:00,29.39,62.32,47.62,16.06,0,0,31137.79
2025-08-25 11:00:00,33.0,66.83,48.02,19.06,0,0,32628.09
2025-08-25 12:00:00,34.33,58.09,102.28,19.26,0,0,33788.93
2025-08-25 13:00:00,37.22,51.67,59.82,17.2,0,0,38332.55
2025-08-25 14:00:00,35.94,54.53,64.49,16.8,0,0,36346.06
2025-08-25 15:00:00,34.57,52.35,31.71,21.6,0,0,33242.38
2025-08-25 16:00:00,33.58,62.8,20.0,17.65,0,0,33417.14
2025-08-25 17:00:00,34.18,59.54,16.86,18.36,0,0,35254.89
2025-08-25 18:00:00,32.19,63.53,9.7,12.83,0,0,33627.26
2025-08-25 19:00:00,33.05,63.11,0.0,27.26,0,0,36889.3
2025-08-25 20:00:00,30.75,58.67,0.42,23.78,0,0,33573.53
2025-08-25 21:00:00,27.78,59.22,0.0,18.75,0,0,30451.71
2025-08-25 22:00:00,31.43,59.51,35.06,17.33,0,0,33587.75
2025-08-25 23:00:00,27.07,60.15,73.57,20.52,0,0,27432.19
2025-08-26 00:00:00,24.5,66.61,0.0,20.33,0,0,24007.01
2025-08-26 01:00:00,25.69,69.41,0.0,15.93,0,0,23909.92
2025-08-26 02:00:00,25.61,64.28,2.92,11.47,0,0,23191.0
2025-08-26 03:00:00,22.18,68.64,0.0,18.55,0,0,21114.07
2025-08-26 04:00:00,26.09,64.14,49.28,14.92,0,0,21500.62
2025-08-26 05:00:00,24.1,69.52,41.66,20.99,0,0,21061.31
2025-08-26 06:00:00,29.86,58.45,21.63,21.02,0,0,26886.46
2025-08-26 07:00:00,28.76,53.33,4.33,16.99,0,0,32487.72
2025-08-26 08:00:00,28.31,64.4,53.64,18.52,0,0,28774.28
2025-08-26 09:00:00,28.98,65.87,58.52,26.56,0,0,30493.19
2025-08-26 10:00:00,31.42,61.51,69.59,23.11,0,0,32416.65
2025-08-26 11:00:00,33.92,54.91,31.93,18.81,0,0,35752.38
2025-08-26 12:00:00,33.81,53.03,99.93,28.41,0,0,32873.7
2025-08-26 13:00:00,34.26,59.14,73.58,16.2,0,0,34290.32
2025-08-26 14:00:00,35.25,56.84,61.03,17.55,0,0,34639.79
2025-08-26 15:00:00,34.23,56.69,36.89,20.01,0,0,33437.27
2025-08-26 16:00:00,34.53,64.21,16.85,15.03,0,0,34726.22
2025-08-26 17:00:00,30.9,56.4,26.92,26.66,0,0,30129.62
2025-08-26 18:00:00,35.61,63.05,0.0,21.03,0,0,38014.36
2025-08-26 19:00:00,33.36,58.1,19.74,17.63,0,0,40702.45
2025-08-26 20:00:00,30.22,53.46,0.0,21.96,0,0,33783.33
2025-08-26 21:00:00,33.74,56.92,0.0,20.9,0,0,36943.57
2025-08-26 22:00:00,29.18,65.58,45.55,19.33,0,0,31666.85
2025-08-26 23:00:00,25.95,63.18,0.0,16.16,0,0,26249.17
2025-08-27 00:00:00,28.18,56.74,0.0,15.27,0,0,24836.92
2025-08-27 01:00:00,26.56,63.44,28.36,27.95,0,0,24372.05
2025-08-27 02:00:00,26.05,61.13,46.36,15.56,0,0,23634.66
2025-08-27 03:00:00,24.4,68.01,0.0,26.24,0,0,21878.18
2025-08-27 04:00:00,26.15,67.56,0.0,17.34,0,0,20876.02
2025-08-27 05:00:00,25.37,60.94,0.0,23.06,0,0,21137.4
2025-08-27 06:00:00,27.63,60.31,23.37,21.93,0,0,25049.23
2025-08-27 07:00:00,24.24,69.21,58.96,22.63,0,0,25445.96
2025-08-27 08:00:00,28.09,59.28,7.72,22.86,0,0,28532.75
2025-08-27 09:00:00,33.27,53.73,84.48,14.66,0,0,35394.24
2025-08-27 10:00:00,30.08,56.21,42.43,17.93,0,0,31310.91
2025-08-27 11:00:00,31.58,60.99,75.49,15.51,0,0,31861.63
2025-08-27 12:00:00,32.9,59.63,37.67,20.96,0,0,32305.51
2025-08-27 13:00:00,32.31,56.18,64.04,15.67,0,0,30542.56
2025-08-27 14:00:00,31.02,60.1,57.37,13.36,0,0,29734.86
2025-08-27 15:00:00,34.75,62.83,41.24,19.47,0,0,34237.31
2025-08-27 16:00:00,35.24,52.39,44.35,12.57,0,0,35399.46
2025-08-27 17:00:00,34.4,49.23,0.0,21.2,0,0,34628.62
2025-08-27 18:00:00,33.44,59.72,0.0,15.9,0,0,36047.87
2025-08-27 19:00:00,32.75,58.08,10.95,17.36,0,0,35668.82
2025-08-27 20:00:00,33.3,55.19,33.55,12.32,0,0,38668.71
2025-08-27 21:00:00,29.83,63.76,0.0,26.07,0,0,32211.7
2025-08-27 22:00:00,27.84,66.3,12.59,15.18,0,0,30082.64
2025-08-27 23:00:00,27.16,54.72,18.95,19.02,0,0,26242.33
2025-08-28 00:00:00,27.52,60.62,20.76,13.93,0,0,24353.49
2025-08-28 01:00:00,28.23,71.86,0.0,17.27,0,0,25568.55
2025-08-28 02:00:00,24.06,68.68,0.0,26.33,0,0,20740.29
2025-08-28 03:00:00,25.19,68.03,0.0,21.24,0,0,21619.88
2025-08-28 04:00:00,25.8,69.47,48.22,17.66,0,0,20790.5
2025-08-28 05:00:00,23.9,66.56,12.7,20.08,0,0,21878.94
2025-08-28 06:00:00,26.52,67.32,11.58,18.23,0,0,24097.27
2025-08-28 07:00:00,24.88,68.48,26.14,19.87,0,0,25559.67
2025-08-28 08:00:00,25.54,67.17,0.0,22.8,0,0,27223.8
2025-08-28 09:00:00,30.68,59.1,94.86,19.04,0,0,31929.3
2025-08-28 10:00:00,30.62,61.13,68.82,20.97,0,0,31654.32
2025-08-28 11:00:00,32.88,56.05,81.47,21.02,0,0,32606.26
2025-08-28 12:00:00,33.52,57.88,21.49,19.05,0,0,33432.57
2025-08-28 13:00:00,32.59,54.0,82.88,17.62,0,0,31290.15
2025-08-28 14:00:00,34.76,53.55,47.93,18.36,0,0,34079.67
2025-08-28 15:00:00,32.8,57.35,13.34,22.64,0,0,33578.65
2025-08-28 16:00:00,37.35,50.61,8.97,22.93,0,0,38195.26
2025-08-28 17:00:00,31.91,57.26,0.0,16.21,0,0,32409.18
2025-08-28 18:00:00,33.2,57.46,0.0,19.28,0,0,35292.49
2025-08-28 19:00:00,30.64,62.03,1.51,17.56,0,0,34586.91
2025-08-28 20:00:00,32.34,62.69,0.0,23.0,0,0,36586.71
2025-08-28 21:00:00,29.42,59.67,8.35,18.55,0,0,32387.95
2025-08-28 22:00:00,27.79,68.33,41.9,27.9,0,0,31034.96
2025-08-28 23:00:00,29.05,65.61,0.0,20.96,0,0,28575.85
2025-08-29 00:00:00,26.38,66.27,0.0,24.23,0,0,24836.05
2025-08-29 01:00:00,26.46,64.8,0.0,16.54,0,0,25114.94
2025-08-29 02:00:00,23.27,68.33,29.83,20.13,0,0,21671.89
2025-08-29 03:00:00,22.33,72.65,0.0,22.24,0,0,21231.4
2025-08-29 04:00:00,25.23,70.19,38.23,16.47,0,0,20174.64
2025-08-29 05:00:00,24.96,70.88,11.32,20.16,0,0,21921.98
2025-08-29 06:00:00,27.45,63.46,0.0,23.77,0,0,25546.17
2025-08-29 07:00:00,27.22,65.72,18.76,18.94,0,0,26821.19
2025-08-29 08:00:00,28.94,67.33,38.38,17.11,0,0,29393.13
2025-08-29 09:00:00,26.94,61.26,70.78,26.4,0,0,28747.05
2025-08-29 10:00:00,34.56,55.62,99.1,15.99,0,0,36710.38
2025-08-29 11:00:00,32.07,59.2,82.48,20.63,0,0,32983.04
2025-08-29 12:00:00,34.65,60.41,72.91,17.61,0,0,34872.3
2025-08-29 13:00:00,32.69,62.24,76.7,16.81,0,0,31962.34
2025-08-29 14:00:00,35.25,55.35,49.41,22.68,0,0,35040.88
2025-08-29 15:00:00,32.52,52.7,7.2,19.37,0,0,31950.06
2025-08-29 16:00:00,35.51,57.03,31.99,21.51,0,0,35673.9
2025-08-29 17:00:00,33.55,54.13,25.15,12.2,0,0,34329.2
2025-08-29 18:00:00,33.45,51.94,0.0,21.85,0,0,35662.93
2025-08-29 19:00:00,33.62,52.69,33.17,17.57,0,0,37095.23
2025-08-29 20:00:00,28.94,63.26,25.14,13.51,0,0,33401.41
2025-08-29 21:00:00,28.63,67.68,0.0,26.68,0,0,32450.51
2025-08-29 22:00:00,29.39,61.7,34.15,22.19,0,0,31800.58
2025-08-29 23:00:00,31.14,60.82,0.0,20.88,0,0,30822.84
2025-08-30 00:00:00,25.92,69.4,0.0,24.35,1,0,21189.85
2025-08-30 01:00:00,26.44,58.03,26.98,20.84,1,0,21539.57
2025-08-30 02:00:00,24.68,67.87,0.0,17.18,1,0,20005.5
2025-08-30 03:00:00,28.2,62.57,47.48,19.36,1,0,18822.2
2025-08-30 04:00:00,21.73,70.71,0.0,17.6,1,0,17044.25
2025-08-30 05:00:00,25.54,63.08,0.0,18.22,1,0,18208.75
2025-08-30 06:00:00,23.24,63.81,0.0,15.57,1,0,20570.14
2025-08-30 07:00:00,22.69,68.14,34.81,16.58,1,0,19929.32
2025-08-30 08:00:00,28.95,68.54,5.96,23.11,1,0,24864.26
2025-08-30 09:00:00,29.96,64.48,7.95,21.14,1,0,27903.29
2025-08-30 10:00:00,30.49,58.53,56.19,18.21,1,0,26706.1
2025-08-30 11:00:00,32.01,53.83,19.69,16.38,1,0,26638.41
2025-08-30 12:00:00,38.82,46.33,65.94,18.56,1,0,35609.42
2025-08-30 13:00:00,33.57,63.05,47.77,14.08,1,0,26878.95
2025-08-30 14:00:00,35.45,52.27,62.83,20.42,1,0,30491.42
2025-08-30 15:00:00,33.54,56.51,6.61,23.28,1,0,26758.63
2025-08-30 16:00:00,35.07,61.72,61.59,28.26,1,0,28979.37
2025-08-30 17:00:00,33.61,51.3,10.51,16.11,1,0,29284.23
2025-08-30 18:00:00,32.5,64.72,19.09,23.14,1,0,28740.7
2025-08-30 19:00:00,35.48,55.05,24.0,17.5,1,0,34067.19
2025-08-30 20:00:00,33.12,53.6,0.0,16.02,1,0,32953.84
2025-08-30 21:00:00,29.95,60.06,22.06,16.02,1,0,28035.84
2025-08-30 22:00:00,24.26,63.28,0.0,20.47,1,0,24332.17
2025-08-30 23:00:00,26.55,65.87,0.0,16.72,1,0,23185.48
2025-08-31 00:00:00,30.88,57.62,49.1,17.73,1,0,25340.03
2025-08-31 01:00:00,24.8,58.03,27.8,18.31,1,0,18505.26
2025-08-31 02:00:00,26.7,63.09,51.84,17.26,1,0,20435.0
2025-08-31 03:00:00,27.14,58.15,0.0,17.01,1,0,19366.76
2025-08-31 04:00:00,25.11,66.22,2.56,11.35,1,0,22279.57
2025-08-31 05:00:00,23.7,61.92,13.18,20.16,1,0,19055.12
2025-08-31 06:00:00,21.63,66.58,0.0,20.09,1,0,19215.51
2025-08-31 07:00:00,28.28,63.28,0.0,17.06,1,0,22559.19
2025-08-31 08:00:00,26.78,63.05,4.97,21.12,1,0,24485.9
2025-08-31 09:00:00,29.86,62.13,44.06,24.74,1,0,25958.7
2025-08-31 10:00:00,28.59,64.99,20.74,19.94,1,0,25444.09
2025-08-31 11:00:00,31.57,54.96,25.51,24.51,1,0,27918.18
2025-08-31 12:00:00,33.14,57.92,64.58,27.69,1,0,28118.23
2025-08-31 13:00:00,34.36,43.76,50.5,28.71,1,0,28525.52
2025-08-31 14:00:00,32.37,59.86,70.84,15.7,1,0,26192.54
2025-08-31 15:00:00,36.7,53.77,28.09,15.71,1,0,32276.63
2025-08-31 16:00:00,33.3,54.1,12.84,18.3,1,0,27140.91
2025-08-31 17:00:00,30.86,61.49,24.76,20.3,1,0,26860.13
2025-08-31 18:00:00,32.88,63.1,0.0,25.41,1,0,31114.47
2025-08-31 19:00:00,32.11,57.2,0.0,22.05,1,0,30536.73
2025-08-31 20:00:00,31.13,56.2,0.0,15.64,1,0,29614.35
2025-08-31 21:00:00,32.0,59.86,0.0,17.71,1,0,29968.52
2025-08-31 22:00:00,27.83,57.61,44.31,19.71,1,0,24829.65
2025-08-31 23:00:00,26.83,61.21,0.0,14.64,1,0,22723.87
2025-09-01 00:00:00,23.86,71.42,32.39,19.78,0,0,23913.51
2025-09-01 01:00:00,26.53,64.37,18.44,15.57,0,0,25009.9
2025-09-01 02:00:00,24.89,58.08,39.17,13.95,0,0,23520.93
2025-09-01 03:00:00,23.63,59.55,78.42,16.41,0,0,19462.0
2025-09-01 04:00:00,21.13,69.63,35.79,21.17,0,0,18468.88
2025-09-01 05:00:00,27.65,66.56,23.14,21.14,0,0,24119.4
2025-09-01 06:00:00,23.64,60.25,0.0,20.07,0,0,23020.78
2025-09-01 07:00:00,25.82,66.56,0.0,23.2,0,0,25969.47
2025-09-01 08:00:00,28.73,67.46,34.66,22.83,0,0,30171.26
2025-09-01 09:00:00,27.23,71.04,0.0,20.44,0,0,29103.43
2025-09-01 10:00:00,27.99,64.13,59.83,19.96,0,0,30623.48
2025-09-01 11:00:00,28.06,64.77,0.0,20.18,0,0,28557.34
2025-09-01 12:00:00,34.22,48.67,80.12,19.21,0,0,33799.79
2025-09-01 13:00:00,32.73,66.94,41.53,12.12,0,0,31429.03
2025-09-01 14:00:00,39.48,50.17,47.61,23.7,0,0,41016.94
2025-09-01 15:00:00,32.59,54.94,17.58,21.12,0,0,30980.24
2025-09-01 16:00:00,32.55,57.68,0.0,15.47,0,0,33029.73
2025-09-01 17:00:00,32.7,64.62,44.15,24.73,0,0,33236.0
2025-09-01 18:00:00,33.36,66.81,33.39,17.66,0,0,34769.17
2025-09-01 19:00:00,31.04,60.57,0.0,19.35,0,0,34538.75
2025-09-01 20:00:00,31.78,63.39,16.55,23.31,0,0,36702.53
2025-09-01 21:00:00,27.62,63.31,0.0,20.5,0,0,31609.96
2025-09-01 22:00:00,25.6,60.81,7.21,24.4,0,0,27474.63
2025-09-01 23:00:00,23.65,72.62,18.98,18.5,0,0,25064.69
2025-09-02 00:00:00,21.68,66.0,13.88,25.52,0,0,24764.72
2025-09-02 01:00:00,23.96,72.58,33.52,16.87,0,0,22283.08
2025-09-02 02:00:00,23.85,71.73,12.97,24.21,0,0,22444.77
2025-09-02 03:00:00,23.08,69.68,0.7,11.67,0,0,20364.21
2025-09-02 04:00:00,26.63,71.35,0.0,15.75,0,0,22208.56
2025-09-02 05:00:00,27.1,72.54,0.0,20.64,0,0,21933.23
2025-09-02 06:00:00,25.08,64.73,20.25,18.19,0,0,22823.71
2025-09-02 07:00:00,23.49,63.62,0.0,19.33,0,0,25536.83
2025-09-02 08:00:00,26.91,56.32,51.64,19.74,0,0,28822.62
2025-09-02 09:00:00,28.14,71.65,26.91,15.43,0,0,30867.52
2025-09-02 10:00:00,29.33,59.84,21.1,15.69,0,0,30888.76
2025-09-02 11:00:00,30.46,65.13,18.89,20.41,0,0,30810.28
2025-09-02 12:00:00,31.58,56.61,64.85,17.26,0,0,31499.62
2025-09-02 13:00:00,32.85,64.59,45.99,24.29,0,0,30919.04
2025-09-02 14:00:00,32.91,55.58,81.28,18.92,0,0,31172.68
2025-09-02 15:00:00,34.59,52.1,2.36,22.11,0,0,33214.43
2025-09-02 16:00:00,34.7,55.94,9.54,21.15,0,0,32948.11
2025-09-02 17:00:00,31.91,57.15,10.12,17.49,0,0,32752.64
2025-09-02 18:00:00,35.04,58.85,0.0,12.67,0,0,38675.32
2025-09-02 19:00:00,29.96,60.83,0.15,23.74,0,0,33473.63
2025-09-02 20:00:00,27.6,65.67,7.99,16.17,0,0,31797.21
2025-09-02 21:00:00,29.9,59.93,12.11,18.18,0,0,33105.44
2025-09-02 22:00:00,26.45,61.53,37.65,19.07,0,0,28545.15
2025-09-02 23:00:00,27.3,61.1,0.0,19.42,0,0,28694.64
2025-09-03 00:00:00,21.19,77.11,8.44,22.83,0,0,24843.93
2025-09-03 01:00:00,27.23,64.39,0.0,19.48,0,0,24710.45
2025-09-03 02:00:00,25.43,57.18,10.75,19.01,0,0,23461.91
2025-09-03 03:00:00,21.35,66.7,10.78,23.02,0,0,21532.88
2025-09-03 04:00:00,21.56,68.98,0.0,21.56,0,0,20477.02
2025-09-03 05:00:00,27.73,70.42,0.0,16.88,0,0,23378.58
2025-09-03 06:00:00,24.19,70.34,12.79,15.44,0,0,23242.06
2025-09-03 07:00:00,25.05,61.77,12.17,16.58,0,0,24515.91
2025-09-03 08:00:00,23.68,76.36,16.9,19.29,0,0,25778.69
2025-09-03 09:00:00,28.42,62.3,48.11,15.1,0,0,30742.84
2025-09-03 10:00:00,29.94,66.04,57.07,19.78,0,0,30482.27
2025-09-03 11:00:00,32.84,53.82,30.01,19.01,0,0,32436.26
2025-09-03 12:00:00,30.07,51.34,23.48,10.56,0,0,27806.67
2025-09-03 13:00:00,30.65,54.78,11.7,14.54,0,0,28937.63
2025-09-03 14:00:00,34.69,43.78,39.61,9.36,0,0,34293.68
2025-09-03 15:00:00,35.87,64.17,0.0,18.26,0,0,36109.91
2025-09-03 16:00:00,31.05,60.91,24.87,23.22,0,0,30731.03
2025-09-03 17:00:00,35.33,52.5,42.01,12.84,0,0,36340.14
2025-09-03 18:00:00,32.66,60.42,0.0,14.83,0,0,34726.33
2025-09-03 19:00:00,33.52,58.59,0.0,18.89,0,0,37801.47
2025-09-03 20:00:00,30.22,63.29,49.95,15.74,0,0,34332.08
2025-09-03 21:00:00,24.51,70.78,37.74,15.72,0,0,28594.11
2025-09-03 22:00:00,27.49,62.1,0.0,21.35,0,0,29490.65
2025-09-03 23:00:00,28.46,58.87,3.48,17.73,0,0,27292.79
2025-09-04 00:00:00,23.74,69.95,8.22,14.11,0,0,23837.04
2025-09-04 01:00:00,23.86,69.74,5.09,12.01,0,0,22936.92
2025-09-04 02:00:00,23.74,67.04,45.37,27.05,0,0,23190.75
2025-09-04 03:00:00,18.67,79.91,2.18,23.27,0,0,20098.56
2025-09-04 04:00:00,27.06,61.89,5.93,17.74,0,0,21749.85
2025-09-04 05:00:00,22.93,63.76,17.22,19.62,0,0,20689.53
2025-09-04 06:00:00,26.26,66.04,29.75,17.61,0,0,23664.57
2025-09-04 07:00:00,26.23,61.69,34.21,21.1,0,0,26404.78
2025-09-04 08:00:00,29.85,63.12,34.28,16.33,0,0,30672.82
2025-09-04 09:00:00,29.62,58.01,0.0,17.41,0,0,32587.66
2025-09-04 10:00:00,29.76,59.62,23.88,20.91,0,0,29729.1
2025-09-04 11:00:00,29.78,68.76,60.73,24.4,0,0,30280.51
2025-09-04 12:00:00,33.86,55.9,47.92,21.91,0,0,33563.99
2025-09-04 13:00:00,29.84,57.95,60.9,23.63,0,0,28357.26
2025-09-04 14:00:00,34.88,61.29,83.26,18.22,0,0,34503.8
2025-09-04 15:00:00,31.91,55.08,0.04,17.14,0,0,31318.44
2025-09-04 16:00:00,35.97,52.86,49.28,12.53,0,0,36623.04
2025-09-04 17:00:00,33.51,60.15,2.52,19.57,0,0,34821.7
2025-09-04 18:00:00,33.58,61.53,23.38,20.64,0,0,35840.89
2025-09-04 19:00:00,31.53,64.5,0.0,18.27,0,0,34158.83
2025-09-04 20:00:00,27.03,60.68,53.18,16.6,0,0,31038.82
2025-09-04 21:00:00,27.34,65.78,3.25,23.67,0,0,31442.14
2025-09-04 22:00:00,28.8,60.22,0.0,21.53,0,0,30180.33
2025-09-04 23:00:00,26.69,61.56,10.5,23.91,0,0,26425.43
2025-09-05 00:00:00,27.31,68.23,8.1,15.83,0,0,26054.7
2025-09-05 01:00:00,25.11,63.2,28.45,16.69,0,0,23929.96
2025-09-05 02:00:00,22.15,69.18,11.2,23.38,0,0,21702.61
2025-09-05 03:00:00,22.28,68.57,61.88,19.0,0,0,20582.27
2025-09-05 04:00:00,24.07,62.05,0.0,17.18,0,0,19942.95
2025-09-05 05:00:00,20.22,73.67,0.0,17.42,0,0,20972.42
2025-09-05 06:00:00,28.19,64.87,0.0,19.13,0,0,25958.73
2025-09-05 07:00:00,27.01,55.75,12.15,22.68,0,0,26453.89
2025-09-05 08:00:00,29.63,62.44,25.11,18.61,0,0,31174.41
2025-09-05 09:00:00,25.87,61.63,34.37,21.93,0,0,27919.37
2025-09-05 10:00:00,32.25,63.36,35.16,20.8,0,0,39159.62
2025-09-05 11:00:00,35.23,50.51,22.09,16.09,0,0,37564.95
2025-09-05 12:00:00,29.87,59.69,16.62,16.09,0,0,28391.7
2025-09-05 13:00:00,34.43,58.46,27.96,17.59,0,0,33045.19
2025-09-05 14:00:00,33.55,58.02,62.02,14.49,0,0,33187.55
2025-09-05 15:00:00,30.94,63.21,61.26,17.37,0,0,29728.28
2025-09-05 16:00:00,34.43,50.94,17.4,24.46,0,0,34690.47
2025-09-05 17:00:00,34.55,63.51,0.0,19.06,0,0,35106.97
2025-09-05 18:00:00,31.17,62.05,0.0,16.49,0,0,32817.23
2025-09-05 19:00:00,33.31,63.46,52.29,25.87,0,0,36760.27
2025-09-05 20:00:00,27.01,67.19,24.97,15.91,0,0,31279.24
2025-09-05 21:00:00,26.02,64.54,13.77,15.8,0,0,28930.99
2025-09-05 22:00:00,27.67,57.96,24.07,23.47,0,0,29379.57
2025-09-05 23:00:00,26.26,62.11,38.51,21.48,0,0,32392.22
2025-09-06 00:00:00,23.72,73.01,0.0,18.56,1,0,24150.08
2025-09-06 01:00:00,25.67,70.44,0.0,21.93,1,0,20346.92
2025-09-06 02:00:00,24.67,63.32,0.0,20.07,1,0,19355.15
2025-09-06 03:00:00,25.09,54.15,14.68,14.86,1,0,18315.6
2025-09-06 04:00:00,23.49,66.01,4.0,10.62,1,0,17540.72
2025-09-06 05:00:00,25.3,64.08,18.91,17.03,1,0,17257.13
2025-09-06 06:00:00,24.21,65.21,0.0,22.81,1,0,20386.05
2025-09-06 07:00:00,29.74,63.35,43.55,17.52,1,0,24373.89
2025-09-06 08:00:00,25.79,68.29,16.15,20.63,1,0,23040.74
2025-09-06 09:00:00,32.33,62.86,42.65,19.66,1,0,29408.5
2025-09-06 10:00:00,29.9,62.87,60.85,13.09,1,0,26263.72
2025-09-06 11:00:00,28.57,55.08,62.42,17.59,1,0,24625.5
2025-09-06 12:00:00,34.54,55.55,44.78,20.27,1,0,29694.65
2025-09-06 13:00:00,33.1,67.43,55.02,16.26,1,0,26807.07
2025-09-06 14:00:00,34.9,58.09,74.51,17.75,1,0,29064.99
2025-09-06 15:00:00,35.75,57.3,38.12,20.39,1,0,30198.14
2025-09-06 16:00:00,33.98,58.86,0.0,19.27,1,0,29300.19
2025-09-06 17:00:00,31.81,61.03,23.83,22.68,1,0,26972.36
2025-09-06 18:00:00,33.83,48.02,0.0,20.36,1,0,30382.64
2025-09-06 19:00:00,31.04,59.11,0.0,15.67,1,0,28470.01
2025-09-06 20:00:00,31.07,59.89,11.55,17.34,1,0,29120.71
2025-09-06 21:00:00,24.67,70.92,2.92,19.09,1,0,23799.97
2025-09-06 22:00:00,28.05,62.95,28.91,23.7,1,0,24845.72
2025-09-06 23:00:00,24.89,59.01,0.0,17.36,1,0,23183.28
2025-09-07 00:00:00,27.81,64.69,0.0,12.79,1,0,22602.45
2025-09-07 01:00:00,25.16,62.14,4.22,20.4,1,0,21005.64
2025-09-07 02:00:00,23.97,61.56,9.5,16.21,1,0,18255.53
2025-09-07 03:00:00,24.24,62.85,2.35,14.36,1,0,16392.01
2025-09-07 04:00:00,21.74,70.6,0.52,18.92,1,0,17251.77
2025-09-07 05:00:00,26.96,68.77,0.0,22.26,1,0,20339.89
2025-09-07 06:00:00,28.42,64.35,0.0,16.85,1,0,21567.18
2025-09-07 07:00:00,26.58,66.61,0.0,20.59,1,0,22506.6
2025-09-07 08:00:00,29.94,62.95,43.3,21.24,1,0,25361.62
2025-09-07 09:00:00,27.34,63.8,32.79,21.63,1,0,24933.58
2025-09-07 10:00:00,28.23,65.38,21.6,16.29,1,0,25036.24
2025-09-07 11:00:00,30.94,50.48,74.94,14.93,1,0,25080.71
2025-09-07 12:00:00,32.69,59.02,26.24,15.41,1,0,26644.95
2025-09-07 13:00:00,31.99,55.03,45.79,21.63,1,0,25427.9
2025-09-07 14:00:00,34.17,61.9,24.38,21.19,1,0,27326.93
2025-09-07 15:00:00,33.92,56.88,64.09,15.51,1,0,27718.86
2025-09-07 16:00:00,31.4,59.86,18.65,26.32,1,0,26318.23
2025-09-07 17:00:00,33.63,51.71,11.44,15.09,1,0,28764.42
2025-09-07 18:00:00,33.46,61.95,0.0,22.35,1,0,31055.17
2025-09-07 19:00:00,31.18,62.45,4.91,24.18,1,0,29031.75
2025-09-07 20:00:00,31.74,61.66,29.99,19.24,1,0,30574.46
2025-09-07 21:00:00,26.18,61.19,21.15,16.16,1,0,25691.07
2025-09-07 22:00:00,27.92,59.78,0.7,16.24,1,0,26204.22
2025-09-07 23:00:00,23.76,67.51,42.53,17.94,1,0,21452.28
2025-09-08 00:00:00,22.65,64.84,21.82,22.48,0,0,24124.49
2025-09-08 01:00:00,22.73,69.28,0.0,14.49,0,0,22723.58
2025-09-08 02:00:00,21.67,59.85,0.0,12.26,0,0,23323.04
2025-09-08 03:00:00,22.21,66.06,0.0,19.96,0,0,20057.95
2025-09-08 04:00:00,22.98,74.51,10.33,20.73,0,0,20303.65
2025-09-08 05:00:00,25.37,66.92,14.93,25.58,0,0,22487.04
2025-09-08 06:00:00,24.08,67.0,33.98,13.86,0,0,22214.12
2025-09-08 07:00:00,22.84,75.38,0.0,18.22,0,0,25522.58
2025-09-08 08:00:00,28.95,52.6,4.16,22.76,0,0,29407.66
2025-09-08 09:00:00,26.69,60.72,0.0,19.12,0,0,30330.15
2025-09-08 10:00:00,29.38,59.95,0.0,18.01,0,0,29401.33
2025-09-08 11:00:00,31.5,63.08,13.56,21.46,0,0,35297.01
2025-09-08 12:00:00,32.09,62.62,39.45,16.6,0,0,30686.27
2025-09-08 13:00:00,34.49,53.49,48.54,21.67,0,0,33213.78
2025-09-08 14:00:00,33.88,61.5,2.52,14.31,0,0,33316.25
2025-09-08 15:00:00,31.64,57.91,1.18,13.38,0,0,31524.41
2025-09-08 16:00:00,36.94,59.6,0.0,17.74,0,0,38601.7
2025-09-08 17:00:00,32.87,54.29,13.2,9.72,0,0,33517.18
2025-09-08 18:00:00,31.46,59.19,0.0,18.99,0,0,33239.02
2025-09-08 19:00:00,32.43,56.85,41.58,12.63,0,0,35500.04
2025-09-08 20:00:00,29.94,65.28,10.25,19.68,0,0,33992.0
2025-09-08 21:00:00,28.91,59.89,0.0,19.34,0,0,31933.29
2025-09-08 22:00:00,31.38,59.59,0.0,18.46,0,0,33264.43
2025-09-08 23:00:00,25.2,67.35,0.0,20.22,0,0,25720.83
2025-09-09 00:00:00,23.91,68.66,0.0,19.24,0,0,23055.77
2025-09-09 01:00:00,23.89,70.05,0.0,17.5,0,0,23355.44
2025-09-09 02:00:00,25.11,66.25,0.0,24.94,0,0,26701.21
2025-09-09 03:00:00,20.3,68.06,0.0,19.9,0,0,20346.4
2025-09-09 04:00:00,19.65,68.92,9.43,21.23,0,0,19556.03
2025-09-09 05:00:00,22.63,67.74,12.86,22.28,0,0,21331.23
2025-09-09 06:00:00,21.54,69.61,0.0,20.87,0,0,23279.36
2025-09-09 07:00:00,24.75,65.14,55.55,25.75,0,0,31892.23
2025-09-09 08:00:00,27.63,63.21,0.0,19.11,0,0,29772.22
2025-09-09 09:00:00,26.41,58.16,21.05,18.5,0,0,27842.76
2025-09-09 10:00:00,26.74,66.6,18.53,16.25,0,0,28215.71
2025-09-09 11:00:00,30.64,61.15,13.0,17.63,0,0,29890.6
2025-09-09 12:00:00,33.1,62.22,10.27,15.97,0,0,31453.4
2025-09-09 13:00:00,29.29,61.64,26.59,20.9,0,0,29264.58
2025-09-09 14:00:00,34.32,50.16,18.36,15.33,0,0,34517.85
2025-09-09 15:00:00,34.49,55.53,9.8,18.78,0,0,33507.57
2025-09-09 16:00:00,34.56,56.1,0.0,20.49,0,0,35313.82
2025-09-09 17:00:00,34.54,59.89,0.0,19.05,0,0,36423.78
2025-09-09 18:00:00,35.51,47.76,0.0,15.39,0,0,37146.45
2025-09-09 19:00:00,29.87,61.28,0.0,20.97,0,0,33572.2
2025-09-09 20:00:00,29.51,63.5,0.0,18.23,0,0,32980.74
2025-09-09 21:00:00,27.27,60.81,0.0,8.47,0,0,30886.13
2025-09-09 22:00:00,26.72,64.25,0.0,15.08,0,0,30657.78
2025-09-09 23:00:00,28.27,60.05,0.0,23.43,0,0,29441.93
2025-09-10 00:00:00,21.88,65.39,0.0,23.55,0,0,23753.62
2025-09-10 01:00:00,21.96,66.6,38.1,20.2,0,0,24262.97
2025-09-10 02:00:00,25.48,62.23,0.0,21.1,0,0,21519.28
2025-09-10 03:00:00,24.67,68.53,0.0,15.63,0,0,21240.12
2025-09-10 04:00:00,22.35,64.95,0.0,17.44,0,0,20397.12
2025-09-10 05:00:00,25.04,61.85,0.0,22.68,0,0,21765.7
2025-09-10 06:00:00,24.91,72.65,0.62,19.85,0,0,22932.22
2025-09-10 07:00:00,28.04,66.61,3.98,18.58,0,0,27807.32
2025-09-10 08:00:00,26.68,56.54,1.14,17.7,0,0,28692.45
2025-09-10 09:00:00,29.68,58.23,10.77,22.47,0,0,29934.63
2025-09-10 10:00:00,33.88,58.48,3.87,22.28,0,0,35616.53
2025-09-10 11:00:00,31.41,61.03,34.43,20.63,0,0,31049.45
2025-09-10 12:00:00,31.46,53.72,76.63,18.59,0,0,31110.05
2025-09-10 13:00:00,33.47,62.51,2.52,17.11,0,0,37187.22
2025-09-10 14:00:00,32.01,62.49,31.71,20.78,0,0,30255.24
2025-09-10 15:00:00,37.13,56.51,18.98,14.5,0,0,36928.15
2025-09-10 16:00:00,32.99,63.74,29.34,15.22,0,0,32550.11
2025-09-10 17:00:00,31.67,61.31,23.95,13.28,0,0,31175.16
2025-09-10 18:00:00,29.87,62.91,5.14,22.68,0,0,31354.32
2025-09-10 19:00:00,32.31,65.15,0.0,15.83,0,0,35533.6
2025-09-10 20:00:00,30.69,64.78,0.0,19.77,0,0,34912.28
2025-09-10 21:00:00,26.94,60.39,0.0,17.92,0,0,30587.07
2025-09-10 22:00:00,27.58,65.71,0.0,28.5,0,0,29474.5
2025-09-10 23:00:00,22.62,64.98,0.0,19.9,0,0,26849.54
2025-09-11 00:00:00,24.45,68.01,0.0,11.66,0,0,24112.81
2025-09-11 01:00:00,24.14,68.18,27.67,22.29,0,0,23085.79
2025-09-11 02:00:00,25.9,59.16,2.46,16.82,0,0,22823.41
2025-09-11 03:00:00,21.27,68.37,22.32,17.48,0,0,20236.95
2025-09-11 04:00:00,20.52,70.59,36.74,15.83,0,0,19392.15
2025-09-11 05:00:00,21.71,66.72,0.0,18.86,0,0,20065.2
2025-09-11 06:00:00,21.71,69.72,5.18,18.82,0,0,23720.89
2025-09-11 07:00:00,27.56,66.42,0.0,15.92,0,0,26686.08
2025-09-11 08:00:00,29.15,61.64,0.0,16.4,0,0,30450.63
2025-09-11 09:00:00,28.23,63.49,0.0,18.53,0,0,29868.4
2025-09-11 10:00:00,31.15,65.5,40.91,9.98,0,0,32485.62
2025-09-11 11:00:00,30.4,62.53,27.33,13.13,0,0,31268.77
2025-09-11 12:00:00,31.02,60.89,69.06,24.02,0,0,30296.93
2025-09-11 13:00:00,31.38,55.93,46.42,19.33,0,0,29460.88
2025-09-11 14:00:00,31.92,61.96,1.55,16.34,0,0,30180.03
2025-09-11 15:00:00,29.87,62.44,37.2,12.24,0,0,28974.87
2025-09-11 16:00:00,32.96,63.47,3.82,17.98,0,0,32750.65
2025-09-11 17:00:00,31.91,59.47,36.35,21.63,0,0,32804.81
2025-09-11 18:00:00,32.53,51.46,0.0,27.42,0,0,34342.76
2025-09-11 19:00:00,30.32,53.91,0.0,24.8,0,0,32582.8
2025-09-11 20:00:00,28.66,65.15,0.0,15.08,0,0,32809.96
2025-09-11 21:00:00,26.09,62.24,0.0,16.44,0,0,29949.95
2025-09-11 22:00:00,26.49,65.91,0.0,13.03,0,0,28718.54
2025-09-11 23:00:00,26.48,64.62,0.0,15.23,0,0,26081.73
2025-09-12 00:00:00,21.88,67.64,21.42,17.26,0,0,23420.82
2025-09-12 01:00:00,23.3,66.64,44.9,16.72,0,0,22728.95
2025-09-12 02:00:00,23.06,63.78,0.0,25.19,0,0,22463.27
2025-09-12 03:00:00,21.18,68.87,31.59,13.4,0,0,21015.72
2025-09-12 04:00:00,21.58,66.24,0.0,17.84,0,0,20026.0
2025-09-12 05:00:00,23.56,65.31,8.7,10.78,0,0,21597.2
2025-09-12 06:00:00,21.9,67.0,0.0,19.16,0,0,23952.6
2025-09-12 07:00:00,25.6,64.05,18.45,13.3,0,0,25997.84
2025-09-12 08:00:00,24.57,69.58,0.0,21.86,0,0,27377.47
2025-09-12 09:00:00,29.38,61.04,22.45,16.98,0,0,30792.04
2025-09-12 10:00:00,32.97,62.42,24.32,13.09,0,0,34191.89
2025-09-12 11:00:00,28.42,68.57,24.73,10.64,0,0,29213.95
2025-09-12 12:00:00,31.97,62.65,2.28,14.57,0,0,30704.5
2025-09-12 13:00:00,30.49,62.7,33.69,18.84,0,0,29526.74
2025-09-12 14:00:00,34.17,58.55,27.67,19.48,0,0,34475.01
2025-09-12 15:00:00,30.19,64.29,9.36,16.26,0,0,29173.94
2025-09-12 16:00:00,33.17,58.5,27.12,21.24,0,0,32646.73
2025-09-12 17:00:00,30.23,64.73,2.96,14.02,0,0,29455.52
2025-09-12 18:00:00,30.63,62.89,13.22,7.76,0,0,32411.94
2025-09-12 19:00:00,28.12,61.25,0.0,18.99,0,0,32002.81
2025-09-12 20:00:00,30.25,64.36,5.42,22.52,0,0,33945.89
2025-09-12 21:00:00,25.96,65.0,14.37,22.55,0,0,30366.73
2025-09-12 22:00:00,27.17,63.12,0.0,13.45,0,0,29278.03
2025-09-12 23:00:00,24.35,64.18,0.0,16.09,0,0,26044.79
2025-09-13 00:00:00,23.54,67.48,6.9,20.35,1,0,20055.5
2025-09-13 01:00:00,23.22,71.09,29.73,15.62,1,0,18891.62
2025-09-13 02:00:00,21.09,72.57,7.48,18.19,1,0,18596.8
2025-09-13 03:00:00,22.66,69.02,7.95,15.31,1,0,17342.2
2025-09-13 04:00:00,25.21,67.71,0.0,14.0,1,0,17778.76
2025-09-13 05:00:00,21.56,73.68,18.48,14.68,1,0,17813.13
2025-09-13 06:00:00,25.86,64.13,0.0,21.16,1,0,20909.06
2025-09-13 07:00:00,27.48,58.81,0.0,17.87,1,0,23207.33
2025-09-13 08:00:00,24.52,71.14,36.9,22.27,1,0,22557.25
2025-09-13 09:00:00,24.67,63.68,0.0,19.64,1,0,22974.61
2025-09-13 10:00:00,29.12,59.03,38.28,23.44,1,0,25427.66
2025-09-13 11:00:00,28.8,54.9,45.54,20.68,1,0,24676.57
2025-09-13 12:00:00,34.19,59.51,32.7,20.47,1,0,28701.16
2025-09-13 13:00:00,31.68,53.0,0.0,17.4,1,0,25145.34
2025-09-13 14:00:00,30.67,57.4,16.72,28.35,1,0,25413.81
2025-09-13 15:00:00,30.22,63.15,8.05,18.21,1,0,24562.71
2025-09-13 16:00:00,34.08,60.22,0.0,10.91,1,0,28967.19
2025-09-13 17:00:00,30.59,57.86,8.36,18.75,1,0,25570.59
2025-09-13 18:00:00,30.9,59.65,19.23,14.38,1,0,27034.6
2025-09-13 19:00:00,31.51,56.15,0.0,21.38,1,0,29481.34
2025-09-13 20:00:00,27.71,60.87,0.0,20.36,1,0,25577.04
2025-09-13 21:00:00,27.2,64.58,0.0,17.15,1,0,26501.6
2025-09-13 22:00:00,25.96,62.63,29.1,14.71,1,0,23499.59
2025-09-13 23:00:00,26.02,63.61,0.0,18.33,1,0,22497.67
2025-09-14 00:00:00,24.63,59.97,0.0,15.39,1,0,20678.1
2025-09-14 01:00:00,22.37,72.4,0.0,20.39,1,0,19692.04
2025-09-14 02:00:00,22.38,69.9,9.07,19.58,1,0,18113.68
2025-09-14 03:00:00,21.43,71.88,0.0,27.91,1,0,18602.39
2025-09-14 04:00:00,19.61,75.51,16.72,16.07,1,0,16049.95
2025-09-14 05:00:00,23.23,63.79,0.0,16.57,1,0,16369.27
2025-09-14 06:00:00,26.97,62.29,0.0,17.09,1,0,21423.04
2025-09-14 07:00:00,23.01,59.71,0.0,17.24,1,0,20416.77
2025-09-14 08:00:00,24.41,78.59,19.12,21.23,1,0,23668.66
2025-09-14 09:00:00,25.53,64.42,27.9,16.66,1,0,24101.0
2025-09-14 10:00:00,29.7,65.42,22.77,24.53,1,0,26492.74
2025-09-14 11:00:00,30.41,55.68,0.0,19.67,1,0,25580.2
2025-09-14 12:00:00,30.35,64.67,0.0,15.93,1,0,24497.04
2025-09-14 13:00:00,29.78,68.63,21.81,15.04,1,0,23834.67
2025-09-14 14:00:00,32.1,58.87,0.0,21.27,1,0,25575.57
2025-09-14 15:00:00,29.28,57.6,5.65,17.73,1,0,24434.37
2025-09-14 16:00:00,32.19,58.47,46.18,17.66,1,0,26289.68
2025-09-14 17:00:00,33.0,49.39,0.0,15.54,1,0,28826.86
2025-09-14 18:00:00,28.38,62.31,0.0,17.42,1,0,26204.75
2025-09-14 19:00:00,26.84,67.13,0.0,15.39,1,0,25188.51
2025-09-14 20:00:00,31.24,59.74,0.0,22.4,1,0,30119.22
2025-09-14 21:00:00,26.0,63.46,53.51,20.14,1,0,24687.78
2025-09-14 22:00:00,27.85,65.05,41.64,17.02,1,0,25043.56
2025-09-14 23:00:00,24.32,68.53,18.27,16.97,1,0,21671.76
2025-09-15 00:00:00,23.09,60.58,0.0,17.76,0,0,23384.92
2025-09-15 01:00:00,23.37,67.32,30.02,17.42,0,0,23441.45
2025-09-15 02:00:00,20.49,79.3,0.0,14.09,0,0,21414.5
2025-09-15 03:00:00,22.15,62.72,26.91,10.79,0,0,21337.75
2025-09-15 04:00:00,21.4,68.4,23.2,14.65,0,0,19351.26
2025-09-15 05:00:00,20.21,77.58,0.0,16.99,0,0,20144.66
2025-09-15 06:00:00,23.98,70.83,28.48,14.86,0,0,22819.65
2025-09-15 07:00:00,23.94,64.4,0.0,20.31,0,0,24893.64
2025-09-15 08:00:00,25.34,66.02,0.0,16.64,0,0,27519.91
2025-09-15 09:00:00,24.73,65.73,34.78,24.0,0,0,32604.24
2025-09-15 10:00:00,31.07,57.04,10.52,15.48,0,0,31357.1
2025-09-15 11:00:00,30.99,59.81,29.16,17.93,0,0,31804.12
2025-09-15 12:00:00,32.18,57.92,60.13,16.43,0,0,31342.25
2025-09-15 13:00:00,30.69,60.83,0.0,18.98,0,0,29447.38
2025-09-15 14:00:00,28.63,59.24,9.07,21.17,0,0,28499.62
2025-09-15 15:00:00,35.43,51.01,49.57,19.57,0,0,36034.07
2025-09-15 16:00:00,31.63,59.37,24.02,10.33,0,0,30974.89
2025-09-15 17:00:00,29.89,67.96,0.0,19.19,0,0,29079.35
2025-09-15 18:00:00,31.2,60.25,0.0,13.9,0,0,32055.52
2025-09-15 19:00:00,31.51,58.31,0.0,16.36,0,0,35563.32
2025-09-15 20:00:00,28.16,65.67,0.0,19.85,0,0,31767.16
2025-09-15 21:00:00,29.21,61.08,5.93,13.52,0,0,32248.27
2025-09-15 22:00:00,27.57,70.66,1.96,21.49,0,0,28616.8
2025-09-15 23:00:00,22.47,67.76,6.98,16.2,0,0,26075.39
2025-09-16 00:00:00,21.97,71.03,0.0,24.85,0,0,24578.87
2025-09-16 01:00:00,24.12,63.27,0.0,17.49,0,0,24343.98
2025-09-16 02:00:00,17.01,74.7,0.0,23.22,0,0,21912.38
2025-09-16 03:00:00,21.45,69.8,3.63,21.44,0,0,21152.92
2025-09-16 04:00:00,19.32,70.39,29.39,15.11,0,0,19992.46
2025-09-16 05:00:00,21.54,66.61,0.0,12.69,0,0,21540.45
2025-09-16 06:00:00,22.65,65.06,12.09,17.65,0,0,27148.11
2025-09-16 07:00:00,23.58,67.91,0.0,15.21,0,0,24600.08
2025-09-16 08:00:00,24.43,68.53,26.47,22.78,0,0,27751.86
2025-09-16 09:00:00,24.75,65.22,13.03,16.38,0,0,27747.96
2025-09-16 10:00:00,32.14,60.22,21.22,16.2,0,0,33423.26
2025-09-16 11:00:00,32.58,58.53,14.01,12.36,0,0,33135.33
2025-09-16 12:00:00,28.17,63.04,46.03,18.71,0,0,26841.13
2025-09-16 13:00:00,33.9,56.69,21.07,13.14,0,0,33413.48
2025-09-16 14:00:00,30.83,60.32,0.0,18.8,0,0,29176.49
2025-09-16 15:00:00,31.96,70.03,11.54,19.28,0,0,30212.2
2025-09-16 16:00:00,31.44,60.95,0.0,14.62,0,0,32164.28
2025-09-16 17:00:00,29.87,63.7,7.38,20.6,0,0,29296.51
2025-09-16 18:00:00,32.03,60.93,0.0,16.29,0,0,34126.82
2025-09-16 19:00:00,29.45,60.44,0.0,12.1,0,0,32631.11
2025-09-16 20:00:00,27.16,68.73,4.98,22.66,0,0,34187.49
2025-09-16 21:00:00,24.37,64.9,1.39,14.02,0,0,28710.16
2025-09-16 22:00:00,23.82,70.78,26.6,19.02,0,0,26463.26
2025-09-16 23:00:00,21.27,67.52,0.0,18.74,0,0,27128.81
2025-09-17 00:00:00,23.02,63.44,0.0,18.41,0,0,23662.78
2025-09-17 01:00:00,20.05,71.42,0.0,18.35,0,0,23220.06
2025-09-17 02:00:00,21.22,64.48,0.0,13.66,0,0,23468.06
2025-09-17 03:00:00,24.0,68.54,10.39,22.97,0,0,20198.17
2025-09-17 04:00:00,23.86,61.75,0.0,20.4,0,0,20895.63
2025-09-17 05:00:00,22.14,66.8,0.0,18.71,0,0,21353.41
2025-09-17 06:00:00,22.84,61.72,0.0,12.39,0,0,21697.3
2025-09-17 07:00:00,27.42,74.62,41.49,13.63,0,0,26797.77
2025-09-17 08:00:00,26.18,57.82,0.0,19.35,0,0,28074.06
2025-09-17 09:00:00,25.94,64.69,8.2,10.04,0,0,28332.66
2025-09-17 10:00:00,25.26,69.84,24.16,18.24,0,0,27431.98
2025-09-17 11:00:00,29.74,65.38,47.87,12.39,0,0,29434.78
2025-09-17 12:00:00,31.56,63.0,30.6,14.01,0,0,35656.56
2025-09-17 13:00:00,29.73,59.97,38.12,12.11,0,0,28077.06
2025-09-17 14:00:00,31.89,64.7,31.27,17.91,0,0,31786.26
2025-09-17 15:00:00,30.88,63.86,0.0,20.96,0,0,28904.23
2025-09-17 16:00:00,31.03,60.92,14.57,18.27,0,0,29842.38
2025-09-17 17:00:00,26.38,65.22,24.1,18.65,0,0,26929.51
2025-09-17 18:00:00,29.67,60.08,0.0,17.64,0,0,30346.24
2025-09-17 19:00:00,30.78,56.66,0.0,19.44,0,0,34268.23
2025-09-17 20:00:00,26.69,68.93,0.0,18.69,0,0,30006.46
2025-09-17 21:00:00,26.63,69.28,19.32,7.55,0,0,29447.45
2025-09-17 22:00:00,23.88,62.97,0.0,20.22,0,0,26598.0
2025-09-17 23:00:00,24.68,65.17,0.0,19.86,0,0,24902.14
2025-09-18 00:00:00,22.42,67.25,0.0,15.59,0,0,24661.37
2025-09-18 01:00:00,20.32,69.58,0.0,9.94,0,0,23677.92
2025-09-18 02:00:00,23.91,66.74,0.0,17.7,0,0,22803.23
2025-09-18 03:00:00,23.01,71.08,6.08,18.0,0,0,21274.07
2025-09-18 04:00:00,20.42,66.63,0.0,15.31,0,0,19944.99
2025-09-18 05:00:00,22.91,64.0,4.45,17.51,0,0,20949.08
2025-09-18 06:00:00,23.77,71.55,0.0,20.61,0,0,23642.55
2025-09-18 07:00:00,25.0,63.65,0.0,25.25,0,0,26520.74
2025-09-18 08:00:00,22.0,63.15,0.0,17.37,0,0,25981.88
2025-09-18 09:00:00,28.15,60.72,0.0,18.02,0,0,31630.56
2025-09-18 10:00:00,26.61,62.73,3.15,13.97,0,0,27390.66
2025-09-18 11:00:00,28.2,68.84,12.29,15.1,0,0,28060.35
2025-09-18 12:00:00,34.62,60.54,16.34,16.38,0,0,34671.74
2025-09-18 13:00:00,31.21,64.5,16.96,20.98,0,0,29975.56
2025-09-18 14:00:00,30.47,63.86,0.0,19.72,0,0,30188.76
2025-09-18 15:00:00,27.37,67.15,33.25,23.61,0,0,26771.07
2025-09-18 16:00:00,33.67,54.94,0.0,11.64,0,0,37317.28
2025-09-18 17:00:00,28.25,61.78,13.74,12.22,0,0,29066.78
2025-09-18 18:00:00,28.07,58.78,0.0,20.71,0,0,30010.07
2025-09-18 19:00:00,28.24,61.74,9.39,21.93,0,0,31013.86
2025-09-18 20:00:00,30.18,63.57,0.0,16.97,0,0,34303.98
2025-09-18 21:00:00,27.73,63.58,9.84,2.0,0,0,31056.02
2025-09-18 22:00:00,24.76,70.96,0.0,14.25,0,0,27003.01
2025-09-18 23:00:00,24.4,61.47,20.35,18.03,0,0,26691.15
2025-09-19 00:00:00,21.53,70.62,0.0,13.51,0,0,23801.56
2025-09-19 01:00:00,22.07,63.14,0.0,17.3,0,0,22610.56
2025-09-19 02:00:00,21.45,69.07,0.0,23.3,0,0,21577.95
2025-09-19 03:00:00,22.89,70.36,26.72,21.65,0,0,21081.5
2025-09-19 04:00:00,23.06,66.39,0.0,19.48,0,0,20736.39
2025-09-19 05:00:00,22.71,69.77,2.3,16.43,0,0,21281.34
2025-09-19 06:00:00,21.96,64.4,0.0,14.92,0,0,23299.69
2025-09-19 07:00:00,24.98,58.86,3.75,19.31,0,0,24919.82
2025-09-19 08:00:00,24.69,68.01,0.0,16.74,0,0,27046.86
2025-09-19 09:00:00,24.2,73.2,0.0,16.86,0,0,27289.5
2025-09-19 10:00:00,26.72,59.97,0.0,11.22,0,0,28198.44
2025-09-19 11:00:00,28.8,66.97,19.0,14.15,0,0,28835.65
2025-09-19 12:00:00,31.32,59.99,21.95,19.29,0,0,30090.91
2025-09-19 13:00:00,30.15,55.52,22.35,12.8,0,0,29200.56
2025-09-19 14:00:00,28.8,57.55,0.0,17.58,0,0,26570.79
2025-09-19 15:00:00,31.25,59.94,5.6,18.1,0,0,29063.92
2025-09-19 16:00:00,31.18,58.32,0.0,18.3,0,0,29813.62
2025-09-19 17:00:00,30.81,55.02,0.0,18.61,0,0,31526.58
2025-09-19 18:00:00,31.34,53.02,0.4,18.85,0,0,33316.2
2025-09-19 19:00:00,30.48,57.18,0.0,14.47,0,0,32502.29
2025-09-19 20:00:00,26.37,65.04,12.79,11.52,0,0,31006.47
2025-09-19 21:00:00,25.04,65.44,2.03,13.6,0,0,29160.93
2025-09-19 22:00:00,22.98,65.31,0.0,19.21,0,0,27064.62
2025-09-19 23:00:00,24.91,66.39,23.14,12.45,0,0,25907.4
2025-09-20 00:00:00,25.03,69.63,0.0,12.81,1,0,19678.47
2025-09-20 01:00:00,21.06,70.62,0.0,12.79,1,0,19950.66
2025-09-20 02:00:00,20.69,68.89,0.0,9.99,1,0,18049.22
2025-09-20 03:00:00,23.59,70.48,0.0,12.44,1,0,17396.19
2025-09-20 04:00:00,22.03,64.33,13.12,19.95,1,0,16819.46
2025-09-20 05:00:00,22.41,66.93,0.0,13.94,1,0,18323.47
2025-09-20 06:00:00,20.27,68.95,0.0,10.33,1,0,19561.93
2025-09-20 07:00:00,24.67,60.85,61.32,14.66,1,0,21976.48
2025-09-20 08:00:00,22.99,65.63,0.0,18.24,1,0,22002.46
2025-09-20 09:00:00,23.91,58.18,46.09,10.04,1,0,23282.02
2025-09-20 10:00:00,26.62,71.69,1.61,19.79,1,0,24359.74
2025-09-20 11:00:00,27.4,59.59,0.0,11.41,1,0,24338.94
2025-09-20 12:00:00,29.09,68.16,21.0,15.07,1,0,23204.35
2025-09-20 13:00:00,27.69,63.23,40.01,15.02,1,0,21876.48
2025-09-20 14:00:00,32.51,61.0,0.0,14.49,1,0,26893.39
2025-09-20 15:00:00,32.98,56.36,0.0,16.22,1,0,28219.04
2025-09-20 16:00:00,27.28,64.28,24.59,19.18,1,0,22741.96
2025-09-20 17:00:00,32.04,61.77,8.97,16.31,1,0,26783.49
2025-09-20 18:00:00,28.03,65.43,27.55,14.33,1,0,24579.14
2025-09-20 19:00:00,30.0,64.1,12.88,18.05,1,0,28268.33
2025-09-20 20:00:00,27.12,62.12,45.21,17.18,1,0,26723.52
2025-09-20 21:00:00,26.0,62.68,4.46,14.11,1,0,25124.97
2025-09-20 22:00:00,24.33,59.73,5.55,16.6,1,0,22588.64
2025-09-20 23:00:00,25.63,67.03,8.04,13.82,1,0,23186.05
2025-09-21 00:00:00,19.99,74.34,0.0,13.22,1,0,20034.74
2025-09-21 01:00:00,22.52,74.2,21.2,19.07,1,0,20180.58
2025-09-21 02:00:00,22.91,68.6,5.93,17.81,1,0,17720.57
2025-09-21 03:00:00,22.05,65.09,19.7,18.94,1,0,18404.44
2025-09-21 04:00:00,25.11,58.61,23.61,18.47,1,0,16917.43
2025-09-21 05:00:00,20.48,73.73,10.71,13.14,1,0,18697.07
2025-09-21 06:00:00,23.94,59.27,12.54,19.75,1,0,19934.37
2025-09-21 07:00:00,23.07,65.87,0.0,15.21,1,0,20436.72
2025-09-21 08:00:00,26.68,63.09,0.0,19.5,1,0,24075.25
2025-09-21 09:00:00,25.74,64.56,25.06,15.81,1,0,25036.09
2025-09-21 10:00:00,26.35,64.43,40.46,17.34,1,0,23466.01
2025-09-21 11:00:00,30.61,61.0,0.0,17.45,1,0,27211.25
2025-09-21 12:00:00,28.41,52.77,0.0,19.09,1,0,23654.96
2025-09-21 13:00:00,27.54,63.27,6.02,10.53,1,0,23188.86
2025-09-21 14:00:00,29.66,52.39,0.0,10.73,1,0,23960.28
2025-09-21 15:00:00,31.87,62.25,0.0,18.6,1,0,25948.86
2025-09-21 16:00:00,33.09,56.0,14.68,17.49,1,0,28903.24
2025-09-21 17:00:00,30.29,52.11,40.99,13.53,1,0,26300.65
2025-09-21 18:00:00,31.67,56.24,0.0,17.52,1,0,28300.79
2025-09-21 19:00:00,25.81,62.49,0.0,11.32,1,0,25444.19
2025-09-21 20:00:00,26.25,69.14,11.58,27.67,1,0,25589.37
2025-09-21 21:00:00,25.24,66.07,19.51,20.84,1,0,24967.36
2025-09-21 22:00:00,24.26,67.54,7.98,18.43,1,0,24051.26
2025-09-21 23:00:00,23.41,71.66,44.04,16.51,1,0,21812.55
2025-09-22 00:00:00,23.27,66.67,0.72,13.88,0,0,23268.52
2025-09-22 01:00:00,20.43,72.63,32.8,11.46,0,0,22710.41
2025-09-22 02:00:00,20.98,71.85,0.0,15.64,0,0,22251.53
2025-09-22 03:00:00,20.48,64.42,1.45,13.03,0,0,20208.84
2025-09-22 04:00:00,19.06,76.74,0.0,13.24,0,0,19122.98
2025-09-22 05:00:00,21.03,63.39,22.52,11.08,0,0,20189.19
2025-09-22 06:00:00,21.77,72.08,0.0,16.92,0,0,23747.45
2025-09-22 07:00:00,22.76,61.45,10.12,14.72,0,0,25043.22
2025-09-22 08:00:00,24.32,68.52,0.0,17.91,0,0,26898.51
2025-09-22 09:00:00,25.7,72.32,17.86,17.64,0,0,27535.47
2025-09-22 10:00:00,26.08,63.68,13.86,16.85,0,0,27507.18
2025-09-22 11:00:00,30.35,59.66,0.0,25.35,0,0,30066.46
2025-09-22 12:00:00,26.99,66.15,0.0,18.92,0,0,26169.18
2025-09-22 13:00:00,28.59,60.95,3.68,11.63,0,0,26093.2
2025-09-22 14:00:00,35.39,63.42,20.41,17.65,0,0,35715.7
2025-09-22 15:00:00,28.69,62.95,49.77,15.85,0,0,27248.16
2025-09-22 16:00:00,27.95,61.56,9.84,11.35,0,0,27222.09
2025-09-22 17:00:00,31.21,57.75,26.36,11.07,0,0,31992.49
2025-09-22 18:00:00,25.36,61.44,0.0,17.63,0,0,28380.24
2025-09-22 19:00:00,27.64,60.61,50.32,18.48,0,0,30563.21
2025-09-22 20:00:00,30.72,58.95,15.14,12.38,0,0,34960.89
2025-09-22 21:00:00,22.78,65.55,0.0,19.44,0,0,29239.95
2025-09-22 22:00:00,20.7,66.74,0.0,17.04,0,0,27541.31
2025-09-22 23:00:00,20.36,78.07,0.0,20.23,0,0,26475.32
2025-09-23 00:00:00,23.44,62.78,0.0,19.65,0,0,24356.65
2025-09-23 01:00:00,23.06,67.83,47.76,15.28,0,0,23811.68
2025-09-23 02:00:00,19.61,72.72,0.0,21.56,0,0,23091.11
2025-09-23 03:00:00,21.59,71.09,0.0,11.9,0,0,20752.38
2025-09-23 04:00:00,23.04,67.03,0.0,24.2,0,0,20091.81
2025-09-23 05:00:00,24.25,65.21,0.0,12.76,0,0,21543.62
2025-09-23 06:00:00,21.38,70.56,0.38,15.67,0,0,22867.64
2025-09-23 07:00:00,18.72,72.22,28.14,13.85,0,0,25448.81
2025-09-23 08:00:00,22.59,66.63,0.0,14.52,0,0,26435.57
2025-09-23 09:00:00,24.59,59.62,0.0,26.07,0,0,26140.27
2025-09-23 10:00:00,26.19,62.56,10.37,14.22,0,0,28345.57
2025-09-23 11:00:00,27.52,58.65,2.04,18.81,0,0,26774.75
2025-09-23 12:00:00,30.91,57.51,28.62,15.01,0,0,29605.44
2025-09-23 13:00:00,31.99,59.34,0.0,19.11,0,0,31302.16
2025-09-23 14:00:00,29.88,62.54,0.0,13.93,0,0,28831.88
2025-09-23 15:00:00,32.34,66.02,0.0,16.73,0,0,31945.97
2025-09-23 16:00:00,30.84,58.09,4.0,18.04,0,0,28632.26
2025-09-23 17:00:00,29.81,64.27,0.0,13.31,0,0,30082.06
2025-09-23 18:00:00,30.53,61.75,0.0,25.49,0,0,32029.97
2025-09-23 19:00:00,27.99,67.99,0.0,18.22,0,0,31875.98
2025-09-23 20:00:00,30.36,62.98,0.0,15.04,0,0,35138.74
2025-09-23 21:00:00,22.77,63.47,17.88,13.39,0,0,28002.94
2025-09-23 22:00:00,23.14,60.28,21.26,16.16,0,0,27346.24
2025-09-23 23:00:00,22.64,68.87,0.0,11.58,0,0,26326.8
2025-09-24 00:00:00,22.42,65.71,32.49,21.87,0,0,23617.26
2025-09-24 01:00:00,23.12,63.27,0.0,17.14,0,0,24473.59
2025-09-24 02:00:00,20.29,64.67,0.0,15.32,0,0,21942.72
2025-09-24 03:00:00,17.6,72.8,0.0,19.29,0,0,20538.62
2025-09-24 04:00:00,21.85,74.37,30.46,13.1,0,0,19356.61
2025-09-24 05:00:00,22.19,66.39,0.0,11.58,0,0,21068.32
2025-09-24 06:00:00,18.13,74.04,0.0,15.17,0,0,21021.81
2025-09-24 07:00:00,22.66,67.2,0.0,16.07,0,0,24974.72
2025-09-24 08:00:00,21.01,63.93,0.0,17.48,0,0,27624.47
2025-09-24 09:00:00,23.97,69.37,12.03,10.46,0,0,26565.15
2025-09-24 10:00:00,24.83,61.27,0.0,14.03,0,0,26152.06
2025-09-24 11:00:00,29.12,61.88,0.0,4.84,0,0,29939.08
2025-09-24 12:00:00,28.91,60.61,0.0,11.49,0,0,28811.67
2025-09-24 13:00:00,27.18,67.11,33.69,18.13,0,0,25086.68
2025-09-24 14:00:00,31.58,55.35,0.0,18.99,0,0,31276.55
2025-09-24 15:00:00,27.58,64.74,0.0,11.63,0,0,26565.09
2025-09-24 16:00:00,30.59,57.11,31.62,14.49,0,0,30353.47
2025-09-24 17:00:00,28.03,60.73,13.05,15.72,0,0,27685.54
2025-09-24 18:00:00,28.04,48.22,4.48,19.4,0,0,30727.09
2025-09-24 19:00:00,28.57,70.66,0.0,20.98,0,0,31577.06
2025-09-24 20:00:00,27.4,65.54,0.76,16.16,0,0,31184.28
2025-09-24 21:00:00,27.57,60.12,0.0,14.72,0,0,31192.72
2025-09-24 22:00:00,23.72,62.15,0.0,10.57,0,0,27081.1
2025-09-24 23:00:00,23.22,65.12,0.0,16.01,0,0,24797.13
2025-09-25 00:00:00,20.64,72.29,19.6,22.68,0,0,23922.6
2025-09-25 01:00:00,20.96,61.57,0.0,19.93,0,0,23132.03
2025-09-25 02:00:00,20.93,68.6,7.86,16.03,0,0,21704.54
2025-09-25 03:00:00,19.79,77.27,3.79,16.48,0,0,21540.1
2025-09-25 04:00:00,16.89,68.26,11.02,13.01,0,0,21609.28
2025-09-25 05:00:00,21.23,69.21,0.0,14.17,0,0,20370.84
2025-09-25 06:00:00,22.08,76.94,0.0,15.94,0,0,23111.98
2025-09-25 07:00:00,21.24,71.41,0.0,15.95,0,0,24876.78
2025-09-25 08:00:00,21.36,69.28,0.0,18.96,0,0,28287.1
2025-09-25 09:00:00,27.62,65.17,0.0,18.79,0,0,29859.38
2025-09-25 10:00:00,27.14,61.97,0.0,17.24,0,0,29243.75
2025-09-25 11:00:00,27.05,68.85,0.0,11.92,0,0,28177.22
2025-09-25 12:00:00,26.45,62.6,0.0,12.05,0,0,26040.78
2025-09-25 13:00:00,27.82,55.13,27.94,12.31,0,0,26368.38
2025-09-25 14:00:00,32.14,57.51,7.3,16.24,0,0,31794.66
2025-09-25 15:00:00,30.21,56.94,0.0,8.33,0,0,29275.9
2025-09-25 16:00:00,28.8,60.96,57.77,15.4,0,0,27306.86
2025-09-25 17:00:00,30.21,59.77,0.0,20.35,0,0,29834.87
2025-09-25 18:00:00,27.03,68.46,24.39,17.75,0,0,28679.42
2025-09-25 19:00:00,30.17,63.63,0.0,14.19,0,0,40170.31
2025-09-25 20:00:00,28.69,63.23,19.63,12.97,0,0,33466.24
2025-09-25 21:00:00,24.12,66.28,2.72,18.24,0,0,30267.15
2025-09-25 22:00:00,22.54,63.48,0.0,16.49,0,0,26875.26
2025-09-25 23:00:00,17.75,63.3,2.39,14.56,0,0,25876.72
2025-09-26 00:00:00,18.56,71.75,8.39,13.15,0,0,23576.82
2025-09-26 01:00:00,18.02,74.96,0.0,15.48,0,0,23220.36
2025-09-26 02:00:00,20.18,69.4,48.6,14.15,0,0,22808.1
2025-09-26 03:00:00,19.18,68.6,7.78,17.95,0,0,20703.93
2025-09-26 04:00:00,17.51,74.1,16.8,19.55,0,0,20909.57
2025-09-26 05:00:00,19.93,69.73,0.0,10.42,0,0,20632.68
2025-09-26 06:00:00,22.14,74.82,17.27,10.92,0,0,23465.56
2025-09-26 07:00:00,23.21,72.04,27.58,19.93,0,0,24847.97
2025-09-26 08:00:00,20.05,73.79,7.01,15.79,0,0,25605.44
2025-09-26 09:00:00,24.53,68.95,0.71,11.25,0,0,26936.55
2025-09-26 10:00:00,23.57,61.63,0.0,18.65,0,0,27040.4
2025-09-26 11:00:00,28.89,64.65,0.0,16.41,0,0,30242.23
2025-09-26 12:00:00,29.71,62.77,0.0,22.92,0,0,28486.01
2025-09-26 13:00:00,27.48,65.69,15.59,14.39,0,0,26097.07
2025-09-26 14:00:00,28.21,64.58,0.0,19.09,0,0,27006.17
2025-09-26 15:00:00,28.93,63.77,15.06,10.14,0,0,27094.99
2025-09-26 16:00:00,25.54,75.82,0.0,20.1,0,0,25029.38
2025-09-26 17:00:00,29.7,60.97,0.0,18.51,0,0,29824.34
2025-09-26 18:00:00,27.81,66.72,15.4,20.82,0,0,29277.98
2025-09-26 19:00:00,29.01,60.01,0.0,19.1,0,0,31005.45
2025-09-26 20:00:00,24.08,69.49,16.26,14.86,0,0,29085.6
2025-09-26 21:00:00,23.65,70.47,13.82,11.11,0,0,29253.43
2025-09-26 22:00:00,20.76,70.77,0.0,13.1,0,0,27755.82
2025-09-26 23:00:00,20.46,76.26,29.04,9.05,0,0,26654.14
2025-09-27 00:00:00,18.9,67.45,1.94,11.78,1,0,21077.51
2025-09-27 01:00:00,22.02,66.23,27.56,16.49,1,0,19252.93
2025-09-27 02:00:00,18.48,72.22,44.84,14.83,1,0,18388.61
2025-09-27 03:00:00,19.79,73.71,0.0,14.22,1,0,17167.86
2025-09-27 04:00:00,19.05,71.57,16.12,12.22,1,0,16947.28
2025-09-27 05:00:00,17.95,76.99,0.0,8.8,1,0,17417.9
2025-09-27 06:00:00,20.72,66.71,0.0,15.64,1,0,19422.65
2025-09-27 07:00:00,23.14,62.61,0.0,16.33,1,0,20798.47
2025-09-27 08:00:00,21.09,70.25,0.0,11.53,1,0,23289.56
2025-09-27 09:00:00,26.02,64.27,0.0,13.13,1,0,23489.78
2025-09-27 10:00:00,24.33,68.27,15.51,20.4,1,0,22321.84
2025-09-27 11:00:00,26.19,64.32,0.0,19.06,1,0,23113.21
2025-09-27 12:00:00,29.05,60.49,18.6,9.8,1,0,24381.56
2025-09-27 13:00:00,27.7,62.77,8.29,14.7,1,0,22283.88
2025-09-27 14:00:00,29.46,61.6,47.0,20.09,1,0,24250.75
2025-09-27 15:00:00,29.0,60.68,13.7,14.24,1,0,23936.61
2025-09-27 16:00:00,29.62,60.53,28.27,14.06,1,0,25592.17
2025-09-27 17:00:00,24.61,64.24,10.26,18.82,1,0,22527.05
2025-09-27 18:00:00,24.8,69.11,7.78,18.45,1,0,24542.03
2025-09-27 19:00:00,28.17,63.42,29.12,18.27,1,0,26722.51
2025-09-27 20:00:00,27.72,72.08,16.72,14.08,1,0,27812.25
2025-09-27 21:00:00,22.92,68.01,5.25,17.32,1,0,25449.17
2025-09-27 22:00:00,22.83,65.25,5.14,20.23,1,0,23142.83
2025-09-27 23:00:00,22.59,78.35,13.46,14.83,1,0,21470.2
2025-09-28 00:00:00,22.07,69.79,0.0,13.38,1,0,19928.17
2025-09-28 01:00:00,16.38,77.22,0.0,19.1,1,0,20107.88
2025-09-28 02:00:00,17.94,74.22,35.64,21.95,1,0,18125.82
2025-09-28 03:00:00,18.76,73.61,46.61,22.19,1,0,17328.76
2025-09-28 04:00:00,20.8,71.42,0.0,13.48,1,0,17824.32
2025-09-28 05:00:00,24.53,61.51,0.0,13.83,1,0,18364.81
2025-09-28 06:00:00,20.41,71.1,28.56,11.19,1,0,18006.88
2025-09-28 07:00:00,19.33,65.3,13.45,15.2,1,0,20499.18
2025-09-28 08:00:00,23.79,65.89,17.13,11.03,1,0,24182.97
2025-09-28 09:00:00,26.74,61.03,22.73,12.95,1,0,25291.84
2025-09-28 10:00:00,25.85,66.16,0.0,17.24,1,0,23200.55
2025-09-28 11:00:00,25.23,66.63,8.68,16.16,1,0,21327.16
2025-09-28 12:00:00,29.62,63.27,6.75,8.45,1,0,23577.39
2025-09-28 13:00:00,29.88,62.26,0.0,20.29,1,0,24497.38
2025-09-28 14:00:00,27.34,60.97,8.27,10.99,1,0,23346.21
2025-09-28 15:00:00,30.05,59.91,31.26,11.43,1,0,25555.65
2025-09-28 16:00:00,30.98,63.8,0.0,10.45,1,0,24560.89
2025-09-28 17:00:00,30.82,64.53,3.93,12.48,1,0,26126.62
2025-09-28 18:00:00,27.78,58.41,5.17,11.65,1,0,24548.84
2025-09-28 19:00:00,26.22,58.28,0.0,11.74,1,0,25479.22
2025-09-28 20:00:00,27.86,60.02,16.92,6.17,1,0,26137.87
2025-09-28 21:00:00,22.18,72.22,0.0,15.25,1,0,24170.89
2025-09-28 22:00:00,23.86,71.39,33.32,15.6,1,0,22671.81
2025-09-28 23:00:00,19.39,66.85,15.66,22.65,1,0,22258.09
2025-09-29 00:00:00,22.54,68.94,0.0,16.28,0,0,23502.3
2025-09-29 01:00:00,19.36,77.91,42.45,12.84,0,0,23097.62
2025-09-29 02:00:00,21.61,70.21,4.2,10.38,0,0,22535.78
2025-09-29 03:00:00,20.04,75.65,0.0,14.24,0,0,21801.39
2025-09-29 04:00:00,17.13,76.58,27.61,16.15,0,0,21429.52
2025-09-29 05:00:00,22.39,64.21,12.37,12.82,0,0,21264.68
2025-09-29 06:00:00,23.41,66.17,0.0,14.8,0,0,22926.07
2025-09-29 07:00:00,23.25,67.21,0.0,21.22,0,0,25991.33
2025-09-29 08:00:00,21.49,69.08,7.07,13.24,0,0,27558.29
2025-09-29 09:00:00,23.61,70.42,0.0,7.98,0,0,28046.23
2025-09-29 10:00:00,25.71,66.5,2.28,17.64,0,0,26629.77
2025-09-29 11:00:00,25.39,53.4,4.12,15.68,0,0,27098.12
2025-09-29 12:00:00,30.74,55.08,0.0,8.6,0,0,30105.49
2025-09-29 13:00:00,28.75,53.38,6.94,16.08,0,0,26738.79
2025-09-29 14:00:00,24.12,66.99,0.34,11.09,0,0,23693.43
2025-09-29 15:00:00,29.77,62.17,0.0,16.13,0,0,28691.73
2025-09-29 16:00:00,28.36,63.61,23.08,21.26,0,0,25819.26
2025-09-29 17:00:00,28.35,58.65,20.99,13.96,0,0,28401.6
2025-09-29 18:00:00,27.03,66.37,0.0,18.37,0,0,28506.9
2025-09-29 19:00:00,28.11,65.57,0.0,10.28,0,0,30846.12
2025-09-29 20:00:00,27.47,58.26,18.16,9.26,0,0,31146.52
2025-09-29 21:00:00,24.67,59.93,0.0,21.64,0,0,28071.17
2025-09-29 22:00:00,22.25,67.97,0.0,15.66,0,0,28020.03
2025-09-29 23:00:00,21.58,75.75,12.17,16.81,0,0,24402.46
2025-09-30 00:00:00,20.45,76.39,0.0,18.4,0,0,23946.99
2025-09-30 01:00:00,18.18,73.89,0.0,12.53,0,0,22787.97
2025-09-30 02:00:00,20.17,66.93,36.45,17.26,0,0,23493.0
2025-09-30 03:00:00,19.78,73.75,0.0,16.73,0,0,20748.5
2025-09-30 04:00:00,21.9,66.48,0.04,9.84,0,0,18674.1
2025-09-30 05:00:00,21.88,65.24,12.74,19.67,0,0,21323.7
2025-09-30 06:00:00,19.18,62.16,12.63,18.95,0,0,22273.46
2025-09-30 07:00:00,22.93,67.77,0.0,9.88,0,0,25775.94
2025-09-30 08:00:00,20.95,66.63,0.0,15.07,0,0,27201.16
2025-09-30 09:00:00,25.21,65.7,0.93,13.56,0,0,28852.12
2025-09-30 10:00:00,24.32,56.91,6.83,19.34,0,0,27142.61
2025-09-30 11:00:00,24.61,66.53,7.26,9.44,0,0,26485.68
2025-09-30 12:00:00,27.99,53.08,64.72,26.98,0,0,27190.49
2025-09-30 13:00:00,23.47,71.23,0.0,13.76,0,0,23871.95
2025-09-30 14:00:00,25.63,67.02,24.53,16.96,0,0,25457.97
2025-09-30 15:00:00,28.63,61.12,29.61,19.23,0,0,26403.37
2025-09-30 16:00:00,28.93,64.21,12.34,13.69,0,0,27956.02
2025-09-30 17:00:00,27.62,59.23,0.0,13.97,0,0,27482.8
2025-09-30 18:00:00,24.65,66.1,41.62,12.61,0,0,28054.63
2025-09-30 19:00:00,24.98,68.7,0.0,11.27,0,0,28549.15
2025-09-30 20:00:00,25.95,52.27,0.0,15.32,0,0,35236.09
2025-09-30 21:00:00,25.0,63.71,29.29,13.9,0,0,29202.28
2025-09-30 22:00:00,22.63,67.54,0.0,12.59,0,0,28302.94
2025-09-30 23:00:00,23.54,66.03,39.91,12.79,0,0,25439.45
2025-10-01 00:00:00,20.93,74.99,0.0,16.18,0,0,23576.38
2025-10-01 01:00:00,18.07,67.24,0.0,11.37,0,0,22462.55
2025-10-01 02:00:00,18.42,68.94,0.0,13.3,0,0,21564.73
2025-10-01 03:00:00,16.22,65.74,10.43,17.31,0,0,21002.19
2025-10-01 04:00:00,18.73,77.18,0.0,15.03,0,0,20075.11
2025-10-01 05:00:00,21.42,67.74,0.0,10.49,0,0,20999.54
2025-10-01 06:00:00,21.45,66.94,35.51,14.08,0,0,24115.43
2025-10-01 07:00:00,23.77,66.4,37.84,15.69,0,0,24048.78
2025-10-01 08:00:00,21.91,70.83,0.0,17.63,0,0,28306.22
2025-10-01 09:00:00,26.17,65.84,0.0,11.52,0,0,29222.98
2025-10-01 10:00:00,24.7,76.36,0.0,12.21,0,0,26938.74
2025-10-01 11:00:00,28.9,63.81,5.99,11.73,0,0,29257.04
2025-10-01 12:00:00,27.25,61.61,16.4,11.91,0,0,26106.53
2025-10-01 13:00:00,29.35,59.34,1.58,15.58,0,0,28104.08
2025-10-01 14:00:00,31.23,58.32,0.0,16.25,0,0,31147.85
2025-10-01 15:00:00,28.4,56.43,0.0,17.84,0,0,26572.8
2025-10-01 16:00:00,28.97,62.09,16.38,13.85,0,0,27866.94
2025-10-01 17:00:00,30.4,63.77,41.96,9.25,0,0,30015.61
2025-10-01 18:00:00,27.05,61.2,0.0,16.51,0,0,28560.52
2025-10-01 19:00:00,23.87,63.29,0.0,14.72,0,0,28591.98
2025-10-01 20:00:00,28.9,68.05,0.0,14.37,0,0,31994.11
2025-10-01 21:00:00,22.9,61.68,0.0,9.67,0,0,34239.8
2025-10-01 22:00:00,22.74,59.26,0.0,13.48,0,0,27371.17
2025-10-01 23:00:00,23.33,62.39,9.49,9.99,0,0,25523.54
2025-10-02 00:00:00,18.91,64.82,10.12,15.64,0,1,17575.15
2025-10-02 01:00:00,17.4,73.88,36.51,12.45,0,1,18570.8
2025-10-02 02:00:00,19.17,69.3,0.22,12.14,0,1,17732.22
2025-10-02 03:00:00,15.32,73.33,0.0,8.58,0,1,17820.4
2025-10-02 04:00:00,18.2,76.23,0.0,17.55,0,1,16060.84
2025-10-02 05:00:00,19.66,67.54,0.0,13.05,0,1,17382.75
2025-10-02 06:00:00,19.52,73.53,0.0,14.26,0,1,18110.21
2025-10-02 07:00:00,18.27,77.6,14.54,11.38,0,1,20952.42
2025-10-02 08:00:00,25.12,63.57,4.9,8.18,0,1,21127.48
2025-10-02 09:00:00,23.73,69.59,14.75,12.1,0,1,22306.68
2025-10-02 10:00:00,27.42,62.35,0.0,12.66,0,1,23636.59
2025-10-02 11:00:00,25.58,68.67,19.85,14.98,0,1,21585.34
2025-10-02 12:00:00,25.5,58.76,0.0,12.72,0,1,21693.79
2025-10-02 13:00:00,28.36,55.89,28.01,11.44,0,1,21189.53
2025-10-02 14:00:00,27.99,61.24,8.7,8.7,0,1,22115.18
2025-10-02 15:00:00,26.43,60.66,0.0,14.13,0,1,21079.05
2025-10-02 16:00:00,31.02,58.02,5.35,11.17,0,1,24147.88
2025-10-02 17:00:00,26.76,63.04,0.0,18.58,0,1,22939.78
2025-10-02 18:00:00,23.77,69.49,39.9,14.48,0,1,21773.48
2025-10-02 19:00:00,28.44,60.77,6.14,15.93,0,1,25320.52
2025-10-02 20:00:00,23.93,63.17,0.0,13.09,0,1,23596.44
2025-10-02 21:00:00,22.45,66.39,0.0,14.66,0,1,22255.42
2025-10-02 22:00:00,19.07,67.76,21.08,10.84,0,1,22363.72
2025-10-02 23:00:00,24.18,62.5,17.7,9.83,0,1,21043.28
2025-10-03 00:00:00,17.48,65.82,0.0,13.81,0,0,23768.91
2025-10-03 01:00:00,19.11,71.08,0.0,15.75,0,0,24484.53
2025-10-03 02:00:00,20.15,67.59,0.0,6.94,0,0,21919.48
2025-10-03 03:00:00,19.1,74.68,0.0,12.01,0,0,19609.38
2025-10-03 04:00:00,18.4,65.65,33.72,20.2,0,0,21290.7
2025-10-03 05:00:00,15.95,71.48,0.0,15.43,0,0,21625.49
2025-10-03 06:00:00,18.35,78.74,0.0,19.13,0,0,23390.57
2025-10-03 07:00:00,21.18,65.18,0.0,11.53,0,0,24915.12
2025-10-03 08:00:00,20.63,68.49,37.99,12.15,0,0,27022.0
2025-10-03 09:00:00,23.71,61.8,14.44,17.14,0,0,26653.8
2025-10-03 10:00:00,25.86,59.33,20.16,15.93,0,0,27600.32
2025-10-03 11:00:00,27.57,69.38,24.33,13.42,0,0,27234.99
2025-10-03 12:00:00,24.67,66.48,0.0,9.33,0,0,25132.06
2025-10-03 13:00:00,31.62,60.08,2.4,17.8,0,0,30936.61
2025-10-03 14:00:00,29.55,54.62,37.47,22.54,0,0,27274.79
2025-10-03 15:00:00,28.34,63.93,4.7,8.25,0,0,27410.02
2025-10-03 16:00:00,30.13,65.51,14.84,18.67,0,0,29310.93
2025-10-03 17:00:00,31.93,63.86,21.84,12.11,0,0,32673.29
2025-10-03 18:00:00,24.29,68.81,16.07,12.59,0,0,27231.64
2025-10-03 19:00:00,25.43,60.6,0.0,14.7,0,0,29848.85
2025-10-03 20:00:00,20.35,70.94,0.0,9.53,0,0,29047.73
2025-10-03 21:00:00,23.69,69.35,19.44,13.62,0,0,27760.27
2025-10-03 22:00:00,22.7,60.39,19.4,8.11,0,0,26390.86
2025-10-03 23:00:00,20.77,64.82,29.21,15.42,0,0,25458.79
2025-10-04 00:00:00,18.42,74.97,13.78,21.37,1,0,19213.27
2025-10-04 01:00:00,15.12,77.9,14.92,11.31,1,0,20845.8
2025-10-04 02:00:00,18.98,64.72,0.0,12.96,1,0,25095.36
2025-10-04 03:00:00,20.75,72.51,0.0,13.13,1,0,18221.22
2025-10-04 04:00:00,17.24,72.87,19.52,17.0,1,0,17557.72
2025-10-04 05:00:00,19.6,73.48,0.0,14.97,1,0,17827.2
2025-10-04 06:00:00,16.78,70.36,0.0,16.77,1,0,21834.84
2025-10-04 07:00:00,21.46,71.27,34.64,11.78,1,0,23268.37
2025-10-04 08:00:00,21.13,72.36,30.83,15.07,1,0,23684.42
2025-10-04 09:00:00,21.76,67.01,7.99,2.0,1,0,22763.72
2025-10-04 10:00:00,23.06,67.32,0.0,15.88,1,0,23847.19
2025-10-04 11:00:00,24.93,62.97,0.0,9.29,1,0,21035.7
2025-10-04 12:00:00,27.36,69.98,22.32,12.4,1,0,23550.0
2025-10-04 13:00:00,25.1,64.93,0.0,16.16,1,0,19267.77
2025-10-04 14:00:00,27.25,59.79,0.0,8.17,1,0,21793.19
2025-10-04 15:00:00,28.06,59.88,30.84,17.36,1,0,23473.3
2025-10-04 16:00:00,25.99,65.12,4.85,13.11,1,0,22021.66
2025-10-04 17:00:00,30.7,63.38,0.0,18.63,1,0,25245.96
2025-10-04 18:00:00,25.13,60.04,11.97,10.39,1,0,23670.97
2025-10-04 19:00:00,24.43,73.4,24.28,7.2,1,0,24856.33
2025-10-04 20:00:00,22.67,68.83,0.0,13.45,1,0,25208.11
2025-10-04 21:00:00,26.37,66.13,0.0,15.6,1,0,25211.45
2025-10-04 22:00:00,22.84,67.06,0.0,15.9,1,0,23791.33
2025-10-04 23:00:00,18.95,71.02,11.31,9.57,1,0,22661.94
2025-10-05 00:00:00,21.38,68.16,15.8,7.66,1,0,20161.19
2025-10-05 01:00:00,18.96,75.01,0.0,12.25,1,0,20825.83
2025-10-05 02:00:00,18.56,71.26,0.0,15.15,1,0,18771.56
2025-10-05 03:00:00,17.31,75.49,25.79,14.98,1,0,17305.31
2025-10-05 04:00:00,16.75,71.19,0.0,18.85,1,0,17928.12
2025-10-05 05:00:00,19.21,71.49,6.78,12.04,1,0,18681.3
2025-10-05 06:00:00,18.41,68.22,0.0,6.89,1,0,19133.02
2025-10-05 07:00:00,23.7,71.54,4.34,17.53,1,0,20867.99
2025-10-05 08:00:00,19.35,67.25,41.82,14.03,1,0,23926.54
2025-10-05 09:00:00,25.69,63.58,76.71,14.33,1,0,23867.47
2025-10-05 10:00:00,24.02,65.12,0.0,16.03,1,0,22918.83
2025-10-05 11:00:00,25.97,63.21,25.63,17.77,1,0,22490.47
2025-10-05 12:00:00,27.96,65.73,0.0,13.27,1,0,23925.33
2025-10-05 13:00:00,26.12,63.23,27.23,17.46,1,0,22819.29
2025-10-05 14:00:00,29.31,67.2,24.86,15.28,1,0,23605.2
2025-10-05 15:00:00,23.06,63.97,36.0,11.05,1,0,22184.3
2025-10-05 16:00:00,26.46,64.86,7.66,12.53,1,0,21676.39
2025-10-05 17:00:00,25.6,61.86,0.0,15.5,1,0,29271.2
2025-10-05 18:00:00,24.21,67.89,23.19,10.87,1,0,23701.34
2025-10-05 19:00:00,25.04,65.4,2.95,16.45,1,0,24282.55
2025-10-05 20:00:00,24.92,64.95,0.0,13.9,1,0,25745.16
2025-10-05 21:00:00,24.19,70.98,0.0,14.68,1,0,24213.13
2025-10-05 22:00:00,22.07,65.52,25.16,18.39,1,0,22231.85
2025-10-05 23:00:00,19.23,73.04,40.08,14.59,1,0,20785.12
2025-10-06 00:00:00,19.85,67.06,0.0,13.4,0,0,23626.49
2025-10-06 01:00:00,18.62,71.69,15.55,12.86,0,0,23610.33
2025-10-06 02:00:00,19.58,65.6,0.0,12.67,0,0,21318.9
2025-10-06 03:00:00,19.12,68.14,0.0,14.24,0,0,20849.84
2025-10-06 04:00:00,17.95,71.52,3.69,17.92,0,0,20172.19
2025-10-06 05:00:00,16.78,80.16,0.0,11.0,0,0,20859.3
2025-10-06 06:00:00,18.01,72.19,0.0,10.74,0,0,22381.58
2025-10-06 07:00:00,19.23,77.31,0.0,17.64,0,0,25291.92
2025-10-06 08:00:00,20.86,70.11,0.0,11.16,0,0,26707.12
2025-10-06 09:00:00,23.21,65.56,0.0,13.9,0,0,28111.18
2025-10-06 10:00:00,25.3,71.39,0.0,11.07,0,0,26587.53
2025-10-06 11:00:00,25.13,67.13,0.0,7.27,0,0,26253.08
2025-10-06 12:00:00,26.29,61.77,0.0,13.84,0,0,25020.02
2025-10-06 13:00:00,27.31,65.3,10.97,17.05,0,0,25916.22
2025-10-06 14:00:00,26.62,62.87,16.25,12.93,0,0,24696.82
2025-10-06 15:00:00,26.06,56.59,7.66,7.96,0,0,24566.65
2025-10-06 16:00:00,24.39,69.79,0.0,13.53,0,0,24824.53
2025-10-06 17:00:00,25.8,69.16,0.0,10.5,0,0,26168.42
2025-10-06 18:00:00,27.11,70.95,0.0,3.98,0,0,29947.53
2025-10-06 19:00:00,23.96,68.12,0.0,12.86,0,0,29620.19
2025-10-06 20:00:00,23.59,65.77,17.59,14.96,0,0,30023.09
2025-10-06 21:00:00,23.56,70.14,0.0,17.27,0,0,29363.95
2025-10-06 22:00:00,22.37,71.27,0.0,19.29,0,0,27420.59
2025-10-06 23:00:00,18.28,78.1,0.0,15.42,0,0,26633.71
2025-10-07 00:00:00,20.78,69.12,14.98,16.22,0,0,23645.83
2025-10-07 01:00:00,20.22,69.14,0.0,8.45,0,0,24716.48
2025-10-07 02:00:00,15.65,71.05,0.31,18.62,0,0,21591.25
2025-10-07 03:00:00,16.03,75.72,8.57,17.38,0,0,20000.02
2025-10-07 04:00:00,19.83,63.96,0.0,11.66,0,0,19147.53
2025-10-07 05:00:00,17.92,74.98,0.0,15.33,0,0,20174.71
2025-10-07 06:00:00,14.99,76.86,0.0,14.98,0,0,21924.56
2025-10-07 07:00:00,17.5,74.59,13.45,18.09,0,0,25274.93
2025-10-07 08:00:00,20.77,69.86,5.72,12.42,0,0,27354.62
2025-10-07 09:00:00,20.42,75.75,15.65,10.34,0,0,27495.24
2025-10-07 10:00:00,23.07,70.72,0.0,11.23,0,0,26059.28
2025-10-07 11:00:00,25.07,63.01,0.0,16.09,0,0,25844.65
2025-10-07 12:00:00,28.68,59.83,4.43,6.23,0,0,28328.96
2025-10-07 13:00:00,26.32,60.79,0.0,2.46,0,0,25117.16
2025-10-07 14:00:00,29.28,63.85,0.0,16.08,0,0,27168.89
2025-10-07 15:00:00,30.09,56.92,24.94,13.91,0,0,27660.22
2025-10-07 16:00:00,29.93,65.4,5.88,13.01,0,0,28698.01
2025-10-07 17:00:00,27.36,68.67,0.0,8.38,0,0,27184.0
2025-10-07 18:00:00,22.52,64.22,0.0,6.96,0,0,27279.78
2025-10-07 19:00:00,25.85,63.99,15.52,10.73,0,0,29944.2
2025-10-07 20:00:00,25.7,64.94,5.3,14.21,0,0,30007.11
2025-10-07 21:00:00,22.37,71.4,0.0,10.9,0,0,28973.86
2025-10-07 22:00:00,24.36,72.51,0.0,16.1,0,0,27715.46
2025-10-07 23:00:00,21.56,61.85,47.05,9.61,0,0,24986.21
2025-10-08 00:00:00,19.8,68.91,0.0,10.93,0,0,25062.88
2025-10-08 01:00:00,19.94,68.99,13.19,15.21,0,0,22856.96
2025-10-08 02:00:00,18.08,66.13,37.77,11.43,0,0,22539.44
2025-10-08 03:00:00,12.82,74.52,3.69,11.61,0,0,19995.36
2025-10-08 04:00:00,16.58,74.79,0.0,10.5,0,0,20125.86
2025-10-08 05:00:00,20.13,68.77,0.0,9.85,0,0,21063.64
2025-10-08 06:00:00,17.32,66.23,0.0,13.99,0,0,24062.05
2025-10-08 07:00:00,19.41,82.03,10.22,14.45,0,0,24984.56
2025-10-08 08:00:00,19.14,71.84,37.83,13.55,0,0,27644.29
2025-10-08 09:00:00,25.52,65.48,0.0,10.6,0,0,28249.1
2025-10-08 10:00:00,26.63,59.64,0.0,12.05,0,0,29464.02
2025-10-08 11:00:00,23.22,68.14,20.44,18.34,0,0,24639.89
2025-10-08 12:00:00,26.11,63.84,0.0,7.78,0,0,26041.04
2025-10-08 13:00:00,25.42,57.57,9.87,19.35,0,0,23049.91
2025-10-08 14:00:00,28.25,58.29,3.74,13.1,0,0,26685.66
2025-10-08 15:00:00,28.23,65.77,0.0,12.12,0,0,27504.23
2025-10-08 16:00:00,28.6,70.04,1.17,16.09,0,0,28610.14
2025-10-08 17:00:00,27.24,64.95,44.88,5.52,0,0,28025.48
2025-10-08 18:00:00,31.13,64.4,15.11,17.58,0,0,32669.48
2025-10-08 19:00:00,22.96,66.71,27.31,19.25,0,0,29208.07
2025-10-08 20:00:00,20.52,69.19,0.0,16.56,0,0,31135.64
2025-10-08 21:00:00,21.6,72.92,27.4,5.39,0,0,28902.73
2025-10-08 22:00:00,18.19,78.28,15.98,15.43,0,0,27960.59
2025-10-08 23:00:00,17.12,77.8,0.0,18.51,0,0,25506.51
2025-10-09 00:00:00,16.77,68.64,13.49,17.96,0,0,24532.73
2025-10-09 01:00:00,16.11,73.23,0.0,7.63,0,0,23927.82
2025-10-09 02:00:00,15.56,75.11,0.0,16.12,0,0,21806.84
2025-10-09 03:00:00,18.04,70.73,3.24,18.84,0,0,21239.0
2025-10-09 04:00:00,16.36,74.83,13.48,12.66,0,0,20590.37
2025-10-09 05:00:00,17.45,75.58,3.79,7.48,0,0,21449.23
2025-10-09 06:00:00,20.18,73.85,0.0,15.46,0,0,22956.89
2025-10-09 07:00:00,18.22,78.35,0.0,16.25,0,0,25934.67
2025-10-09 08:00:00,20.33,68.39,63.68,12.07,0,0,26191.94
2025-10-09 09:00:00,22.76,62.06,0.0,8.39,0,0,27479.39
2025-10-09 10:00:00,19.9,71.52,25.31,16.0,0,0,27032.13
2025-10-09 11:00:00,20.31,77.26,4.28,9.87,0,0,26558.35
2025-10-09 12:00:00,26.26,62.46,0.0,13.95,0,0,25198.36
2025-10-09 13:00:00,27.32,66.16,2.68,18.01,0,0,26234.99
2025-10-09 14:00:00,30.65,63.2,0.0,6.75,0,0,28786.96
2025-10-09 15:00:00,27.39,64.11,0.0,15.74,0,0,26200.53
2025-10-09 16:00:00,28.41,62.46,0.84,11.84,0,0,27751.93
2025-10-09 17:00:00,26.08,60.83,0.0,11.93,0,0,25880.12
2025-10-09 18:00:00,26.17,55.32,12.66,14.36,0,0,29141.61
2025-10-09 19:00:00,27.6,58.71,0.0,9.86,0,0,31181.99
2025-10-09 20:00:00,19.57,68.83,0.0,8.45,0,0,28941.91
2025-10-09 21:00:00,22.85,71.82,0.0,6.31,0,0,28631.97
2025-10-09 22:00:00,24.65,65.4,54.4,16.87,0,0,28478.49
2025-10-09 23:00:00,20.11,67.82,0.0,11.26,0,0,26055.89
2025-10-10 00:00:00,21.33,65.24,10.9,14.36,0,0,23209.78
2025-10-10 01:00:00,16.43,75.84,0.0,10.67,0,0,22829.61
2025-10-10 02:00:00,17.01,78.12,0.0,8.3,0,0,22609.79
2025-10-10 03:00:00,16.96,76.99,15.1,14.65,0,0,27493.46
2025-10-10 04:00:00,13.08,78.65,13.87,13.52,0,0,20290.13
2025-10-10 05:00:00,15.46,68.18,0.0,11.54,0,0,20778.82
2025-10-10 06:00:00,16.39,71.84,0.0,13.43,0,0,23509.93
2025-10-10 07:00:00,20.88,77.0,16.86,9.01,0,0,24933.04
2025-10-10 08:00:00,22.17,72.53,16.34,16.08,0,0,26244.09
2025-10-10 09:00:00,22.48,61.62,0.0,16.89,0,0,28504.35
2025-10-10 10:00:00,24.67,65.57,15.43,15.03,0,0,27456.48
2025-10-10 11:00:00,24.1,67.76,0.0,11.07,0,0,25298.2
2025-10-10 12:00:00,27.6,60.11,0.0,12.58,0,0,26920.22
2025-10-10 13:00:00,26.24,55.15,4.99,17.86,0,0,25303.37
2025-10-10 14:00:00,26.83,64.25,17.36,16.85,0,0,25334.16
2025-10-10 15:00:00,26.42,61.07,11.31,19.35,0,0,25554.75
2025-10-10 16:00:00,27.96,59.7,15.26,9.64,0,0,31722.66
2025-10-10 17:00:00,25.47,63.66,0.0,9.32,0,0,26912.98
2025-10-10 18:00:00,27.19,62.99,39.55,12.84,0,0,29052.39
2025-10-10 19:00:00,22.36,67.84,0.0,13.79,0,0,27807.59
2025-10-10 20:00:00,21.21,65.38,0.0,11.87,0,0,29351.7
2025-10-10 21:00:00,23.13,66.3,0.0,11.01,0,0,28453.42
2025-10-10 22:00:00,20.44,62.57,0.0,16.81,0,0,25392.15
2025-10-10 23:00:00,18.58,72.52,13.31,12.05,0,0,25684.31
2025-10-11 00:00:00,19.76,58.79,19.06,7.93,1,0,20935.32
2025-10-11 01:00:00,16.27,72.2,39.05,8.33,1,0,19767.97
2025-10-11 02:00:00,16.5,76.83,13.01,13.05,1,0,19333.42
2025-10-11 03:00:00,19.21,66.47,6.92,22.69,1,0,17629.21
2025-10-11 04:00:00,19.63,73.2,0.0,8.77,1,0,16749.48
2025-10-11 05:00:00,20.19,74.45,0.0,11.08,1,0,22798.3
2025-10-11 06:00:00,17.65,58.88,24.26,20.6,1,0,18702.28
2025-10-11 07:00:00,21.41,68.13,25.38,10.49,1,0,21967.15
2025-10-11 08:00:00,18.69,59.68,0.0,13.78,1,0,23254.68
2025-10-11 09:00:00,20.06,69.47,22.47,18.75,1,0,23171.2
2025-10-11 10:00:00,18.75,71.1,21.64,8.85,1,0,21599.99
2025-10-11 11:00:00,27.2,53.59,0.0,11.1,1,0,23703.32
2025-10-11 12:00:00,23.67,74.4,19.72,10.49,1,0,20477.27
2025-10-11 13:00:00,25.79,65.93,0.0,6.87,1,0,21343.17
2025-10-11 14:00:00,24.88,62.21,0.0,17.68,1,0,19722.23
2025-10-11 15:00:00,27.94,68.72,0.39,10.13,1,0,22658.85
2025-10-11 16:00:00,25.84,57.56,9.55,9.12,1,0,21606.68
2025-10-11 17:00:00,23.67,61.78,0.0,10.63,1,0,20351.5
2025-10-11 18:00:00,26.02,55.38,71.68,15.43,1,0,25041.13
2025-10-11 19:00:00,21.61,75.76,9.47,12.58,1,0,24313.97
2025-10-11 20:00:00,21.48,70.0,3.68,9.41,1,0,24906.47
2025-10-11 21:00:00,17.9,74.53,10.74,13.62,1,0,24873.21
2025-10-11 22:00:00,17.83,73.16,0.0,15.03,1,0,23202.6
2025-10-11 23:00:00,19.51,72.74,23.24,12.1,1,0,22154.34
2025-10-12 00:00:00,14.41,75.34,9.03,11.18,1,0,19517.56
2025-10-12 01:00:00,14.49,76.04,7.88,15.56,1,0,19745.64
2025-10-12 02:00:00,16.65,73.45,0.0,11.37,1,0,17632.07
2025-10-12 03:00:00,15.51,71.61,0.0,17.63,1,0,17469.22
2025-10-12 04:00:00,20.24,69.6,0.0,9.35,1,0,17985.42
2025-10-12 05:00:00,20.45,70.69,7.07,9.27,1,0,16844.14
2025-10-12 06:00:00,16.39,73.69,0.0,8.84,1,0,19308.11
2025-10-12 07:00:00,19.99,64.1,9.23,11.16,1,0,19984.84
2025-10-12 08:00:00,21.54,63.23,0.0,12.01,1,0,22784.86
2025-10-12 09:00:00,20.41,73.96,16.05,7.36,1,0,23655.11
2025-10-12 10:00:00,20.09,68.69,0.0,12.34,1,0,23165.02
2025-10-12 11:00:00,23.96,68.77,12.04,13.98,1,0,21536.2
2025-10-12 12:00:00,24.71,61.39,0.0,6.87,1,0,19837.2
2025-10-12 13:00:00,25.03,59.58,0.0,10.18,1,0,20093.84
2025-10-12 14:00:00,27.11,60.23,2.35,13.99,1,0,22724.29
2025-10-12 15:00:00,25.13,64.49,43.7,8.19,1,0,21508.85
2025-10-12 16:00:00,24.24,63.52,0.0,10.89,1,0,21008.51
2025-10-12 17:00:00,26.01,69.77,4.92,15.81,1,0,22771.83
2025-10-12 18:00:00,25.71,65.58,19.94,18.28,1,0,23159.71
2025-10-12 19:00:00,21.87,75.71,57.5,13.54,1,0,25364.58
2025-10-12 20:00:00,24.45,67.61,0.0,11.41,1,0,24693.01
2025-10-12 21:00:00,18.3,61.88,0.0,10.25,1,0,24809.9
2025-10-12 22:00:00,19.15,74.99,0.0,15.19,1,0,22372.39
2025-10-12 23:00:00,18.52,65.29,28.51,15.97,1,0,21801.92
2025-10-13 00:00:00,16.6,73.98,0.0,7.77,0,0,24648.44
2025-10-13 01:00:00,15.93,70.56,0.0,15.01,0,0,22723.38
2025-10-13 02:00:00,19.82,78.73,0.0,9.7,0,0,22690.76
2025-10-13 03:00:00,14.75,80.48,22.1,8.81,0,0,20031.25
2025-10-13 04:00:00,20.84,66.28,28.96,11.28,0,0,19468.02
2025-10-13 05:00:00,17.73,71.53,21.14,15.29,0,0,20962.44
2025-10-13 06:00:00,17.91,72.86,0.0,12.9,0,0,23615.21
2025-10-13 07:00:00,19.63,73.79,17.47,12.81,0,0,24941.94
2025-10-13 08:00:00,24.54,66.03,0.0,13.05,0,0,27332.67
2025-10-13 09:00:00,19.49,66.36,7.72,13.46,0,0,28216.74
2025-10-13 10:00:00,20.55,66.63,12.8,11.42,0,0,26458.47
2025-10-13 11:00:00,22.42,67.8,16.31,14.03,0,0,24805.6
2025-10-13 12:00:00,24.87,70.55,22.23,9.51,0,0,24813.19
2025-10-13 13:00:00,22.5,69.46,8.36,14.1,0,0,25082.73
2025-10-13 14:00:00,26.15,61.37,0.0,14.82,0,0,24558.06
2025-10-13 15:00:00,29.33,64.2,19.64,14.27,0,0,28531.68
2025-10-13 16:00:00,26.38,62.71,6.87,14.45,0,0,25699.8
2025-10-13 17:00:00,25.08,68.99,0.0,13.45,0,0,27284.99
2025-10-13 18:00:00,23.7,76.78,0.0,15.93,0,0,28795.45
2025-10-13 19:00:00,25.39,63.71,38.5,3.87,0,0,30040.03
2025-10-13 20:00:00,21.09,72.23,30.78,14.81,0,0,28429.71
2025-10-13 21:00:00,24.6,62.88,17.65,18.73,0,0,27444.2
2025-10-13 22:00:00,23.46,66.44,0.0,9.64,0,0,27375.68
2025-10-13 23:00:00,19.24,70.8,0.0,9.25,0,0,26374.91
2025-10-14 00:00:00,17.52,71.46,19.12,16.15,0,0,24162.61
2025-10-14 01:00:00,18.6,81.11,9.17,8.4,0,0,22868.55
2025-10-14 02:00:00,18.21,70.38,0.0,9.31,0,0,21237.79
2025-10-14 03:00:00,14.62,77.19,28.12,12.24,0,0,21338.12
2025-10-14 04:00:00,15.29,66.52,21.2,8.85,0,0,21262.35
2025-10-14 05:00:00,14.36,76.8,4.4,14.71,0,0,20532.73
2025-10-14 06:00:00,18.27,76.13,0.88,8.88,0,0,23520.03
2025-10-14 07:00:00,19.77,68.1,3.96,12.91,0,0,26827.67
2025-10-14 08:00:00,17.35,62.34,22.18,12.64,0,0,26676.32
2025-10-14 09:00:00,20.25,69.62,0.0,17.47,0,0,27362.88
2025-10-14 10:00:00,19.94,70.12,19.62,15.72,0,0,27323.55
2025-10-14 11:00:00,21.95,71.14,0.0,9.79,0,0,25612.13
2025-10-14 12:00:00,25.6,73.0,43.77,7.22,0,0,26285.88
2025-10-14 13:00:00,24.08,64.81,23.31,14.58,0,0,24000.83
2025-10-14 14:00:00,25.36,61.75,0.0,9.36,0,0,24594.96
2025-10-14 15:00:00,23.14,62.51,9.34,10.47,0,0,23312.74
2025-10-14 16:00:00,26.24,65.18,0.0,7.94,0,0,25622.62
2025-10-14 17:00:00,25.32,67.13,40.28,14.02,0,0,25609.35
2025-10-14 18:00:00,23.29,64.86,40.57,9.38,0,0,27560.87
2025-10-14 19:00:00,23.23,70.21,17.41,11.52,0,0,27771.98
2025-10-14 20:00:00,22.69,69.44,38.92,11.58,0,0,30136.93
2025-10-14 21:00:00,19.6,70.53,3.79,12.29,0,0,28287.47
2025-10-14 22:00:00,17.12,68.98,19.09,13.96,0,0,28495.6
2025-10-14 23:00:00,21.82,66.43,30.62,10.79,0,0,26676.58
2025-10-15 00:00:00,16.19,63.71,0.0,8.88,0,0,24185.13
2025-10-15 01:00:00,16.36,74.22,1.78,4.96,0,0,22339.19
2025-10-15 02:00:00,17.86,72.03,23.34,11.83,0,0,21795.55
2025-10-15 03:00:00,22.22,68.76,16.16,10.92,0,0,20151.16
2025-10-15 04:00:00,13.8,77.6,0.0,8.99,0,0,19553.03
2025-10-15 05:00:00,17.35,73.93,0.0,11.69,0,0,21993.18
2025-10-15 06:00:00,16.06,73.1,0.0,14.47,0,0,22884.42
2025-10-15 07:00:00,17.4,72.53,0.0,15.36,0,0,24708.15
2025-10-15 08:00:00,18.28,65.93,0.0,6.1,0,0,26313.5
2025-10-15 09:00:00,18.84,68.71,0.0,10.21,0,0,27127.36
2025-10-15 10:00:00,22.09,68.32,0.0,14.84,0,0,27305.92
2025-10-15 11:00:00,20.71,66.42,32.08,17.06,0,0,24739.35
2025-10-15 12:00:00,26.11,67.94,37.92,8.61,0,0,25791.45
2025-10-15 13:00:00,25.29,62.6,24.28,16.3,0,0,24993.45
2025-10-15 14:00:00,26.46,65.05,26.18,6.75,0,0,24167.71
2025-10-15 15:00:00,25.03,65.94,24.87,15.49,0,0,23662.95
2025-10-15 16:00:00,25.03,68.46,0.0,10.49,0,0,25048.34
2025-10-15 17:00:00,25.71,68.46,3.35,16.94,0,0,27418.93
2025-10-15 18:00:00,22.31,70.7,0.0,9.85,0,0,28117.7
2025-10-15 19:00:00,22.72,59.13,12.73,10.39,0,0,28458.23
2025-10-15 20:00:00,20.61,74.23,0.0,11.01,0,0,30416.04
2025-10-15 21:00:00,19.26,76.78,0.0,6.09,0,0,28645.98
2025-10-15 22:00:00,15.77,71.88,13.69,5.3,0,0,27122.58
2025-10-15 23:00:00,20.78,70.24,0.0,13.26,0,0,25846.7
2025-10-16 00:00:00,15.89,70.14,24.04,14.77,0,0,24382.61
2025-10-16 01:00:00,18.42,63.63,12.67,13.43,0,0,22943.04
2025-10-16 02:00:00,17.75,69.07,9.52,6.92,0,0,21944.95
2025-10-16 03:00:00,13.35,73.82,17.45,12.99,0,0,19922.44
2025-10-16 04:00:00,13.87,74.1,0.0,7.84,0,0,20282.43
2025-10-16 05:00:00,20.94,65.32,3.8,12.73,0,0,21574.94
2025-10-16 06:00:00,20.28,66.81,0.25,15.27,0,0,23630.15
2025-10-16 07:00:00,18.1,71.67,3.23,12.59,0,0,24247.49
2025-10-16 08:00:00,19.83,67.07,0.0,16.45,0,0,26550.75
2025-10-16 09:00:00,19.52,72.61,0.0,10.78,0,0,28282.6
2025-10-16 10:00:00,22.73,70.27,3.45,10.55,0,0,27110.63
2025-10-16 11:00:00,21.87,77.84,3.44,11.54,0,0,25819.13
2025-10-16 12:00:00,20.54,74.02,0.0,6.61,0,0,24789.64
2025-10-16 13:00:00,22.61,68.62,34.54,9.9,0,0,24607.17
2025-10-16 14:00:00,25.53,62.54,0.0,10.2,0,0,24894.07
2025-10-16 15:00:00,23.62,67.92,5.4,10.31,0,0,23876.33
2025-10-16 16:00:00,25.37,66.47,36.01,12.25,0,0,25823.15
2025-10-16 17:00:00,23.06,65.19,26.28,6.12,0,0,25003.79
2025-10-16 18:00:00,22.79,70.62,30.41,7.3,0,0,28195.3
2025-10-16 19:00:00,24.7,60.18,0.0,15.27,0,0,28462.15
2025-10-16 20:00:00,22.4,66.86,19.61,4.28,0,0,29856.13
2025-10-16 21:00:00,20.64,71.65,0.0,13.46,0,0,28746.64
2025-10-16 22:00:00,20.95,67.99,0.0,10.0,0,0,27026.27
2025-10-16 23:00:00,19.03,70.05,0.0,11.87,0,0,26668.01
2025-10-17 00:00:00,19.52,69.88,0.0,16.6,0,0,24319.84
2025-10-17 01:00:00,15.3,70.89,0.0,10.68,0,0,23300.57
2025-10-17 02:00:00,14.85,79.33,0.0,13.33,0,0,23338.04
2025-10-17 03:00:00,13.11,72.13,0.0,11.35,0,0,21370.59
2025-10-17 04:00:00,14.85,75.91,21.41,10.76,0,0,19530.7
2025-10-17 05:00:00,17.86,73.58,0.0,10.33,0,0,19499.04
2025-10-17 06:00:00,19.26,66.87,5.04,13.6,0,0,23053.1
2025-10-17 07:00:00,19.68,70.58,8.12,8.58,0,0,26035.04
2025-10-17 08:00:00,15.93,70.02,9.14,7.18,0,0,27196.56
2025-10-17 09:00:00,22.4,73.4,13.31,11.4,0,0,28496.13
2025-10-17 10:00:00,18.44,66.85,5.83,11.82,0,0,26570.82
2025-10-17 11:00:00,24.57,63.27,50.48,4.76,0,0,25862.4
2025-10-17 12:00:00,23.33,62.11,34.57,11.11,0,0,30778.4
2025-10-17 13:00:00,26.05,59.12,15.48,6.85,0,0,25318.15
2025-10-17 14:00:00,22.89,73.76,2.29,13.34,0,0,24614.2
2025-10-17 15:00:00,27.56,65.37,8.02,4.83,0,0,27328.59
2025-10-17 16:00:00,22.65,68.18,18.21,17.88,0,0,25943.09
2025-10-17 17:00:00,23.58,64.15,41.52,9.96,0,0,26868.94
2025-10-17 18:00:00,22.19,71.66,0.0,8.12,0,0,27770.83
2025-10-17 19:00:00,19.8,66.88,16.49,10.15,0,0,28631.29
2025-10-17 20:00:00,21.92,71.45,28.17,13.09,0,0,29646.83
2025-10-17 21:00:00,23.71,63.17,0.0,14.26,0,0,29279.63
2025-10-17 22:00:00,23.96,63.86,0.0,10.18,0,0,27423.71
2025-10-17 23:00:00,18.13,74.72,0.0,6.11,0,0,25191.62
2025-10-18 00:00:00,18.72,74.61,10.76,6.74,1,0,19960.87
2025-10-18 01:00:00,16.34,75.68,0.0,11.99,1,0,20402.28
2025-10-18 02:00:00,16.32,69.11,0.0,14.44,1,0,18712.9
2025-10-18 03:00:00,14.63,73.05,0.0,14.9,1,0,17639.4
2025-10-18 04:00:00,15.77,74.43,18.0,11.57,1,0,16995.15
2025-10-18 05:00:00,16.89,69.4,5.73,14.37,1,0,17243.1
2025-10-18 06:00:00,15.67,79.38,5.77,17.68,1,0,19424.77
2025-10-18 07:00:00,17.61,62.54,8.55,15.15,1,0,21067.82
2025-10-18 08:00:00,18.85,67.92,23.07,14.21,1,0,22330.02
2025-10-18 09:00:00,21.74,66.4,5.83,8.16,1,0,22664.19
2025-10-18 10:00:00,19.63,58.96,57.68,14.35,1,0,22850.37
2025-10-18 11:00:00,22.66,62.02,0.0,12.6,1,0,22329.23
2025-10-18 12:00:00,27.23,65.99,0.0,13.26,1,0,23282.81
2025-10-18 13:00:00,26.68,64.11,0.0,15.4,1,0,20846.71
2025-10-18 14:00:00,27.51,69.53,0.0,12.24,1,0,23222.05
2025-10-18 15:00:00,25.29,71.42,29.21,10.63,1,0,21196.68
2025-10-18 16:00:00,25.66,66.64,22.54,7.24,1,0,20868.15
2025-10-18 17:00:00,26.38,65.51,34.73,9.95,1,0,22611.74
2025-10-18 18:00:00,26.59,64.33,0.0,11.73,1,0,23096.3
2025-10-18 19:00:00,19.24,60.06,18.64,11.96,1,0,23471.53
2025-10-18 20:00:00,19.18,65.16,1.42,11.84,1,0,26193.93
2025-10-18 21:00:00,22.61,68.05,4.16,14.34,1,0,24071.13
2025-10-18 22:00:00,18.46,73.85,15.64,14.01,1,0,23584.51
2025-10-18 23:00:00,16.54,74.27,0.0,10.77,1,0,21845.48
2025-10-19 00:00:00,14.25,71.61,64.68,7.87,1,0,20272.99
2025-10-19 01:00:00,14.72,78.5,33.3,12.17,1,0,20077.27
2025-10-19 02:00:00,12.69,82.51,0.0,18.69,1,0,17518.51
2025-10-19 03:00:00,18.81,74.82,0.0,11.96,1,0,18480.74
2025-10-19 04:00:00,15.18,78.3,0.0,9.8,1,0,16981.96
2025-10-19 05:00:00,15.61,71.71,4.56,12.71,1,0,17495.25
2025-10-19 06:00:00,17.57,76.49,26.64,12.92,1,0,19840.3
2025-10-19 07:00:00,19.28,71.23,0.0,12.88,1,0,20896.67
2025-10-19 08:00:00,20.45,71.64,16.93,15.64,1,0,22915.03
2025-10-19 09:00:00,21.98,69.68,0.0,12.18,1,0,23244.58
2025-10-19 10:00:00,20.2,69.33,27.86,15.47,1,0,23377.92
2025-10-19 11:00:00,22.01,64.75,16.22,11.64,1,0,21788.35
2025-10-19 12:00:00,24.97,65.2,67.99,16.13,1,0,20656.11
2025-10-19 13:00:00,23.43,70.86,0.0,15.06,1,0,20852.46
2025-10-19 14:00:00,24.87,63.85,51.22,14.06,1,0,20544.42
2025-10-19 15:00:00,25.76,68.39,0.0,13.59,1,0,20046.53
2025-10-19 16:00:00,26.29,67.29,0.0,18.89,1,0,22066.35
2025-10-19 17:00:00,21.18,67.74,0.0,14.6,1,0,21568.48
2025-10-19 18:00:00,24.87,71.17,6.26,7.86,1,0,23682.54
2025-10-19 19:00:00,22.13,66.66,0.0,11.69,1,0,23969.89
2025-10-19 20:00:00,22.61,73.69,0.0,9.91,1,0,24290.85
2025-10-19 21:00:00,21.44,70.44,5.07,18.06,1,0,25292.75
2025-10-19 22:00:00,21.65,68.45,11.29,15.21,1,0,23783.58
2025-10-19 23:00:00,19.98,66.47,1.0,17.94,1,0,21913.47
2025-10-20 00:00:00,18.73,70.79,0.0,8.02,0,0,24121.5
2025-10-20 01:00:00,18.11,70.89,45.72,14.54,0,0,23865.66
2025-10-20 02:00:00,15.54,68.98,3.65,5.91,0,0,22197.05
2025-10-20 03:00:00,14.9,73.72,20.14,5.11,0,0,19948.22
2025-10-20 04:00:00,16.58,69.86,3.57,9.29,0,0,20248.92
2025-10-20 05:00:00,16.83,75.2,0.0,15.98,0,0,21619.71
2025-10-20 06:00:00,15.75,79.05,13.75,7.21,0,0,23369.21
2025-10-20 07:00:00,18.07,66.83,0.0,10.63,0,0,25174.31
2025-10-20 08:00:00,18.49,78.21,8.61,14.84,0,0,27167.08
2025-10-20 09:00:00,18.31,71.01,23.02,13.65,0,0,27327.94
2025-10-20 10:00:00,23.46,62.99,0.0,18.44,0,0,27638.43
2025-10-20 11:00:00,22.44,70.84,0.0,10.7,0,0,26672.63
2025-10-20 12:00:00,27.07,61.85,44.5,9.14,0,0,25567.69
2025-10-20 13:00:00,21.25,68.55,4.43,6.85,0,0,24980.58
2025-10-20 14:00:00,23.67,65.08,3.44,9.4,0,0,28872.54
2025-10-20 15:00:00,24.9,62.32,19.55,6.82,0,0,24866.63
2025-10-20 16:00:00,26.72,66.85,1.24,4.4,0,0,26750.23
2025-10-20 17:00:00,24.89,64.45,16.07,17.56,0,0,25635.31
2025-10-20 18:00:00,23.94,60.71,0.0,10.86,0,0,27008.51
2025-10-20 19:00:00,20.31,71.93,4.97,19.75,0,0,28717.55
2025-10-20 20:00:00,19.05,66.03,0.0,7.75,0,0,29238.41
2025-10-20 21:00:00,20.42,65.01,4.84,9.18,0,0,28001.05
2025-10-20 22:00:00,16.09,78.29,27.63,7.97,0,0,27223.69
2025-10-20 23:00:00,16.39,68.46,0.0,8.44,0,0,26329.24
2025-10-21 00:00:00,17.01,63.43,22.88,13.6,0,0,22992.92
2025-10-21 01:00:00,13.54,78.31,0.0,12.52,0,0,23455.32
2025-10-21 02:00:00,17.7,70.85,18.36,13.61,0,0,22300.17
2025-10-21 03:00:00,16.84,71.97,3.22,15.24,0,0,20537.9
2025-10-21 04:00:00,11.98,75.96,0.0,14.42,0,0,20378.43
2025-10-21 05:00:00,13.63,76.66,8.74,7.01,0,0,21230.0
2025-10-21 06:00:00,11.99,74.2,30.34,8.71,0,0,22742.12
2025-10-21 07:00:00,15.73,79.75,12.13,10.97,0,0,25825.34
2025-10-21 08:00:00,19.73,64.34,23.99,23.59,0,0,27164.03
2025-10-21 09:00:00,18.89,72.78,7.8,13.24,0,0,28495.81
2025-10-21 10:00:00,21.76,70.98,60.11,10.91,0,0,33645.71
2025-10-21 11:00:00,19.4,67.5,39.25,12.9,0,0,25587.81
2025-10-21 12:00:00,24.61,61.76,26.0,8.43,0,0,24803.56
2025-10-21 13:00:00,22.97,71.4,20.17,11.46,0,0,25021.13
2025-10-21 14:00:00,24.49,62.0,45.28,13.88,0,0,24132.46
2025-10-21 15:00:00,24.47,63.55,1.86,10.44,0,0,24300.44
2025-10-21 16:00:00,22.18,71.59,0.0,7.89,0,0,26019.97
2025-10-21 17:00:00,21.89,68.44,8.04,10.27,0,0,24911.76
2025-10-21 18:00:00,24.92,58.38,29.75,9.42,0,0,27851.41
2025-10-21 19:00:00,22.86,74.41,39.78,5.79,0,0,28813.79
2025-10-21 20:00:00,22.82,65.34,0.0,8.54,0,0,29337.1
2025-10-21 21:00:00,20.22,68.19,1.09,5.67,0,0,28234.05
2025-10-21 22:00:00,18.6,72.28,12.99,6.21,0,0,26904.37
2025-10-21 23:00:00,14.03,77.87,0.0,6.55,0,0,25520.33
2025-10-22 00:00:00,15.42,81.97,12.91,13.74,0,0,24159.19
2025-10-22 01:00:00,15.06,67.81,0.0,15.62,0,0,23892.97
2025-10-22 02:00:00,18.12,75.0,25.28,5.03,0,0,21047.45
2025-10-22 03:00:00,15.67,76.87,18.07,15.93,0,0,19952.74
2025-10-22 04:00:00,17.37,71.82,20.26,6.46,0,0,20410.39
2025-10-22 05:00:00,16.18,76.59,0.0,13.02,0,0,21379.24
2025-10-22 06:00:00,14.62,78.58,48.15,11.31,0,0,22032.26
2025-10-22 07:00:00,17.15,67.04,18.95,12.63,0,0,25704.05
2025-10-22 08:00:00,18.57,78.29,19.41,6.32,0,0,26790.56
2025-10-22 09:00:00,17.75,65.79,0.0,4.06,0,0,27958.65
2025-10-22 10:00:00,20.04,65.42,20.49,7.59,0,0,26406.09
2025-10-22 11:00:00,21.57,67.54,28.42,11.9,0,0,24893.44
2025-10-22 12:00:00,25.86,72.43,6.77,17.25,0,0,25369.11
2025-10-22 13:00:00,20.02,68.75,18.26,6.8,0,0,24083.44
2025-10-22 14:00:00,26.44,64.08,18.77,10.06,0,0,25073.69
2025-10-22 15:00:00,22.75,73.25,20.11,7.78,0,0,23996.7
2025-10-22 16:00:00,21.8,67.18,0.0,10.34,0,0,25845.72
2025-10-22 17:00:00,25.89,59.99,3.47,3.65,0,0,25486.21
2025-10-22 18:00:00,24.29,64.47,0.0,15.65,0,0,26839.92
2025-10-22 19:00:00,24.2,71.7,0.0,10.49,0,0,28612.67
2025-10-22 20:00:00,22.17,68.33,25.88,13.61,0,0,29515.59
2025-10-22 21:00:00,23.15,74.89,51.31,9.59,0,0,29315.89
2025-10-22 22:00:00,19.15,73.72,16.96,11.07,0,0,27898.4
2025-10-22 23:00:00,16.66,70.43,0.0,14.35,0,0,26485.33
2025-10-23 00:00:00,16.32,73.52,0.0,10.73,0,0,24149.9
2025-10-23 01:00:00,17.14,69.16,14.9,10.86,0,0,22214.37
2025-10-23 02:00:00,13.0,73.63,12.08,7.49,0,0,21121.84
2025-10-23 03:00:00,13.06,94.16,24.68,8.4,0,0,21479.49
2025-10-23 04:00:00,13.85,79.61,0.0,6.73,0,0,20757.97
2025-10-23 05:00:00,11.12,81.44,0.0,7.69,0,0,21617.3
2025-10-23 06:00:00,15.95,71.15,43.81,14.65,0,0,22450.46
2025-10-23 07:00:00,13.34,82.27,8.97,16.6,0,0,24926.13
2025-10-23 08:00:00,18.04,76.16,0.0,5.91,0,0,26540.38
2025-10-23 09:00:00,20.79,76.82,57.37,11.66,0,0,26806.97
2025-10-23 10:00:00,19.67,77.63,0.0,9.16,0,0,27128.1
2025-10-23 11:00:00,24.76,59.8,0.0,15.16,0,0,27412.96
2025-10-23 12:00:00,20.14,65.43,48.22,10.74,0,0,24460.63
2025-10-23 13:00:00,25.71,60.85,50.76,10.25,0,0,25794.74
2025-10-23 14:00:00,25.28,61.47,35.45,7.67,0,0,23997.62
2025-10-23 15:00:00,21.15,70.26,0.0,4.91,0,0,23251.5
2025-10-23 16:00:00,28.95,59.68,13.02,12.94,0,0,28640.54
2025-10-23 17:00:00,23.45,75.19,0.55,11.51,0,0,25643.44
2025-10-23 18:00:00,21.19,76.55,0.0,11.59,0,0,28162.24
2025-10-23 19:00:00,19.2,70.69,35.3,8.17,0,0,29809.81
2025-10-23 20:00:00,20.13,77.7,0.0,9.76,0,0,29319.03
2025-10-23 21:00:00,19.01,76.84,7.9,13.04,0,0,29726.69
2025-10-23 22:00:00,18.13,69.88,29.85,13.71,0,0,26766.48
2025-10-23 23:00:00,16.2,65.38,9.54,6.15,0,0,25205.92
2025-10-24 00:00:00,16.64,72.15,31.03,7.93,0,1,19766.54
2025-10-24 01:00:00,14.01,72.81,14.09,5.28,0,1,17665.03
2025-10-24 02:00:00,10.72,79.18,10.73,10.85,0,1,18074.52
2025-10-24 03:00:00,13.77,75.96,9.17,13.24,0,1,17399.28
2025-10-24 04:00:00,9.94,79.31,15.34,9.17,0,1,17493.57
2025-10-24 05:00:00,15.34,76.29,0.0,7.83,0,1,16493.38
2025-10-24 06:00:00,13.74,70.78,0.0,8.97,0,1,19042.91
2025-10-24 07:00:00,16.83,74.5,32.03,18.22,0,1,19378.71
2025-10-24 08:00:00,20.11,68.14,44.85,14.32,0,1,21005.92
2025-10-24 09:00:00,17.33,73.2,28.65,12.7,0,1,22128.21
2025-10-24 10:00:00,22.24,71.81,13.67,11.27,0,1,21813.31
2025-10-24 11:00:00,20.76,64.42,0.0,10.1,0,1,19956.54
2025-10-24 12:00:00,25.73,63.72,33.76,6.97,0,1,21603.48
2025-10-24 13:00:00,22.71,67.09,0.0,6.43,0,1,18183.83
2025-10-24 14:00:00,22.35,65.83,0.0,8.16,0,1,19327.52
2025-10-24 15:00:00,25.27,68.86,21.83,6.81,0,1,26536.25
2025-10-24 16:00:00,23.08,64.35,0.0,8.02,0,1,18660.75
2025-10-24 17:00:00,21.85,66.11,16.81,9.79,0,1,21489.22
2025-10-24 18:00:00,21.71,65.62,0.0,10.06,0,1,21387.43
2025-10-24 19:00:00,21.46,73.05,0.0,7.97,0,1,23146.98
2025-10-24 20:00:00,22.75,65.56,0.0,11.88,0,1,23813.22
2025-10-24 21:00:00,15.55,75.85,0.0,9.48,0,1,22137.72
2025-10-24 22:00:00,17.78,79.9,0.0,10.9,0,1,21171.85
2025-10-24 23:00:00,17.66,71.81,0.0,7.54,0,1,21644.44
2025-10-25 00:00:00,15.65,78.36,0.0,12.45,1,0,20218.62
2025-10-25 01:00:00,16.86,79.51,0.0,8.15,1,0,18084.97
2025-10-25 02:00:00,13.87,79.63,0.0,15.66,1,0,18676.88
2025-10-25 03:00:00,13.5,75.78,6.01,9.24,1,0,17602.3
2025-10-25 04:00:00,15.07,77.01,0.0,9.69,1,0,17188.71
2025-10-25 05:00:00,14.68,69.64,10.64,12.1,1,0,16523.76
2025-10-25 06:00:00,14.6,71.74,0.0,12.87,1,0,19517.04
2025-10-25 07:00:00,17.27,70.04,0.0,13.24,1,0,20824.18
2025-10-25 08:00:00,16.37,82.23,14.34,16.24,1,0,22923.36
2025-10-25 09:00:00,17.74,68.78,41.46,12.34,1,0,23681.21
2025-10-25 10:00:00,19.18,67.43,51.43,9.79,1,0,23175.76
2025-10-25 11:00:00,23.77,62.43,73.49,8.17,1,0,22840.0
2025-10-25 12:00:00,16.57,75.33,24.93,9.56,1,0,22489.24
2025-10-25 13:00:00,23.88,67.08,29.99,15.22,1,0,19880.1
2025-10-25 14:00:00,23.73,70.99,3.93,5.17,1,0,20249.77
2025-10-25 15:00:00,20.81,71.96,0.0,7.16,1,0,21095.77
2025-10-25 16:00:00,24.22,60.68,22.89,9.26,1,0,20981.39
2025-10-25 17:00:00,24.02,63.15,0.0,7.11,1,0,20148.94
2025-10-25 18:00:00,23.43,72.37,30.81,8.6,1,0,23110.38
2025-10-25 19:00:00,16.56,72.28,0.0,16.35,1,0,25327.87
2025-10-25 20:00:00,22.59,72.42,12.16,8.98,1,0,24168.42
2025-10-25 21:00:00,17.51,71.64,0.0,11.47,1,0,24669.0
2025-10-25 22:00:00,18.78,67.23,0.0,4.22,1,0,21995.75
2025-10-25 23:00:00,17.67,70.88,13.48,6.17,1,0,22483.27
2025-10-26 00:00:00,13.52,71.96,0.0,13.18,1,0,20418.43
2025-10-26 01:00:00,15.5,71.79,0.0,15.75,1,0,19468.8
2025-10-26 02:00:00,13.11,77.0,0.0,10.69,1,0,18601.46
2025-10-26 03:00:00,9.91,81.13,44.63,8.84,1,0,17293.13
2025-10-26 04:00:00,15.91,67.32,0.0,11.65,1,0,17701.08
2025-10-26 05:00:00,12.91,76.31,1.29,2.0,1,0,17303.45
2025-10-26 06:00:00,13.56,73.45,0.0,10.71,1,0,19861.29
2025-10-26 07:00:00,15.41,71.54,15.16,6.25,1,0,20740.16
2025-10-26 08:00:00,17.83,72.48,3.23,12.69,1,0,24208.65
2025-10-26 09:00:00,18.53,69.12,21.28,2.24,1,0,24365.87
2025-10-26 10:00:00,20.92,74.7,42.06,7.71,1,0,24263.7
2025-10-26 11:00:00,18.73,75.9,14.35,9.77,1,0,23351.26
2025-10-26 12:00:00,20.84,73.97,64.43,7.25,1,0,20652.93
2025-10-26 13:00:00,22.76,65.54,65.56,8.6,1,0,20042.25
2025-10-26 14:00:00,26.88,59.96,47.37,13.08,1,0,23075.97
2025-10-26 15:00:00,23.43,67.24,28.05,9.83,1,0,20521.08
2025-10-26 16:00:00,25.42,64.52,0.0,6.65,1,0,22027.39
2025-10-26 17:00:00,23.04,64.83,20.23,13.2,1,0,21514.38
2025-10-26 18:00:00,21.3,64.13,0.0,10.79,1,0,22842.78
2025-10-26 19:00:00,20.69,69.21,0.0,10.94,1,0,25065.15
2025-10-26 20:00:00,19.63,68.72,0.0,6.79,1,0,23794.58
2025-10-26 21:00:00,19.72,73.01,12.34,2.0,1,0,25034.74
2025-10-26 22:00:00,19.82,72.82,0.0,6.74,1,0,23576.44
2025-10-26 23:00:00,16.78,77.3,2.96,6.38,1,0,21573.15
2025-10-27 00:00:00,17.04,67.63,22.62,7.66,0,0,23852.68
2025-10-27 01:00:00,12.37,78.47,0.0,6.86,0,0,23456.44
2025-10-27 02:00:00,12.86,73.52,30.4,10.2,0,0,22357.75
2025-10-27 03:00:00,12.14,72.19,0.0,12.89,0,0,21182.35
2025-10-27 04:00:00,14.18,73.52,15.01,13.57,0,0,19524.52
2025-10-27 05:00:00,13.46,80.16,0.0,12.73,0,0,22721.79
2025-10-27 06:00:00,16.22,71.91,25.78,6.66,0,0,22850.0
2025-10-27 07:00:00,14.26,81.43,32.29,10.01,0,0,25050.81
2025-10-27 08:00:00,17.22,74.7,31.78,15.28,0,0,28063.69
2025-10-27 09:00:00,19.68,68.71,18.56,4.26,0,0,26284.17
2025-10-27 10:00:00,16.02,78.22,0.0,14.52,0,0,28216.99
2025-10-27 11:00:00,24.76,67.5,29.01,6.32,0,0,26072.65
2025-10-27 12:00:00,21.47,64.95,67.91,10.83,0,0,24438.17
2025-10-27 13:00:00,19.12,78.23,42.03,11.25,0,0,23527.45
2025-10-27 14:00:00,23.55,67.84,0.0,10.47,0,0,23290.45
2025-10-27 15:00:00,23.5,66.93,0.27,17.6,0,0,24028.14
2025-10-27 16:00:00,23.12,63.77,51.4,8.75,0,0,24926.03
2025-10-27 17:00:00,24.55,70.62,22.59,4.07,0,0,26324.78
2025-10-27 18:00:00,23.32,69.08,0.0,11.05,0,0,27508.83
2025-10-27 19:00:00,21.48,71.18,0.0,9.21,0,0,28522.1
2025-10-27 20:00:00,20.54,67.48,0.0,11.75,0,0,30370.68
2025-10-27 21:00:00,18.25,74.91,0.0,12.89,0,0,30591.7
2025-10-27 22:00:00,20.34,73.34,0.0,9.69,0,0,32427.7
2025-10-27 23:00:00,13.28,73.37,61.29,11.33,0,0,25552.05
2025-10-28 00:00:00,14.96,68.87,0.0,10.21,0,0,24163.31
2025-10-28 01:00:00,14.03,77.7,0.0,15.97,0,0,23706.9
2025-10-28 02:00:00,14.88,68.31,32.8,8.41,0,0,23246.07
2025-10-28 03:00:00,11.72,78.06,18.73,7.3,0,0,20564.15
2025-10-28 04:00:00,10.27,76.97,0.0,12.78,0,0,20013.91
2025-10-28 05:00:00,14.19,80.1,0.0,6.45,0,0,21705.27
2025-10-28 06:00:00,15.21,72.74,0.0,11.07,0,0,23247.78
2025-10-28 07:00:00,18.42,75.85,4.49,9.11,0,0,24415.07
2025-10-28 08:00:00,14.66,72.75,27.69,9.35,0,0,27258.26
2025-10-28 09:00:00,20.32,73.71,58.18,18.23,0,0,28667.92
2025-10-28 10:00:00,23.8,74.82,21.91,14.02,0,0,26508.78
2025-10-28 11:00:00,20.06,65.67,36.99,13.28,0,0,25217.81
2025-10-28 12:00:00,19.45,71.66,19.48,11.56,0,0,24802.33
2025-10-28 13:00:00,21.84,79.34,47.37,7.28,0,0,24697.42
2025-10-28 14:00:00,23.1,67.48,57.01,10.62,0,0,24066.67
2025-10-28 15:00:00,24.26,66.41,46.29,11.74,0,0,25033.08
2025-10-28 16:00:00,22.01,71.34,0.0,10.4,0,0,24914.8
2025-10-28 17:00:00,25.37,65.33,14.85,10.03,0,0,32980.48
2025-10-28 18:00:00,19.77,63.38,0.0,8.31,0,0,26867.39
2025-10-28 19:00:00,17.61,76.68,25.28,10.66,0,0,28055.71
2025-10-28 20:00:00,21.53,60.61,0.0,7.86,0,0,29278.98
2025-10-28 21:00:00,14.15,73.6,0.0,12.16,0,0,27978.54
2025-10-28 22:00:00,16.58,77.91,0.0,2.65,0,0,33259.71
2025-10-28 23:00:00,21.35,67.36,11.46,14.46,0,0,24474.73
2025-10-29 00:00:00,14.49,72.18,6.1,5.02,0,0,23542.68
2025-10-29 01:00:00,11.7,80.99,0.0,5.87,0,0,23208.13
2025-10-29 02:00:00,13.11,72.8,0.0,11.04,0,0,21523.36
2025-10-29 03:00:00,12.96,71.45,0.0,11.5,0,0,20534.62
2025-10-29 04:00:00,13.51,76.94,0.0,16.88,0,0,20057.04
2025-10-29 05:00:00,14.91,73.85,0.0,10.64,0,0,21793.27
2025-10-29 06:00:00,12.64,71.65,24.25,9.47,0,0,22307.16
2025-10-29 07:00:00,18.58,73.83,0.0,10.28,0,0,25368.03
2025-10-29 08:00:00,17.19,74.39,26.24,15.17,0,0,27160.88
2025-10-29 09:00:00,19.36,69.14,34.15,18.09,0,0,27459.29
2025-10-29 10:00:00,18.21,70.45,63.8,8.96,0,0,26635.99
2025-10-29 11:00:00,22.86,69.31,72.03,11.51,0,0,25056.61
2025-10-29 12:00:00,21.12,73.75,63.77,9.35,0,0,26016.86
2025-10-29 13:00:00,22.88,66.28,53.62,9.28,0,0,24302.44
2025-10-29 14:00:00,21.2,71.54,13.94,16.18,0,0,23910.25
2025-10-29 15:00:00,21.25,71.14,6.07,6.37,0,0,25629.34
2025-10-29 16:00:00,24.12,69.81,2.04,2.0,0,0,24904.61
2025-10-29 17:00:00,21.58,68.74,30.8,10.72,0,0,27438.94
2025-10-29 18:00:00,20.05,66.31,1.83,13.81,0,0,26415.32
2025-10-29 19:00:00,19.39,68.7,21.72,10.38,0,0,28699.59
2025-10-29 20:00:00,20.6,70.83,25.07,11.36,0,0,33916.18
2025-10-29 21:00:00,16.91,80.05,0.0,12.24,0,0,28774.35
2025-10-29 22:00:00,16.54,71.18,0.8,10.0,0,0,27253.43
2025-10-29 23:00:00,15.57,77.21,0.0,11.55,0,0,25487.87
2025-10-30 00:00:00,10.87,76.9,0.0,11.41,0,0,24202.21
2025-10-30 01:00:00,10.87,78.66,0.0,2.66,0,0,23403.07
2025-10-30 02:00:00,13.63,81.79,29.62,9.92,0,0,22131.94
2025-10-30 03:00:00,11.53,80.68,1.3,4.01,0,0,20343.53
2025-10-30 04:00:00,14.93,69.6,0.33,9.39,0,0,20992.1
2025-10-30 05:00:00,15.26,71.98,0.0,7.79,0,0,20247.58
2025-10-30 06:00:00,15.61,78.98,16.88,13.14,0,0,23121.68
2025-10-30 07:00:00,18.63,71.8,0.0,10.37,0,0,24360.55
2025-10-30 08:00:00,16.41,68.64,36.19,11.17,0,0,26256.92
2025-10-30 09:00:00,19.02,67.61,47.16,8.85,0,0,26999.68
2025-10-30 10:00:00,18.09,74.53,32.68,13.2,0,0,26874.06
2025-10-30 11:00:00,24.77,69.68,55.89,3.93,0,0,26130.04
2025-10-30 12:00:00,24.96,65.61,54.29,6.38,0,0,24365.03
2025-10-30 13:00:00,22.2,77.92,46.97,14.02,0,0,23986.44
2025-10-30 14:00:00,23.38,70.25,43.32,7.99,0,0,23471.12
2025-10-30 15:00:00,25.3,64.26,36.65,2.01,0,0,24045.51
2025-10-30 16:00:00,22.42,64.56,28.07,14.6,0,0,25482.15
2025-10-30 17:00:00,21.0,65.2,14.35,13.29,0,0,24880.88
2025-10-30 18:00:00,22.96,68.68,0.0,12.01,0,0,27384.47
2025-10-30 19:00:00,20.49,67.6,0.0,9.85,0,0,29957.48
2025-10-30 20:00:00,19.48,77.16,6.62,15.33,0,0,30284.0
2025-10-30 21:00:00,16.35,79.15,2.43,13.92,0,0,29130.22
2025-10-30 22:00:00,13.47,78.41,23.84,14.94,0,0,27325.35
2025-10-30 23:00:00,15.78,69.08,15.5,11.95,0,0,26264.41
2025-10-31 00:00:00,15.75,71.14,0.0,9.87,0,0,24077.06
2025-10-31 01:00:00,12.92,81.39,0.0,8.04,0,0,24263.59
2025-10-31 02:00:00,15.42,71.87,0.0,5.0,0,0,22116.76
2025-10-31 03:00:00,11.39,82.24,0.0,11.19,0,0,21528.13
2025-10-31 04:00:00,10.93,80.06,0.0,11.49,0,0,20149.32
2025-10-31 05:00:00,13.21,76.32,15.29,8.21,0,0,22199.04
2025-10-31 06:00:00,13.98,72.61,4.43,11.58,0,0,22878.44
2025-10-31 07:00:00,16.55,72.73,44.49,8.27,0,0,24083.46
2025-10-31 08:00:00,14.97,75.29,32.53,12.47,0,0,26850.15
2025-10-31 09:00:00,20.12,74.02,16.72,6.35,0,0,27970.04
2025-10-31 10:00:00,22.49,64.22,34.23,5.74,0,0,28018.36
2025-10-31 11:00:00,20.09,68.87,66.31,8.59,0,0,25149.46
2025-10-31 12:00:00,23.44,67.08,12.66,12.34,0,0,23648.92
2025-10-31 13:00:00,20.09,72.57,17.56,5.38,0,0,24578.09
2025-10-31 14:00:00,24.42,62.39,46.18,13.11,0,0,24509.08
2025-10-31 15:00:00,24.54,60.65,61.26,3.69,0,0,23464.09
2025-10-31 16:00:00,24.04,69.06,59.18,8.57,0,0,24534.11
2025-10-31 17:00:00,21.96,62.16,8.29,4.49,0,0,25600.58
2025-10-31 18:00:00,15.88,78.85,26.52,2.0,0,0,27870.95
2025-10-31 19:00:00,19.0,70.28,1.81,10.72,0,0,28584.82
2025-10-31 20:00:00,17.83,65.76,0.0,8.81,0,0,29216.92
2025-10-31 21:00:00,15.9,71.77,0.0,4.55,0,0,28928.24
2025-10-31 22:00:00,16.59,74.59,0.0,7.63,0,0,26440.15
2025-10-31 23:00:00,14.41,72.9,22.96,10.98,0,0,27021.1
2025-11-01 00:00:00,12.45,76.88,0.0,8.07,1,1,16816.27
2025-11-01 01:00:00,11.23,80.85,0.0,8.67,1,1,15548.07
2025-11-01 02:00:00,11.35,76.98,0.0,7.97,1,1,14478.47
2025-11-01 03:00:00,14.49,71.21,0.0,7.32,1,1,13422.85
2025-11-01 04:00:00,11.45,76.5,0.0,7.28,1,1,14103.23
2025-11-01 05:00:00,12.21,82.67,0.0,7.18,1,1,13601.68
2025-11-01 06:00:00,13.11,82.94,5.78,6.73,1,1,15466.81
2025-11-01 07:00:00,15.58,65.9,0.0,5.8,1,1,15993.29
2025-11-01 08:00:00,16.99,77.07,53.1,8.03,1,1,18575.58
2025-11-01 09:00:00,11.99,78.21,69.72,7.12,1,1,19058.24
2025-11-01 10:00:00,20.6,73.16,23.51,5.61,1,1,18212.64
2025-11-01 11:00:00,22.55,65.5,47.12,12.04,1,1,17667.74
2025-11-01 12:00:00,19.11,63.73,81.36,13.68,1,1,17369.53
2025-11-01 13:00:00,20.05,72.29,54.54,9.36,1,1,16601.89
2025-11-01 14:00:00,21.49,64.9,14.06,9.59,1,1,16906.0
2025-11-01 15:00:00,21.11,63.45,36.36,6.94,1,1,15731.04
2025-11-01 16:00:00,22.7,62.3,6.92,13.1,1,1,17072.98
2025-11-01 17:00:00,18.29,73.94,42.33,15.45,1,1,17660.0
2025-11-01 18:00:00,18.99,71.47,15.15,8.79,1,1,19369.72
2025-11-01 19:00:00,22.74,70.66,0.0,7.54,1,1,19640.28
2025-11-01 20:00:00,17.09,75.3,3.55,10.56,1,1,19996.72
2025-11-01 21:00:00,19.71,68.58,0.0,9.81,1,1,19258.4
2025-11-01 22:00:00,16.81,72.59,0.0,7.61,1,1,19557.72
2025-11-01 23:00:00,11.71,75.42,38.83,11.01,1,1,16038.48
2025-11-02 00:00:00,14.88,73.77,1.34,12.58,1,0,20593.67
2025-11-02 01:00:00,12.73,72.67,23.25,6.54,1,0,23916.55
2025-11-02 02:00:00,11.63,79.09,5.8,18.19,1,0,18815.96
2025-11-02 03:00:00,12.72,80.85,32.86,3.93,1,0,17409.63
2025-11-02 04:00:00,13.3,72.76,0.0,6.31,1,0,17009.82
2025-11-02 05:00:00,14.22,80.33,0.0,10.11,1,0,18134.08
2025-11-02 06:00:00,15.86,74.18,41.12,17.16,1,0,19019.32
2025-11-02 07:00:00,15.51,75.01,39.45,7.32,1,0,21453.17
2025-11-02 08:00:00,13.51,69.04,63.17,5.56,1,0,23007.69
2025-11-02 09:00:00,16.42,65.99,42.31,11.22,1,0,22732.15
2025-11-02 10:00:00,23.87,67.09,38.6,8.42,1,0,23243.28
2025-11-02 11:00:00,21.08,72.19,32.35,11.62,1,0,22160.71
2025-11-02 12:00:00,25.08,62.74,32.65,9.05,1,0,20850.16
2025-11-02 13:00:00,24.12,72.97,78.2,6.29,1,0,19857.26
2025-11-02 14:00:00,22.54,70.65,64.86,17.51,1,0,19970.19
2025-11-02 15:00:00,22.82,63.83,40.81,2.0,1,0,20700.77
2025-11-02 16:00:00,22.04,68.29,42.74,15.66,1,0,20984.18
2025-11-02 17:00:00,18.48,81.28,19.11,12.56,1,0,22823.87
2025-11-02 18:00:00,20.84,64.27,24.06,6.68,1,0,22996.9
2025-11-02 19:00:00,21.96,70.35,23.82,15.85,1,0,23947.76
2025-11-02 20:00:00,17.49,70.97,0.0,4.49,1,0,29594.4
2025-11-02 21:00:00,18.02,74.61,6.84,12.82,1,0,23888.66
2025-11-02 22:00:00,17.52,77.3,0.0,2.0,1,0,22721.49
2025-11-02 23:00:00,13.14,74.63,3.33,5.28,1,0,21412.22
2025-11-03 00:00:00,12.74,81.01,15.11,5.21,0,0,21888.68
2025-11-03 01:00:00,10.93,87.05,0.0,6.61,0,0,24014.13
2025-11-03 02:00:00,10.78,78.56,0.0,9.27,0,0,23180.89
2025-11-03 03:00:00,9.77,82.35,0.24,6.34,0,0,22156.34
2025-11-03 04:00:00,10.64,76.06,5.85,2.1,0,0,21703.86
2025-11-03 05:00:00,15.31,74.3,0.0,10.85,0,0,21947.84
2025-11-03 06:00:00,11.9,76.58,0.0,9.4,0,0,22779.07
2025-11-03 07:00:00,14.82,77.85,15.15,10.66,0,0,25856.77
2025-11-03 08:00:00,14.89,79.42,0.0,9.83,0,0,26736.17
2025-11-03 09:00:00,19.21,70.27,39.26,12.57,0,0,27196.17
2025-11-03 10:00:00,20.74,75.47,44.18,8.97,0,0,26468.59
2025-11-03 11:00:00,21.14,75.09,58.22,12.78,0,0,25623.0
2025-11-03 12:00:00,21.17,72.33,49.77,6.52,0,0,24996.62
2025-11-03 13:00:00,21.0,67.04,23.89,6.72,0,0,25282.96
2025-11-03 14:00:00,19.77,67.76,46.05,14.05,0,0,24588.98
2025-11-03 15:00:00,25.59,61.72,68.35,13.98,0,0,24375.85
2025-11-03 16:00:00,20.55,73.3,63.41,11.24,0,0,24066.65
2025-11-03 17:00:00,22.61,62.8,77.48,6.12,0,0,26155.22
2025-11-03 18:00:00,22.53,70.43,42.29,5.84,0,0,27922.47
2025-11-03 19:00:00,18.59,66.94,0.0,13.88,0,0,29651.59
2025-11-03 20:00:00,20.25,73.07,0.0,13.69,0,0,29325.31
2025-11-03 21:00:00,18.46,71.45,0.0,9.01,0,0,29158.91
2025-11-03 22:00:00,18.9,76.32,0.0,17.43,0,0,27892.21
2025-11-03 23:00:00,13.74,80.2,1.74,10.84,0,0,24907.4
2025-11-04 00:00:00,11.05,83.8,60.19,5.3,0,0,24278.77
2025-11-04 01:00:00,11.66,83.35,0.0,8.21,0,0,23991.97
2025-11-04 02:00:00,12.45,77.37,0.0,9.2,0,0,22535.43
2025-11-04 03:00:00,12.0,72.56,41.1,9.48,0,0,20681.33
2025-11-04 04:00:00,11.36,73.57,0.0,13.55,0,0,21904.01
2025-11-04 05:00:00,9.13,71.44,9.84,5.83,0,0,23385.35
2025-11-04 06:00:00,14.21,70.88,25.87,4.52,0,0,22989.75
2025-11-04 07:00:00,17.95,72.12,29.64,11.29,0,0,25012.44
2025-11-04 08:00:00,16.44,70.97,38.56,7.4,0,0,27254.82
2025-11-04 09:00:00,18.0,71.08,71.22,17.66,0,0,27435.66
2025-11-04 10:00:00,19.22,72.67,36.16,12.48,0,0,27786.22
2025-11-04 11:00:00,20.11,68.68,52.82,7.34,0,0,24973.24
2025-11-04 12:00:00,22.11,63.61,80.92,13.42,0,0,24626.33
2025-11-04 13:00:00,21.94,68.04,13.49,11.73,0,0,24700.63
2025-11-04 14:00:00,21.17,65.35,93.9,11.4,0,0,24767.8
2025-11-04 15:00:00,20.47,68.49,55.34,8.75,0,0,23287.73
2025-11-04 16:00:00,21.28,74.22,37.59,10.65,0,0,24125.2
2025-11-04 17:00:00,21.8,67.3,0.0,2.0,0,0,24696.1
2025-11-04 18:00:00,19.87,77.2,0.0,13.79,0,0,26768.36
2025-11-04 19:00:00,19.97,75.75,0.0,2.0,0,0,28023.54
2025-11-04 20:00:00,18.98,68.6,20.19,7.63,0,0,29850.44
2025-11-04 21:00:00,18.4,67.0,0.0,3.59,0,0,29002.59
2025-11-04 22:00:00,17.91,71.67,19.71,7.43,0,0,27235.93
2025-11-04 23:00:00,14.54,79.53,0.0,8.92,0,0,25802.55
2025-11-05 00:00:00,10.82,76.3,0.0,4.94,0,0,24963.32
2025-11-05 01:00:00,11.76,81.05,6.34,2.0,0,0,22702.19
2025-11-05 02:00:00,11.96,82.07,6.73,9.86,0,0,20952.68
2025-11-05 03:00:00,8.41,77.33,0.0,16.43,0,0,22767.89
2025-11-05 04:00:00,14.38,72.35,15.62,7.9,0,0,19800.14
2025-11-05 05:00:00,12.64,79.47,0.0,12.49,0,0,20306.29
2025-11-05 06:00:00,13.86,76.13,0.0,14.4,0,0,23343.75
2025-11-05 07:00:00,16.67,70.25,22.32,2.48,0,0,23856.79
2025-11-05 08:00:00,14.29,73.73,27.08,7.53,0,0,26242.2
2025-11-05 09:00:00,17.75,71.74,4.82,4.66,0,0,25920.42
2025-11-05 10:00:00,17.81,65.71,80.79,6.31,0,0,27128.13
2025-11-05 11:00:00,18.88,74.07,37.77,15.09,0,0,26819.86
2025-11-05 12:00:00,18.86,69.11,69.72,9.91,0,0,24410.22
2025-11-05 13:00:00,24.04,55.23,72.8,11.89,0,0,23743.73
2025-11-05 14:00:00,20.87,69.12,62.34,8.98,0,0,25275.32
2025-11-05 15:00:00,22.97,64.36,79.72,4.89,0,0,24658.16
2025-11-05 16:00:00,18.17,78.4,34.37,11.5,0,0,26292.62
2025-11-05 17:00:00,23.17,64.81,29.17,13.52,0,0,25890.19
2025-11-05 18:00:00,22.14,63.68,0.0,10.24,0,0,27483.24
2025-11-05 19:00:00,19.39,72.58,15.32,10.84,0,0,29792.87
2025-11-05 20:00:00,17.6,69.52,34.84,4.81,0,0,29403.39
2025-11-05 21:00:00,17.43,69.2,3.44,11.61,0,0,29014.41
2025-11-05 22:00:00,19.54,72.45,19.55,13.84,0,0,25762.07
2025-11-05 23:00:00,11.04,73.9,36.38,10.55,0,0,27180.08
2025-11-06 00:00:00,14.4,69.21,33.93,2.8,0,0,24091.02
2025-11-06 01:00:00,10.56,85.4,0.0,14.82,0,0,23727.18
2025-11-06 02:00:00,11.66,79.82,25.91,5.78,0,0,22858.71
2025-11-06 03:00:00,11.08,76.97,6.22,10.45,0,0,20215.99
2025-11-06 04:00:00,10.93,78.15,27.93,12.43,0,0,20002.65
2025-11-06 05:00:00,12.18,79.06,14.22,12.87,0,0,21327.94
2025-11-06 06:00:00,10.95,82.04,6.89,2.79,0,0,23311.32
2025-11-06 07:00:00,15.88,70.68,30.36,9.5,0,0,25426.07
2025-11-06 08:00:00,12.01,78.66,44.07,9.27,0,0,26961.68
2025-11-06 09:00:00,17.5,70.22,60.66,14.13,0,0,27882.9
2025-11-06 10:00:00,17.24,71.73,61.31,10.7,0,0,26101.2
2025-11-06 11:00:00,16.92,73.41,66.52,14.16,0,0,26627.75
2025-11-06 12:00:00,20.43,69.59,119.46,10.98,0,0,24468.26
2025-11-06 13:00:00,18.06,74.69,84.75,8.83,0,0,24292.75
2025-11-06 14:00:00,21.43,70.66,50.95,9.77,0,0,23724.86
2025-11-06 15:00:00,18.97,64.89,46.37,14.42,0,0,24063.52
2025-11-06 16:00:00,22.19,62.6,64.1,4.55,0,0,24894.25
2025-11-06 17:00:00,19.2,69.24,1.11,12.26,0,0,26263.53
2025-11-06 18:00:00,19.25,77.99,0.0,6.89,0,0,27921.72
2025-11-06 19:00:00,19.56,66.99,0.0,6.14,0,0,29134.87
2025-11-06 20:00:00,16.43,72.38,0.0,12.67,0,0,29112.73
2025-11-06 21:00:00,16.42,71.08,0.0,6.0,0,0,29093.87
2025-11-06 22:00:00,12.51,74.52,0.0,10.41,0,0,27492.11
2025-11-06 23:00:00,15.16,75.07,34.63,7.38,0,0,25823.98
2025-11-07 00:00:00,15.99,79.21,0.0,2.0,0,0,24184.2
2025-11-07 01:00:00,17.04,74.49,0.0,10.73,0,0,22509.64
2025-11-07 02:00:00,11.68,74.27,0.0,9.5,0,0,20946.31
2025-11-07 03:00:00,12.76,87.53,0.0,2.37,0,0,21507.25
2025-11-07 04:00:00,8.31,80.84,0.0,6.61,0,0,21600.58
2025-11-07 05:00:00,14.72,72.44,0.0,2.73,0,0,21238.62
2025-11-07 06:00:00,14.21,80.86,51.61,11.62,0,0,22419.72
2025-11-07 07:00:00,12.98,74.44,37.16,13.92,0,0,25956.21
2025-11-07 08:00:00,17.28,79.1,34.48,12.03,0,0,27027.19
2025-11-07 09:00:00,15.89,70.22,73.64,12.52,0,0,27356.36
2025-11-07 10:00:00,16.82,78.58,55.77,7.25,0,0,27145.48
2025-11-07 11:00:00,19.7,71.07,56.73,10.97,0,0,24664.85
2025-11-07 12:00:00,17.97,76.99,122.06,9.03,0,0,25025.32
2025-11-07 13:00:00,22.52,75.34,48.19,9.71,0,0,25221.66
2025-11-07 14:00:00,19.27,66.13,59.96,12.41,0,0,24320.29
2025-11-07 15:00:00,19.46,75.59,63.83,13.17,0,0,24371.32
2025-11-07 16:00:00,19.54,64.78,16.32,7.69,0,0,24539.27
2025-11-07 17:00:00,22.04,63.98,36.83,4.13,0,0,26489.47
2025-11-07 18:00:00,18.77,67.89,0.0,8.4,0,0,28136.08
2025-11-07 19:00:00,16.42,75.24,16.6,8.29,0,0,28572.97
2025-11-07 20:00:00,16.55,73.24,14.65,10.05,0,0,29733.12
2025-11-07 21:00:00,16.29,72.67,0.0,11.97,0,0,29004.67
2025-11-07 22:00:00,12.93,76.95,42.77,2.36,0,0,27597.07
2025-11-07 23:00:00,11.77,79.77,0.0,6.71,0,0,25321.82
2025-11-08 00:00:00,16.43,75.89,33.72,5.66,1,0,21004.22
2025-11-08 01:00:00,10.29,83.12,29.37,13.41,1,0,20696.49
2025-11-08 02:00:00,10.75,85.61,44.27,8.3,1,0,19976.36
2025-11-08 03:00:00,10.5,78.46,4.35,7.24,1,0,17310.15
2025-11-08 04:00:00,10.58,76.39,0.0,10.92,1,0,16741.43
2025-11-08 05:00:00,12.95,78.8,51.92,6.96,1,0,19161.64
2025-11-08 06:00:00,14.34,70.52,0.0,8.98,1,0,20281.73
2025-11-08 07:00:00,13.11,73.49,1.3,15.38,1,0,20835.59
2025-11-08 08:00:00,12.64,80.62,37.07,15.28,1,0,23343.99
2025-11-08 09:00:00,18.46,70.89,34.59,7.61,1,0,23049.31
2025-11-08 10:00:00,17.29,67.61,85.57,8.39,1,0,21811.6
2025-11-08 11:00:00,21.78,62.44,65.63,6.87,1,0,20562.25
2025-11-08 12:00:00,15.66,74.1,76.43,2.29,1,0,21051.08
2025-11-08 13:00:00,20.85,73.8,104.97,12.66,1,0,21631.46
2025-11-08 14:00:00,24.45,70.51,88.01,17.51,1,0,21572.41
2025-11-08 15:00:00,20.53,69.97,59.52,7.48,1,0,21431.87
2025-11-08 16:00:00,20.59,77.5,46.08,6.17,1,0,21573.04
2025-11-08 17:00:00,21.03,68.65,21.95,8.08,1,0,22124.11
2025-11-08 18:00:00,18.69,70.62,0.0,9.33,1,0,23984.31
2025-11-08 19:00:00,18.1,61.44,0.0,5.06,1,0,23218.6
2025-11-08 20:00:00,16.85,71.05,12.27,7.43,1,0,25718.36
2025-11-08 21:00:00,15.04,77.87,0.0,12.59,1,0,23797.02
2025-11-08 22:00:00,17.08,78.88,10.49,9.48,1,0,22642.26
2025-11-08 23:00:00,14.49,71.64,0.0,13.48,1,0,22370.05
2025-11-09 00:00:00,12.9,78.24,0.0,10.29,1,0,20865.09
2025-11-09 01:00:00,13.11,80.39,0.0,5.2,1,0,19441.74
2025-11-09 02:00:00,10.68,78.43,0.0,7.0,1,0,19639.37
2025-11-09 03:00:00,9.59,70.24,32.18,9.88,1,0,18769.96
2025-11-09 04:00:00,10.07,79.93,18.15,5.09,1,0,17422.4
2025-11-09 05:00:00,11.66,80.55,0.0,4.63,1,0,22405.64
2025-11-09 06:00:00,10.54,74.72,10.94,4.84,1,0,21285.36
2025-11-09 07:00:00,12.58,75.66,12.98,10.82,1,0,21182.38
2025-11-09 08:00:00,13.76,70.99,26.88,7.73,1,0,22619.08
2025-11-09 09:00:00,19.81,59.89,25.0,13.15,1,0,23449.6
2025-11-09 10:00:00,12.29,81.05,100.41,5.88,1,0,22796.84
2025-11-09 11:00:00,18.16,71.64,50.79,2.0,1,0,22441.24
2025-11-09 12:00:00,22.63,74.02,86.58,8.56,1,0,22020.38
2025-11-09 13:00:00,20.53,72.95,61.23,14.78,1,0,20456.6
2025-11-09 14:00:00,22.17,66.63,95.5,9.14,1,0,19941.15
2025-11-09 15:00:00,21.16,68.62,53.78,4.21,1,0,21896.47
2025-11-09 16:00:00,19.61,72.62,40.58,3.33,1,0,21111.41
2025-11-09 17:00:00,16.28,77.22,20.23,13.21,1,0,20809.88
2025-11-09 18:00:00,19.89,71.39,7.56,6.19,1,0,24446.01
2025-11-09 19:00:00,17.09,77.04,0.33,14.41,1,0,31475.92
2025-11-09 20:00:00,15.84,72.56,0.0,11.3,1,0,26115.87
2025-11-09 21:00:00,15.09,70.43,0.0,6.32,1,0,25457.93
2025-11-09 22:00:00,17.83,71.69,0.0,13.1,1,0,24954.77
2025-11-09 23:00:00,17.81,72.79,0.0,5.78,1,0,21243.74
2025-11-10 00:00:00,12.66,71.8,17.96,3.94,0,0,23319.78
2025-11-10 01:00:00,10.64,73.08,0.0,5.97,0,0,23442.98
2025-11-10 02:00:00,8.86,81.82,0.0,11.69,0,0,23177.37
2025-11-10 03:00:00,11.65,75.89,0.0,12.99,0,0,20881.54
2025-11-10 04:00:00,14.19,74.57,0.0,7.62,0,0,19735.83
2025-11-10 05:00:00,11.03,76.63,0.0,2.46,0,0,20463.78
2025-11-10 06:00:00,7.99,86.89,22.2,3.55,0,0,24240.84
2025-11-10 07:00:00,14.51,79.99,9.95,5.27,0,0,24944.82
2025-11-10 08:00:00,16.29,68.39,56.13,4.47,0,0,27543.43
2025-11-10 09:00:00,12.95,74.21,50.14,9.93,0,0,27099.1
2025-11-10 10:00:00,17.42,75.72,95.85,15.79,0,0,27486.2
2025-11-10 11:00:00,19.12,73.2,80.3,11.79,0,0,24938.13
2025-11-10 12:00:00,19.21,70.55,61.44,5.05,0,0,22703.51
2025-11-10 13:00:00,18.71,66.61,82.37,6.57,0,0,24168.66
2025-11-10 14:00:00,22.47,65.05,125.73,7.26,0,0,23718.86
2025-11-10 15:00:00,20.08,67.86,109.97,10.37,0,0,23677.2
2025-11-10 16:00:00,17.96,72.94,58.28,14.5,0,0,24096.09
2025-11-10 17:00:00,16.45,80.01,20.45,7.37,0,0,25325.79
2025-11-10 18:00:00,21.61,65.8,7.6,14.39,0,0,26694.15
2025-11-10 19:00:00,19.42,66.42,7.92,16.37,0,0,28270.85
2025-11-10 20:00:00,17.26,72.03,0.0,7.78,0,0,28616.75
2025-11-10 21:00:00,15.01,78.62,11.02,7.69,0,0,27469.62
2025-11-10 22:00:00,13.56,70.01,5.21,7.74,0,0,25899.8
2025-11-10 23:00:00,11.37,83.58,0.0,9.22,0,0,27535.36
2025-11-11 00:00:00,11.32,77.12,0.0,7.75,0,0,23962.2
2025-11-11 01:00:00,7.48,78.33,0.0,12.09,0,0,26475.67
2025-11-11 02:00:00,9.48,73.07,19.99,3.58,0,0,23063.34
2025-11-11 03:00:00,10.07,81.76,0.0,7.13,0,0,21320.21
2025-11-11 04:00:00,11.9,76.61,7.51,10.15,0,0,20266.11
2025-11-11 05:00:00,11.23,78.58,0.0,12.05,0,0,21581.07
2025-11-11 06:00:00,13.53,72.22,0.0,16.68,0,0,22173.3
2025-11-11 07:00:00,15.56,72.72,19.06,4.49,0,0,24888.91
2025-11-11 08:00:00,16.24,71.44,22.78,6.72,0,0,26997.75
2025-11-11 09:00:00,16.48,72.77,41.2,2.0,0,0,26216.26
2025-11-11 10:00:00,16.95,70.07,113.87,5.12,0,0,27802.99
2025-11-11 11:00:00,16.37,67.13,82.88,2.81,0,0,26487.75
2025-11-11 12:00:00,20.5,80.46,78.14,7.18,0,0,23416.63
2025-11-11 13:00:00,22.98,61.86,133.83,8.2,0,0,23683.87
2025-11-11 14:00:00,21.08,69.75,104.1,10.64,0,0,24183.52
2025-11-11 15:00:00,24.08,59.24,59.07,7.95,0,0,24805.74
2025-11-11 16:00:00,17.71,64.07,59.03,10.64,0,0,25737.32
2025-11-11 17:00:00,17.88,72.3,19.13,9.4,0,0,25371.4
2025-11-11 18:00:00,20.71,70.06,0.0,5.38,0,0,28855.73
2025-11-11 19:00:00,18.61,76.3,11.87,3.1,0,0,28822.04
2025-11-11 20:00:00,19.29,72.24,0.0,11.04,0,0,29354.32
2025-11-11 21:00:00,15.6,73.36,1.89,14.76,0,0,29218.85
2025-11-11 22:00:00,12.77,72.71,25.53,17.87,0,0,27537.93
2025-11-11 23:00:00,12.75,82.52,22.78,12.27,0,0,25951.26
2025-11-12 00:00:00,9.16,83.47,0.0,14.1,0,0,26280.34
2025-11-12 01:00:00,9.1,74.82,12.15,10.62,0,0,24678.36
2025-11-12 02:00:00,12.38,77.01,0.0,10.06,0,0,21563.9
2025-11-12 03:00:00,12.03,77.75,11.26,9.39,0,0,20187.91
2025-11-12 04:00:00,11.28,76.47,3.71,8.63,0,0,21191.17
2025-11-12 05:00:00,8.03,83.86,9.47,11.13,0,0,23213.81
2025-11-12 06:00:00,11.28,81.17,0.0,7.18,0,0,22151.72
2025-11-12 07:00:00,10.75,77.56,78.3,8.49,0,0,24470.6
2025-11-12 08:00:00,16.28,72.22,28.07,4.88,0,0,26815.92
2025-11-12 09:00:00,14.41,81.03,95.86,10.67,0,0,27873.77
2025-11-12 10:00:00,14.8,78.41,61.86,5.65,0,0,26518.99
2025-11-12 11:00:00,18.01,72.08,110.37,9.12,0,0,24704.85
2025-11-12 12:00:00,17.84,65.43,115.61,10.76,0,0,24051.43
2025-11-12 13:00:00,22.46,69.16,99.14,11.05,0,0,31275.69
2025-11-12 14:00:00,18.96,73.73,75.27,11.7,0,0,24438.39
2025-11-12 15:00:00,17.94,60.84,75.1,8.26,0,0,24900.38
2025-11-12 16:00:00,16.41,74.24,57.28,10.7,0,0,25502.58
2025-11-12 17:00:00,19.73,68.58,70.94,7.3,0,0,25378.77
2025-11-12 18:00:00,17.98,70.93,0.0,2.11,0,0,27093.45
2025-11-12 19:00:00,15.39,70.52,0.0,10.86,0,0,28744.53
2025-11-12 20:00:00,18.89,70.41,7.12,10.05,0,0,29770.85
2025-11-12 21:00:00,16.66,78.57,0.0,12.55,0,0,29561.91
2025-11-12 22:00:00,14.11,73.52,0.0,8.92,0,0,28551.34
2025-11-12 23:00:00,15.41,77.99,26.76,3.39,0,0,26314.88
2025-11-13 00:00:00,12.94,73.13,0.0,8.69,0,0,24370.99
2025-11-13 01:00:00,9.47,82.51,0.0,12.12,0,0,25571.52
2025-11-13 02:00:00,8.58,80.28,0.0,10.68,0,0,23543.02
2025-11-13 03:00:00,11.76,78.82,0.0,8.5,0,0,21547.38
2025-11-13 04:00:00,11.17,77.98,60.12,3.19,0,0,20647.87
2025-11-13 05:00:00,11.26,80.43,14.95,5.42,0,0,21554.46
2025-11-13 06:00:00,10.23,68.52,23.79,10.68,0,0,23449.43
2025-11-13 07:00:00,13.88,69.83,25.38,3.19,0,0,24229.51
2025-11-13 08:00:00,12.63,78.3,71.88,7.9,0,0,27023.78
2025-11-13 09:00:00,15.1,66.24,30.67,9.15,0,0,27699.95
2025-11-13 10:00:00,19.18,68.62,117.61,13.04,0,0,26585.68
2025-11-13 11:00:00,16.6,72.84,81.73,11.17,0,0,25734.08
2025-11-13 12:00:00,15.99,70.3,92.55,12.38,0,0,24209.56
2025-11-13 13:00:00,17.72,69.29,114.86,10.07,0,0,23687.51
2025-11-13 14:00:00,21.9,69.38,99.57,6.06,0,0,23802.74
2025-11-13 15:00:00,20.74,73.37,76.95,6.87,0,0,23386.84
2025-11-13 16:00:00,19.88,66.27,18.84,5.75,0,0,24366.08
2025-11-13 17:00:00,18.7,68.87,29.89,11.08,0,0,26249.6
2025-11-13 18:00:00,19.69,67.35,24.01,6.59,0,0,28282.4
2025-11-13 19:00:00,16.26,63.68,0.0,7.64,0,0,30202.77
2025-11-13 20:00:00,17.13,73.15,32.87,9.09,0,0,29239.91
2025-11-13 21:00:00,13.97,79.17,0.0,14.76,0,0,29633.8
2025-11-13 22:00:00,12.38,80.92,0.16,11.31,0,0,27554.43
2025-11-13 23:00:00,11.64,74.04,38.38,6.31,0,0,25701.8
2025-11-14 00:00:00,10.9,73.18,0.0,9.56,0,0,24416.84
2025-11-14 01:00:00,10.7,78.46,26.35,14.81,0,0,24454.28
2025-11-14 02:00:00,10.71,81.68,49.37,11.19,0,0,22274.65
2025-11-14 03:00:00,3.48,85.49,4.28,3.44,0,0,25444.43
2025-11-14 04:00:00,8.83,81.21,0.0,5.83,0,0,21117.1
2025-11-14 05:00:00,10.08,83.5,0.0,5.56,0,0,21236.35
2025-11-14 06:00:00,14.29,72.18,32.62,14.08,0,0,23762.91
2025-11-14 07:00:00,10.67,77.52,60.53,13.43,0,0,25050.75
2025-11-14 08:00:00,14.11,81.84,91.5,6.85,0,0,26417.69
2025-11-14 09:00:00,17.81,71.18,77.34,6.77,0,0,27675.33
2025-11-14 10:00:00,14.05,70.29,121.68,9.19,0,0,27109.43
2025-11-14 11:00:00,18.32,68.83,105.55,9.29,0,0,25530.56
2025-11-14 12:00:00,17.21,68.76,88.47,5.66,0,0,25877.14
2025-11-14 13:00:00,18.54,72.74,134.88,8.16,0,0,23845.31
2025-11-14 14:00:00,18.5,67.77,136.58,3.95,0,0,24004.16
2025-11-14 15:00:00,18.8,72.16,52.65,13.49,0,0,22997.94
2025-11-14 16:00:00,24.84,62.7,29.29,2.87,0,0,24795.61
2025-11-14 17:00:00,20.96,60.64,29.61,2.83,0,0,24925.75
2025-11-14 18:00:00,20.63,70.66,23.9,10.56,0,0,26740.35
2025-11-14 19:00:00,18.5,71.94,0.0,4.7,0,0,27582.42
2025-11-14 20:00:00,13.52,77.9,5.68,7.28,0,0,28919.87
2025-11-14 21:00:00,15.83,71.06,0.0,9.25,0,0,28804.94
2025-11-14 22:00:00,15.75,70.71,17.52,11.4,0,0,27177.2
2025-11-14 23:00:00,11.08,79.63,0.0,8.26,0,0,25766.18
2025-11-15 00:00:00,13.15,82.24,19.3,15.29,1,0,20050.23
2025-11-15 01:00:00,11.88,77.35,0.0,9.06,1,0,23606.32
2025-11-15 02:00:00,13.45,77.59,0.0,13.23,1,0,18850.63
2025-11-15 03:00:00,9.19,78.44,1.59,10.03,1,0,18512.17
2025-11-15 04:00:00,8.14,74.5,0.0,16.52,1,0,18698.77
2025-11-15 05:00:00,9.97,82.9,0.0,12.76,1,0,18311.41
2025-11-15 06:00:00,14.0,79.03,8.44,9.21,1,0,19254.21
2025-11-15 07:00:00,9.16,82.6,0.0,11.26,1,0,22845.24
2025-11-15 08:00:00,9.93,78.34,0.0,8.15,1,0,23807.09
2025-11-15 09:00:00,15.11,76.79,23.07,8.11,1,0,23331.02
2025-11-15 10:00:00,15.44,77.68,133.06,4.5,1,0,23692.58
2025-11-15 11:00:00,17.46,78.77,109.49,6.23,1,0,21981.14
2025-11-15 12:00:00,20.18,73.79,102.03,16.27,1,0,20960.61
2025-11-15 13:00:00,18.28,71.8,135.04,4.84,1,0,20572.36
2025-11-15 14:00:00,16.4,68.01,89.77,6.76,1,0,20605.38
2025-11-15 15:00:00,23.63,67.36,88.27,8.73,1,0,20016.6
2025-11-15 16:00:00,17.98,72.84,58.31,8.85,1,0,19815.68
2025-11-15 17:00:00,17.37,75.2,18.08,10.4,1,0,22100.78
2025-11-15 18:00:00,20.47,74.99,7.35,7.42,1,0,23777.66
2025-11-15 19:00:00,16.75,72.54,19.33,10.62,1,0,23875.05
2025-11-15 20:00:00,16.13,81.89,0.0,13.06,1,0,25772.5
2025-11-15 21:00:00,15.82,66.72,0.0,13.49,1,0,23455.48
2025-11-15 22:00:00,15.6,75.64,0.0,8.12,1,0,22872.32
2025-11-15 23:00:00,11.85,74.14,0.0,11.2,1,0,23045.04
2025-11-16 00:00:00,13.98,67.79,7.08,5.08,1,0,20492.77
2025-11-16 01:00:00,6.61,81.24,0.0,6.57,1,0,21954.69
2025-11-16 02:00:00,11.32,71.98,15.74,4.98,1,0,19178.52
2025-11-16 03:00:00,8.27,79.91,0.0,8.93,1,0,19808.6
2025-11-16 04:00:00,12.42,76.96,2.63,6.08,1,0,16106.77
2025-11-16 05:00:00,10.71,82.84,17.51,3.77,1,0,19015.28
2025-11-16 06:00:00,10.03,72.94,0.0,7.74,1,0,19812.01
2025-11-16 07:00:00,13.47,79.51,40.35,3.04,1,0,21825.85
2025-11-16 08:00:00,15.09,74.81,66.8,13.74,1,0,22380.45
2025-11-16 09:00:00,15.94,77.77,80.39,7.14,1,0,24446.51
2025-11-16 10:00:00,14.22,73.47,80.91,12.54,1,0,22895.51
2025-11-16 11:00:00,16.41,67.9,131.0,7.37,1,0,21063.68
2025-11-16 12:00:00,18.31,66.65,137.8,4.91,1,0,21370.92
2025-11-16 13:00:00,19.04,65.7,118.96,13.21,1,0,21462.74
2025-11-16 14:00:00,20.96,71.05,77.35,9.4,1,0,21270.43
2025-11-16 15:00:00,16.15,79.37,71.82,15.7,1,0,20673.55
2025-11-16 16:00:00,20.21,67.55,58.6,7.46,1,0,21561.39
2025-11-16 17:00:00,18.59,73.79,48.33,7.53,1,0,21643.8
2025-11-16 18:00:00,16.81,66.78,0.0,12.61,1,0,23619.71
2025-11-16 19:00:00,15.94,74.38,0.0,12.63,1,0,24761.5
2025-11-16 20:00:00,15.69,76.55,0.0,9.63,1,0,23193.08
2025-11-16 21:00:00,8.3,74.74,0.0,20.76,1,0,25267.31
2025-11-16 22:00:00,12.22,76.19,0.0,8.11,1,0,23370.63
2025-11-16 23:00:00,10.7,81.23,0.0,4.65,1,0,29150.8
2025-11-17 00:00:00,12.04,65.43,0.0,5.62,0,0,23818.06
2025-11-17 01:00:00,8.84,85.39,0.0,8.17,0,0,24720.52
2025-11-17 02:00:00,9.4,80.95,0.0,14.45,0,0,24005.78
2025-11-17 03:00:00,12.39,79.72,0.0,8.48,0,0,20963.93
2025-11-17 04:00:00,11.58,75.93,12.39,14.61,0,0,18624.86
2025-11-17 05:00:00,11.91,70.39,0.0,10.65,0,0,22245.13
2025-11-17 06:00:00,10.18,80.97,2.25,12.92,0,0,22372.81
2025-11-17 07:00:00,13.09,75.89,12.19,10.49,0,0,25758.56
2025-11-17 08:00:00,12.9,76.52,47.6,10.46,0,0,25782.83
2025-11-17 09:00:00,14.26,79.52,95.95,11.77,0,0,28398.29
2025-11-17 10:00:00,16.65,76.06,114.28,7.15,0,0,26779.02
2025-11-17 11:00:00,16.04,81.25,110.49,7.19,0,0,26046.74
2025-11-17 12:00:00,20.84,69.86,118.44,10.35,0,0,23491.79
2025-11-17 13:00:00,18.66,68.44,84.57,15.93,0,0,24729.44
2025-11-17 14:00:00,20.56,68.74,143.48,3.74,0,0,24385.96
2025-11-17 15:00:00,22.24,69.65,105.7,2.03,0,0,24651.59
2025-11-17 16:00:00,21.3,72.89,78.88,8.21,0,0,25362.59
2025-11-17 17:00:00,16.41,67.36,0.0,12.74,0,0,25901.7
2025-11-17 18:00:00,18.95,70.98,0.0,9.31,0,0,27198.96
2025-11-17 19:00:00,18.65,77.65,0.0,5.04,0,0,28326.64
2025-11-17 20:00:00,17.52,71.27,0.0,9.41,0,0,29211.98
2025-11-17 21:00:00,12.61,80.38,22.25,3.07,0,0,29637.95
2025-11-17 22:00:00,12.14,79.05,36.35,11.33,0,0,26791.36
2025-11-17 23:00:00,13.91,79.3,51.55,8.05,0,0,24587.58
2025-11-18 00:00:00,9.55,76.17,0.0,8.89,0,0,24133.77
2025-11-18 01:00:00,9.59,76.15,2.93,10.67,0,0,24650.89
2025-11-18 02:00:00,12.46,76.87,33.07,9.9,0,0,22006.82
2025-11-18 03:00:00,9.37,73.44,0.0,7.28,0,0,22159.67
2025-11-18 04:00:00,8.32,79.43,0.0,12.8,0,0,20379.71
2025-11-18 05:00:00,8.55,81.32,0.0,11.97,0,0,20519.71
2025-11-18 06:00:00,11.52,84.77,28.32,2.97,0,0,23259.26
2025-11-18 07:00:00,9.56,81.01,33.22,8.37,0,0,26722.36
2025-11-18 08:00:00,12.72,79.05,46.88,5.4,0,0,25687.49
2025-11-18 09:00:00,15.05,79.11,99.18,4.74,0,0,27814.98
2025-11-18 10:00:00,18.09,67.86,116.6,11.05,0,0,27733.39
2025-11-18 11:00:00,18.16,71.0,129.99,7.71,0,0,25794.11
2025-11-18 12:00:00,16.71,82.66,124.8,8.68,0,0,25368.5
2025-11-18 13:00:00,20.91,68.86,166.34,6.83,0,0,24378.99
2025-11-18 14:00:00,18.75,75.59,109.43,10.47,0,0,23944.46
2025-11-18 15:00:00,17.23,76.35,132.56,11.55,0,0,24783.99
2025-11-18 16:00:00,18.97,65.01,79.21,16.77,0,0,25988.66
2025-11-18 17:00:00,21.37,70.01,42.48,8.54,0,0,31032.01
2025-11-18 18:00:00,18.29,72.13,0.0,4.11,0,0,27278.9
2025-11-18 19:00:00,16.98,74.04,24.35,7.41,0,0,28209.79
2025-11-18 20:00:00,18.7,68.15,2.82,12.14,0,0,29600.89
2025-11-18 21:00:00,11.88,72.84,0.0,6.47,0,0,28768.07
2025-11-18 22:00:00,10.85,76.33,0.0,3.99,0,0,28427.06
2025-11-18 23:00:00,9.05,79.46,10.56,6.55,0,0,27914.62
2025-11-19 00:00:00,11.43,82.45,0.0,7.37,0,0,24480.24
2025-11-19 01:00:00,10.26,86.04,0.0,5.44,0,0,24610.71
2025-11-19 02:00:00,12.24,82.57,26.43,9.99,0,0,21745.53
2025-11-19 03:00:00,9.73,82.68,7.6,8.96,0,0,20959.87
2025-11-19 04:00:00,8.74,76.12,0.0,12.0,0,0,21718.58
2025-11-19 05:00:00,9.97,77.39,35.25,7.67,0,0,21709.53
2025-11-19 06:00:00,10.97,78.97,13.7,11.19,0,0,24574.51
2025-11-19 07:00:00,8.79,77.56,60.47,7.51,0,0,25238.58
2025-11-19 08:00:00,17.88,74.22,10.98,5.28,0,0,27202.36
2025-11-19 09:00:00,15.23,77.17,103.98,7.33,0,0,27865.03
2025-11-19 10:00:00,15.97,75.77,138.27,3.57,0,0,26464.45
2025-11-19 11:00:00,17.9,75.99,173.24,15.49,0,0,25168.03
2025-11-19 12:00:00,19.11,67.18,98.75,9.73,0,0,24562.27
2025-11-19 13:00:00,18.37,75.2,160.89,6.45,0,0,23188.24
2025-11-19 14:00:00,17.99,69.03,158.32,7.91,0,0,25062.63
2025-11-19 15:00:00,20.37,65.9,45.27,2.0,0,0,26005.8
2025-11-19 16:00:00,19.82,72.29,79.64,14.25,0,0,24523.5
2025-11-19 17:00:00,17.17,77.41,50.47,13.91,0,0,25370.13
2025-11-19 18:00:00,20.39,71.6,0.0,9.61,0,0,26483.87
2025-11-19 19:00:00,17.32,72.5,0.0,10.35,0,0,28141.24
2025-11-19 20:00:00,16.9,74.03,16.7,4.8,0,0,29116.86
2025-11-19 21:00:00,16.8,73.43,0.0,5.05,0,0,29639.43
2025-11-19 22:00:00,13.04,71.76,0.0,3.29,0,0,29411.37
2025-11-19 23:00:00,12.37,71.9,20.31,8.67,0,0,25315.75
2025-11-20 00:00:00,12.06,76.83,43.85,13.01,0,0,23250.62
2025-11-20 01:00:00,8.5,80.67,13.45,7.95,0,0,24099.01
2025-11-20 02:00:00,9.41,79.58,3.34,10.51,0,0,23508.53
2025-11-20 03:00:00,9.36,82.28,0.0,12.72,0,0,21995.8
2025-11-20 04:00:00,7.59,80.31,0.0,3.61,0,0,22195.5
2025-11-20 05:00:00,13.98,77.67,27.74,15.75,0,0,20679.47
2025-11-20 06:00:00,8.07,80.16,0.0,13.34,0,0,25643.72
2025-11-20 07:00:00,9.3,86.92,65.14,11.09,0,0,26702.82
2025-11-20 08:00:00,15.21,74.63,62.04,12.53,0,0,27268.2
2025-11-20 09:00:00,15.42,83.48,83.15,12.69,0,0,27713.7
2025-11-20 10:00:00,13.59,77.18,132.24,10.32,0,0,26836.62
2025-11-20 11:00:00,17.73,71.19,133.85,14.29,0,0,25332.1
2025-11-20 12:00:00,20.32,66.11,110.41,7.71,0,0,25120.73
2025-11-20 13:00:00,18.41,65.66,181.19,10.91,0,0,24530.28
2025-11-20 14:00:00,23.65,62.75,106.04,13.92,0,0,24484.04
2025-11-20 15:00:00,16.03,70.05,122.57,2.0,0,0,23233.45
2025-11-20 16:00:00,20.22,71.38,91.32,10.83,0,0,24965.87
2025-11-20 17:00:00,20.57,67.38,4.89,11.83,0,0,25585.04
2025-11-20 18:00:00,19.28,71.4,0.0,3.31,0,0,26764.84
2025-11-20 19:00:00,16.27,78.48,0.0,10.28,0,0,29327.21
2025-11-20 20:00:00,14.91,74.23,0.0,6.52,0,0,29615.23
2025-11-20 21:00:00,14.94,82.87,43.16,10.68,0,0,30383.91
2025-11-20 22:00:00,14.31,70.42,0.0,8.96,0,0,27650.83
2025-11-20 23:00:00,12.72,75.95,22.24,5.98,0,0,25592.4
2025-11-21 00:00:00,12.32,74.75,12.84,13.25,0,0,23766.57
2025-11-21 01:00:00,7.82,84.71,6.6,7.9,0,0,24507.99
2025-11-21 02:00:00,8.74,71.17,1.01,10.31,0,0,24384.12
2025-11-21 03:00:00,7.29,75.67,30.93,13.96,0,0,23206.98
2025-11-21 04:00:00,8.46,79.96,0.0,6.15,0,0,21812.96
2025-11-21 05:00:00,11.48,83.87,43.16,9.39,0,0,20392.34
2025-11-21 06:00:00,10.64,79.33,0.0,7.63,0,0,23914.06
2025-11-21 07:00:00,16.18,68.03,57.28,8.41,0,0,24527.76
2025-11-21 08:00:00,13.04,71.48,37.78,16.91,0,0,26439.6
2025-11-21 09:00:00,14.09,82.01,95.22,10.96,0,0,27554.58
2025-11-21 10:00:00,15.47,71.59,128.62,10.46,0,0,26582.11
2025-11-21 11:00:00,15.34,70.42,128.69,11.2,0,0,25281.94
2025-11-21 12:00:00,17.41,78.24,141.29,10.87,0,0,24750.2
2025-11-21 13:00:00,20.34,73.74,106.18,2.97,0,0,24911.73
2025-11-21 14:00:00,19.02,75.98,101.6,17.4,0,0,24697.16
2025-11-21 15:00:00,17.56,68.4,115.57,4.24,0,0,30741.54
2025-11-21 16:00:00,17.15,66.46,73.66,15.43,0,0,25061.39
2025-11-21 17:00:00,17.5,72.78,20.48,11.52,0,0,25476.55
2025-11-21 18:00:00,17.65,73.46,33.11,9.99,0,0,28064.49
2025-11-21 19:00:00,18.63,72.69,0.0,8.29,0,0,27725.4
2025-11-21 20:00:00,12.86,82.34,0.0,18.48,0,0,29781.96
2025-11-21 21:00:00,13.41,69.0,0.0,11.48,0,0,29400.57
2025-11-21 22:00:00,12.95,79.78,15.38,9.42,0,0,27277.23
2025-11-21 23:00:00,8.18,76.25,1.2,7.49,0,0,27025.89
2025-11-22 00:00:00,8.79,83.51,0.0,7.14,1,0,21386.43
2025-11-22 01:00:00,8.28,78.65,0.0,9.61,1,0,20747.82
2025-11-22 02:00:00,7.57,77.93,21.63,6.18,1,0,20982.49
2025-11-22 03:00:00,9.18,77.3,0.0,11.82,1,0,19203.16
2025-11-22 04:00:00,8.71,74.38,2.89,7.18,1,0,18524.4
2025-11-22 05:00:00,8.5,80.51,0.0,12.95,1,0,19366.09
2025-11-22 06:00:00,11.07,74.95,0.0,12.88,1,0,20246.09
2025-11-22 07:00:00,14.43,78.16,76.61,9.24,1,0,21934.73
2025-11-22 08:00:00,15.49,76.62,31.26,11.47,1,0,22273.81
2025-11-22 09:00:00,10.37,85.42,80.55,11.64,1,0,22812.69
2025-11-22 10:00:00,16.16,74.92,167.94,4.32,1,0,23096.39
2025-11-22 11:00:00,16.01,75.67,162.05,15.5,1,0,22528.27
2025-11-22 12:00:00,17.65,77.72,143.04,8.54,1,0,20037.79
2025-11-22 13:00:00,17.44,69.79,177.19,11.87,1,0,20661.68
2025-11-22 14:00:00,18.87,65.06,142.1,11.97,1,0,21231.48
2025-11-22 15:00:00,19.1,71.61,112.72,2.0,1,0,20537.08
2025-11-22 16:00:00,17.62,66.45,81.23,7.14,1,0,22022.27
2025-11-22 17:00:00,16.55,82.92,50.76,12.38,1,0,22784.81
2025-11-22 18:00:00,16.56,78.92,12.64,9.65,1,0,23116.77
2025-11-22 19:00:00,16.75,81.58,54.9,11.85,1,0,27419.32
2025-11-22 20:00:00,16.2,73.67,0.0,9.76,1,0,24847.93
2025-11-22 21:00:00,15.37,76.37,0.0,13.74,1,0,24613.33
2025-11-22 22:00:00,11.65,75.68,0.0,9.84,1,0,22530.44
2025-11-22 23:00:00,11.84,80.88,0.0,14.42,1,0,21054.86
2025-11-23 00:00:00,11.88,72.45,46.57,6.09,1,0,18798.54
2025-11-23 01:00:00,11.45,67.52,24.61,9.07,1,0,19930.49
2025-11-23 02:00:00,8.75,76.96,0.0,7.44,1,0,21366.88
2025-11-23 03:00:00,8.28,74.73,0.75,10.88,1,0,17732.05
2025-11-23 04:00:00,9.2,85.63,0.0,8.54,1,0,17881.94
2025-11-23 05:00:00,7.28,88.71,0.0,8.72,1,0,19617.54
2025-11-23 06:00:00,9.8,73.57,3.74,7.05,1,0,20127.25
2025-11-23 07:00:00,12.52,81.9,28.17,7.91,1,0,22182.32
2025-11-23 08:00:00,13.54,79.62,52.19,9.48,1,0,22202.23
2025-11-23 09:00:00,13.19,69.85,122.99,2.44,1,0,22087.03
2025-11-23 10:00:00,15.37,72.61,133.57,2.0,1,0,22568.48
2025-11-23 11:00:00,14.7,72.45,112.08,9.73,1,0,21493.32
2025-11-23 12:00:00,18.48,74.36,104.73,2.0,1,0,19615.28
2025-11-23 13:00:00,17.87,67.0,137.02,8.84,1,0,20776.51
2025-11-23 14:00:00,18.01,71.4,95.92,8.2,1,0,19727.15
2025-11-23 15:00:00,18.03,69.03,64.02,11.42,1,0,20558.76
2025-11-23 16:00:00,18.4,73.33,106.53,7.17,1,0,20797.69
2025-11-23 17:00:00,17.2,71.65,38.09,15.01,1,0,21219.71
2025-11-23 18:00:00,18.4,69.3,0.0,12.49,1,0,23814.44
2025-11-23 19:00:00,15.47,73.22,0.0,4.23,1,0,24342.72
2025-11-23 20:00:00,17.84,80.09,0.0,8.52,1,0,25110.28
2025-11-23 21:00:00,16.32,71.64,10.27,14.86,1,0,24906.84
2025-11-23 22:00:00,10.78,74.13,0.0,7.08,1,0,23734.35
2025-11-23 23:00:00,11.31,80.15,0.0,9.33,1,0,22156.22
2025-11-24 00:00:00,8.83,79.48,0.0,14.52,0,0,24630.42
2025-11-24 01:00:00,8.61,74.59,0.0,7.72,0,0,24071.14
2025-11-24 02:00:00,12.31,85.85,0.0,13.54,0,0,22306.28
2025-11-24 03:00:00,7.98,79.41,0.0,6.42,0,0,21940.24
2025-11-24 04:00:00,9.35,78.07,0.0,2.0,0,0,21614.26
2025-11-24 05:00:00,10.18,79.48,1.38,13.91,0,0,21512.49
2025-11-24 06:00:00,8.2,87.54,0.0,11.14,0,0,25102.96
2025-11-24 07:00:00,9.49,72.74,47.73,11.37,0,0,25464.89
2025-11-24 08:00:00,10.07,80.04,104.63,5.78,0,0,26738.1
2025-11-24 09:00:00,11.94,85.6,129.45,6.06,0,0,28570.59
2025-11-24 10:00:00,9.7,79.78,164.26,13.63,0,0,27724.53
2025-11-24 11:00:00,17.01,67.75,135.39,10.46,0,0,26390.55
2025-11-24 12:00:00,20.77,66.83,149.39,9.2,0,0,23865.04
2025-11-24 13:00:00,18.13,72.51,172.93,10.38,0,0,24071.25
2025-11-24 14:00:00,15.81,79.09,157.18,14.89,0,0,24961.9
2025-11-24 15:00:00,17.38,71.0,97.66,12.14,0,0,23233.32
2025-11-24 16:00:00,17.54,75.52,96.34,7.95,0,0,26224.29
2025-11-24 17:00:00,16.03,67.83,18.37,4.7,0,0,25917.32
2025-11-24 18:00:00,18.62,65.47,12.03,11.67,0,0,26803.62
2025-11-24 19:00:00,17.49,70.33,0.0,6.37,0,0,29082.5
2025-11-24 20:00:00,12.75,82.28,0.0,5.47,0,0,30220.94
2025-11-24 21:00:00,14.84,74.92,0.0,14.21,0,0,28317.12
2025-11-24 22:00:00,14.99,75.67,54.56,12.66,0,0,26892.6
2025-11-24 23:00:00,14.46,76.1,5.07,10.96,0,0,25947.52
2025-11-25 00:00:00,15.01,78.93,57.51,5.37,0,0,24137.92
2025-11-25 01:00:00,7.43,78.87,0.0,15.96,0,0,25387.84
2025-11-25 02:00:00,13.64,78.48,18.77,13.3,0,0,22465.2
2025-11-25 03:00:00,7.75,77.7,0.0,8.64,0,0,23263.18
2025-11-25 04:00:00,7.49,89.19,0.0,7.9,0,0,22306.34
2025-11-25 05:00:00,9.65,76.11,15.78,9.98,0,0,21406.17
2025-11-25 06:00:00,8.8,76.55,20.95,8.03,0,0,24316.23
2025-11-25 07:00:00,11.61,79.75,23.42,17.44,0,0,26355.86
2025-11-25 08:00:00,9.72,79.57,109.82,8.35,0,0,27868.0
2025-11-25 09:00:00,12.96,77.64,105.22,5.96,0,0,28279.2
2025-11-25 10:00:00,17.0,73.61,141.11,15.26,0,0,26625.4
2025-11-25 11:00:00,15.79,69.43,151.13,7.71,0,0,25967.68
2025-11-25 12:00:00,17.18,78.99,139.27,12.45,0,0,25299.09
2025-11-25 13:00:00,18.57,74.86,201.21,12.07,0,0,25228.77
2025-11-25 14:00:00,20.32,75.15,146.42,9.5,0,0,24913.3
2025-11-25 15:00:00,15.41,72.02,145.75,6.3,0,0,23522.81
2025-11-25 16:00:00,19.27,72.32,109.96,9.53,0,0,25494.04
2025-11-25 17:00:00,17.24,73.27,19.2,5.61,0,0,26881.57
2025-11-25 18:00:00,17.22,77.01,30.4,9.62,0,0,26962.24
2025-11-25 19:00:00,17.8,76.62,12.59,12.41,0,0,28272.33
2025-11-25 20:00:00,12.53,77.5,0.0,15.71,0,0,29484.12
2025-11-25 21:00:00,11.57,71.52,11.22,5.89,0,0,29060.01
2025-11-25 22:00:00,8.61,87.37,0.0,8.83,0,0,28563.59
2025-11-25 23:00:00,9.9,81.31,40.16,7.87,0,0,25776.56
2025-11-26 00:00:00,12.1,74.68,20.34,10.76,0,0,24794.02
2025-11-26 01:00:00,8.7,81.8,0.0,4.48,0,0,24183.22
2025-11-26 02:00:00,6.0,76.56,31.62,6.55,0,0,25019.48
2025-11-26 03:00:00,7.37,85.59,0.0,3.88,0,0,23021.31
2025-11-26 04:00:00,5.74,76.95,0.0,4.77,0,0,22427.84
2025-11-26 05:00:00,6.89,80.92,0.0,7.49,0,0,22493.85
2025-11-26 06:00:00,10.41,79.61,55.89,15.65,0,0,23226.7
2025-11-26 07:00:00,8.63,84.39,18.1,11.02,0,0,27116.06
2025-11-26 08:00:00,13.95,75.87,43.98,10.03,0,0,26921.84
2025-11-26 09:00:00,13.12,78.73,86.45,14.52,0,0,26134.44
2025-11-26 10:00:00,14.69,74.67,172.75,11.15,0,0,27862.88
2025-11-26 11:00:00,15.24,74.16,152.56,11.48,0,0,26315.27
2025-11-26 12:00:00,18.17,71.99,169.34,8.15,0,0,24906.95
2025-11-26 13:00:00,18.99,70.15,186.48,7.57,0,0,24361.95
2025-11-26 14:00:00,18.68,64.44,146.15,5.21,0,0,24553.08
2025-11-26 15:00:00,19.26,67.59,127.66,7.7,0,0,25762.44
2025-11-26 16:00:00,17.69,73.06,100.04,8.82,0,0,25317.68
2025-11-26 17:00:00,18.55,70.31,34.09,11.01,0,0,25978.18
2025-11-26 18:00:00,16.17,72.82,0.0,9.68,0,0,26538.31
2025-11-26 19:00:00,15.75,72.53,6.05,8.53,0,0,28960.67
2025-11-26 20:00:00,14.05,71.9,21.7,6.61,0,0,30002.65
2025-11-26 21:00:00,12.42,74.85,0.0,11.2,0,0,28778.86
2025-11-26 22:00:00,10.71,77.13,0.0,8.06,0,0,27390.98
2025-11-26 23:00:00,11.59,77.59,16.99,11.04,0,0,26229.48
2025-11-27 00:00:00,11.93,78.84,23.19,3.22,0,0,23202.45
2025-11-27 01:00:00,10.88,77.49,5.0,11.09,0,0,24229.35
2025-11-27 02:00:00,6.01,78.47,6.71,12.53,0,0,25058.79
2025-11-27 03:00:00,10.43,73.02,0.0,12.08,0,0,19868.93
2025-11-27 04:00:00,7.7,91.46,12.5,9.22,0,0,21764.72
2025-11-27 05:00:00,9.86,74.61,21.33,13.12,0,0,21713.16
2025-11-27 06:00:00,7.94,78.78,1.41,5.46,0,0,25199.15
2025-11-27 07:00:00,10.86,80.29,108.62,9.6,0,0,25754.03
2025-11-27 08:00:00,12.38,78.3,50.42,9.23,0,0,25960.84
2025-11-27 09:00:00,10.43,80.7,130.66,13.54,0,0,28067.19
2025-11-27 10:00:00,15.49,72.29,125.68,2.84,0,0,26612.62
2025-11-27 11:00:00,18.03,72.73,194.92,6.21,0,0,25562.81
2025-11-27 12:00:00,16.33,73.55,139.49,16.03,0,0,24133.94
2025-11-27 13:00:00,19.88,68.86,139.58,2.0,0,0,24222.13
2025-11-27 14:00:00,17.59,73.15,139.21,12.76,0,0,26151.45
2025-11-27 15:00:00,19.63,74.55,133.24,7.46,0,0,25457.02
2025-11-27 16:00:00,13.94,75.37,74.63,10.8,0,0,24096.18
2025-11-27 17:00:00,21.79,68.33,31.7,14.86,0,0,25828.53
2025-11-27 18:00:00,19.33,74.88,0.0,10.94,0,0,27131.83
2025-11-27 19:00:00,15.09,78.26,0.0,14.93,0,0,28946.05
2025-11-27 20:00:00,10.85,84.57,37.19,8.19,0,0,30433.74
2025-11-27 21:00:00,13.62,68.72,17.15,8.65,0,0,28769.67
2025-11-27 22:00:00,9.21,83.33,0.0,12.67,0,0,27991.69
2025-11-27 23:00:00,11.41,80.14,52.43,8.37,0,0,26674.65
2025-11-28 00:00:00,10.17,75.3,12.29,12.12,0,0,23667.93
2025-11-28 01:00:00,6.94,82.76,0.0,14.17,0,0,25960.9
2025-11-28 02:00:00,10.16,83.06,6.41,13.06,0,0,21875.48
2025-11-28 03:00:00,9.42,76.21,13.39,4.5,0,0,21073.38
2025-11-28 04:00:00,9.89,80.87,0.0,8.83,0,0,21305.63
2025-11-28 05:00:00,8.65,83.7,0.0,11.01,0,0,21958.75
2025-11-28 06:00:00,6.88,77.52,2.16,9.17,0,0,24302.93
2025-11-28 07:00:00,12.23,76.42,38.82,10.3,0,0,24666.02
2025-11-28 08:00:00,11.19,79.13,129.38,11.06,0,0,26470.96
2025-11-28 09:00:00,10.47,75.39,149.2,8.18,0,0,27149.67
2025-11-28 10:00:00,16.7,69.45,144.02,9.35,0,0,27317.28
2025-11-28 11:00:00,19.25,70.13,189.15,5.89,0,0,24791.53
2025-11-28 12:00:00,16.43,76.42,216.48,8.35,0,0,24400.63
2025-11-28 13:00:00,21.18,71.51,143.66,4.68,0,0,24341.94
2025-11-28 14:00:00,17.96,68.39,134.47,10.43,0,0,23892.55
2025-11-28 15:00:00,17.28,75.06,130.39,9.35,0,0,23987.6
2025-11-28 16:00:00,16.66,69.66,93.29,6.82,0,0,24275.58
2025-11-28 17:00:00,20.24,63.34,46.52,16.27,0,0,24993.46
2025-11-28 18:00:00,15.1,72.94,0.0,9.17,0,0,26922.03
2025-11-28 19:00:00,16.79,77.38,0.0,11.03,0,0,29281.15
2025-11-28 20:00:00,13.26,78.69,9.61,7.79,0,0,29217.87
2025-11-28 21:00:00,12.14,77.07,28.35,8.58,0,0,28962.23
2025-11-28 22:00:00,13.53,74.16,0.0,11.16,0,0,28062.05
2025-11-28 23:00:00,9.78,77.64,60.96,8.86,0,0,26997.2
2025-11-29 00:00:00,8.57,80.72,49.02,10.16,1,0,27058.12
2025-11-29 01:00:00,10.54,74.24,33.23,12.97,1,0,20525.92
2025-11-29 02:00:00,10.88,76.82,15.56,8.33,1,0,19831.46
2025-11-29 03:00:00,8.99,79.05,50.2,5.48,1,0,18298.78
2025-11-29 04:00:00,6.83,76.45,0.0,4.8,1,0,18202.17
2025-11-29 05:00:00,7.58,77.82,0.0,15.18,1,0,19306.27
2025-11-29 06:00:00,9.44,81.15,0.0,13.4,1,0,20504.97
2025-11-29 07:00:00,10.91,78.22,24.27,12.44,1,0,22017.83
2025-11-29 08:00:00,9.76,77.98,98.36,8.62,1,0,23148.19
2025-11-29 09:00:00,14.13,71.64,142.29,5.48,1,0,22029.02
2025-11-29 10:00:00,14.28,81.46,170.11,9.16,1,0,22086.1
2025-11-29 11:00:00,12.25,73.62,183.83,9.82,1,0,22161.36
2025-11-29 12:00:00,14.7,75.78,193.96,6.19,1,0,22359.31
2025-11-29 13:00:00,16.26,71.41,227.55,5.0,1,0,20602.67
2025-11-29 14:00:00,17.53,72.37,180.59,4.09,1,0,21351.43
2025-11-29 15:00:00,21.23,70.72,157.86,12.45,1,0,19925.76
2025-11-29 16:00:00,18.09,66.24,100.09,5.93,1,0,20612.57
2025-11-29 17:00:00,15.65,73.89,8.95,11.23,1,0,20396.63
2025-11-29 18:00:00,16.77,77.67,0.0,8.75,1,0,23475.81
2025-11-29 19:00:00,14.7,81.82,52.07,12.21,1,0,23944.82
2025-11-29 20:00:00,14.71,74.24,0.0,11.32,1,0,25464.42
2025-11-29 21:00:00,13.88,75.67,0.0,9.33,1,0,24199.17
2025-11-29 22:00:00,13.72,84.5,6.14,10.6,1,0,24549.71
2025-11-29 23:00:00,10.29,83.28,13.76,9.76,1,0,23574.38
2025-11-30 00:00:00,12.12,74.62,16.92,8.12,1,0,18764.22
2025-11-30 01:00:00,10.01,76.52,44.36,13.7,1,0,20824.94
2025-11-30 02:00:00,6.6,85.89,37.52,8.79,1,0,20709.02
2025-11-30 03:00:00,11.68,73.44,0.0,9.97,1,0,18095.28
2025-11-30 04:00:00,8.46,84.74,24.22,5.32,1,0,17484.08
2025-11-30 05:00:00,6.87,83.15,0.0,11.23,1,0,20923.72
2025-11-30 06:00:00,12.14,79.14,0.0,8.13,1,0,20206.04
2025-11-30 07:00:00,13.94,74.43,23.52,8.6,1,0,20446.46
2025-11-30 08:00:00,11.35,75.27,55.94,7.33,1,0,22794.89
2025-11-30 09:00:00,11.79,83.24,138.18,9.84,1,0,23486.59
2025-11-30 10:00:00,13.69,74.69,146.3,3.25,1,0,23383.32
2025-11-30 11:00:00,16.49,71.52,213.03,12.66,1,0,21919.65
2025-11-30 12:00:00,18.54,70.99,189.5,10.14,1,0,21576.51
2025-11-30 13:00:00,18.06,72.52,197.55,8.64,1,0,20570.94
2025-11-30 14:00:00,17.71,67.94,204.39,4.85,1,0,20895.71
2025-11-30 15:00:00,20.4,67.38,101.84,11.79,1,0,19723.67
2025-11-30 16:00:00,16.97,70.25,80.15,8.05,1,0,21016.64
2025-11-30 17:00:00,18.89,74.38,55.39,14.84,1,0,22665.4
2025-11-30 18:00:00,15.72,70.31,7.81,11.97,1,0,24152.74
2025-11-30 19:00:00,15.98,66.59,27.59,15.64,1,0,24638.15
2025-11-30 20:00:00,13.79,67.72,21.68,10.75,1,0,25010.56
2025-11-30 21:00:00,12.6,70.78,2.42,14.04,1,0,25414.9
2025-11-30 22:00:00,10.73,83.79,7.59,11.89,1,0,23498.56
2025-11-30 23:00:00,12.62,76.71,8.28,8.69,1,0,22661.69
2025-12-01 00:00:00,7.72,83.06,0.0,11.06,0,0,25761.1
2025-12-01 01:00:00,6.91,83.93,0.0,7.48,0,0,25883.88
2025-12-01 02:00:00,11.56,77.82,6.21,17.64,0,0,21578.04
2025-12-01 03:00:00,9.33,79.3,11.46,10.05,0,0,20975.98
2025-12-01 04:00:00,3.45,89.07,0.0,10.5,0,0,25763.6
2025-12-01 05:00:00,7.22,82.09,0.0,11.77,0,0,24402.22
2025-12-01 06:00:00,5.78,88.39,0.0,6.6,0,0,26354.34
2025-12-01 07:00:00,8.36,82.96,101.59,15.03,0,0,26629.67
2025-12-01 08:00:00,5.63,80.46,80.76,6.82,0,0,30874.29
2025-12-01 09:00:00,12.33,74.91,172.53,6.02,0,0,27692.34
2025-12-01 10:00:00,11.81,74.46,214.98,9.82,0,0,25430.56
2025-12-01 11:00:00,15.18,79.21,196.73,5.93,0,0,26442.85
2025-12-01 12:00:00,13.18,74.52,185.49,15.87,0,0,23913.8
2025-12-01 13:00:00,17.05,69.46,208.41,9.6,0,0,24247.6
2025-12-01 14:00:00,16.65,74.29,180.24,2.0,0,0,23828.4
2025-12-01 15:00:00,20.28,69.36,121.7,11.1,0,0,23833.9
2025-12-01 16:00:00,19.94,71.23,84.77,12.34,0,0,24775.85
2025-12-01 17:00:00,18.32,79.07,63.75,8.93,0,0,26366.53
2025-12-01 18:00:00,15.52,77.68,23.34,5.66,0,0,27356.28
2025-12-01 19:00:00,18.65,71.32,0.0,10.04,0,0,29770.16
2025-12-01 20:00:00,11.07,72.4,0.0,8.72,0,0,30750.97
2025-12-01 21:00:00,10.05,76.96,16.72,6.99,0,0,30534.67
2025-12-01 22:00:00,11.13,80.83,0.0,6.68,0,0,27531.63
2025-12-01 23:00:00,14.13,70.6,0.0,10.95,0,0,25474.75
2025-12-02 00:00:00,8.55,88.87,0.0,13.7,0,0,25305.15
2025-12-02 01:00:00,7.79,81.05,0.0,12.16,0,0,26019.92
2025-12-02 02:00:00,5.02,83.68,66.72,4.49,0,0,26754.17
2025-12-02 03:00:00,9.15,77.1,0.0,12.7,0,0,20198.19
2025-12-02 04:00:00,9.33,81.59,34.13,13.24,0,0,21307.33
2025-12-02 05:00:00,9.54,74.78,42.1,15.42,0,0,20372.95
2025-12-02 06:00:00,7.78,89.66,0.0,7.22,0,0,24927.07
2025-12-02 07:00:00,8.67,85.47,63.18,10.34,0,0,26212.47
2025-12-02 08:00:00,8.82,84.0,106.82,12.53,0,0,27590.5
2025-12-02 09:00:00,12.6,71.1,107.13,8.69,0,0,28025.07
2025-12-02 10:00:00,11.8,78.2,141.77,12.47,0,0,26570.87
2025-12-02 11:00:00,12.83,81.29,202.62,10.46,0,0,25790.78
2025-12-02 12:00:00,15.22,76.67,197.88,7.58,0,0,24176.75
2025-12-02 13:00:00,15.9,69.68,248.69,7.88,0,0,24303.14
2025-12-02 14:00:00,16.31,70.72,174.66,14.91,0,0,24739.19
2025-12-02 15:00:00,18.29,69.73,196.21,7.05,0,0,23679.71
2025-12-02 16:00:00,17.42,69.91,92.34,6.45,0,0,30601.82
2025-12-02 17:00:00,16.26,79.48,101.77,11.75,0,0,25822.39
2025-12-02 18:00:00,16.31,65.64,12.66,10.43,0,0,27366.68
2025-12-02 19:00:00,13.16,78.78,14.08,5.95,0,0,28625.97
2025-12-02 20:00:00,13.93,70.29,0.0,8.72,0,0,30002.71
2025-12-02 21:00:00,12.72,72.71,14.42,7.68,0,0,29289.83
2025-12-02 22:00:00,8.45,72.36,42.32,8.3,0,0,28797.88
2025-12-02 23:00:00,11.74,75.24,0.0,19.38,0,0,25962.76
2025-12-03 00:00:00,7.2,87.56,0.0,9.62,0,0,26647.09
2025-12-03 01:00:00,8.15,81.72,0.0,7.6,0,0,25418.82
2025-12-03 02:00:00,9.59,74.58,40.5,17.76,0,0,22922.45
2025-12-03 03:00:00,8.99,83.98,21.38,13.79,0,0,22730.89
2025-12-03 04:00:00,7.55,86.13,36.19,13.22,0,0,22717.04
2025-12-03 05:00:00,7.34,81.81,7.84,7.77,0,0,24576.61
2025-12-03 06:00:00,10.49,86.7,0.98,14.85,0,0,22451.82
2025-12-03 07:00:00,11.04,81.35,66.14,13.54,0,0,25857.04
2025-12-03 08:00:00,9.92,81.8,134.04,11.2,0,0,28301.06
2025-12-03 09:00:00,10.89,74.99,145.55,4.68,0,0,28448.77
2025-12-03 10:00:00,9.89,81.61,220.05,10.61,0,0,27562.71
2025-12-03 11:00:00,15.1,75.28,216.41,16.74,0,0,24910.91
2025-12-03 12:00:00,15.71,75.94,154.42,11.46,0,0,25783.57
2025-12-03 13:00:00,18.7,68.43,229.36,9.37,0,0,23942.09
2025-12-03 14:00:00,17.8,72.49,154.02,9.88,0,0,23923.32
2025-12-03 15:00:00,19.72,66.98,173.21,10.13,0,0,25593.59
2025-12-03 16:00:00,15.9,65.1,129.83,7.89,0,0,23917.81
2025-12-03 17:00:00,18.7,75.16,63.78,10.54,0,0,26317.95
2025-12-03 18:00:00,14.91,68.57,13.59,15.73,0,0,26845.96
2025-12-03 19:00:00,16.22,73.83,27.47,15.34,0,0,28349.51
2025-12-03 20:00:00,10.99,79.44,0.0,8.04,0,0,29892.76
2025-12-03 21:00:00,12.75,77.83,19.84,15.15,0,0,29293.38
2025-12-03 22:00:00,7.46,80.15,29.08,13.35,0,0,30112.21
2025-12-03 23:00:00,9.34,80.68,44.0,12.9,0,0,27537.48
2025-12-04 00:00:00,9.46,81.37,0.0,12.34,0,0,24363.24
2025-12-04 01:00:00,6.93,84.7,10.21,7.58,0,0,25101.23
2025-12-04 02:00:00,5.48,90.0,0.0,9.41,0,0,25499.74
2025-12-04 03:00:00,8.72,81.09,0.0,13.75,0,0,22351.45
2025-12-04 04:00:00,7.19,81.79,8.98,6.61,0,0,22254.35
2025-12-04 05:00:00,6.99,78.08,1.94,7.19,0,0,21073.46
2025-12-04 06:00:00,8.74,81.88,28.63,11.9,0,0,23176.36
2025-12-04 07:00:00,14.45,77.66,48.47,8.07,0,0,24979.46
2025-12-04 08:00:00,12.98,75.55,107.0,13.72,0,0,27355.52
2025-12-04 09:00:00,14.29,77.32,161.35,8.19,0,0,26885.03
2025-12-04 10:00:00,14.28,73.98,169.59,11.69,0,0,27436.22
2025-12-04 11:00:00,15.0,77.18,195.11,11.98,0,0,24824.49
2025-12-04 12:00:00,11.42,81.37,248.61,9.14,0,0,25083.12
2025-12-04 13:00:00,15.31,77.82,199.46,9.99,0,0,24426.08
2025-12-04 14:00:00,16.17,73.92,220.7,8.45,0,0,24420.04
2025-12-04 15:00:00,13.83,71.39,171.25,10.77,0,0,23594.95
2025-12-04 16:00:00,14.95,72.1,71.67,7.47,0,0,23739.38
2025-12-04 17:00:00,12.97,78.71,70.38,10.05,0,0,26257.6
2025-12-04 18:00:00,15.67,83.69,13.06,13.45,0,0,26343.92
2025-12-04 19:00:00,16.18,72.08,10.57,6.85,0,0,28352.64
2025-12-04 20:00:00,15.49,75.88,0.0,9.13,0,0,30404.59
2025-12-04 21:00:00,12.95,74.12,0.0,12.65,0,0,28964.16
2025-12-04 22:00:00,9.17,75.85,33.66,3.56,0,0,28716.04
2025-12-04 23:00:00,6.22,79.7,0.0,17.33,0,0,29182.28
2025-12-05 00:00:00,5.39,74.82,0.0,14.64,0,0,27804.4
2025-12-05 01:00:00,5.47,88.49,11.44,5.6,0,0,26851.12
2025-12-05 02:00:00,5.65,73.99,0.0,3.62,0,0,25013.24
2025-12-05 03:00:00,6.8,80.82,0.0,11.09,0,0,25071.15
2025-12-05 04:00:00,5.43,78.4,0.0,7.06,0,0,23419.31
2025-12-05 05:00:00,8.36,76.94,0.0,14.35,0,0,22785.38
2025-12-05 06:00:00,8.13,86.19,0.0,12.36,0,0,25009.8
2025-12-05 07:00:00,9.6,80.16,78.88,11.42,0,0,25702.29
2025-12-05 08:00:00,12.84,72.58,110.6,8.99,0,0,26522.94
2025-12-05 09:00:00,9.96,76.68,191.74,16.59,0,0,29173.49
2025-12-05 10:00:00,14.13,72.22,175.13,13.62,0,0,29754.51
2025-12-05 11:00:00,14.56,74.72,175.97,13.1,0,0,26065.04
2025-12-05 12:00:00,15.02,75.17,230.61,15.19,0,0,25365.09
2025-12-05 13:00:00,18.01,79.37,265.56,7.42,0,0,24116.03
2025-12-05 14:00:00,18.5,63.68,209.77,15.48,0,0,24054.34
2025-12-05 15:00:00,15.38,74.02,240.82,10.06,0,0,24872.32
2025-12-05 16:00:00,16.59,71.81,121.75,12.16,0,0,24656.06
2025-12-05 17:00:00,16.92,76.56,64.61,10.44,0,0,24435.48
2025-12-05 18:00:00,15.13,75.8,0.0,4.41,0,0,28313.45
2025-12-05 19:00:00,15.64,76.29,10.7,14.34,0,0,28219.67
2025-12-05 20:00:00,13.88,76.89,4.22,4.6,0,0,34570.64
2025-12-05 21:00:00,15.38,70.43,0.0,7.6,0,0,27997.18
2025-12-05 22:00:00,8.04,85.61,0.0,9.4,0,0,28798.77
2025-12-05 23:00:00,9.36,82.77,0.0,4.15,0,0,26540.17
2025-12-06 00:00:00,6.8,85.54,0.0,7.29,1,0,22578.47
2025-12-06 01:00:00,8.73,85.2,52.24,12.0,1,0,20446.11
2025-12-06 02:00:00,4.23,85.86,0.0,9.93,1,0,23952.02
2025-12-06 03:00:00,7.59,87.09,4.23,10.22,1,0,19403.92
2025-12-06 04:00:00,6.01,84.1,0.0,7.94,1,0,20286.29
2025-12-06 05:00:00,6.32,81.44,19.59,11.3,1,0,20300.1
2025-12-06 06:00:00,5.83,82.73,4.42,10.0,1,0,22960.59
2025-12-06 07:00:00,8.63,80.14,53.34,5.4,1,0,21227.07
2025-12-06 08:00:00,12.63,74.56,68.41,10.44,1,0,22321.61
2025-12-06 09:00:00,11.92,83.8,170.93,6.8,1,0,23020.79
2025-12-06 10:00:00,14.39,76.23,194.15,14.29,1,0,22571.34
2025-12-06 11:00:00,17.47,72.66,223.66,9.77,1,0,22264.56
2025-12-06 12:00:00,15.98,75.17,203.56,19.97,1,0,21447.03
2025-12-06 13:00:00,15.29,86.16,261.01,14.53,1,0,20568.81
2025-12-06 14:00:00,17.64,67.6,223.31,10.69,1,0,20466.02
2025-12-06 15:00:00,15.99,70.23,200.61,13.17,1,0,22199.11
2025-12-06 16:00:00,15.89,68.18,145.24,3.83,1,0,21244.52
2025-12-06 17:00:00,13.56,74.87,75.14,14.51,1,0,20471.43
2025-12-06 18:00:00,17.17,73.53,0.0,8.27,1,0,23736.11
2025-12-06 19:00:00,13.77,73.75,46.08,11.46,1,0,24889.33
2025-12-06 20:00:00,13.59,73.61,0.0,8.6,1,0,25828.57
2025-12-06 21:00:00,10.1,79.48,0.0,8.97,1,0,25480.73
2025-12-06 22:00:00,11.46,75.68,17.67,10.51,1,0,22751.03
2025-12-06 23:00:00,8.1,81.95,18.91,11.41,1,0,23990.82
2025-12-07 00:00:00,8.07,85.19,14.31,11.21,1,0,21836.07
2025-12-07 01:00:00,9.11,82.51,0.0,11.3,1,0,21515.28
2025-12-07 02:00:00,8.45,83.92,0.0,5.62,1,0,21195.65
2025-12-07 03:00:00,6.82,86.21,63.36,19.47,1,0,19736.89
2025-12-07 04:00:00,3.84,85.68,0.0,12.12,1,0,21664.49
2025-12-07 05:00:00,12.91,75.75,0.0,12.84,1,0,18494.9
2025-12-07 06:00:00,11.46,74.6,0.0,10.12,1,0,19742.87
2025-12-07 07:00:00,10.66,76.84,68.08,8.25,1,0,22991.48
2025-12-07 08:00:00,9.21,77.62,124.65,11.83,1,0,24410.21
2025-12-07 09:00:00,11.65,80.44,168.88,12.32,1,0,23029.28
2025-12-07 10:00:00,12.17,78.43,216.87,15.86,1,0,23084.81
2025-12-07 11:00:00,16.63,75.82,275.34,18.58,1,0,22486.52
2025-12-07 12:00:00,15.87,69.08,224.53,16.48,1,0,22313.43
2025-12-07 13:00:00,14.78,80.42,232.32,5.12,1,0,27243.09
2025-12-07 14:00:00,15.84,72.04,191.13,9.69,1,0,20686.21
2025-12-07 15:00:00,18.88,66.61,176.65,12.48,1,0,21434.26
2025-12-07 16:00:00,19.57,68.63,105.49,9.91,1,0,20890.89
2025-12-07 17:00:00,18.94,80.89,48.83,11.15,1,0,21274.33
2025-12-07 18:00:00,16.76,71.37,0.0,3.8,1,0,23692.98
2025-12-07 19:00:00,13.9,74.19,2.44,14.51,1,0,24279.86
2025-12-07 20:00:00,7.32,80.64,10.74,4.74,1,0,28751.9
2025-12-07 21:00:00,12.39,76.25,46.51,5.8,1,0,24690.1
2025-12-07 22:00:00,10.56,75.37,11.74,7.75,1,0,24086.32
2025-12-07 23:00:00,9.61,79.92,0.0,10.96,1,0,22280.98
2025-12-08 00:00:00,8.31,84.82,0.0,5.79,0,0,26290.66
2025-12-08 01:00:00,5.03,84.73,0.0,7.76,0,0,27171.91
2025-12-08 02:00:00,7.92,76.43,0.0,15.49,0,0,23991.47
2025-12-08 03:00:00,7.89,79.52,46.95,11.08,0,0,22555.73
2025-12-08 04:00:00,8.15,78.46,7.2,12.99,0,0,20942.8
2025-12-08 05:00:00,9.12,80.0,0.0,7.15,0,0,21973.14
2025-12-08 06:00:00,9.3,84.95,0.0,11.28,0,0,24408.93
2025-12-08 07:00:00,8.51,79.75,42.2,11.0,0,0,25644.73
2025-12-08 08:00:00,10.33,78.35,107.63,8.69,0,0,28023.25
2025-12-08 09:00:00,11.91,84.39,206.67,11.29,0,0,27309.48
2025-12-08 10:00:00,13.24,79.59,212.06,4.85,0,0,27118.79
2025-12-08 11:00:00,16.04,75.86,201.17,13.01,0,0,24344.85
2025-12-08 12:00:00,16.44,81.04,303.5,10.08,0,0,24929.03
2025-12-08 13:00:00,19.82,72.12,208.86,10.57,0,0,23577.18
2025-12-08 14:00:00,20.55,61.56,198.04,14.45,0,0,23886.92
2025-12-08 15:00:00,16.89,76.13,206.51,12.99,0,0,23231.48
2025-12-08 16:00:00,9.67,72.93,133.25,10.36,0,0,25049.29
2025-12-08 17:00:00,18.3,73.34,51.85,7.57,0,0,25679.36
2025-12-08 18:00:00,14.31,68.27,0.0,16.12,0,0,27159.28
2025-12-08 19:00:00,12.81,74.6,0.0,6.78,0,0,29428.68
2025-12-08 20:00:00,12.33,75.45,0.0,13.68,0,0,28285.75
2025-12-08 21:00:00,10.94,75.07,0.18,5.88,0,0,29123.26
2025-12-08 22:00:00,11.56,76.2,4.78,14.69,0,0,27363.95
2025-12-08 23:00:00,6.44,86.33,0.0,15.01,0,0,28325.99
2025-12-09 00:00:00,6.17,79.59,0.0,4.95,0,0,26268.97
2025-12-09 01:00:00,7.93,83.04,0.0,13.22,0,0,25917.86
2025-12-09 02:00:00,7.93,77.0,7.33,12.93,0,0,25397.25
2025-12-09 03:00:00,7.8,80.22,32.01,14.11,0,0,21562.93
2025-12-09 04:00:00,5.4,84.44,0.0,12.92,0,0,23030.74
2025-12-09 05:00:00,5.55,79.02,0.0,8.28,0,0,23783.31
2025-12-09 06:00:00,7.19,76.28,2.08,10.88,0,0,25134.4
2025-12-09 07:00:00,9.57,81.35,93.21,17.47,0,0,26880.45
2025-12-09 08:00:00,13.02,80.77,103.69,7.77,0,0,27142.62
2025-12-09 09:00:00,7.96,80.52,214.54,12.77,0,0,29217.1
2025-12-09 10:00:00,12.54,74.88,228.86,15.67,0,0,26970.36
2025-12-09 11:00:00,11.74,78.06,244.24,8.18,0,0,25635.03
2025-12-09 12:00:00,12.2,77.24,282.44,6.69,0,0,25262.91
2025-12-09 13:00:00,17.71,73.03,213.97,7.21,0,0,24814.44
2025-12-09 14:00:00,17.45,62.18,231.38,13.03,0,0,24499.71
2025-12-09 15:00:00,17.45,68.02,189.03,7.18,0,0,22822.58
2025-12-09 16:00:00,18.13,68.3,102.67,11.17,0,0,24753.88
2025-12-09 17:00:00,15.11,75.0,76.77,16.44,0,0,25664.42
2025-12-09 18:00:00,14.4,75.78,7.08,11.47,0,0,27980.27
2025-12-09 19:00:00,18.08,74.27,0.0,8.92,0,0,29009.15
2025-12-09 20:00:00,12.49,77.79,21.57,12.08,0,0,29861.88
2025-12-09 21:00:00,12.97,71.12,0.0,11.4,0,0,28531.79
2025-12-09 22:00:00,10.36,84.46,6.76,13.23,0,0,28492.53
2025-12-09 23:00:00,5.82,87.85,0.0,17.31,0,0,29860.92
2025-12-10 00:00:00,4.32,79.08,0.0,13.21,0,0,27168.72
2025-12-10 01:00:00,6.17,83.78,12.57,18.94,0,0,25521.96
2025-12-10 02:00:00,8.61,77.87,0.0,13.41,0,0,24154.49
2025-12-10 03:00:00,7.96,81.39,0.0,9.13,0,0,22465.75
2025-12-10 04:00:00,8.36,84.69,0.0,19.83,0,0,22324.86
2025-12-10 05:00:00,5.43,91.63,19.73,11.38,0,0,24680.71
2025-12-10 06:00:00,10.91,81.19,0.0,8.13,0,0,23748.55
2025-12-10 07:00:00,7.3,82.61,73.9,19.95,0,0,26912.05
2025-12-10 08:00:00,10.63,77.07,130.64,9.25,0,0,27448.79
2025-12-10 09:00:00,11.52,78.36,173.59,9.12,0,0,27799.71
2025-12-10 10:00:00,12.52,82.17,272.81,9.89,0,0,26511.94
2025-12-10 11:00:00,16.45,73.02,254.21,12.4,0,0,26448.06
2025-12-10 12:00:00,13.81,72.03,277.42,15.08,0,0,23550.83
2025-12-10 13:00:00,13.44,69.43,256.84,2.55,0,0,24390.23
2025-12-10 14:00:00,16.41,75.28,218.1,15.06,0,0,23274.21
2025-12-10 15:00:00,15.82,74.75,182.33,9.88,0,0,23585.83
2025-12-10 16:00:00,22.45,65.21,165.73,10.38,0,0,25386.23
2025-12-10 17:00:00,17.09,76.72,94.12,17.82,0,0,25070.72
2025-12-10 18:00:00,14.34,73.41,48.8,12.57,0,0,26593.53
2025-12-10 19:00:00,12.14,76.54,5.54,13.39,0,0,29230.94
2025-12-10 20:00:00,9.45,79.43,0.0,11.65,0,0,29768.79
2025-12-10 21:00:00,9.69,77.88,0.0,14.49,0,0,30382.6
2025-12-10 22:00:00,10.45,79.54,0.0,17.48,0,0,28260.86
2025-12-10 23:00:00,11.61,82.16,19.18,3.16,0,0,25358.66
2025-12-11 00:00:00,9.92,74.5,0.0,15.8,0,0,25226.76
2025-12-11 01:00:00,7.52,83.19,0.0,17.41,0,0,24199.05
2025-12-11 02:00:00,6.03,83.26,61.59,13.75,0,0,25634.89
2025-12-11 03:00:00,6.92,82.39,0.0,9.63,0,0,22436.02
2025-12-11 04:00:00,5.68,86.38,0.0,7.97,0,0,23087.97
2025-12-11 05:00:00,10.2,79.02,41.79,20.27,0,0,21289.23
2025-12-11 06:00:00,7.56,83.12,0.0,8.83,0,0,25911.26
2025-12-11 07:00:00,8.78,82.96,97.0,17.31,0,0,26167.51
2025-12-11 08:00:00,6.16,80.44,117.81,13.37,0,0,29781.14
2025-12-11 09:00:00,11.09,79.22,154.28,19.16,0,0,27434.76
2025-12-11 10:00:00,14.24,74.18,272.13,10.89,0,0,26321.0
2025-12-11 11:00:00,12.02,76.65,279.04,6.37,0,0,25127.26
2025-12-11 12:00:00,13.62,74.45,287.99,12.01,0,0,24983.46
2025-12-11 13:00:00,17.2,74.4,265.15,6.8,0,0,24238.07
2025-12-11 14:00:00,13.61,76.08,244.47,21.37,0,0,24611.0
2025-12-11 15:00:00,18.34,73.07,156.57,14.2,0,0,24092.99
2025-12-11 16:00:00,15.31,74.15,135.29,14.72,0,0,24609.06
2025-12-11 17:00:00,15.07,68.02,45.37,14.73,0,0,26283.41
2025-12-11 18:00:00,12.95,76.47,0.0,9.57,0,0,27094.05
2025-12-11 19:00:00,14.62,75.1,10.27,11.54,0,0,27918.0
2025-12-11 20:00:00,17.16,73.53,28.95,12.39,0,0,30050.91
2025-12-11 21:00:00,12.85,74.06,0.0,18.8,0,0,28413.59
2025-12-11 22:00:00,8.59,75.49,0.0,7.95,0,0,28846.21
2025-12-11 23:00:00,10.98,80.62,0.0,9.45,0,0,25665.94
2025-12-12 00:00:00,7.24,80.39,0.18,10.91,0,0,25505.89
2025-12-12 01:00:00,9.49,80.14,19.0,9.83,0,0,23074.6
2025-12-12 02:00:00,7.97,79.7,19.79,7.08,0,0,24262.03
2025-12-12 03:00:00,1.05,87.03,13.63,2.72,0,0,25613.15
2025-12-12 04:00:00,4.71,81.96,0.0,5.79,0,0,24989.29
2025-12-12 05:00:00,8.71,76.29,0.0,16.03,0,0,23036.65
2025-12-12 06:00:00,8.08,82.62,19.89,12.15,0,0,24162.96
2025-12-12 07:00:00,7.0,79.29,90.57,15.11,0,0,28627.18
2025-12-12 08:00:00,8.91,80.64,131.45,10.14,0,0,29423.27
2025-12-12 09:00:00,7.91,82.52,181.32,11.84,0,0,29170.32
2025-12-12 10:00:00,12.48,74.42,264.3,17.83,0,0,27226.85
2025-12-12 11:00:00,17.82,67.15,253.24,17.62,0,0,25885.53
2025-12-12 12:00:00,16.33,83.01,290.14,15.48,0,0,25766.64
2025-12-12 13:00:00,19.62,68.23,258.82,12.89,0,0,23350.01
2025-12-12 14:00:00,17.76,74.51,208.93,14.0,0,0,23967.57
2025-12-12 15:00:00,18.19,79.39,232.28,13.48,0,0,24847.94
2025-12-12 16:00:00,19.73,73.4,138.75,11.6,0,0,25274.13
2025-12-12 17:00:00,16.35,72.08,52.5,10.77,0,0,25757.84
2025-12-12 18:00:00,14.54,74.65,0.0,16.11,0,0,28240.93
2025-12-12 19:00:00,15.7,70.54,0.0,7.65,0,0,29005.49
2025-12-12 20:00:00,15.25,77.8,0.0,17.39,0,0,29573.91
2025-12-12 21:00:00,10.48,80.83,48.13,11.22,0,0,29799.58
2025-12-12 22:00:00,8.75,78.07,0.0,7.58,0,0,28671.01
2025-12-12 23:00:00,9.09,75.65,36.19,10.27,0,0,27002.43
2025-12-13 00:00:00,9.21,74.43,0.0,9.31,1,0,20700.59
2025-12-13 01:00:00,8.36,84.42,0.0,10.35,1,0,23106.41
2025-12-13 02:00:00,3.86,85.01,0.0,10.29,1,0,22601.12
2025-12-13 03:00:00,9.69,80.14,0.0,10.15,1,0,18834.67
2025-12-13 04:00:00,5.27,79.97,0.0,11.29,1,0,21408.54
2025-12-13 05:00:00,6.44,76.35,0.0,12.14,1,0,19362.48
2025-12-13 06:00:00,6.09,86.37,0.0,15.04,1,0,22552.87
2025-12-13 07:00:00,13.61,75.92,109.78,11.51,1,0,21380.46
2025-12-13 08:00:00,10.39,82.28,144.29,13.51,1,0,24398.95
2025-12-13 09:00:00,9.72,77.71,179.44,12.4,1,0,23485.19
2025-12-13 10:00:00,14.1,74.36,246.33,14.26,1,0,22426.8
2025-12-13 11:00:00,15.13,77.24,247.67,12.53,1,0,21894.97
2025-12-13 12:00:00,14.45,77.92,211.25,10.11,1,0,20744.59
2025-12-13 13:00:00,17.09,75.81,342.48,9.16,1,0,20318.41
2025-12-13 14:00:00,14.59,73.69,245.52,13.11,1,0,21816.54
2025-12-13 15:00:00,15.36,76.63,181.87,16.83,1,0,20695.36
2025-12-13 16:00:00,12.46,81.22,90.67,11.57,1,0,20523.49
2025-12-13 17:00:00,13.2,75.7,34.61,9.92,1,0,21664.31
2025-12-13 18:00:00,18.04,69.71,41.36,11.47,1,0,23498.71
2025-12-13 19:00:00,16.7,78.34,37.55,10.4,1,0,24744.96
2025-12-13 20:00:00,12.66,73.99,18.83,10.04,1,0,24699.78
2025-12-13 21:00:00,14.24,77.7,0.0,7.32,1,0,23467.45
2025-12-13 22:00:00,9.67,79.06,37.75,11.51,1,0,23948.28
2025-12-13 23:00:00,8.31,73.15,11.24,13.19,1,0,23254.27
2025-12-14 00:00:00,7.73,85.56,16.37,8.77,1,0,21530.52
2025-12-14 01:00:00,6.6,71.03,11.15,9.49,1,0,22988.95
2025-12-14 02:00:00,5.94,74.72,0.0,9.24,1,0,21956.26
2025-12-14 03:00:00,8.22,82.71,0.0,7.71,1,0,19144.14
2025-12-14 04:00:00,6.6,84.17,0.0,9.22,1,0,19130.7
2025-12-14 05:00:00,8.11,78.15,16.09,11.87,1,0,20438.89
2025-12-14 06:00:00,9.48,80.06,0.0,7.86,1,0,19614.52
2025-12-14 07:00:00,9.36,69.45,69.28,12.08,1,0,21925.17
2025-12-14 08:00:00,8.12,83.52,137.89,10.1,1,0,23969.88
2025-12-14 09:00:00,8.72,81.15,221.07,9.31,1,0,24729.48
2025-12-14 10:00:00,12.72,76.37,263.34,13.88,1,0,23345.34
2025-12-14 11:00:00,13.35,76.07,249.65,10.32,1,0,21058.64
2025-12-14 12:00:00,14.85,76.61,320.77,10.91,1,0,20620.37
2025-12-14 13:00:00,15.46,73.97,245.83,17.1,1,0,20907.91
2025-12-14 14:00:00,20.64,61.93,273.78,9.34,1,0,20065.71
2025-12-14 15:00:00,13.77,84.39,187.49,18.04,1,0,20351.62
2025-12-14 16:00:00,12.41,81.63,146.4,11.34,1,0,21145.76
2025-12-14 17:00:00,16.09,68.38,79.31,8.58,1,0,21280.87
2025-12-14 18:00:00,14.02,74.0,4.94,10.62,1,0,23415.98
2025-12-14 19:00:00,14.23,74.25,16.86,12.8,1,0,24923.84
2025-12-14 20:00:00,13.5,80.17,9.79,16.95,1,0,25099.95
2025-12-14 21:00:00,13.47,67.24,19.59,15.36,1,0,25452.17
2025-12-14 22:00:00,7.15,79.57,11.62,12.78,1,0,25713.04
2025-12-14 23:00:00,7.66,74.06,0.0,16.97,1,0,23617.74
2025-12-15 00:00:00,8.31,79.38,6.74,6.17,0,0,25259.74
2025-12-15 01:00:00,8.13,78.79,0.0,13.63,0,0,26219.53
2025-12-15 02:00:00,10.19,79.15,0.0,13.84,0,0,22397.5
2025-12-15 03:00:00,7.79,78.57,0.0,13.88,0,0,22506.41
2025-12-15 04:00:00,6.14,79.47,4.58,7.12,0,0,22834.51
2025-12-15 05:00:00,5.14,85.85,6.24,9.19,0,0,24995.58
2025-12-15 06:00:00,6.52,83.95,26.4,12.17,0,0,27232.48
2025-12-15 07:00:00,7.51,83.45,108.06,16.65,0,0,27422.73
2025-12-15 08:00:00,10.96,77.43,154.02,19.46,0,0,26885.51
2025-12-15 09:00:00,11.54,75.33,218.85,10.43,0,0,27693.83
2025-12-15 10:00:00,9.98,78.54,254.58,8.17,0,0,26829.77
2025-12-15 11:00:00,12.79,78.49,300.47,15.61,0,0,25674.9
2025-12-15 12:00:00,16.19,64.72,303.39,21.9,0,0,25890.44
2025-12-15 13:00:00,16.04,75.14,279.93,16.63,0,0,24685.52
2025-12-15 14:00:00,16.93,74.0,306.0,10.13,0,0,24915.49
2025-12-15 15:00:00,16.76,73.16,192.27,22.77,0,0,24909.0
2025-12-15 16:00:00,18.83,70.46,181.97,15.16,0,0,24284.62
2025-12-15 17:00:00,15.83,63.49,41.52,9.98,0,0,27028.46
2025-12-15 18:00:00,13.91,73.72,20.34,19.52,0,0,26181.49
2025-12-15 19:00:00,11.92,84.43,35.91,9.71,0,0,29079.11
2025-12-15 20:00:00,12.82,76.51,0.0,10.58,0,0,28161.23
2025-12-15 21:00:00,6.68,80.76,3.47,15.3,0,0,30413.94
2025-12-15 22:00:00,9.45,79.56,17.89,12.67,0,0,28934.84
2025-12-15 23:00:00,8.2,82.04,6.3,12.88,0,0,27033.94
2025-12-16 00:00:00,5.0,86.14,9.45,13.08,0,0,28519.07
2025-12-16 01:00:00,4.99,82.59,3.41,16.85,0,0,25805.95
2025-12-16 02:00:00,7.62,82.84,0.0,4.81,0,0,24202.74
2025-12-16 03:00:00,6.4,88.95,59.2,13.94,0,0,22808.97
2025-12-16 04:00:00,6.34,86.32,0.0,11.93,0,0,22747.83
2025-12-16 05:00:00,7.21,90.87,10.85,10.31,0,0,24295.35
2025-12-16 06:00:00,7.62,78.51,0.0,10.3,0,0,26204.9
2025-12-16 07:00:00,10.73,85.05,20.19,3.72,0,0,25855.8
2025-12-16 08:00:00,9.92,75.91,125.82,10.15,0,0,26515.7
2025-12-16 09:00:00,8.36,81.89,174.43,17.46,0,0,28290.64
2025-12-16 10:00:00,15.22,77.23,285.24,15.86,0,0,27063.76
2025-12-16 11:00:00,14.16,73.21,272.54,12.28,0,0,25273.12
2025-12-16 12:00:00,13.46,76.24,285.01,8.01,0,0,25210.47
2025-12-16 13:00:00,13.06,79.89,261.1,15.82,0,0,25344.57
2025-12-16 14:00:00,16.53,70.28,260.3,17.53,0,0,23476.63
2025-12-16 15:00:00,15.78,80.48,192.71,16.57,0,0,23668.54
2025-12-16 16:00:00,18.65,65.68,173.74,9.56,0,0,23978.06
2025-12-16 17:00:00,14.7,82.53,84.64,9.92,0,0,25620.4
2025-12-16 18:00:00,13.02,80.29,0.0,18.74,0,0,27369.87
2025-12-16 19:00:00,15.1,74.05,21.26,8.72,0,0,28867.76
2025-12-16 20:00:00,13.95,73.83,0.2,14.62,0,0,30083.5
2025-12-16 21:00:00,11.29,75.81,0.54,6.73,0,0,29285.51
2025-12-16 22:00:00,10.91,77.64,0.0,11.9,0,0,27612.3
2025-12-16 23:00:00,8.42,80.23,0.0,15.0,0,0,27378.57
2025-12-17 00:00:00,7.79,86.01,8.04,13.04,0,0,25842.11
2025-12-17 01:00:00,8.68,88.06,33.34,14.98,0,0,24716.11
2025-12-17 02:00:00,7.2,82.32,0.0,8.85,0,0,24090.75
2025-12-17 03:00:00,5.6,79.58,56.95,10.28,0,0,23383.39
2025-12-17 04:00:00,8.51,78.16,13.92,14.83,0,0,21660.21
2025-12-17 05:00:00,2.32,85.18,0.0,15.59,0,0,26642.87
2025-12-17 06:00:00,11.07,73.92,0.0,13.92,0,0,23578.83
2025-12-17 07:00:00,5.34,78.48,114.34,16.46,0,0,28803.72
2025-12-17 08:00:00,8.49,88.75,183.35,7.35,0,0,28334.52
2025-12-17 09:00:00,10.83,79.46,215.79,11.51,0,0,28459.06
2025-12-17 10:00:00,11.94,73.92,267.48,19.53,0,0,32860.16
2025-12-17 11:00:00,15.22,77.57,265.04,17.64,0,0,26946.97
2025-12-17 12:00:00,12.54,72.0,337.57,15.36,0,0,23362.55
2025-12-17 13:00:00,15.71,69.48,269.46,12.6,0,0,25198.24
2025-12-17 14:00:00,14.7,71.56,284.85,16.77,0,0,24245.91
2025-12-17 15:00:00,16.44,79.82,249.14,14.65,0,0,23909.7
2025-12-17 16:00:00,15.62,72.93,153.47,7.83,0,0,23788.77
2025-12-17 17:00:00,15.41,64.36,103.01,16.63,0,0,25396.0
2025-12-17 18:00:00,13.45,80.74,46.19,10.11,0,0,27229.53
2025-12-17 19:00:00,12.49,75.53,6.7,15.8,0,0,28980.43
2025-12-17 20:00:00,12.72,69.15,0.0,7.49,0,0,30439.64
2025-12-17 21:00:00,12.61,75.38,0.0,18.74,0,0,28901.45
2025-12-17 22:00:00,8.54,82.4,0.0,12.18,0,0,29039.62
2025-12-17 23:00:00,6.84,83.46,0.0,9.26,0,0,28579.04
2025-12-18 00:00:00,8.4,87.63,11.06,10.94,0,0,25202.27
2025-12-18 01:00:00,6.44,78.79,0.0,12.17,0,0,26051.93
2025-12-18 02:00:00,7.5,81.44,8.19,13.33,0,0,24267.18
2025-12-18 03:00:00,4.2,81.42,0.0,17.96,0,0,25623.09
2025-12-18 04:00:00,2.8,79.31,0.0,13.59,0,0,25061.94
2025-12-18 05:00:00,5.54,86.56,25.75,5.75,0,0,24114.13
2025-12-18 06:00:00,5.92,84.53,0.0,9.04,0,0,26417.31
2025-12-18 07:00:00,8.19,81.76,80.97,23.0,0,0,26139.8
2025-12-18 08:00:00,8.39,82.16,109.25,13.82,0,0,28457.65
2025-12-18 09:00:00,12.17,74.31,187.44,16.67,0,0,27118.36
2025-12-18 10:00:00,11.61,73.53,289.73,12.27,0,0,27366.7
2025-12-18 11:00:00,13.6,75.91,292.89,9.83,0,0,26689.94
2025-12-18 12:00:00,14.65,79.46,356.78,11.66,0,0,24428.78
2025-12-18 13:00:00,15.51,80.47,311.44,13.8,0,0,28250.52
2025-12-18 14:00:00,15.62,77.12,282.8,11.74,0,0,24245.76
2025-12-18 15:00:00,16.75,73.04,193.16,20.06,0,0,24000.85
2025-12-18 16:00:00,14.23,76.27,145.99,11.19,0,0,24749.65
2025-12-18 17:00:00,17.68,72.13,62.24,9.65,0,0,26629.34
2025-12-18 18:00:00,13.94,71.35,0.0,16.18,0,0,31717.68
2025-12-18 19:00:00,10.97,78.23,16.6,16.61,0,0,29996.05
2025-12-18 20:00:00,12.46,71.45,21.61,13.45,0,0,29422.02
2025-12-18 21:00:00,9.3,79.13,9.97,11.24,0,0,29005.94
2025-12-18 22:00:00,10.73,84.89,0.0,6.69,0,0,27627.17
2025-12-18 23:00:00,12.31,80.21,8.27,17.62,0,0,24816.89
2025-12-19 00:00:00,5.81,79.08,0.0,16.59,0,0,26910.95
2025-12-19 01:00:00,7.03,81.38,33.08,12.01,0,0,25546.56
2025-12-19 02:00:00,2.77,82.17,0.0,13.76,0,0,29010.38
2025-12-19 03:00:00,6.57,81.84,0.0,12.76,0,0,24528.61
2025-12-19 04:00:00,4.33,88.27,2.88,19.25,0,0,24491.36
2025-12-19 05:00:00,5.3,85.84,5.1,9.92,0,0,25406.21
2025-12-19 06:00:00,5.24,93.22,0.0,11.38,0,0,26419.87
2025-12-19 07:00:00,9.58,84.15,54.54,11.04,0,0,25131.28
2025-12-19 08:00:00,11.28,78.66,187.31,14.63,0,0,27322.43
2025-12-19 09:00:00,10.8,80.99,182.68,13.74,0,0,28066.09
2025-12-19 10:00:00,10.5,77.74,238.28,14.25,0,0,26834.37
2025-12-19 11:00:00,16.12,68.98,304.45,10.47,0,0,25216.31
2025-12-19 12:00:00,12.94,81.58,286.35,18.75,0,0,25393.51
2025-12-19 13:00:00,11.2,81.96,337.69,11.96,0,0,23368.1
2025-12-19 14:00:00,16.41,72.27,245.9,17.71,0,0,24478.18
2025-12-19 15:00:00,13.77,76.7,263.76,24.54,0,0,24045.92
2025-12-19 16:00:00,17.37,77.33,184.86,10.49,0,0,25109.05
2025-12-19 17:00:00,14.4,78.43,113.17,14.75,0,0,26428.07
2025-12-19 18:00:00,15.38,68.31,47.18,13.09,0,0,26767.61
2025-12-19 19:00:00,15.78,74.77,2.03,20.66,0,0,28112.62
2025-12-19 20:00:00,9.88,78.44,0.0,12.57,0,0,31225.25
2025-12-19 21:00:00,9.74,83.69,0.0,14.42,0,0,29658.35
2025-12-19 22:00:00,9.33,83.73,0.0,14.34,0,0,28603.22
2025-12-19 23:00:00,11.03,83.35,0.0,13.2,0,0,26646.31
2025-12-20 00:00:00,5.97,78.16,3.77,16.4,1,0,22328.14
2025-12-20 01:00:00,5.29,80.1,0.0,14.08,1,0,23533.55
2025-12-20 02:00:00,6.72,86.41,0.0,15.44,1,0,21538.97
2025-12-20 03:00:00,4.65,81.45,0.0,14.5,1,0,22095.33
2025-12-20 04:00:00,6.13,76.4,13.72,11.64,1,0,20585.91
2025-12-20 05:00:00,3.56,86.93,23.91,12.81,1,0,22102.05
2025-12-20 06:00:00,11.14,75.79,0.0,15.7,1,0,20219.74
2025-12-20 07:00:00,5.76,89.98,76.46,15.68,1,0,24213.24
2025-12-20 08:00:00,8.81,81.26,158.82,18.11,1,0,24013.55
2025-12-20 09:00:00,10.63,79.07,200.04,20.26,1,0,22982.37
2025-12-20 10:00:00,15.42,72.65,278.21,11.93,1,0,22769.84
2025-12-20 11:00:00,10.8,84.64,317.35,14.22,1,0,21065.24
2025-12-20 12:00:00,17.79,73.42,337.68,13.08,1,0,20976.01
2025-12-20 13:00:00,16.38,71.62,315.57,9.88,1,0,21474.97
2025-12-20 14:00:00,16.27,70.18,259.18,15.73,1,0,21003.71
2025-12-20 15:00:00,13.91,75.19,279.9,16.47,1,0,20685.74
2025-12-20 16:00:00,16.54,69.2,183.08,9.98,1,0,20902.21
2025-12-20 17:00:00,13.71,79.78,97.86,12.44,1,0,21566.61
2025-12-20 18:00:00,16.5,65.92,25.12,12.1,1,0,22638.5
2025-12-20 19:00:00,11.44,77.15,6.12,8.47,1,0,25166.61
2025-12-20 20:00:00,11.78,79.84,32.16,13.63,1,0,24108.05
2025-12-20 21:00:00,9.69,80.65,1.42,9.74,1,0,24249.94
2025-12-20 22:00:00,7.62,78.27,0.04,14.31,1,0,25571.47
2025-12-20 23:00:00,9.52,82.07,15.88,14.69,1,0,22863.98
2025-12-21 00:00:00,8.05,77.21,39.41,15.33,1,0,21811.04
2025-12-21 01:00:00,8.47,80.29,37.8,15.5,1,0,21279.03
2025-12-21 02:00:00,2.59,88.28,14.82,19.32,1,0,25087.89
2025-12-21 03:00:00,7.54,83.07,12.92,11.13,1,0,19451.46
2025-12-21 04:00:00,10.3,76.03,17.4,11.3,1,0,17723.94
2025-12-21 05:00:00,5.48,87.86,24.64,16.25,1,0,22151.73
2025-12-21 06:00:00,10.5,78.9,32.47,13.5,1,0,19906.19
2025-12-21 07:00:00,7.65,84.09,79.88,17.9,1,0,24219.46
2025-12-21 08:00:00,6.86,87.94,198.69,15.92,1,0,23579.72
2025-12-21 09:00:00,10.07,83.41,242.97,20.67,1,0,23175.07
2025-12-21 10:00:00,13.8,80.06,303.35,13.64,1,0,22481.58
2025-12-21 11:00:00,11.61,78.32,354.74,8.77,1,0,22373.77
2025-12-21 12:00:00,13.07,79.41,350.16,15.15,1,0,22218.46
2025-12-21 13:00:00,16.02,74.44,343.09,13.71,1,0,20232.91
2025-12-21 14:00:00,15.45,69.26,277.34,15.83,1,0,21133.92
2025-12-21 15:00:00,16.67,74.21,271.85,16.28,1,0,22066.98
2025-12-21 16:00:00,15.88,74.73,183.13,12.09,1,0,22050.63
2025-12-21 17:00:00,15.81,76.11,88.95,10.43,1,0,21655.3
2025-12-21 18:00:00,13.38,75.45,27.53,13.45,1,0,23800.1
2025-12-21 19:00:00,13.54,72.77,64.7,5.62,1,0,24746.29
2025-12-21 20:00:00,10.24,81.41,0.0,14.24,1,0,25156.88
2025-12-21 21:00:00,12.94,71.1,0.0,12.53,1,0,24803.41
2025-12-21 22:00:00,8.18,86.47,67.13,16.97,1,0,24380.88
2025-12-21 23:00:00,10.15,77.94,10.67,7.01,1,0,22544.66
2025-12-22 00:00:00,6.6,83.04,4.77,14.19,0,0,25669.28
2025-12-22 01:00:00,6.59,84.3,0.0,19.68,0,0,24928.09
2025-12-22 02:00:00,4.84,86.01,30.21,16.53,0,0,26010.35
2025-12-22 03:00:00,3.73,79.01,65.28,17.6,0,0,25791.09
2025-12-22 04:00:00,2.59,88.97,0.0,15.35,0,0,25095.51
2025-12-22 05:00:00,4.33,85.32,0.0,8.35,0,0,31104.26
2025-12-22 06:00:00,6.44,79.66,0.0,14.75,0,0,25849.4
2025-12-22 07:00:00,8.44,77.41,105.87,15.59,0,0,27113.02
2025-12-22 08:00:00,11.08,76.69,199.7,10.39,0,0,27664.49
2025-12-22 09:00:00,9.75,74.03,279.72,13.72,0,0,29183.14
2025-12-22 10:00:00,10.26,85.66,312.12,4.01,0,0,27943.27
2025-12-22 11:00:00,10.46,84.53,389.73,13.0,0,0,26106.58
2025-12-22 12:00:00,14.96,76.34,323.91,12.64,0,0,31599.75
2025-12-22 13:00:00,17.38,71.46,305.89,19.07,0,0,25769.19
2025-12-22 14:00:00,17.66,71.32,329.69,12.05,0,0,24755.92
2025-12-22 15:00:00,16.83,75.89,242.27,13.23,0,0,24296.83
2025-12-22 16:00:00,16.53,80.15,134.74,13.89,0,0,24647.49
2025-12-22 17:00:00,17.94,69.57,79.65,12.1,0,0,25396.81
2025-12-22 18:00:00,14.69,70.31,6.39,16.68,0,0,26564.24
2025-12-22 19:00:00,14.22,81.39,0.0,7.19,0,0,29964.01
2025-12-22 20:00:00,11.27,70.71,0.0,18.14,0,0,29994.11
2025-12-22 21:00:00,8.1,76.68,0.0,14.12,0,0,29787.29
2025-12-22 22:00:00,8.03,79.79,0.0,18.72,0,0,29055.5
2025-12-22 23:00:00,8.04,74.52,15.88,4.55,0,0,28406.33
2025-12-23 00:00:00,7.07,86.09,0.0,5.85,0,0,25959.13
2025-12-23 01:00:00,9.63,82.76,2.26,13.35,0,0,23707.04
2025-12-23 02:00:00,5.81,80.47,12.99,16.14,0,0,25716.08
2025-12-23 03:00:00,7.62,86.26,0.0,12.43,0,0,23218.14
2025-12-23 04:00:00,4.88,89.41,27.33,16.42,0,0,23727.4
2025-12-23 05:00:00,5.6,82.51,0.0,17.81,0,0,24010.2
2025-12-23 06:00:00,4.57,82.08,0.0,16.7,0,0,27480.54
2025-12-23 07:00:00,6.66,91.04,81.06,14.73,0,0,27092.05
2025-12-23 08:00:00,10.15,81.75,190.36,14.71,0,0,27092.26
2025-12-23 09:00:00,10.51,79.57,249.48,12.22,0,0,27874.5
2025-12-23 10:00:00,13.49,81.31,352.44,14.18,0,0,27440.09
2025-12-23 11:00:00,13.32,77.22,313.19,10.79,0,0,25518.97
2025-12-23 12:00:00,13.4,73.92,310.21,11.63,0,0,25148.93
2025-12-23 13:00:00,18.69,71.5,378.06,16.17,0,0,25013.15
2025-12-23 14:00:00,15.16,78.51,263.08,12.75,0,0,23786.18
2025-12-23 15:00:00,17.59,64.2,261.09,11.79,0,0,26345.23
2025-12-23 16:00:00,14.6,73.71,148.08,15.95,0,0,25668.06
2025-12-23 17:00:00,16.1,79.04,37.58,15.7,0,0,25962.76
2025-12-23 18:00:00,15.7,71.82,0.0,13.62,0,0,27217.76
2025-12-23 19:00:00,13.37,82.15,22.49,13.85,0,0,28492.78
2025-12-23 20:00:00,7.55,86.86,0.0,15.83,0,0,32680.91
2025-12-23 21:00:00,10.53,78.26,14.4,17.76,0,0,29461.57
2025-12-23 22:00:00,11.42,75.45,19.07,15.08,0,0,26534.9
2025-12-23 23:00:00,8.94,78.8,0.0,10.2,0,0,25940.02
2025-12-24 00:00:00,7.71,91.72,0.0,13.81,0,0,25909.79
2025-12-24 01:00:00,3.01,92.79,39.43,13.16,0,0,28855.45
2025-12-24 02:00:00,4.31,84.62,16.26,10.9,0,0,26004.67
2025-12-24 03:00:00,6.18,80.01,0.0,16.32,0,0,22767.96
2025-12-24 04:00:00,6.35,82.75,10.38,16.59,0,0,21678.43
2025-12-24 05:00:00,8.29,81.51,0.0,17.12,0,0,22118.37
2025-12-24 06:00:00,6.64,77.05,27.84,11.11,0,0,25448.89
2025-12-24 07:00:00,8.67,80.52,118.91,15.13,0,0,27005.97
2025-12-24 08:00:00,9.17,85.04,178.98,14.56,0,0,27855.35
2025-12-24 09:00:00,8.66,73.01,254.61,15.66,0,0,29590.96
2025-12-24 10:00:00,7.67,84.4,279.8,15.04,0,0,29377.98
2025-12-24 11:00:00,13.71,81.16,306.12,14.54,0,0,26130.56
2025-12-24 12:00:00,14.29,72.9,342.5,14.12,0,0,25419.3
2025-12-24 13:00:00,13.66,82.48,337.74,18.46,0,0,23353.87
2025-12-24 14:00:00,12.35,74.12,331.33,11.57,0,0,23766.8
2025-12-24 15:00:00,16.57,74.85,271.9,13.98,0,0,25811.25
2025-12-24 16:00:00,14.79,73.46,180.58,18.37,0,0,23506.29
2025-12-24 17:00:00,15.77,72.58,120.85,11.74,0,0,25592.11
2025-12-24 18:00:00,17.33,69.93,0.0,11.92,0,0,27645.42
2025-12-24 19:00:00,9.08,82.62,26.93,17.15,0,0,28823.39
2025-12-24 20:00:00,10.47,81.97,0.0,9.6,0,0,29507.91
2025-12-24 21:00:00,10.06,78.69,30.99,16.89,0,0,30836.13
2025-12-24 22:00:00,11.76,71.98,0.0,12.87,0,0,27487.48
2025-12-24 23:00:00,4.99,85.12,0.0,16.02,0,0,29292.6
2025-12-25 00:00:00,10.33,80.39,18.25,10.52,0,1,19654.0
2025-12-25 01:00:00,6.3,81.46,20.24,18.94,0,1,20644.37
2025-12-25 02:00:00,5.38,90.63,0.0,10.53,0,1,21749.55
2025-12-25 03:00:00,5.03,77.22,0.0,17.33,0,1,19023.27
2025-12-25 04:00:00,4.77,74.84,0.0,10.68,0,1,18940.16
2025-12-25 05:00:00,7.94,77.93,0.0,21.12,0,1,17289.78
2025-12-25 06:00:00,4.93,86.4,0.0,14.54,0,1,21335.12
2025-12-25 07:00:00,8.51,76.12,125.39,21.62,0,1,21205.92
2025-12-25 08:00:00,8.4,76.52,158.78,11.92,0,1,23479.45
2025-12-25 09:00:00,9.01,83.7,300.06,13.24,0,1,22300.23
2025-12-25 10:00:00,16.33,75.15,344.95,19.03,0,1,21882.13
2025-12-25 11:00:00,13.64,77.23,385.71,9.8,0,1,20693.94
2025-12-25 12:00:00,15.02,77.61,342.5,12.34,0,1,18596.1
2025-12-25 13:00:00,16.76,71.22,306.32,16.52,0,1,18932.73
2025-12-25 14:00:00,12.66,75.09,283.52,11.22,0,1,18795.0
2025-12-25 15:00:00,18.54,74.55,242.52,16.62,0,1,20494.24
2025-12-25 16:00:00,10.7,72.99,120.05,15.39,0,1,20470.2
2025-12-25 17:00:00,13.33,67.43,80.97,9.49,0,1,20722.57
2025-12-25 18:00:00,13.09,74.49,0.0,18.18,0,1,19076.73
2025-12-25 19:00:00,13.93,79.19,0.0,10.37,0,1,21842.61
2025-12-25 20:00:00,12.07,78.16,0.0,17.49,0,1,24073.06
2025-12-25 21:00:00,10.08,82.36,0.0,15.24,0,1,24131.7
2025-12-25 22:00:00,9.07,71.77,8.91,13.2,0,1,22342.41
2025-12-25 23:00:00,6.12,83.75,0.0,10.92,0,1,23095.0
2025-12-26 00:00:00,4.1,86.93,7.31,16.15,0,0,28368.74
2025-12-26 01:00:00,7.31,76.02,3.42,11.95,0,0,25704.52
2025-12-26 02:00:00,6.75,85.37,1.17,19.23,0,0,24588.35
2025-12-26 03:00:00,8.19,80.18,0.0,19.36,0,0,22967.5
2025-12-26 04:00:00,4.08,96.61,0.0,20.75,0,0,25348.72
2025-12-26 05:00:00,7.25,72.77,42.41,15.98,0,0,22639.05
2025-12-26 06:00:00,6.29,87.82,15.76,13.58,0,0,25149.12
2025-12-26 07:00:00,9.98,77.44,119.77,13.96,0,0,25341.7
2025-12-26 08:00:00,10.88,71.74,180.72,13.7,0,0,27157.59
2025-12-26 09:00:00,10.71,76.25,254.43,15.87,0,0,28099.08
2025-12-26 10:00:00,11.02,79.19,328.9,16.53,0,0,27744.68
2025-12-26 11:00:00,14.56,79.05,307.29,19.31,0,0,26428.38
2025-12-26 12:00:00,15.03,81.36,337.75,15.07,0,0,25018.38
2025-12-26 13:00:00,13.43,81.6,333.21,10.09,0,0,24404.46
2025-12-26 14:00:00,12.77,72.65,305.27,13.57,0,0,25187.15
2025-12-26 15:00:00,14.82,79.18,236.54,20.45,0,0,24253.58
2025-12-26 16:00:00,17.89,73.46,191.13,9.55,0,0,25128.87
2025-12-26 17:00:00,16.73,70.32,96.66,17.59,0,0,25993.84
2025-12-26 18:00:00,11.87,76.47,34.82,13.63,0,0,27241.18
2025-12-26 19:00:00,10.73,75.5,61.84,11.91,0,0,29132.08
2025-12-26 20:00:00,13.92,75.62,0.0,16.38,0,0,30359.27
2025-12-26 21:00:00,8.29,77.62,3.68,20.46,0,0,30438.75
2025-12-26 22:00:00,9.96,74.92,3.64,16.19,0,0,27839.78
2025-12-26 23:00:00,6.73,83.86,0.0,14.08,0,0,27946.49
2025-12-27 00:00:00,9.66,81.82,0.0,10.67,1,0,21285.99
2025-12-27 01:00:00,4.57,83.14,0.0,14.86,1,0,23073.06
2025-12-27 02:00:00,7.52,86.7,6.01,10.55,1,0,20890.99
2025-12-27 03:00:00,5.62,81.9,0.0,14.12,1,0,20643.8
2025-12-27 04:00:00,5.91,81.47,3.98,14.99,1,0,19496.11
2025-12-27 05:00:00,2.41,88.47,0.0,6.95,1,0,21951.28
2025-12-27 06:00:00,2.79,84.96,3.54,20.07,1,0,23635.0
2025-12-27 07:00:00,7.39,81.69,72.57,10.87,1,0,22671.84
2025-12-27 08:00:00,9.44,69.42,190.18,14.56,1,0,22973.72
2025-12-27 09:00:00,8.26,80.63,241.36,17.08,1,0,25060.4
2025-12-27 10:00:00,9.62,72.03,326.59,19.79,1,0,25067.01
2025-12-27 11:00:00,13.8,70.7,393.27,12.44,1,0,21595.27
2025-12-27 12:00:00,14.84,69.3,379.0,6.43,1,0,20815.59
2025-12-27 13:00:00,14.37,70.9,367.83,18.98,1,0,20236.96
2025-12-27 14:00:00,16.52,70.94,343.01,10.84,1,0,21055.55
2025-12-27 15:00:00,13.17,74.2,228.29,16.47,1,0,20889.91
2025-12-27 16:00:00,14.48,77.63,229.21,16.68,1,0,21022.73
2025-12-27 17:00:00,17.58,73.07,70.01,3.83,1,0,21129.3
2025-12-27 18:00:00,13.95,67.84,21.99,9.56,1,0,22606.49
2025-12-27 19:00:00,13.02,76.62,18.67,13.6,1,0,24639.61
2025-12-27 20:00:00,15.73,75.12,0.0,6.16,1,0,25220.14
2025-12-27 21:00:00,7.77,79.69,25.22,10.53,1,0,26182.97
2025-12-27 22:00:00,10.43,78.37,12.45,15.64,1,0,24105.3
2025-12-27 23:00:00,10.78,79.06,47.25,14.9,1,0,21434.36
2025-12-28 00:00:00,6.12,85.55,4.83,16.48,1,0,23060.32
2025-12-28 01:00:00,7.46,74.99,0.0,16.99,1,0,21834.1
2025-12-28 02:00:00,3.65,83.74,0.0,9.53,1,0,22427.36
2025-12-28 03:00:00,4.01,90.42,0.0,10.92,1,0,21166.14
2025-12-28 04:00:00,6.11,88.17,0.0,18.08,1,0,20104.21
2025-12-28 05:00:00,7.35,84.79,0.0,20.75,1,0,18978.07
2025-12-28 06:00:00,8.73,82.29,6.55,12.03,1,0,22315.74
2025-12-28 07:00:00,10.57,85.11,62.61,16.32,1,0,22112.37
2025-12-28 08:00:00,8.83,87.72,183.7,18.24,1,0,23872.24
2025-12-28 09:00:00,12.39,76.33,282.65,16.25,1,0,23188.19
2025-12-28 10:00:00,10.92,74.29,345.42,14.55,1,0,23692.15
2025-12-28 11:00:00,14.37,73.99,319.93,13.18,1,0,21660.04
2025-12-28 12:00:00,14.15,87.65,397.01,22.37,1,0,20824.67
2025-12-28 13:00:00,15.38,67.88,360.26,15.76,1,0,21561.12
2025-12-28 14:00:00,15.84,71.86,323.9,16.78,1,0,20191.55
2025-12-28 15:00:00,12.36,71.23,209.13,16.55,1,0,20701.23
2025-12-28 16:00:00,13.05,76.75,227.02,12.58,1,0,20539.4
2025-12-28 17:00:00,14.76,69.91,102.6,15.6,1,0,22086.2
2025-12-28 18:00:00,10.74,77.9,0.0,14.29,1,0,23938.08
2025-12-28 19:00:00,14.24,67.38,9.38,14.23,1,0,25619.56
2025-12-28 20:00:00,13.11,78.67,8.61,16.53,1,0,24465.72
2025-12-28 21:00:00,10.83,83.14,30.56,12.21,1,0,23878.74
2025-12-28 22:00:00,6.93,80.23,0.0,11.2,1,0,25191.91
2025-12-28 23:00:00,10.23,78.25,0.3,17.18,1,0,22031.07
2025-12-29 00:00:00,10.34,78.04,0.0,13.77,0,0,24381.93
2025-12-29 01:00:00,6.14,83.2,14.95,14.42,0,0,30165.37
2025-12-29 02:00:00,6.29,82.19,0.0,8.88,0,0,26617.77
2025-12-29 03:00:00,5.57,86.06,0.0,19.0,0,0,23893.66
2025-12-29 04:00:00,6.33,87.24,0.0,17.46,0,0,21531.54
2025-12-29 05:00:00,5.66,79.65,0.0,18.11,0,0,24201.86
2025-12-29 06:00:00,6.61,80.81,40.05,16.98,0,0,25932.95
2025-12-29 07:00:00,9.34,83.2,148.15,10.32,0,0,25554.44
2025-12-29 08:00:00,13.13,70.5,181.78,16.43,0,0,26951.53
2025-12-29 09:00:00,7.68,73.21,238.44,13.5,0,0,29581.06
2025-12-29 10:00:00,11.31,78.73,342.9,12.26,0,0,27298.29
2025-12-29 11:00:00,10.58,80.46,361.02,17.38,0,0,26760.84
2025-12-29 12:00:00,16.61,70.16,415.6,21.43,0,0,24729.04
2025-12-29 13:00:00,13.48,73.55,353.39,20.85,0,0,24611.12
2025-12-29 14:00:00,12.44,73.76,348.1,17.8,0,0,22946.04
2025-12-29 15:00:00,16.35,69.82,275.96,15.52,0,0,23624.78
2025-12-29 16:00:00,18.17,74.42,176.21,14.87,0,0,24523.34
2025-12-29 17:00:00,15.73,69.12,105.97,12.46,0,0,25132.34
2025-12-29 18:00:00,14.11,74.24,21.96,14.68,0,0,27340.21
2025-12-29 19:00:00,13.44,72.28,2.17,18.81,0,0,28630.3
2025-12-29 20:00:00,14.05,69.53,2.43,22.01,0,0,29204.16
2025-12-29 21:00:00,8.63,83.71,0.0,12.77,0,0,30871.84
2025-12-29 22:00:00,8.71,78.08,28.61,8.64,0,0,28787.97
2025-12-29 23:00:00,6.89,82.55,26.11,13.77,0,0,27613.54
2025-12-30 00:00:00,4.53,77.89,0.0,19.0,0,0,27672.85
2025-12-30 01:00:00,5.25,80.31,0.0,23.09,0,0,27515.86
2025-12-30 02:00:00,7.33,84.43,35.36,20.42,0,0,24576.01
2025-12-30 03:00:00,6.19,92.78,0.0,20.33,0,0,24522.7
2025-12-30 04:00:00,6.5,74.25,15.11,12.86,0,0,23401.24
2025-12-30 05:00:00,6.1,81.71,0.0,12.96,0,0,23790.11
2025-12-30 06:00:00,7.58,82.83,44.45,11.2,0,0,25998.71
2025-12-30 07:00:00,6.23,79.93,103.33,13.51,0,0,29105.98
2025-12-30 08:00:00,8.32,83.91,228.07,19.03,0,0,27264.86
2025-12-30 09:00:00,10.51,75.07,258.94,21.52,0,0,27973.4
2025-12-30 10:00:00,11.96,77.85,309.23,17.04,0,0,26605.95
2025-12-30 11:00:00,13.24,74.0,373.86,14.94,0,0,25627.65
2025-12-30 12:00:00,13.46,80.76,399.68,12.1,0,0,24252.29
2025-12-30 13:00:00,13.82,72.86,366.95,15.44,0,0,23643.3
2025-12-30 14:00:00,20.68,67.98,359.4,16.55,0,0,24701.13
2025-12-30 15:00:00,16.8,76.66,272.73,10.71,0,0,23491.09
2025-12-30 16:00:00,15.74,69.72,144.52,19.06,0,0,24806.02
2025-12-30 17:00:00,14.08,75.6,115.57,14.35,0,0,24908.73
2025-12-30 18:00:00,12.89,69.11,0.0,18.85,0,0,28161.04
2025-12-30 19:00:00,12.43,72.46,0.0,15.8,0,0,28873.26
2025-12-30 20:00:00,11.99,78.74,38.83,16.88,0,0,29985.0
2025-12-30 21:00:00,6.78,77.94,44.32,13.38,0,0,31586.78
2025-12-30 22:00:00,6.05,80.38,0.0,14.63,0,0,30281.28
2025-12-30 23:00:00,6.52,84.1,14.44,18.08,0,0,28613.02
2025-12-31 00:00:00,6.97,79.41,0.0,15.58,0,0,27295.71
2025-12-31 01:00:00,5.38,86.45,0.0,12.17,0,0,26347.39
2025-12-31 02:00:00,7.97,81.69,0.0,16.43,0,0,22384.49
2025-12-31 03:00:00,2.47,87.52,0.0,17.39,0,0,26096.28
2025-12-31 04:00:00,3.95,89.41,2.38,20.85,0,0,23945.52
2025-12-31 05:00:00,8.54,81.59,7.2,20.08,0,0,23093.41
2025-12-31 06:00:00,6.84,88.0,0.0,15.82,0,0,25435.29
2025-12-31 07:00:00,9.23,83.34,130.72,14.13,0,0,26781.52
2025-12-31 08:00:00,12.53,74.63,189.1,15.24,0,0,26820.37
2025-12-31 09:00:00,8.89,85.17,266.91,14.21,0,0,28774.03
2025-12-31 10:00:00,11.25,78.93,359.57,17.81,0,0,27256.17
2025-12-31 11:00:00,12.15,75.49,347.8,19.69,0,0,26758.97
2025-12-31 12:00:00,10.15,79.98,422.67,20.38,0,0,25546.48
2025-12-31 13:00:00,13.91,79.93,376.32,14.6,0,0,24976.18
2025-12-31 14:00:00,16.55,74.93,371.14,14.25,0,0,24794.72
2025-12-31 15:00:00,16.11,80.79,315.05,14.57,0,0,24144.19
2025-12-31 16:00:00,16.08,77.87,216.0,9.28,0,0,24697.28
2025-12-31 17:00:00,13.79,77.68,83.23,11.83,0,0,25540.1
2025-12-31 18:00:00,12.49,72.65,0.0,15.92,0,0,28169.99
2025-12-31 19:00:00,14.92,73.85,0.0,17.37,0,0,28242.04
2025-12-31 20:00:00,10.53,78.81,27.57,17.76,0,0,29501.07
2025-12-31 21:00:00,10.67,81.18,0.0,13.31,0,0,29085.66
2025-12-31 22:00:00,9.14,82.32,0.0,14.32,0,0,27746.4
2025-12-31 23:00:00,10.27,79.44,0.0,15.1,0,0,25988.09
